service_id,train_type,year,month,day_of_week,departure_time,duration,price,passengers
00001_01-01-2025-06.12,AVLO,2025,1,2,6.2,157.0,34.52,559
00002_01-01-2025-06.22,IRYO,2025,1,2,6.37,157.0,43.16,220
00003_01-01-2025-06.27,AVE,2025,1,2,6.45,178.0,55.7,180
00004_01-01-2025-06.57,AVE,2025,1,2,6.95,157.0,82.99,13
00005_01-01-2025-07.02,OUIGO,2025,1,2,7.03,172.0,36.73,50
00002_01-01-2025-07.22,IRYO,2025,1,2,7.37,157.0,30.65,748
00006_01-01-2025-07.27,AVE,2025,1,2,7.45,199.0,27.76,4997
00004_01-01-2025-07.57,AVE,2025,1,2,7.95,157.0,47.82,172
00007_01-01-2025-08.27,AVE,2025,1,2,8.45,172.0,104.56,0
00002_01-01-2025-08.32,IRYO,2025,1,2,8.53,157.0,38.41,98
00008_01-01-2025-08.57,AVE,2025,1,2,8.95,164.0,63.01,38
00009_01-01-2025-09.22,IRYO,2025,1,2,9.37,172.0,34.27,295
00010_01-01-2025-09.27,AVE,2025,1,2,9.45,194.0,66.83,34
00009_01-01-2025-09.57,IRYO,2025,1,2,9.95,172.0,47.13,74
00011_01-01-2025-10.02,OUIGO,2025,1,2,10.03,182.0,42.64,41
00012_01-01-2025-10.27,AVLO,2025,1,2,10.45,172.0,49.08,75
00009_01-01-2025-11.22,IRYO,2025,1,2,11.37,172.0,53.55,30
00006_01-01-2025-11.27,AVE,2025,1,2,11.45,199.0,50.32,149
00009_01-01-2025-12.22,IRYO,2025,1,2,12.37,172.0,29.04,1322
00013_01-01-2025-12.27,AVE,2025,1,2,12.45,197.0,38.25,452
00004_01-01-2025-12.57,AVE,2025,1,2,12.95,157.0,40.42,488
00014_01-01-2025-13.18,AVE,2025,1,2,13.3,184.0,48.24,45
00009_01-01-2025-14.02,IRYO,2025,1,2,14.03,172.0,46.08,22
00015_01-01-2025-14.12,OUIGO,2025,1,2,14.2,157.0,35.73,59
00016_01-01-2025-14.27,AVE,2025,1,2,14.45,177.0,40.44,292
00017_01-01-2025-14.42,IRYO,2025,1,2,14.7,179.0,37.35,71
00004_01-01-2025-14.57,AVE,2025,1,2,14.95,157.0,50.45,154
00018_01-01-2025-15.27,AVLO,2025,1,2,15.45,199.0,29.46,636
00004_01-01-2025-15.57,AVE,2025,1,2,15.95,157.0,59.65,127
00007_01-01-2025-16.27,AVE,2025,1,2,16.45,172.0,55.52,151
00002_01-01-2025-16.37,IRYO,2025,1,2,16.62,157.0,36.89,202
00004_01-01-2025-16.57,AVE,2025,1,2,16.95,157.0,128.54,0
00015_01-01-2025-17.17,OUIGO,2025,1,2,17.28,157.0,27.26,1371
00009_01-01-2025-17.22,IRYO,2025,1,2,17.37,172.0,25.63,2977
00006_01-01-2025-17.27,AVE,2025,1,2,17.45,199.0,51.8,92
00004_01-01-2025-17.57,AVE,2025,1,2,17.95,157.0,71.29,31
00016_01-01-2025-18.27,AVE,2025,1,2,18.45,177.0,67.02,15
00002_01-01-2025-18.32,IRYO,2025,1,2,18.53,157.0,36.09,73
00004_01-01-2025-18.57,AVE,2025,1,2,18.95,157.0,112.03,0
00009_01-01-2025-19.29,IRYO,2025,1,2,19.48,172.0,41.75,8
00019_01-01-2025-19.34,AVLO,2025,1,2,19.57,201.0,32.14,60
00004_01-01-2025-20.05,AVE,2025,1,2,20.08,157.0,48.83,17
00009_01-01-2025-20.22,IRYO,2025,1,2,20.37,172.0,32.04,73
00020_01-01-2025-20.27,AVE,2025,1,2,20.45,201.0,49.29,1
00005_01-01-2025-21.02,OUIGO,2025,1,2,21.03,172.0,36.1,3
00007_01-01-2025-21.07,AVE,2025,1,2,21.12,172.0,55.9,0
00001_02-01-2025-06.12,AVLO,2025,1,3,6.2,157.0,30.29,1928
00002_02-01-2025-06.22,IRYO,2025,1,3,6.37,157.0,50.13,298
00003_02-01-2025-06.27,AVE,2025,1,3,6.45,178.0,53.32,666
00004_02-01-2025-06.57,AVE,2025,1,3,6.95,157.0,64.48,230
00005_02-01-2025-07.02,OUIGO,2025,1,3,7.03,172.0,43.57,42
00002_02-01-2025-07.22,IRYO,2025,1,3,7.37,157.0,36.67,313
00006_02-01-2025-07.27,AVE,2025,1,3,7.45,199.0,32.35,1205
00004_02-01-2025-07.57,AVE,2025,1,3,7.95,157.0,36.28,1223
00007_02-01-2025-08.27,AVE,2025,1,3,8.45,172.0,55.7,130
00002_02-01-2025-08.32,IRYO,2025,1,3,8.53,157.0,39.61,116
00008_02-01-2025-08.57,AVE,2025,1,3,8.95,164.0,55.46,176
00009_02-01-2025-09.22,IRYO,2025,1,3,9.37,172.0,60.42,17
00010_02-01-2025-09.27,AVE,2025,1,3,9.45,194.0,62.61,120
00009_02-01-2025-09.57,IRYO,2025,1,3,9.95,172.0,69.42,5
00011_02-01-2025-10.02,OUIGO,2025,1,3,10.03,182.0,48.58,60
00012_02-01-2025-10.27,AVLO,2025,1,3,10.45,172.0,55.21,84
00009_02-01-2025-11.22,IRYO,2025,1,3,11.37,172.0,56.61,77
00006_02-01-2025-11.27,AVE,2025,1,3,11.45,199.0,52.04,440
00009_02-01-2025-12.22,IRYO,2025,1,3,12.37,172.0,53.26,76
00013_02-01-2025-12.27,AVE,2025,1,3,12.45,197.0,42.32,825
00004_02-01-2025-12.57,AVE,2025,1,3,12.95,157.0,56.21,421
00014_02-01-2025-13.18,AVE,2025,1,3,13.3,184.0,55.14,144
00004_02-01-2025-13.57,AVE,2025,1,3,13.95,157.0,,0
00009_02-01-2025-14.02,IRYO,2025,1,3,14.03,172.0,,0
00015_02-01-2025-14.12,OUIGO,2025,1,3,14.2,157.0,,0
00016_02-01-2025-14.27,AVE,2025,1,3,14.45,177.0,70.83,185
00017_02-01-2025-14.42,IRYO,2025,1,3,14.7,179.0,54.94,133
00004_02-01-2025-14.57,AVE,2025,1,3,14.95,157.0,100.33,22
00018_02-01-2025-15.27,AVLO,2025,1,3,15.45,199.0,39.19,412
00004_02-01-2025-15.57,AVE,2025,1,3,15.95,157.0,85.83,131
00007_02-01-2025-16.27,AVE,2025,1,3,16.45,172.0,84.42,115
00002_02-01-2025-16.37,IRYO,2025,1,3,16.62,157.0,40.98,1342
00004_02-01-2025-16.57,AVE,2025,1,3,16.95,157.0,158.59,0
00015_02-01-2025-17.17,OUIGO,2025,1,3,17.28,157.0,46.54,306
00009_02-01-2025-17.22,IRYO,2025,1,3,17.37,172.0,82.59,10
00006_02-01-2025-17.27,AVE,2025,1,3,17.45,199.0,105.88,1
00004_02-01-2025-17.57,AVE,2025,1,3,17.95,157.0,48.4,1515
00016_02-01-2025-18.27,AVE,2025,1,3,18.45,177.0,79.61,24
00002_02-01-2025-18.32,IRYO,2025,1,3,18.53,157.0,44.53,259
00004_02-01-2025-18.57,AVE,2025,1,3,18.95,157.0,80.27,21
00009_02-01-2025-19.29,IRYO,2025,1,3,19.48,172.0,29.95,1293
00019_02-01-2025-19.34,AVLO,2025,1,3,19.57,201.0,28.74,1292
00004_02-01-2025-20.05,AVE,2025,1,3,20.08,157.0,50.24,110
00009_02-01-2025-20.22,IRYO,2025,1,3,20.37,172.0,31.51,435
00020_02-01-2025-20.27,AVE,2025,1,3,20.45,201.0,35.65,103
00005_02-01-2025-21.02,OUIGO,2025,1,3,21.03,172.0,43.77,0
00007_02-01-2025-21.07,AVE,2025,1,3,21.12,172.0,64.02,2
00002_03-01-2025-06.22,IRYO,2025,1,4,6.37,157.0,21.14,4001
00021_03-01-2025-06.27,AVLO,2025,1,4,6.45,178.0,30.33,388
00004_03-01-2025-06.57,AVE,2025,1,4,6.95,157.0,39.76,524
00005_03-01-2025-07.02,OUIGO,2025,1,4,7.03,172.0,43.35,23
00002_03-01-2025-07.22,IRYO,2025,1,4,7.37,157.0,61.31,3
00006_03-01-2025-07.27,AVE,2025,1,4,7.45,199.0,67.57,11
00004_03-01-2025-07.57,AVE,2025,1,4,7.95,157.0,52.29,121
00002_03-01-2025-08.32,IRYO,2025,1,4,8.53,157.0,21.3,6984
00008_03-01-2025-08.57,AVE,2025,1,4,8.95,164.0,103.69,1
00009_03-01-2025-09.22,IRYO,2025,1,4,9.37,172.0,55.57,33
00010_03-01-2025-09.27,AVE,2025,1,4,9.45,194.0,77.13,27
00009_03-01-2025-09.57,IRYO,2025,1,4,9.95,172.0,42.73,204
00011_03-01-2025-10.02,OUIGO,2025,1,4,10.03,182.0,44.26,79
00012_03-01-2025-10.27,AVLO,2025,1,4,10.45,172.0,52.35,87
00009_03-01-2025-11.22,IRYO,2025,1,4,11.37,172.0,46.71,190
00006_03-01-2025-11.27,AVE,2025,1,4,11.45,199.0,98.13,3
00009_03-01-2025-12.22,IRYO,2025,1,4,12.37,172.0,40.37,268
00013_03-01-2025-12.27,AVE,2025,1,4,12.45,197.0,41.44,694
00004_03-01-2025-12.57,AVE,2025,1,4,12.95,157.0,78.11,49
00014_03-01-2025-13.18,AVE,2025,1,4,13.3,184.0,55.14,104
00004_03-01-2025-13.57,AVE,2025,1,4,13.95,157.0,91.9,15
00009_03-01-2025-14.02,IRYO,2025,1,4,14.03,172.0,80.08,3
00015_03-01-2025-14.12,OUIGO,2025,1,4,14.2,157.0,67.25,9
00016_03-01-2025-14.27,AVE,2025,1,4,14.45,177.0,96.56,5
00017_03-01-2025-14.42,IRYO,2025,1,4,14.7,179.0,79.9,4
00004_03-01-2025-14.57,AVE,2025,1,4,14.95,157.0,85.14,81
00018_03-01-2025-15.27,AVLO,2025,1,4,15.45,199.0,56.2,58
00004_03-01-2025-15.57,AVE,2025,1,4,15.95,157.0,85.09,89
00007_03-01-2025-16.27,AVE,2025,1,4,16.45,172.0,96.12,18
00002_03-01-2025-16.37,IRYO,2025,1,4,16.62,157.0,73.08,62
00004_03-01-2025-16.57,AVE,2025,1,4,16.95,157.0,87.11,105
00015_03-01-2025-17.17,OUIGO,2025,1,4,17.28,157.0,62.67,47
00009_03-01-2025-17.22,IRYO,2025,1,4,17.37,172.0,63.56,50
00018_03-01-2025-17.27,AVLO,2025,1,4,17.45,199.0,51.14,57
00004_03-01-2025-17.57,AVE,2025,1,4,17.95,157.0,56.81,422
00016_03-01-2025-18.27,AVE,2025,1,4,18.45,177.0,75.94,18
00002_03-01-2025-18.32,IRYO,2025,1,4,18.53,157.0,35.1,368
00004_03-01-2025-18.57,AVE,2025,1,4,18.95,157.0,56.49,127
00009_03-01-2025-19.29,IRYO,2025,1,4,19.48,172.0,59.26,5
00019_03-01-2025-19.34,AVLO,2025,1,4,19.57,201.0,36.42,25
00004_03-01-2025-20.05,AVE,2025,1,4,20.08,157.0,51.46,53
00009_03-01-2025-20.22,IRYO,2025,1,4,20.37,172.0,52.31,0
00020_03-01-2025-20.27,AVE,2025,1,4,20.45,201.0,57.33,3
00005_03-01-2025-21.02,OUIGO,2025,1,4,21.03,172.0,41.42,0
00007_03-01-2025-21.07,AVE,2025,1,4,21.12,172.0,71.44,0
00021_04-01-2025-06.27,AVLO,2025,1,5,6.45,178.0,25.35,1057
00005_04-01-2025-07.02,OUIGO,2025,1,5,7.03,172.0,33.84,128
00006_04-01-2025-07.27,AVE,2025,1,5,7.45,199.0,53.8,83
00009_04-01-2025-08.07,IRYO,2025,1,5,8.12,172.0,19.88,3467
00007_04-01-2025-08.27,AVE,2025,1,5,8.45,172.0,34.64,661
00008_04-01-2025-08.57,AVE,2025,1,5,8.95,164.0,56.77,80
00009_04-01-2025-09.22,IRYO,2025,1,5,9.37,172.0,27.59,605
00010_04-01-2025-09.27,AVE,2025,1,5,9.45,194.0,48.38,259
00009_04-01-2025-09.57,IRYO,2025,1,5,9.95,172.0,59.55,11
00011_04-01-2025-10.02,OUIGO,2025,1,5,10.03,182.0,34.12,116
00012_04-01-2025-10.27,AVLO,2025,1,5,10.45,172.0,48.03,74
00009_04-01-2025-11.22,IRYO,2025,1,5,11.37,172.0,49.9,95
00006_04-01-2025-11.27,AVE,2025,1,5,11.45,199.0,47.23,403
00009_04-01-2025-12.22,IRYO,2025,1,5,12.37,172.0,43.92,148
00013_04-01-2025-12.27,AVE,2025,1,5,12.45,197.0,63.47,77
00014_04-01-2025-13.18,AVE,2025,1,5,13.3,184.0,82.74,0
00015_04-01-2025-14.12,OUIGO,2025,1,5,14.2,157.0,15.47,6911
00017_04-01-2025-14.42,IRYO,2025,1,5,14.7,179.0,33.08,233
00018_04-01-2025-15.27,AVLO,2025,1,5,15.45,199.0,32.95,186
00007_04-01-2025-16.27,AVE,2025,1,5,16.45,172.0,96.52,11
00002_04-01-2025-16.37,IRYO,2025,1,5,16.62,157.0,32.16,638
00015_04-01-2025-17.17,OUIGO,2025,1,5,17.28,157.0,35.8,222
00018_04-01-2025-17.27,AVLO,2025,1,5,17.45,199.0,20.88,1267
00016_04-01-2025-18.27,AVE,2025,1,5,18.45,177.0,98.52,1
00009_04-01-2025-19.29,IRYO,2025,1,5,19.48,172.0,27.54,98
00019_04-01-2025-19.34,AVLO,2025,1,5,19.57,201.0,27.13,48
00009_04-01-2025-20.22,IRYO,2025,1,5,20.37,172.0,50.94,3
00020_04-01-2025-20.27,AVE,2025,1,5,20.45,201.0,22.11,1603
00005_04-01-2025-21.02,OUIGO,2025,1,5,21.03,172.0,27.09,14
00021_05-01-2025-06.27,AVLO,2025,1,6,6.45,178.0,50.92,255
00005_05-01-2025-07.02,OUIGO,2025,1,6,7.03,172.0,29.34,2841
00006_05-01-2025-07.27,AVE,2025,1,6,7.45,199.0,57.06,158
00009_05-01-2025-08.07,IRYO,2025,1,6,8.12,172.0,64.44,8
00007_05-01-2025-08.27,AVE,2025,1,6,8.45,172.0,81.47,9
00009_05-01-2025-09.22,IRYO,2025,1,6,9.37,172.0,32.64,2980
00010_05-01-2025-09.27,AVE,2025,1,6,9.45,194.0,32.06,8432
00009_05-01-2025-09.57,IRYO,2025,1,6,9.95,172.0,42.89,165
00011_05-01-2025-10.02,OUIGO,2025,1,6,10.03,182.0,52.98,12
00012_05-01-2025-10.27,AVLO,2025,1,6,10.45,172.0,55.01,55
00009_05-01-2025-11.22,IRYO,2025,1,6,11.37,172.0,75.76,11
00006_05-01-2025-11.27,AVE,2025,1,6,11.45,199.0,156.58,0
00009_05-01-2025-12.22,IRYO,2025,1,6,12.37,172.0,62.61,52
00013_05-01-2025-12.27,AVE,2025,1,6,12.45,197.0,48.2,673
00014_05-01-2025-13.18,AVE,2025,1,6,13.3,184.0,55.14,242
00009_05-01-2025-14.02,IRYO,2025,1,6,14.03,172.0,68.29,48
00015_05-01-2025-14.12,OUIGO,2025,1,6,14.2,157.0,55.99,102
00016_05-01-2025-14.27,AVE,2025,1,6,14.45,177.0,102.56,14
00017_05-01-2025-14.42,IRYO,2025,1,6,14.7,179.0,90.6,6
00018_05-01-2025-15.27,AVLO,2025,1,6,15.45,199.0,63.55,104
00007_05-01-2025-16.27,AVE,2025,1,6,16.45,172.0,80.51,353
00002_05-01-2025-16.37,IRYO,2025,1,6,16.62,157.0,92.04,27
00004_05-01-2025-16.57,AVE,2025,1,6,16.95,157.0,92.93,186
00015_05-01-2025-17.17,OUIGO,2025,1,6,17.28,157.0,48.72,471
00009_05-01-2025-17.22,IRYO,2025,1,6,17.37,172.0,72.19,87
00018_05-01-2025-17.27,AVLO,2025,1,6,17.45,199.0,56.8,162
00004_05-01-2025-17.57,AVE,2025,1,6,17.95,157.0,77.77,289
00016_05-01-2025-18.27,AVE,2025,1,6,18.45,177.0,110.04,1
00002_05-01-2025-18.32,IRYO,2025,1,6,18.53,157.0,96.02,2
00004_05-01-2025-18.57,AVE,2025,1,6,18.95,157.0,106.95,10
00009_05-01-2025-19.29,IRYO,2025,1,6,19.48,172.0,106.97,0
00019_05-01-2025-19.34,AVLO,2025,1,6,19.57,201.0,91.22,0
00004_05-01-2025-20.05,AVE,2025,1,6,20.08,157.0,73.69,53
00009_05-01-2025-20.22,IRYO,2025,1,6,20.37,172.0,81.03,1
00020_05-01-2025-20.27,AVE,2025,1,6,20.45,201.0,94.6,2
00005_05-01-2025-21.02,OUIGO,2025,1,6,21.03,172.0,78.29,0
00007_05-01-2025-21.07,AVE,2025,1,6,21.12,172.0,123.06,0
00001_06-01-2025-06.12,AVLO,2025,1,0,6.2,157.0,27.55,623
00002_06-01-2025-06.22,IRYO,2025,1,0,6.37,157.0,36.3,267
00003_06-01-2025-06.27,AVE,2025,1,0,6.45,178.0,45.97,342
00004_06-01-2025-06.57,AVE,2025,1,0,6.95,157.0,43.31,407
00005_06-01-2025-07.02,OUIGO,2025,1,0,7.03,172.0,23.59,177
00002_06-01-2025-07.22,IRYO,2025,1,0,7.37,157.0,45.58,43
00006_06-01-2025-07.27,AVE,2025,1,0,7.45,199.0,50.13,99
00004_06-01-2025-07.57,AVE,2025,1,0,7.95,157.0,69.1,18
00007_06-01-2025-08.27,AVE,2025,1,0,8.45,172.0,63.8,38
00002_06-01-2025-08.32,IRYO,2025,1,0,8.53,157.0,45.65,47
00008_06-01-2025-08.57,AVE,2025,1,0,8.95,164.0,51.13,188
00009_06-01-2025-09.22,IRYO,2025,1,0,9.37,172.0,64.06,5
00010_06-01-2025-09.27,AVE,2025,1,0,9.45,194.0,85.59,2
00009_06-01-2025-09.57,IRYO,2025,1,0,9.95,172.0,52.38,27
00011_06-01-2025-10.02,OUIGO,2025,1,0,10.03,182.0,31.36,99
00012_06-01-2025-10.27,AVLO,2025,1,0,10.45,172.0,33.53,198
00009_06-01-2025-11.22,IRYO,2025,1,0,11.37,172.0,25.63,338
00006_06-01-2025-11.27,AVE,2025,1,0,11.45,199.0,43.34,163
00009_06-01-2025-12.22,IRYO,2025,1,0,12.37,172.0,10.48,8448
00013_06-01-2025-12.27,AVE,2025,1,0,12.45,197.0,39.53,153
00004_06-01-2025-12.57,AVE,2025,1,0,12.95,157.0,46.34,141
00014_06-01-2025-13.18,AVE,2025,1,0,13.3,184.0,68.94,0
00009_06-01-2025-14.02,IRYO,2025,1,0,14.03,172.0,27.93,82
00015_06-01-2025-14.12,OUIGO,2025,1,0,14.2,157.0,38.34,13
00016_06-01-2025-14.27,AVE,2025,1,0,14.45,177.0,30.55,286
00017_06-01-2025-14.42,IRYO,2025,1,0,14.7,179.0,67.94,0
00004_06-01-2025-14.57,AVE,2025,1,0,14.95,157.0,34.86,279
00018_06-01-2025-15.27,AVLO,2025,1,0,15.45,199.0,33.76,27
00004_06-01-2025-15.57,AVE,2025,1,0,15.95,157.0,33.14,448
00007_06-01-2025-16.27,AVE,2025,1,0,16.45,172.0,72.22,10
00002_06-01-2025-16.37,IRYO,2025,1,0,16.62,157.0,22.28,386
00004_06-01-2025-16.57,AVE,2025,1,0,16.95,157.0,55.18,116
00015_06-01-2025-17.17,OUIGO,2025,1,0,17.28,157.0,33.71,49
00009_06-01-2025-17.22,IRYO,2025,1,0,17.37,172.0,30.97,78
00006_06-01-2025-17.27,AVE,2025,1,0,17.45,199.0,69.65,3
00004_06-01-2025-17.57,AVE,2025,1,0,17.95,157.0,30.43,365
00016_06-01-2025-18.27,AVE,2025,1,0,18.45,177.0,64.75,3
00002_06-01-2025-18.32,IRYO,2025,1,0,18.53,157.0,34.07,24
00004_06-01-2025-18.57,AVE,2025,1,0,18.95,157.0,43.57,46
00009_06-01-2025-19.29,IRYO,2025,1,0,19.48,172.0,50.68,0
00019_06-01-2025-19.34,AVLO,2025,1,0,19.57,201.0,23.35,14
00004_06-01-2025-20.05,AVE,2025,1,0,20.08,157.0,14.7,3741
00009_06-01-2025-20.22,IRYO,2025,1,0,20.37,172.0,33.58,4
00020_06-01-2025-20.27,AVE,2025,1,0,20.45,201.0,20.02,413
00005_06-01-2025-21.02,OUIGO,2025,1,0,21.03,172.0,17.31,125
00007_06-01-2025-21.07,AVE,2025,1,0,21.12,172.0,34.76,1
00001_07-01-2025-06.12,AVLO,2025,1,1,6.2,157.0,34.92,857
00002_07-01-2025-06.22,IRYO,2025,1,1,6.37,157.0,20.25,2177
00003_07-01-2025-06.27,AVE,2025,1,1,6.45,178.0,45.97,776
00004_07-01-2025-06.57,AVE,2025,1,1,6.95,157.0,107.12,0
00005_07-01-2025-07.02,OUIGO,2025,1,1,7.03,172.0,43.12,23
00002_07-01-2025-07.22,IRYO,2025,1,1,7.37,157.0,21.22,807
00006_07-01-2025-07.27,AVE,2025,1,1,7.45,199.0,30.61,495
00004_07-01-2025-07.57,AVE,2025,1,1,7.95,157.0,34.59,650
00007_07-01-2025-08.27,AVE,2025,1,1,8.45,172.0,67.1,6
00002_07-01-2025-08.32,IRYO,2025,1,1,8.53,157.0,23.34,284
00008_07-01-2025-08.57,AVE,2025,1,1,8.95,164.0,26.05,1003
00009_07-01-2025-09.22,IRYO,2025,1,1,9.37,172.0,31.76,113
00010_07-01-2025-09.27,AVE,2025,1,1,9.45,194.0,76.61,4
00009_07-01-2025-09.57,IRYO,2025,1,1,9.95,172.0,20.94,556
00011_07-01-2025-10.02,OUIGO,2025,1,1,10.03,182.0,36.84,42
00012_07-01-2025-10.27,AVLO,2025,1,1,10.45,172.0,35.34,137
00009_07-01-2025-11.22,IRYO,2025,1,1,11.37,172.0,26.74,370
00006_07-01-2025-11.27,AVE,2025,1,1,11.45,199.0,40.56,336
00009_07-01-2025-12.22,IRYO,2025,1,1,12.37,172.0,38.5,102
00013_07-01-2025-12.27,AVE,2025,1,1,12.45,197.0,47.54,126
00004_07-01-2025-12.57,AVE,2025,1,1,12.95,157.0,42.95,415
00014_07-01-2025-13.18,AVE,2025,1,1,13.3,184.0,48.24,54
00009_07-01-2025-14.02,IRYO,2025,1,1,14.03,172.0,34.91,88
00015_07-01-2025-14.12,OUIGO,2025,1,1,14.2,157.0,24.39,165
00016_07-01-2025-14.27,AVE,2025,1,1,14.45,177.0,81.53,6
00017_07-01-2025-14.42,IRYO,2025,1,1,14.7,179.0,50.29,17
00004_07-01-2025-14.57,AVE,2025,1,1,14.95,157.0,30.63,1161
00018_07-01-2025-15.27,AVLO,2025,1,1,15.45,199.0,28.42,140
00004_07-01-2025-15.57,AVE,2025,1,1,15.95,157.0,31.44,1632
00007_07-01-2025-16.27,AVE,2025,1,1,16.45,172.0,35.82,1132
00002_07-01-2025-16.37,IRYO,2025,1,1,16.62,157.0,34.34,420
00004_07-01-2025-16.57,AVE,2025,1,1,16.95,157.0,75.75,52
00015_07-01-2025-17.17,OUIGO,2025,1,1,17.28,157.0,38.32,114
00009_07-01-2025-17.22,IRYO,2025,1,1,17.37,172.0,55.47,23
00006_07-01-2025-17.27,AVE,2025,1,1,17.45,199.0,63.53,38
00004_07-01-2025-17.57,AVE,2025,1,1,17.95,157.0,73.26,30
00016_07-01-2025-18.27,AVE,2025,1,1,18.45,177.0,48.07,105
00002_07-01-2025-18.32,IRYO,2025,1,1,18.53,157.0,14.53,3849
00004_07-01-2025-18.57,AVE,2025,1,1,18.95,157.0,24.67,843
00009_07-01-2025-19.29,IRYO,2025,1,1,19.48,172.0,36.06,12
00019_07-01-2025-19.34,AVLO,2025,1,1,19.57,201.0,28.86,8
00004_07-01-2025-20.05,AVE,2025,1,1,20.08,157.0,46.89,35
00009_07-01-2025-20.22,IRYO,2025,1,1,20.37,172.0,35.75,5
00020_07-01-2025-20.27,AVE,2025,1,1,20.45,201.0,41.96,4
00005_07-01-2025-21.02,OUIGO,2025,1,1,21.03,172.0,35.59,0
00007_07-01-2025-21.07,AVE,2025,1,1,21.12,172.0,48.37,3
00001_08-01-2025-06.12,AVLO,2025,1,2,6.2,157.0,31.96,568
00002_08-01-2025-06.22,IRYO,2025,1,2,6.37,157.0,10.0,3337
00003_08-01-2025-06.27,AVE,2025,1,2,6.45,178.0,33.63,935
00004_08-01-2025-06.57,AVE,2025,1,2,6.95,157.0,98.41,0
00005_08-01-2025-07.02,OUIGO,2025,1,2,7.03,172.0,31.53,48
00002_08-01-2025-07.22,IRYO,2025,1,2,7.37,157.0,30.62,176
00006_08-01-2025-07.27,AVE,2025,1,2,7.45,199.0,39.22,186
00004_08-01-2025-07.57,AVE,2025,1,2,7.95,157.0,50.9,103
00007_08-01-2025-08.27,AVE,2025,1,2,8.45,172.0,90.56,0
00002_08-01-2025-08.32,IRYO,2025,1,2,8.53,157.0,42.78,33
00008_08-01-2025-08.57,AVE,2025,1,2,8.95,164.0,57.17,50
00009_08-01-2025-09.22,IRYO,2025,1,2,9.37,172.0,46.59,42
00010_08-01-2025-09.27,AVE,2025,1,2,9.45,194.0,81.65,2
00009_08-01-2025-09.57,IRYO,2025,1,2,9.95,172.0,24.92,371
00011_08-01-2025-10.02,OUIGO,2025,1,2,10.03,182.0,42.05,14
00012_08-01-2025-10.27,AVLO,2025,1,2,10.45,172.0,49.13,31
00009_08-01-2025-11.22,IRYO,2025,1,2,11.37,172.0,17.58,1243
00006_08-01-2025-11.27,AVE,2025,1,2,11.45,199.0,31.77,491
00009_08-01-2025-12.22,IRYO,2025,1,2,12.37,172.0,34.38,97
00013_08-01-2025-12.27,AVE,2025,1,2,12.45,197.0,41.88,158
00004_08-01-2025-12.57,AVE,2025,1,2,12.95,157.0,46.52,185
00014_08-01-2025-13.18,AVE,2025,1,2,13.3,184.0,48.24,37
00009_08-01-2025-14.02,IRYO,2025,1,2,14.03,172.0,21.93,762
00015_08-01-2025-14.12,OUIGO,2025,1,2,14.2,157.0,37.95,38
00016_08-01-2025-14.27,AVE,2025,1,2,14.45,177.0,34.22,532
00017_08-01-2025-14.42,IRYO,2025,1,2,14.7,179.0,35.27,135
00004_08-01-2025-14.57,AVE,2025,1,2,14.95,157.0,45.63,399
00018_08-01-2025-15.27,AVLO,2025,1,2,15.45,199.0,34.12,143
00004_08-01-2025-15.57,AVE,2025,1,2,15.95,157.0,55.98,338
00007_08-01-2025-16.27,AVE,2025,1,2,16.45,172.0,51.87,501
00002_08-01-2025-16.37,IRYO,2025,1,2,16.62,157.0,43.38,286
00004_08-01-2025-16.57,AVE,2025,1,2,16.95,157.0,133.02,0
00015_08-01-2025-17.17,OUIGO,2025,1,2,17.28,157.0,40.15,150
00009_08-01-2025-17.22,IRYO,2025,1,2,17.37,172.0,28.41,566
00006_08-01-2025-17.27,AVE,2025,1,2,17.45,199.0,41.01,439
00004_08-01-2025-17.57,AVE,2025,1,2,17.95,157.0,56.06,311
00016_08-01-2025-18.27,AVE,2025,1,2,18.45,177.0,80.84,5
00002_08-01-2025-18.32,IRYO,2025,1,2,18.53,157.0,52.33,30
00004_08-01-2025-18.57,AVE,2025,1,2,18.95,157.0,119.64,0
00009_08-01-2025-19.29,IRYO,2025,1,2,19.48,172.0,39.97,26
00019_08-01-2025-19.34,AVLO,2025,1,2,19.57,201.0,29.31,23
00004_08-01-2025-20.05,AVE,2025,1,2,20.08,157.0,57.57,22
00009_08-01-2025-20.22,IRYO,2025,1,2,20.37,172.0,43.15,2
00020_08-01-2025-20.27,AVE,2025,1,2,20.45,201.0,49.9,4
00005_08-01-2025-21.02,OUIGO,2025,1,2,21.03,172.0,35.04,3
00007_08-01-2025-21.07,AVE,2025,1,2,21.12,172.0,59.14,3
00001_09-01-2025-06.12,AVLO,2025,1,3,6.2,157.0,32.98,1044
00002_09-01-2025-06.22,IRYO,2025,1,3,6.37,157.0,26.47,1523
00003_09-01-2025-06.27,AVE,2025,1,3,6.45,178.0,51.81,418
00004_09-01-2025-06.57,AVE,2025,1,3,6.95,157.0,57.82,288
00005_09-01-2025-07.02,OUIGO,2025,1,3,7.03,172.0,36.45,64
00002_09-01-2025-07.22,IRYO,2025,1,3,7.37,157.0,19.23,3669
00006_09-01-2025-07.27,AVE,2025,1,3,7.45,199.0,35.26,520
00004_09-01-2025-07.57,AVE,2025,1,3,7.95,157.0,55.31,114
00007_09-01-2025-08.27,AVE,2025,1,3,8.45,172.0,72.19,6
00002_09-01-2025-08.32,IRYO,2025,1,3,8.53,157.0,45.75,49
00008_09-01-2025-08.57,AVE,2025,1,3,8.95,164.0,63.98,54
00009_09-01-2025-09.22,IRYO,2025,1,3,9.37,172.0,45.36,101
00010_09-01-2025-09.27,AVE,2025,1,3,9.45,194.0,44.81,453
00009_09-01-2025-09.57,IRYO,2025,1,3,9.95,172.0,50.74,52
00011_09-01-2025-10.02,OUIGO,2025,1,3,10.03,182.0,53.4,16
00012_09-01-2025-10.27,AVLO,2025,1,3,10.45,172.0,59.32,32
00009_09-01-2025-11.22,IRYO,2025,1,3,11.37,172.0,74.65,4
00006_09-01-2025-11.27,AVE,2025,1,3,11.45,199.0,51.93,233
00009_09-01-2025-12.22,IRYO,2025,1,3,12.37,172.0,61.11,21
00013_09-01-2025-12.27,AVE,2025,1,3,12.45,197.0,44.79,333
00004_09-01-2025-12.57,AVE,2025,1,3,12.95,157.0,33.19,1524
00014_09-01-2025-13.18,AVE,2025,1,3,13.3,184.0,55.14,67
00004_09-01-2025-13.57,AVE,2025,1,3,13.95,157.0,,0
00009_09-01-2025-14.02,IRYO,2025,1,3,14.03,172.0,,0
00015_09-01-2025-14.12,OUIGO,2025,1,3,14.2,157.0,,0
00016_09-01-2025-14.27,AVE,2025,1,3,14.45,177.0,72.64,87
00017_09-01-2025-14.42,IRYO,2025,1,3,14.7,179.0,47.5,166
00004_09-01-2025-14.57,AVE,2025,1,3,14.95,157.0,90.14,29
00018_09-01-2025-15.27,AVLO,2025,1,3,15.45,199.0,37.43,390
00004_09-01-2025-15.57,AVE,2025,1,3,15.95,157.0,91.23,60
00007_09-01-2025-16.27,AVE,2025,1,3,16.45,172.0,59.03,815
00002_09-01-2025-16.37,IRYO,2025,1,3,16.62,157.0,49.13,549
00004_09-01-2025-16.57,AVE,2025,1,3,16.95,157.0,137.11,0
00015_09-01-2025-17.17,OUIGO,2025,1,3,17.28,157.0,53.39,134
00009_09-01-2025-17.22,IRYO,2025,1,3,17.37,172.0,50.87,252
00006_09-01-2025-17.27,AVE,2025,1,3,17.45,199.0,81.24,37
00004_09-01-2025-17.57,AVE,2025,1,3,17.95,157.0,51.22,979
00016_09-01-2025-18.27,AVE,2025,1,3,18.45,177.0,64.31,91
00002_09-01-2025-18.32,IRYO,2025,1,3,18.53,157.0,34.79,499
00004_09-01-2025-18.57,AVE,2025,1,3,18.95,157.0,77.77,25
00009_09-01-2025-19.29,IRYO,2025,1,3,19.48,172.0,40.13,37
00019_09-01-2025-19.34,AVLO,2025,1,3,19.57,201.0,35.39,36
00004_09-01-2025-20.05,AVE,2025,1,3,20.08,157.0,39.61,224
00009_09-01-2025-20.22,IRYO,2025,1,3,20.37,172.0,48.27,2
00020_09-01-2025-20.27,AVE,2025,1,3,20.45,201.0,52.44,7
00005_09-01-2025-21.02,OUIGO,2025,1,3,21.03,172.0,54.56,1
00007_09-01-2025-21.07,AVE,2025,1,3,21.12,172.0,60.18,4
00002_10-01-2025-06.22,IRYO,2025,1,4,6.37,157.0,18.63,9885
00021_10-01-2025-06.27,AVLO,2025,1,4,6.45,178.0,21.36,4408
00004_10-01-2025-06.57,AVE,2025,1,4,6.95,157.0,53.32,247
00005_10-01-2025-07.02,OUIGO,2025,1,4,7.03,172.0,23.29,1695
00002_10-01-2025-07.22,IRYO,2025,1,4,7.37,157.0,50.69,34
00006_10-01-2025-07.27,AVE,2025,1,4,7.45,199.0,67.74,34
00004_10-01-2025-07.57,AVE,2025,1,4,7.95,157.0,64.14,73
00002_10-01-2025-08.32,IRYO,2025,1,4,8.53,157.0,42.05,216
00008_10-01-2025-08.57,AVE,2025,1,4,8.95,164.0,122.76,0
00009_10-01-2025-09.22,IRYO,2025,1,4,9.37,172.0,55.81,121
00010_10-01-2025-09.27,AVE,2025,1,4,9.45,194.0,75.58,71
00009_10-01-2025-09.57,IRYO,2025,1,4,9.95,172.0,68.97,42
00011_10-01-2025-10.02,OUIGO,2025,1,4,10.03,182.0,52.42,104
00012_10-01-2025-10.27,AVLO,2025,1,4,10.45,172.0,49.72,343
00009_10-01-2025-11.22,IRYO,2025,1,4,11.37,172.0,70.79,29
00006_10-01-2025-11.27,AVE,2025,1,4,11.45,199.0,109.92,0
00009_10-01-2025-12.22,IRYO,2025,1,4,12.37,172.0,36.57,796
00013_10-01-2025-12.27,AVE,2025,1,4,12.45,197.0,54.56,476
00004_10-01-2025-12.57,AVE,2025,1,4,12.95,157.0,89.3,25
00014_10-01-2025-13.18,AVE,2025,1,4,13.3,184.0,55.14,228
00004_10-01-2025-13.57,AVE,2025,1,4,13.95,157.0,98.58,10
00009_10-01-2025-14.02,IRYO,2025,1,4,14.03,172.0,64.34,35
00015_10-01-2025-14.12,OUIGO,2025,1,4,14.2,157.0,39.94,302
00016_10-01-2025-14.27,AVE,2025,1,4,14.45,177.0,100.33,8
00017_10-01-2025-14.42,IRYO,2025,1,4,14.7,179.0,87.29,2
00004_10-01-2025-14.57,AVE,2025,1,4,14.95,157.0,92.06,43
00018_10-01-2025-15.27,AVLO,2025,1,4,15.45,199.0,49.69,185
00004_10-01-2025-15.57,AVE,2025,1,4,15.95,157.0,102.17,22
00007_10-01-2025-16.27,AVE,2025,1,4,16.45,172.0,89.78,59
00002_10-01-2025-16.37,IRYO,2025,1,4,16.62,157.0,63.48,216
00004_10-01-2025-16.57,AVE,2025,1,4,16.95,157.0,102.55,36
00015_10-01-2025-17.17,OUIGO,2025,1,4,17.28,157.0,43.22,343
00009_10-01-2025-17.22,IRYO,2025,1,4,17.37,172.0,77.5,22
00018_10-01-2025-17.27,AVLO,2025,1,4,17.45,199.0,52.89,97
00004_10-01-2025-17.57,AVE,2025,1,4,17.95,157.0,64.73,346
00016_10-01-2025-18.27,AVE,2025,1,4,18.45,177.0,69.95,68
00002_10-01-2025-18.32,IRYO,2025,1,4,18.53,157.0,38.68,322
00004_10-01-2025-18.57,AVE,2025,1,4,18.95,157.0,59.94,150
00009_10-01-2025-19.29,IRYO,2025,1,4,19.48,172.0,47.16,28
00019_10-01-2025-19.34,AVLO,2025,1,4,19.57,201.0,35.84,56
00004_10-01-2025-20.05,AVE,2025,1,4,20.08,157.0,72.57,7
00009_10-01-2025-20.22,IRYO,2025,1,4,20.37,172.0,38.69,23
00020_10-01-2025-20.27,AVE,2025,1,4,20.45,201.0,52.33,6
00005_10-01-2025-21.02,OUIGO,2025,1,4,21.03,172.0,37.32,12
00007_10-01-2025-21.07,AVE,2025,1,4,21.12,172.0,73.57,2
00021_11-01-2025-06.27,AVLO,2025,1,5,6.45,178.0,34.11,440
00005_11-01-2025-07.02,OUIGO,2025,1,5,7.03,172.0,43.13,54
00006_11-01-2025-07.27,AVE,2025,1,5,7.45,199.0,69.29,13
00009_11-01-2025-08.07,IRYO,2025,1,5,8.12,172.0,21.64,2493
00007_11-01-2025-08.27,AVE,2025,1,5,8.45,172.0,71.69,17
00008_11-01-2025-08.57,AVE,2025,1,5,8.95,164.0,60.17,48
00009_11-01-2025-09.22,IRYO,2025,1,5,9.37,172.0,29.4,385
00010_11-01-2025-09.27,AVE,2025,1,5,9.45,194.0,75.12,10
00009_11-01-2025-09.57,IRYO,2025,1,5,9.95,172.0,35.41,158
00011_11-01-2025-10.02,OUIGO,2025,1,5,10.03,182.0,30.9,139
00012_11-01-2025-10.27,AVLO,2025,1,5,10.45,172.0,49.22,52
00009_11-01-2025-11.22,IRYO,2025,1,5,11.37,172.0,39.63,132
00006_11-01-2025-11.27,AVE,2025,1,5,11.45,199.0,51.71,157
00009_11-01-2025-12.22,IRYO,2025,1,5,12.37,172.0,33.22,303
00013_11-01-2025-12.27,AVE,2025,1,5,12.45,197.0,55.84,89
00014_11-01-2025-13.18,AVE,2025,1,5,13.3,184.0,82.74,0
00015_11-01-2025-14.12,OUIGO,2025,1,5,14.2,157.0,26.13,358
00017_11-01-2025-14.42,IRYO,2025,1,5,14.7,179.0,27.7,409
00018_11-01-2025-15.27,AVLO,2025,1,5,15.45,199.0,28.96,192
00007_11-01-2025-16.27,AVE,2025,1,5,16.45,172.0,97.28,4
00002_11-01-2025-16.37,IRYO,2025,1,5,16.62,157.0,35.87,296
00015_11-01-2025-17.17,OUIGO,2025,1,5,17.28,157.0,25.38,389
00018_11-01-2025-17.27,AVLO,2025,1,5,17.45,199.0,21.43,1317
00016_11-01-2025-18.27,AVE,2025,1,5,18.45,177.0,96.73,0
00009_11-01-2025-19.29,IRYO,2025,1,5,19.48,172.0,31.65,29
00019_11-01-2025-19.34,AVLO,2025,1,5,19.57,201.0,21.9,559
00009_11-01-2025-20.22,IRYO,2025,1,5,20.37,172.0,17.71,3082
00020_11-01-2025-20.27,AVE,2025,1,5,20.45,201.0,36.95,12
00005_11-01-2025-21.02,OUIGO,2025,1,5,21.03,172.0,32.82,0
00021_12-01-2025-06.27,AVLO,2025,1,6,6.45,178.0,44.19,510
00005_12-01-2025-07.02,OUIGO,2025,1,6,7.03,172.0,38.92,437
00006_12-01-2025-07.27,AVE,2025,1,6,7.45,199.0,57.25,214
00009_12-01-2025-08.07,IRYO,2025,1,6,8.12,172.0,48.61,120
00007_12-01-2025-08.27,AVE,2025,1,6,8.45,172.0,84.05,11
00009_12-01-2025-09.22,IRYO,2025,1,6,9.37,172.0,28.34,12385
00010_12-01-2025-09.27,AVE,2025,1,6,9.45,194.0,53.97,425
00009_12-01-2025-09.57,IRYO,2025,1,6,9.95,172.0,62.35,54
00011_12-01-2025-10.02,OUIGO,2025,1,6,10.03,182.0,55.73,33
00012_12-01-2025-10.27,AVLO,2025,1,6,10.45,172.0,43.29,556
00009_12-01-2025-11.22,IRYO,2025,1,6,11.37,172.0,83.68,5
00006_12-01-2025-11.27,AVE,2025,1,6,11.45,199.0,147.22,0
00009_12-01-2025-12.22,IRYO,2025,1,6,12.37,172.0,65.85,89
00013_12-01-2025-12.27,AVE,2025,1,6,12.45,197.0,61.2,398
00014_12-01-2025-13.18,AVE,2025,1,6,13.3,184.0,55.14,338
00009_12-01-2025-14.02,IRYO,2025,1,6,14.03,172.0,75.29,28
00015_12-01-2025-14.12,OUIGO,2025,1,6,14.2,157.0,59.43,81
00016_12-01-2025-14.27,AVE,2025,1,6,14.45,177.0,89.36,63
00017_12-01-2025-14.42,IRYO,2025,1,6,14.7,179.0,85.73,8
00018_12-01-2025-15.27,AVLO,2025,1,6,15.45,199.0,72.16,39
00007_12-01-2025-16.27,AVE,2025,1,6,16.45,172.0,71.37,520
00002_12-01-2025-16.37,IRYO,2025,1,6,16.62,157.0,92.69,23
00004_12-01-2025-16.57,AVE,2025,1,6,16.95,157.0,84.27,340
00015_12-01-2025-17.17,OUIGO,2025,1,6,17.28,157.0,56.14,232
00009_12-01-2025-17.22,IRYO,2025,1,6,17.37,172.0,85.85,18
00018_12-01-2025-17.27,AVLO,2025,1,6,17.45,199.0,59.43,123
00004_12-01-2025-17.57,AVE,2025,1,6,17.95,157.0,76.97,265
00016_12-01-2025-18.27,AVE,2025,1,6,18.45,177.0,86.3,37
00002_12-01-2025-18.32,IRYO,2025,1,6,18.53,157.0,83.46,12
00004_12-01-2025-18.57,AVE,2025,1,6,18.95,157.0,125.46,0
00009_12-01-2025-19.29,IRYO,2025,1,6,19.48,172.0,88.5,0
00019_12-01-2025-19.34,AVLO,2025,1,6,19.57,201.0,72.75,3
00004_12-01-2025-20.05,AVE,2025,1,6,20.08,157.0,50.89,179
00009_12-01-2025-20.22,IRYO,2025,1,6,20.37,172.0,93.77,0
00020_12-01-2025-20.27,AVE,2025,1,6,20.45,201.0,80.12,0
00005_12-01-2025-21.02,OUIGO,2025,1,6,21.03,172.0,82.06,0
00007_12-01-2025-21.07,AVE,2025,1,6,21.12,172.0,125.19,0
00001_13-01-2025-06.12,AVLO,2025,1,0,6.2,157.0,33.2,1847
00002_13-01-2025-06.22,IRYO,2025,1,0,6.37,157.0,44.47,657
00003_13-01-2025-06.27,AVE,2025,1,0,6.45,178.0,49.04,1090
00004_13-01-2025-06.57,AVE,2025,1,0,6.95,157.0,60.65,440
00005_13-01-2025-07.02,OUIGO,2025,1,0,7.03,172.0,59.35,9
00002_13-01-2025-07.22,IRYO,2025,1,0,7.37,157.0,31.99,620
00006_13-01-2025-07.27,AVE,2025,1,0,7.45,199.0,48.82,197
00004_13-01-2025-07.57,AVE,2025,1,0,7.95,157.0,62.9,97
00007_13-01-2025-08.27,AVE,2025,1,0,8.45,172.0,63.47,52
00002_13-01-2025-08.32,IRYO,2025,1,0,8.53,157.0,28.52,331
00008_13-01-2025-08.57,AVE,2025,1,0,8.95,164.0,47.48,279
00009_13-01-2025-09.22,IRYO,2025,1,0,9.37,172.0,50.08,28
00010_13-01-2025-09.27,AVE,2025,1,0,9.45,194.0,73.76,9
00009_13-01-2025-09.57,IRYO,2025,1,0,9.95,172.0,39.45,124
00011_13-01-2025-10.02,OUIGO,2025,1,0,10.03,182.0,23.35,284
00012_13-01-2025-10.27,AVLO,2025,1,0,10.45,172.0,33.09,248
00009_13-01-2025-11.22,IRYO,2025,1,0,11.37,172.0,29.93,236
00006_13-01-2025-11.27,AVE,2025,1,0,11.45,199.0,44.01,171
00009_13-01-2025-12.22,IRYO,2025,1,0,12.37,172.0,15.44,1106
00013_13-01-2025-12.27,AVE,2025,1,0,12.45,197.0,52.73,48
00004_13-01-2025-12.57,AVE,2025,1,0,12.95,157.0,28.71,880
00014_13-01-2025-13.18,AVE,2025,1,0,13.3,184.0,68.94,3
00009_13-01-2025-14.02,IRYO,2025,1,0,14.03,172.0,39.57,36
00015_13-01-2025-14.12,OUIGO,2025,1,0,14.2,157.0,20.3,224
00016_13-01-2025-14.27,AVE,2025,1,0,14.45,177.0,29.32,723
00017_13-01-2025-14.42,IRYO,2025,1,0,14.7,179.0,47.59,12
00004_13-01-2025-14.57,AVE,2025,1,0,14.95,157.0,36.91,703
00018_13-01-2025-15.27,AVLO,2025,1,0,15.45,199.0,34.66,101
00004_13-01-2025-15.57,AVE,2025,1,0,15.95,157.0,41.13,939
00007_13-01-2025-16.27,AVE,2025,1,0,16.45,172.0,61.94,137
00002_13-01-2025-16.37,IRYO,2025,1,0,16.62,157.0,48.11,124
00004_13-01-2025-16.57,AVE,2025,1,0,16.95,157.0,46.61,997
00015_13-01-2025-17.17,OUIGO,2025,1,0,17.28,157.0,27.43,313
00009_13-01-2025-17.22,IRYO,2025,1,0,17.37,172.0,35.78,220
00006_13-01-2025-17.27,AVE,2025,1,0,17.45,199.0,64.38,32
00004_13-01-2025-17.57,AVE,2025,1,0,17.95,157.0,47.68,407
00016_13-01-2025-18.27,AVE,2025,1,0,18.45,177.0,53.39,79
00002_13-01-2025-18.32,IRYO,2025,1,0,18.53,157.0,34.36,99
00004_13-01-2025-18.57,AVE,2025,1,0,18.95,157.0,36.12,339
00009_13-01-2025-19.29,IRYO,2025,1,0,19.48,172.0,29.15,22
00019_13-01-2025-19.34,AVLO,2025,1,0,19.57,201.0,24.29,14
00004_13-01-2025-20.05,AVE,2025,1,0,20.08,157.0,20.44,361
00009_13-01-2025-20.22,IRYO,2025,1,0,20.37,172.0,20.58,20
00020_13-01-2025-20.27,AVE,2025,1,0,20.45,201.0,10.0,3215
00005_13-01-2025-21.02,OUIGO,2025,1,0,21.03,172.0,44.99,0
00007_13-01-2025-21.07,AVE,2025,1,0,21.12,172.0,31.86,9
00001_14-01-2025-06.12,AVLO,2025,1,1,6.2,157.0,33.92,786
00002_14-01-2025-06.22,IRYO,2025,1,1,6.37,157.0,27.63,1081
00003_14-01-2025-06.27,AVE,2025,1,1,6.45,178.0,31.11,1831
00004_14-01-2025-06.57,AVE,2025,1,1,6.95,157.0,115.48,0
00005_14-01-2025-07.02,OUIGO,2025,1,1,7.03,172.0,51.62,6
00002_14-01-2025-07.22,IRYO,2025,1,1,7.37,157.0,35.38,169
00006_14-01-2025-07.27,AVE,2025,1,1,7.45,199.0,35.42,339
00004_14-01-2025-07.57,AVE,2025,1,1,7.95,157.0,41.79,331
00007_14-01-2025-08.27,AVE,2025,1,1,8.45,172.0,86.89,0
00002_14-01-2025-08.32,IRYO,2025,1,1,8.53,157.0,43.54,17
00008_14-01-2025-08.57,AVE,2025,1,1,8.95,164.0,36.5,374
00009_14-01-2025-09.22,IRYO,2025,1,1,9.37,172.0,36.36,79
00010_14-01-2025-09.27,AVE,2025,1,1,9.45,194.0,49.4,106
00009_14-01-2025-09.57,IRYO,2025,1,1,9.95,172.0,28.85,215
00011_14-01-2025-10.02,OUIGO,2025,1,1,10.03,182.0,30.25,87
00012_14-01-2025-10.27,AVLO,2025,1,1,10.45,172.0,34.06,154
00009_14-01-2025-11.22,IRYO,2025,1,1,11.37,172.0,29.83,244
00006_14-01-2025-11.27,AVE,2025,1,1,11.45,199.0,29.93,768
00009_14-01-2025-12.22,IRYO,2025,1,1,12.37,172.0,58.64,10
00013_14-01-2025-12.27,AVE,2025,1,1,12.45,197.0,51.71,83
00004_14-01-2025-12.57,AVE,2025,1,1,12.95,157.0,47.74,187
00014_14-01-2025-13.18,AVE,2025,1,1,13.3,184.0,48.24,47
00009_14-01-2025-14.02,IRYO,2025,1,1,14.03,172.0,27.84,221
00015_14-01-2025-14.12,OUIGO,2025,1,1,14.2,157.0,34.36,32
00016_14-01-2025-14.27,AVE,2025,1,1,14.45,177.0,52.25,65
00017_14-01-2025-14.42,IRYO,2025,1,1,14.7,179.0,46.05,12
00004_14-01-2025-14.57,AVE,2025,1,1,14.95,157.0,37.0,483
00018_14-01-2025-15.27,AVLO,2025,1,1,15.45,199.0,29.64,70
00004_14-01-2025-15.57,AVE,2025,1,1,15.95,157.0,21.17,4636
00007_14-01-2025-16.27,AVE,2025,1,1,16.45,172.0,40.19,597
00002_14-01-2025-16.37,IRYO,2025,1,1,16.62,157.0,47.32,67
00004_14-01-2025-16.57,AVE,2025,1,1,16.95,157.0,53.16,362
00015_14-01-2025-17.17,OUIGO,2025,1,1,17.28,157.0,47.06,27
00009_14-01-2025-17.22,IRYO,2025,1,1,17.37,172.0,40.59,91
00006_14-01-2025-17.27,AVE,2025,1,1,17.45,199.0,47.35,146
00004_14-01-2025-17.57,AVE,2025,1,1,17.95,157.0,67.57,34
00016_14-01-2025-18.27,AVE,2025,1,1,18.45,177.0,46.84,101
00002_14-01-2025-18.32,IRYO,2025,1,1,18.53,157.0,40.65,52
00004_14-01-2025-18.57,AVE,2025,1,1,18.95,157.0,32.62,401
00009_14-01-2025-19.29,IRYO,2025,1,1,19.48,172.0,25.16,187
00019_14-01-2025-19.34,AVLO,2025,1,1,19.57,201.0,30.82,7
00004_14-01-2025-20.05,AVE,2025,1,1,20.08,157.0,38.52,46
00009_14-01-2025-20.22,IRYO,2025,1,1,20.37,172.0,31.78,2
00020_14-01-2025-20.27,AVE,2025,1,1,20.45,201.0,25.49,117
00005_14-01-2025-21.02,OUIGO,2025,1,1,21.03,172.0,36.83,0
00007_14-01-2025-21.07,AVE,2025,1,1,21.12,172.0,30.2,29
00001_15-01-2025-06.12,AVLO,2025,1,2,6.2,157.0,35.32,650
00002_15-01-2025-06.22,IRYO,2025,1,2,6.37,157.0,13.45,3990
00003_15-01-2025-06.27,AVE,2025,1,2,6.45,178.0,39.48,990
00004_15-01-2025-06.57,AVE,2025,1,2,6.95,157.0,94.08,2
00005_15-01-2025-07.02,OUIGO,2025,1,2,7.03,172.0,41.24,23
00002_15-01-2025-07.22,IRYO,2025,1,2,7.37,157.0,28.27,333
00006_15-01-2025-07.27,AVE,2025,1,2,7.45,199.0,26.19,878
00004_15-01-2025-07.57,AVE,2025,1,2,7.95,157.0,43.93,273
00007_15-01-2025-08.27,AVE,2025,1,2,8.45,172.0,93.12,0
00002_15-01-2025-08.32,IRYO,2025,1,2,8.53,157.0,39.17,33
00008_15-01-2025-08.57,AVE,2025,1,2,8.95,164.0,41.13,292
00009_15-01-2025-09.22,IRYO,2025,1,2,9.37,172.0,19.32,970
00010_15-01-2025-09.27,AVE,2025,1,2,9.45,194.0,68.23,14
00009_15-01-2025-09.57,IRYO,2025,1,2,9.95,172.0,43.9,81
00011_15-01-2025-10.02,OUIGO,2025,1,2,10.03,182.0,32.85,80
00012_15-01-2025-10.27,AVLO,2025,1,2,10.45,172.0,43.56,94
00009_15-01-2025-11.22,IRYO,2025,1,2,11.37,172.0,59.92,12
00006_15-01-2025-11.27,AVE,2025,1,2,11.45,199.0,42.81,321
00009_15-01-2025-12.22,IRYO,2025,1,2,12.37,172.0,20.37,2368
00013_15-01-2025-12.27,AVE,2025,1,2,12.45,197.0,44.6,196
00004_15-01-2025-12.57,AVE,2025,1,2,12.95,157.0,44.43,331
00014_15-01-2025-13.18,AVE,2025,1,2,13.3,184.0,48.24,38
00009_15-01-2025-14.02,IRYO,2025,1,2,14.03,172.0,34.1,113
00015_15-01-2025-14.12,OUIGO,2025,1,2,14.2,157.0,30.87,85
00016_15-01-2025-14.27,AVE,2025,1,2,14.45,177.0,30.09,996
00017_15-01-2025-14.42,IRYO,2025,1,2,14.7,179.0,39.32,77
00004_15-01-2025-14.57,AVE,2025,1,2,14.95,157.0,45.49,544
00018_15-01-2025-15.27,AVLO,2025,1,2,15.45,199.0,39.02,84
00004_15-01-2025-15.57,AVE,2025,1,2,15.95,157.0,39.75,1468
00007_15-01-2025-16.27,AVE,2025,1,2,16.45,172.0,62.92,256
00002_15-01-2025-16.37,IRYO,2025,1,2,16.62,157.0,33.03,864
00004_15-01-2025-16.57,AVE,2025,1,2,16.95,157.0,151.66,0
00015_15-01-2025-17.17,OUIGO,2025,1,2,17.28,157.0,60.68,29
00009_15-01-2025-17.22,IRYO,2025,1,2,17.37,172.0,37.14,433
00006_15-01-2025-17.27,AVE,2025,1,2,17.45,199.0,52.7,297
00004_15-01-2025-17.57,AVE,2025,1,2,17.95,157.0,68.92,133
00016_15-01-2025-18.27,AVE,2025,1,2,18.45,177.0,55.73,148
00002_15-01-2025-18.32,IRYO,2025,1,2,18.53,157.0,32.6,323
00004_15-01-2025-18.57,AVE,2025,1,2,18.95,157.0,126.48,0
00009_15-01-2025-19.29,IRYO,2025,1,2,19.48,172.0,31.56,84
00019_15-01-2025-19.34,AVLO,2025,1,2,19.57,201.0,30.61,28
00004_15-01-2025-20.05,AVE,2025,1,2,20.08,157.0,61.29,23
00009_15-01-2025-20.22,IRYO,2025,1,2,20.37,172.0,49.04,3
00020_15-01-2025-20.27,AVE,2025,1,2,20.45,201.0,32.23,57
00005_15-01-2025-21.02,OUIGO,2025,1,2,21.03,172.0,51.74,0
00007_15-01-2025-21.07,AVE,2025,1,2,21.12,172.0,56.63,2
00001_16-01-2025-06.12,AVLO,2025,1,3,6.2,157.0,25.01,1120
00002_16-01-2025-06.22,IRYO,2025,1,3,6.37,157.0,21.38,1629
00003_16-01-2025-06.27,AVE,2025,1,3,6.45,178.0,38.03,765
00004_16-01-2025-06.57,AVE,2025,1,3,6.95,157.0,47.86,340
00005_16-01-2025-07.02,OUIGO,2025,1,3,7.03,172.0,20.63,1135
00002_16-01-2025-07.22,IRYO,2025,1,3,7.37,157.0,32.74,158
00006_16-01-2025-07.27,AVE,2025,1,3,7.45,199.0,40.51,169
00004_16-01-2025-07.57,AVE,2025,1,3,7.95,157.0,40.27,274
00007_16-01-2025-08.27,AVE,2025,1,3,8.45,172.0,48.13,121
00002_16-01-2025-08.32,IRYO,2025,1,3,8.53,157.0,54.28,4
00008_16-01-2025-08.57,AVE,2025,1,3,8.95,164.0,73.35,9
00009_16-01-2025-09.22,IRYO,2025,1,3,9.37,172.0,50.22,24
00010_16-01-2025-09.27,AVE,2025,1,3,9.45,194.0,31.44,888
00009_16-01-2025-09.57,IRYO,2025,1,3,9.95,172.0,45.22,48
00011_16-01-2025-10.02,OUIGO,2025,1,3,10.03,182.0,52.78,11
00012_16-01-2025-10.27,AVLO,2025,1,3,10.45,172.0,49.88,52
00009_16-01-2025-11.22,IRYO,2025,1,3,11.37,172.0,67.29,12
00006_16-01-2025-11.27,AVE,2025,1,3,11.45,199.0,45.75,491
00009_16-01-2025-12.22,IRYO,2025,1,3,12.37,172.0,49.64,93
00013_16-01-2025-12.27,AVE,2025,1,3,12.45,197.0,52.55,282
00004_16-01-2025-12.57,AVE,2025,1,3,12.95,157.0,68.29,129
00014_16-01-2025-13.18,AVE,2025,1,3,13.3,184.0,55.14,167
00004_16-01-2025-13.57,AVE,2025,1,3,13.95,157.0,,0
00009_16-01-2025-14.02,IRYO,2025,1,3,14.03,172.0,,0
00015_16-01-2025-14.12,OUIGO,2025,1,3,14.2,157.0,,0
00016_16-01-2025-14.27,AVE,2025,1,3,14.45,177.0,93.95,13
00017_16-01-2025-14.42,IRYO,2025,1,3,14.7,179.0,49.86,202
00004_16-01-2025-14.57,AVE,2025,1,3,14.95,157.0,85.6,93
00018_16-01-2025-15.27,AVLO,2025,1,3,15.45,199.0,41.93,396
00004_16-01-2025-15.57,AVE,2025,1,3,15.95,157.0,108.82,10
00007_16-01-2025-16.27,AVE,2025,1,3,16.45,172.0,69.88,454
00002_16-01-2025-16.37,IRYO,2025,1,3,16.62,157.0,47.61,736
00004_16-01-2025-16.57,AVE,2025,1,3,16.95,157.0,140.34,1
00015_16-01-2025-17.17,OUIGO,2025,1,3,17.28,157.0,55.58,135
00009_16-01-2025-17.22,IRYO,2025,1,3,17.37,172.0,66.12,84
00006_16-01-2025-17.27,AVE,2025,1,3,17.45,199.0,109.04,1
00004_16-01-2025-17.57,AVE,2025,1,3,17.95,157.0,58.49,689
00016_16-01-2025-18.27,AVE,2025,1,3,18.45,177.0,62.3,164
00002_16-01-2025-18.32,IRYO,2025,1,3,18.53,157.0,38.11,382
00004_16-01-2025-18.57,AVE,2025,1,3,18.95,157.0,70.78,66
00009_16-01-2025-19.29,IRYO,2025,1,3,19.48,172.0,31.14,491
00019_16-01-2025-19.34,AVLO,2025,1,3,19.57,201.0,34.29,76
00004_16-01-2025-20.05,AVE,2025,1,3,20.08,157.0,59.6,44
00009_16-01-2025-20.22,IRYO,2025,1,3,20.37,172.0,30.6,444
00020_16-01-2025-20.27,AVE,2025,1,3,20.45,201.0,45.27,17
00005_16-01-2025-21.02,OUIGO,2025,1,3,21.03,172.0,44.49,0
00007_16-01-2025-21.07,AVE,2025,1,3,21.12,172.0,49.46,10
00002_17-01-2025-06.22,IRYO,2025,1,4,6.37,157.0,13.91,11123
00021_17-01-2025-06.27,AVLO,2025,1,4,6.45,178.0,23.15,1297
00004_17-01-2025-06.57,AVE,2025,1,4,6.95,157.0,63.9,74
00005_17-01-2025-07.02,OUIGO,2025,1,4,7.03,172.0,39.2,35
00002_17-01-2025-07.22,IRYO,2025,1,4,7.37,157.0,44.53,54
00006_17-01-2025-07.27,AVE,2025,1,4,7.45,199.0,72.08,3
00004_17-01-2025-07.57,AVE,2025,1,4,7.95,157.0,53.57,144
00002_17-01-2025-08.32,IRYO,2025,1,4,8.53,157.0,40.36,156
00008_17-01-2025-08.57,AVE,2025,1,4,8.95,164.0,113.07,0
00009_17-01-2025-09.22,IRYO,2025,1,4,9.37,172.0,40.4,268
00010_17-01-2025-09.27,AVE,2025,1,4,9.45,194.0,72.65,55
00009_17-01-2025-09.57,IRYO,2025,1,4,9.95,172.0,67.05,14
00011_17-01-2025-10.02,OUIGO,2025,1,4,10.03,182.0,29.67,494
00012_17-01-2025-10.27,AVLO,2025,1,4,10.45,172.0,58.94,78
00009_17-01-2025-11.22,IRYO,2025,1,4,11.37,172.0,53.17,123
00006_17-01-2025-11.27,AVE,2025,1,4,11.45,199.0,116.56,0
00009_17-01-2025-12.22,IRYO,2025,1,4,12.37,172.0,39.78,385
00013_17-01-2025-12.27,AVE,2025,1,4,12.45,197.0,47.32,550
00004_17-01-2025-12.57,AVE,2025,1,4,12.95,157.0,86.57,20
00014_17-01-2025-13.18,AVE,2025,1,4,13.3,184.0,55.14,167
00004_17-01-2025-13.57,AVE,2025,1,4,13.95,157.0,87.94,20
00009_17-01-2025-14.02,IRYO,2025,1,4,14.03,172.0,68.73,21
00015_17-01-2025-14.12,OUIGO,2025,1,4,14.2,157.0,37.29,272
00016_17-01-2025-14.27,AVE,2025,1,4,14.45,177.0,85.39,38
00017_17-01-2025-14.42,IRYO,2025,1,4,14.7,179.0,84.73,7
00004_17-01-2025-14.57,AVE,2025,1,4,14.95,157.0,94.51,18
00018_17-01-2025-15.27,AVLO,2025,1,4,15.45,199.0,66.28,20
00004_17-01-2025-15.57,AVE,2025,1,4,15.95,157.0,112.88,2
00007_17-01-2025-16.27,AVE,2025,1,4,16.45,172.0,105.45,8
00002_17-01-2025-16.37,IRYO,2025,1,4,16.62,157.0,64.79,123
00004_17-01-2025-16.57,AVE,2025,1,4,16.95,157.0,101.88,22
00015_17-01-2025-17.17,OUIGO,2025,1,4,17.28,157.0,33.09,554
00009_17-01-2025-17.22,IRYO,2025,1,4,17.37,172.0,55.95,118
00018_17-01-2025-17.27,AVLO,2025,1,4,17.45,199.0,52.26,46
00004_17-01-2025-17.57,AVE,2025,1,4,17.95,157.0,62.79,279
00016_17-01-2025-18.27,AVE,2025,1,4,18.45,177.0,78.32,15
00002_17-01-2025-18.32,IRYO,2025,1,4,18.53,157.0,31.45,425
00004_17-01-2025-18.57,AVE,2025,1,4,18.95,157.0,74.26,24
00009_17-01-2025-19.29,IRYO,2025,1,4,19.48,172.0,64.21,2
00019_17-01-2025-19.34,AVLO,2025,1,4,19.57,201.0,28.38,144
00004_17-01-2025-20.05,AVE,2025,1,4,20.08,157.0,71.85,3
00009_17-01-2025-20.22,IRYO,2025,1,4,20.37,172.0,40.03,7
00020_17-01-2025-20.27,AVE,2025,1,4,20.45,201.0,33.76,83
00005_17-01-2025-21.02,OUIGO,2025,1,4,21.03,172.0,23.72,1207
00007_17-01-2025-21.07,AVE,2025,1,4,21.12,172.0,83.02,0
00021_18-01-2025-06.27,AVLO,2025,1,5,6.45,178.0,36.63,531
00005_18-01-2025-07.02,OUIGO,2025,1,5,7.03,172.0,40.26,99
00006_18-01-2025-07.27,AVE,2025,1,5,7.45,199.0,38.32,518
00009_18-01-2025-08.07,IRYO,2025,1,5,8.12,172.0,27.1,658
00007_18-01-2025-08.27,AVE,2025,1,5,8.45,172.0,58.78,90
00008_18-01-2025-08.57,AVE,2025,1,5,8.95,164.0,52.37,180
00009_18-01-2025-09.22,IRYO,2025,1,5,9.37,172.0,56.63,25
00010_18-01-2025-09.27,AVE,2025,1,5,9.45,194.0,70.05,22
00009_18-01-2025-09.57,IRYO,2025,1,5,9.95,172.0,45.53,93
00011_18-01-2025-10.02,OUIGO,2025,1,5,10.03,182.0,49.43,19
00012_18-01-2025-10.27,AVLO,2025,1,5,10.45,172.0,39.96,172
00009_18-01-2025-11.22,IRYO,2025,1,5,11.37,172.0,28.51,615
00006_18-01-2025-11.27,AVE,2025,1,5,11.45,199.0,35.49,826
00009_18-01-2025-12.22,IRYO,2025,1,5,12.37,172.0,54.09,39
00013_18-01-2025-12.27,AVE,2025,1,5,12.45,197.0,77.08,5
00014_18-01-2025-13.18,AVE,2025,1,5,13.3,184.0,82.74,1
00015_18-01-2025-14.12,OUIGO,2025,1,5,14.2,157.0,20.7,1397
00017_18-01-2025-14.42,IRYO,2025,1,5,14.7,179.0,40.8,114
00018_18-01-2025-15.27,AVLO,2025,1,5,15.45,199.0,29.49,264
00007_18-01-2025-16.27,AVE,2025,1,5,16.45,172.0,92.74,13
00002_18-01-2025-16.37,IRYO,2025,1,5,16.62,157.0,36.74,410
00015_18-01-2025-17.17,OUIGO,2025,1,5,17.28,157.0,15.27,5403
00018_18-01-2025-17.27,AVLO,2025,1,5,17.45,199.0,25.04,377
00016_18-01-2025-18.27,AVE,2025,1,5,18.45,177.0,92.89,0
00009_18-01-2025-19.29,IRYO,2025,1,5,19.48,172.0,34.99,18
00019_18-01-2025-19.34,AVLO,2025,1,5,19.57,201.0,29.11,21
00009_18-01-2025-20.22,IRYO,2025,1,5,20.37,172.0,18.81,1258
00020_18-01-2025-20.27,AVE,2025,1,5,20.45,201.0,18.74,3694
00005_18-01-2025-21.02,OUIGO,2025,1,5,21.03,172.0,18.23,707
00021_19-01-2025-06.27,AVLO,2025,1,6,6.45,178.0,55.09,158
00005_19-01-2025-07.02,OUIGO,2025,1,6,7.03,172.0,31.87,3594
00006_19-01-2025-07.27,AVE,2025,1,6,7.45,199.0,60.18,160
00009_19-01-2025-08.07,IRYO,2025,1,6,8.12,172.0,41.1,703
00007_19-01-2025-08.27,AVE,2025,1,6,8.45,172.0,95.0,3
00009_19-01-2025-09.22,IRYO,2025,1,6,9.37,172.0,34.82,4527
00010_19-01-2025-09.27,AVE,2025,1,6,9.45,194.0,61.36,168
00009_19-01-2025-09.57,IRYO,2025,1,6,9.95,172.0,73.55,13
00011_19-01-2025-10.02,OUIGO,2025,1,6,10.03,182.0,35.93,2107
00012_19-01-2025-10.27,AVLO,2025,1,6,10.45,172.0,48.82,273
00009_19-01-2025-11.22,IRYO,2025,1,6,11.37,172.0,69.25,34
00006_19-01-2025-11.27,AVE,2025,1,6,11.45,199.0,137.11,0
00009_19-01-2025-12.22,IRYO,2025,1,6,12.37,172.0,81.34,19
00013_19-01-2025-12.27,AVE,2025,1,6,12.45,197.0,69.97,191
00014_19-01-2025-13.18,AVE,2025,1,6,13.3,184.0,55.14,339
00009_19-01-2025-14.02,IRYO,2025,1,6,14.03,172.0,84.84,6
00015_19-01-2025-14.12,OUIGO,2025,1,6,14.2,157.0,50.24,181
00016_19-01-2025-14.27,AVE,2025,1,6,14.45,177.0,90.57,34
00017_19-01-2025-14.42,IRYO,2025,1,6,14.7,179.0,66.05,89
00018_19-01-2025-15.27,AVLO,2025,1,6,15.45,199.0,63.26,66
00007_19-01-2025-16.27,AVE,2025,1,6,16.45,172.0,73.9,360
00002_19-01-2025-16.37,IRYO,2025,1,6,16.62,157.0,95.18,11
00004_19-01-2025-16.57,AVE,2025,1,6,16.95,157.0,83.87,269
00015_19-01-2025-17.17,OUIGO,2025,1,6,17.28,157.0,59.66,140
00009_19-01-2025-17.22,IRYO,2025,1,6,17.37,172.0,84.25,18
00018_19-01-2025-17.27,AVLO,2025,1,6,17.45,199.0,64.48,54
00004_19-01-2025-17.57,AVE,2025,1,6,17.95,157.0,75.61,227
00016_19-01-2025-18.27,AVE,2025,1,6,18.45,177.0,84.57,39
00002_19-01-2025-18.32,IRYO,2025,1,6,18.53,157.0,89.95,6
00004_19-01-2025-18.57,AVE,2025,1,6,18.95,157.0,114.96,1
00009_19-01-2025-19.29,IRYO,2025,1,6,19.48,172.0,74.42,3
00019_19-01-2025-19.34,AVLO,2025,1,6,19.57,201.0,90.85,0
00004_19-01-2025-20.05,AVE,2025,1,6,20.08,157.0,55.19,123
00009_19-01-2025-20.22,IRYO,2025,1,6,20.37,172.0,74.0,0
00020_19-01-2025-20.27,AVE,2025,1,6,20.45,201.0,76.9,6
00005_19-01-2025-21.02,OUIGO,2025,1,6,21.03,172.0,66.94,0
00007_19-01-2025-21.07,AVE,2025,1,6,21.12,172.0,126.96,0
00001_20-01-2025-06.12,AVLO,2025,1,0,6.2,157.0,28.33,1136
00002_20-01-2025-06.22,IRYO,2025,1,0,6.37,157.0,46.11,239
00003_20-01-2025-06.27,AVE,2025,1,0,6.45,178.0,44.15,742
00004_20-01-2025-06.57,AVE,2025,1,0,6.95,157.0,53.5,356
00005_20-01-2025-07.02,OUIGO,2025,1,0,7.03,172.0,39.72,33
00002_20-01-2025-07.22,IRYO,2025,1,0,7.37,157.0,35.12,237
00006_20-01-2025-07.27,AVE,2025,1,0,7.45,199.0,53.42,62
00004_20-01-2025-07.57,AVE,2025,1,0,7.95,157.0,60.04,63
00007_20-01-2025-08.27,AVE,2025,1,0,8.45,172.0,86.49,0
00002_20-01-2025-08.32,IRYO,2025,1,0,8.53,157.0,35.45,97
00008_20-01-2025-08.57,AVE,2025,1,0,8.95,164.0,42.84,253
00009_20-01-2025-09.22,IRYO,2025,1,0,9.37,172.0,41.12,68
00010_20-01-2025-09.27,AVE,2025,1,0,9.45,194.0,71.79,17
00009_20-01-2025-09.57,IRYO,2025,1,0,9.95,172.0,56.1,13
00011_20-01-2025-10.02,OUIGO,2025,1,0,10.03,182.0,28.69,103
00012_20-01-2025-10.27,AVLO,2025,1,0,10.45,172.0,39.01,96
00009_20-01-2025-11.22,IRYO,2025,1,0,11.37,172.0,32.62,151
00006_20-01-2025-11.27,AVE,2025,1,0,11.45,199.0,41.54,170
00009_20-01-2025-12.22,IRYO,2025,1,0,12.37,172.0,30.69,94
00013_20-01-2025-12.27,AVE,2025,1,0,12.45,197.0,49.31,50
00004_20-01-2025-12.57,AVE,2025,1,0,12.95,157.0,28.82,629
00014_20-01-2025-13.18,AVE,2025,1,0,13.3,184.0,68.94,2
00009_20-01-2025-14.02,IRYO,2025,1,0,14.03,172.0,31.54,74
00015_20-01-2025-14.12,OUIGO,2025,1,0,14.2,157.0,20.11,255
00016_20-01-2025-14.27,AVE,2025,1,0,14.45,177.0,37.37,233
00017_20-01-2025-14.42,IRYO,2025,1,0,14.7,179.0,41.5,17
00004_20-01-2025-14.57,AVE,2025,1,0,14.95,157.0,40.55,330
00018_20-01-2025-15.27,AVLO,2025,1,0,15.45,199.0,32.44,54
00004_20-01-2025-15.57,AVE,2025,1,0,15.95,157.0,37.44,641
00007_20-01-2025-16.27,AVE,2025,1,0,16.45,172.0,68.37,22
00002_20-01-2025-16.37,IRYO,2025,1,0,16.62,157.0,41.87,105
00004_20-01-2025-16.57,AVE,2025,1,0,16.95,157.0,54.75,208
00015_20-01-2025-17.17,OUIGO,2025,1,0,17.28,157.0,33.56,69
00009_20-01-2025-17.22,IRYO,2025,1,0,17.37,172.0,38.61,78
00006_20-01-2025-17.27,AVE,2025,1,0,17.45,199.0,70.57,3
00004_20-01-2025-17.57,AVE,2025,1,0,17.95,157.0,28.21,793
00016_20-01-2025-18.27,AVE,2025,1,0,18.45,177.0,45.44,51
00002_20-01-2025-18.32,IRYO,2025,1,0,18.53,157.0,25.71,107
00004_20-01-2025-18.57,AVE,2025,1,0,18.95,157.0,37.1,147
00009_20-01-2025-19.29,IRYO,2025,1,0,19.48,172.0,45.57,1
00019_20-01-2025-19.34,AVLO,2025,1,0,19.57,201.0,25.25,5
00004_20-01-2025-20.05,AVE,2025,1,0,20.08,157.0,14.07,2046
00009_20-01-2025-20.22,IRYO,2025,1,0,20.37,172.0,31.12,0
00020_20-01-2025-20.27,AVE,2025,1,0,20.45,201.0,20.11,97
00005_20-01-2025-21.02,OUIGO,2025,1,0,21.03,172.0,21.95,6
00007_20-01-2025-21.07,AVE,2025,1,0,21.12,172.0,32.06,5
00001_21-01-2025-06.12,AVLO,2025,1,1,6.2,157.0,34.47,956
00002_21-01-2025-06.22,IRYO,2025,1,1,6.37,157.0,40.18,533
00003_21-01-2025-06.27,AVE,2025,1,1,6.45,178.0,48.82,592
00004_21-01-2025-06.57,AVE,2025,1,1,6.95,157.0,122.67,0
00005_21-01-2025-07.02,OUIGO,2025,1,1,7.03,172.0,47.73,15
00002_21-01-2025-07.22,IRYO,2025,1,1,7.37,157.0,27.93,445
00006_21-01-2025-07.27,AVE,2025,1,1,7.45,199.0,35.38,367
00004_21-01-2025-07.57,AVE,2025,1,1,7.95,157.0,26.18,1346
00007_21-01-2025-08.27,AVE,2025,1,1,8.45,172.0,76.37,1
00002_21-01-2025-08.32,IRYO,2025,1,1,8.53,157.0,34.18,82
00008_21-01-2025-08.57,AVE,2025,1,1,8.95,164.0,49.82,82
00009_21-01-2025-09.22,IRYO,2025,1,1,9.37,172.0,33.32,92
00010_21-01-2025-09.27,AVE,2025,1,1,9.45,194.0,61.94,19
00009_21-01-2025-09.57,IRYO,2025,1,1,9.95,172.0,25.6,204
00011_21-01-2025-10.02,OUIGO,2025,1,1,10.03,182.0,28.97,58
00012_21-01-2025-10.27,AVLO,2025,1,1,10.45,172.0,33.77,109
00009_21-01-2025-11.22,IRYO,2025,1,1,11.37,172.0,10.0,3101
00006_21-01-2025-11.27,AVE,2025,1,1,11.45,199.0,45.85,124
00009_21-01-2025-12.22,IRYO,2025,1,1,12.37,172.0,36.4,73
00013_21-01-2025-12.27,AVE,2025,1,1,12.45,197.0,41.65,198
00004_21-01-2025-12.57,AVE,2025,1,1,12.95,157.0,48.83,131
00014_21-01-2025-13.18,AVE,2025,1,1,13.3,184.0,48.24,27
00009_21-01-2025-14.02,IRYO,2025,1,1,14.03,172.0,37.8,38
00015_21-01-2025-14.12,OUIGO,2025,1,1,14.2,157.0,30.65,49
00016_21-01-2025-14.27,AVE,2025,1,1,14.45,177.0,75.18,2
00017_21-01-2025-14.42,IRYO,2025,1,1,14.7,179.0,30.25,66
00004_21-01-2025-14.57,AVE,2025,1,1,14.95,157.0,41.05,238
00018_21-01-2025-15.27,AVLO,2025,1,1,15.45,199.0,30.84,35
00004_21-01-2025-15.57,AVE,2025,1,1,15.95,157.0,18.42,2227
00007_21-01-2025-16.27,AVE,2025,1,1,16.45,172.0,26.8,1010
00002_21-01-2025-16.37,IRYO,2025,1,1,16.62,157.0,22.48,427
00004_21-01-2025-16.57,AVE,2025,1,1,16.95,157.0,49.59,331
00015_21-01-2025-17.17,OUIGO,2025,1,1,17.28,157.0,45.38,16
00009_21-01-2025-17.22,IRYO,2025,1,1,17.37,172.0,32.86,137
00006_21-01-2025-17.27,AVE,2025,1,1,17.45,199.0,49.94,90
00004_21-01-2025-17.57,AVE,2025,1,1,17.95,157.0,68.21,26
00016_21-01-2025-18.27,AVE,2025,1,1,18.45,177.0,58.72,22
00002_21-01-2025-18.32,IRYO,2025,1,1,18.53,157.0,33.83,84
00004_21-01-2025-18.57,AVE,2025,1,1,18.95,157.0,37.46,207
00009_21-01-2025-19.29,IRYO,2025,1,1,19.48,172.0,32.23,18
00019_21-01-2025-19.34,AVLO,2025,1,1,19.57,201.0,28.28,9
00004_21-01-2025-20.05,AVE,2025,1,1,20.08,157.0,41.63,29
00009_21-01-2025-20.22,IRYO,2025,1,1,20.37,172.0,22.24,21
00020_21-01-2025-20.27,AVE,2025,1,1,20.45,201.0,29.65,8
00005_21-01-2025-21.02,OUIGO,2025,1,1,21.03,172.0,15.84,302
00007_21-01-2025-21.07,AVE,2025,1,1,21.12,172.0,33.66,7
00001_22-01-2025-06.12,AVLO,2025,1,2,6.2,157.0,38.89,775
00002_22-01-2025-06.22,IRYO,2025,1,2,6.37,157.0,46.98,358
00003_22-01-2025-06.27,AVE,2025,1,2,6.45,178.0,44.66,984
00004_22-01-2025-06.57,AVE,2025,1,2,6.95,157.0,98.91,3
00005_22-01-2025-07.02,OUIGO,2025,1,2,7.03,172.0,47.9,27
00002_22-01-2025-07.22,IRYO,2025,1,2,7.37,157.0,30.31,445
00006_22-01-2025-07.27,AVE,2025,1,2,7.45,199.0,25.73,1304
00004_22-01-2025-07.57,AVE,2025,1,2,7.95,157.0,54.6,141
00007_22-01-2025-08.27,AVE,2025,1,2,8.45,172.0,77.35,2
00002_22-01-2025-08.32,IRYO,2025,1,2,8.53,157.0,38.23,50
00008_22-01-2025-08.57,AVE,2025,1,2,8.95,164.0,41.36,240
00009_22-01-2025-09.22,IRYO,2025,1,2,9.37,172.0,27.4,274
00010_22-01-2025-09.27,AVE,2025,1,2,9.45,194.0,61.55,36
00009_22-01-2025-09.57,IRYO,2025,1,2,9.95,172.0,24.21,1009
00011_22-01-2025-10.02,OUIGO,2025,1,2,10.03,182.0,49.0,9
00012_22-01-2025-10.27,AVLO,2025,1,2,10.45,172.0,49.11,38
00009_22-01-2025-11.22,IRYO,2025,1,2,11.37,172.0,56.46,21
00006_22-01-2025-11.27,AVE,2025,1,2,11.45,199.0,64.11,33
00009_22-01-2025-12.22,IRYO,2025,1,2,12.37,172.0,32.0,262
00013_22-01-2025-12.27,AVE,2025,1,2,12.45,197.0,55.28,58
00004_22-01-2025-12.57,AVE,2025,1,2,12.95,157.0,31.54,1005
00014_22-01-2025-13.18,AVE,2025,1,2,13.3,184.0,48.24,68
00009_22-01-2025-14.02,IRYO,2025,1,2,14.03,172.0,52.92,19
00015_22-01-2025-14.12,OUIGO,2025,1,2,14.2,157.0,47.14,19
00016_22-01-2025-14.27,AVE,2025,1,2,14.45,177.0,66.16,44
00017_22-01-2025-14.42,IRYO,2025,1,2,14.7,179.0,43.97,68
00004_22-01-2025-14.57,AVE,2025,1,2,14.95,157.0,52.55,309
00018_22-01-2025-15.27,AVLO,2025,1,2,15.45,199.0,33.7,155
00004_22-01-2025-15.57,AVE,2025,1,2,15.95,157.0,50.65,547
00007_22-01-2025-16.27,AVE,2025,1,2,16.45,172.0,42.74,893
00002_22-01-2025-16.37,IRYO,2025,1,2,16.62,157.0,34.44,559
00004_22-01-2025-16.57,AVE,2025,1,2,16.95,157.0,128.08,0
00015_22-01-2025-17.17,OUIGO,2025,1,2,17.28,157.0,40.65,118
00009_22-01-2025-17.22,IRYO,2025,1,2,17.37,172.0,34.44,312
00006_22-01-2025-17.27,AVE,2025,1,2,17.45,199.0,47.86,230
00004_22-01-2025-17.57,AVE,2025,1,2,17.95,157.0,51.69,368
00016_22-01-2025-18.27,AVE,2025,1,2,18.45,177.0,74.49,12
00002_22-01-2025-18.32,IRYO,2025,1,2,18.53,157.0,52.42,24
00004_22-01-2025-18.57,AVE,2025,1,2,18.95,157.0,124.14,0
00009_22-01-2025-19.29,IRYO,2025,1,2,19.48,172.0,27.38,747
00019_22-01-2025-19.34,AVLO,2025,1,2,19.57,201.0,27.07,499
00004_22-01-2025-20.05,AVE,2025,1,2,20.08,157.0,34.62,127
00009_22-01-2025-20.22,IRYO,2025,1,2,20.37,172.0,40.28,4
00020_22-01-2025-20.27,AVE,2025,1,2,20.45,201.0,45.31,6
00005_22-01-2025-21.02,OUIGO,2025,1,2,21.03,172.0,55.1,0
00007_22-01-2025-21.07,AVE,2025,1,2,21.12,172.0,57.93,1
00001_23-01-2025-06.12,AVLO,2025,1,3,6.2,157.0,32.36,809
00002_23-01-2025-06.22,IRYO,2025,1,3,6.37,157.0,41.54,283
00003_23-01-2025-06.27,AVE,2025,1,3,6.45,178.0,30.37,1795
00004_23-01-2025-06.57,AVE,2025,1,3,6.95,157.0,72.4,58
00005_23-01-2025-07.02,OUIGO,2025,1,3,7.03,172.0,40.99,21
00002_23-01-2025-07.22,IRYO,2025,1,3,7.37,157.0,51.75,34
00006_23-01-2025-07.27,AVE,2025,1,3,7.45,199.0,35.34,457
00004_23-01-2025-07.57,AVE,2025,1,3,7.95,157.0,57.47,62
00007_23-01-2025-08.27,AVE,2025,1,3,8.45,172.0,60.06,45
00002_23-01-2025-08.32,IRYO,2025,1,3,8.53,157.0,37.55,95
00008_23-01-2025-08.57,AVE,2025,1,3,8.95,164.0,65.8,27
00009_23-01-2025-09.22,IRYO,2025,1,3,9.37,172.0,60.32,15
00010_23-01-2025-09.27,AVE,2025,1,3,9.45,194.0,46.65,275
00009_23-01-2025-09.57,IRYO,2025,1,3,9.95,172.0,40.94,125
00011_23-01-2025-10.02,OUIGO,2025,1,3,10.03,182.0,55.19,12
00012_23-01-2025-10.27,AVLO,2025,1,3,10.45,172.0,49.13,69
00009_23-01-2025-11.22,IRYO,2025,1,3,11.37,172.0,63.74,19
00006_23-01-2025-11.27,AVE,2025,1,3,11.45,199.0,48.18,265
00009_23-01-2025-12.22,IRYO,2025,1,3,12.37,172.0,61.7,17
00013_23-01-2025-12.27,AVE,2025,1,3,12.45,197.0,38.91,588
00004_23-01-2025-12.57,AVE,2025,1,3,12.95,157.0,59.19,146
00014_23-01-2025-13.18,AVE,2025,1,3,13.3,184.0,55.14,87
00004_23-01-2025-13.57,AVE,2025,1,3,13.95,157.0,,0
00009_23-01-2025-14.02,IRYO,2025,1,3,14.03,172.0,,0
00015_23-01-2025-14.12,OUIGO,2025,1,3,14.2,157.0,,0
00016_23-01-2025-14.27,AVE,2025,1,3,14.45,177.0,81.09,36
00017_23-01-2025-14.42,IRYO,2025,1,3,14.7,179.0,58.84,49
00004_23-01-2025-14.57,AVE,2025,1,3,14.95,157.0,82.07,61
00018_23-01-2025-15.27,AVLO,2025,1,3,15.45,199.0,42.01,166
00004_23-01-2025-15.57,AVE,2025,1,3,15.95,157.0,96.85,16
00007_23-01-2025-16.27,AVE,2025,1,3,16.45,172.0,71.37,199
00002_23-01-2025-16.37,IRYO,2025,1,3,16.62,157.0,35.95,1069
00004_23-01-2025-16.57,AVE,2025,1,3,16.95,157.0,133.83,0
00015_23-01-2025-17.17,OUIGO,2025,1,3,17.28,157.0,56.45,56
00009_23-01-2025-17.22,IRYO,2025,1,3,17.37,172.0,59.76,77
00006_23-01-2025-17.27,AVE,2025,1,3,17.45,199.0,87.63,8
00004_23-01-2025-17.57,AVE,2025,1,3,17.95,157.0,48.45,829
00016_23-01-2025-18.27,AVE,2025,1,3,18.45,177.0,43.79,387
00002_23-01-2025-18.32,IRYO,2025,1,3,18.53,157.0,46.73,89
00004_23-01-2025-18.57,AVE,2025,1,3,18.95,157.0,96.73,1
00009_23-01-2025-19.29,IRYO,2025,1,3,19.48,172.0,32.95,171
00019_23-01-2025-19.34,AVLO,2025,1,3,19.57,201.0,31.6,140
00004_23-01-2025-20.05,AVE,2025,1,3,20.08,157.0,57.65,26
00009_23-01-2025-20.22,IRYO,2025,1,3,20.37,172.0,45.15,5
00020_23-01-2025-20.27,AVE,2025,1,3,20.45,201.0,43.62,11
00005_23-01-2025-21.02,OUIGO,2025,1,3,21.03,172.0,27.32,1265
00007_23-01-2025-21.07,AVE,2025,1,3,21.12,172.0,47.31,9
00002_24-01-2025-06.22,IRYO,2025,1,4,6.37,157.0,18.54,5616
00021_24-01-2025-06.27,AVLO,2025,1,4,6.45,178.0,16.05,9467
00004_24-01-2025-06.57,AVE,2025,1,4,6.95,157.0,52.84,199
00005_24-01-2025-07.02,OUIGO,2025,1,4,7.03,172.0,49.0,5
00002_24-01-2025-07.22,IRYO,2025,1,4,7.37,157.0,38.08,116
00006_24-01-2025-07.27,AVE,2025,1,4,7.45,199.0,72.46,9
00004_24-01-2025-07.57,AVE,2025,1,4,7.95,157.0,49.59,249
00002_24-01-2025-08.32,IRYO,2025,1,4,8.53,157.0,42.44,145
00008_24-01-2025-08.57,AVE,2025,1,4,8.95,164.0,123.21,0
00009_24-01-2025-09.22,IRYO,2025,1,4,9.37,172.0,38.42,433
00010_24-01-2025-09.27,AVE,2025,1,4,9.45,194.0,73.94,74
00009_24-01-2025-09.57,IRYO,2025,1,4,9.95,172.0,64.9,46
00011_24-01-2025-10.02,OUIGO,2025,1,4,10.03,182.0,50.61,74
00012_24-01-2025-10.27,AVLO,2025,1,4,10.45,172.0,55.86,138
00009_24-01-2025-11.22,IRYO,2025,1,4,11.37,172.0,63.33,88
00006_24-01-2025-11.27,AVE,2025,1,4,11.45,199.0,110.73,1
00009_24-01-2025-12.22,IRYO,2025,1,4,12.37,172.0,45.12,305
00013_24-01-2025-12.27,AVE,2025,1,4,12.45,197.0,45.98,736
00004_24-01-2025-12.57,AVE,2025,1,4,12.95,157.0,97.37,1
00014_24-01-2025-13.18,AVE,2025,1,4,13.3,184.0,55.14,156
00004_24-01-2025-13.57,AVE,2025,1,4,13.95,157.0,63.2,290
00009_24-01-2025-14.02,IRYO,2025,1,4,14.03,172.0,53.33,101
00015_24-01-2025-14.12,OUIGO,2025,1,4,14.2,157.0,35.93,332
00016_24-01-2025-14.27,AVE,2025,1,4,14.45,177.0,114.43,1
00017_24-01-2025-14.42,IRYO,2025,1,4,14.7,179.0,87.65,1
00004_24-01-2025-14.57,AVE,2025,1,4,14.95,157.0,85.61,74
00018_24-01-2025-15.27,AVLO,2025,1,4,15.45,199.0,66.52,32
00004_24-01-2025-15.57,AVE,2025,1,4,15.95,157.0,97.94,49
00007_24-01-2025-16.27,AVE,2025,1,4,16.45,172.0,83.45,125
00002_24-01-2025-16.37,IRYO,2025,1,4,16.62,157.0,91.22,12
00004_24-01-2025-16.57,AVE,2025,1,4,16.95,157.0,100.71,43
00015_24-01-2025-17.17,OUIGO,2025,1,4,17.28,157.0,52.94,162
00009_24-01-2025-17.22,IRYO,2025,1,4,17.37,172.0,68.28,50
00018_24-01-2025-17.27,AVLO,2025,1,4,17.45,199.0,53.02,104
00004_24-01-2025-17.57,AVE,2025,1,4,17.95,157.0,60.43,493
00016_24-01-2025-18.27,AVE,2025,1,4,18.45,177.0,79.99,24
00002_24-01-2025-18.32,IRYO,2025,1,4,18.53,157.0,59.57,62
00004_24-01-2025-18.57,AVE,2025,1,4,18.95,157.0,53.2,329
00009_24-01-2025-19.29,IRYO,2025,1,4,19.48,172.0,50.88,16
00019_24-01-2025-19.34,AVLO,2025,1,4,19.57,201.0,37.27,15
00004_24-01-2025-20.05,AVE,2025,1,4,20.08,157.0,67.49,15
00009_24-01-2025-20.22,IRYO,2025,1,4,20.37,172.0,31.51,227
00020_24-01-2025-20.27,AVE,2025,1,4,20.45,201.0,48.64,7
00005_24-01-2025-21.02,OUIGO,2025,1,4,21.03,172.0,39.93,0
00007_24-01-2025-21.07,AVE,2025,1,4,21.12,172.0,92.86,0
00021_25-01-2025-06.27,AVLO,2025,1,5,6.45,178.0,31.69,369
00005_25-01-2025-07.02,OUIGO,2025,1,5,7.03,172.0,13.78,3944
00006_25-01-2025-07.27,AVE,2025,1,5,7.45,199.0,60.01,37
00009_25-01-2025-08.07,IRYO,2025,1,5,8.12,172.0,31.28,167
00007_25-01-2025-08.27,AVE,2025,1,5,8.45,172.0,56.82,64
00008_25-01-2025-08.57,AVE,2025,1,5,8.95,164.0,48.87,146
00009_25-01-2025-09.22,IRYO,2025,1,5,9.37,172.0,51.37,28
00010_25-01-2025-09.27,AVE,2025,1,5,9.45,194.0,49.82,163
00009_25-01-2025-09.57,IRYO,2025,1,5,9.95,172.0,64.24,4
00011_25-01-2025-10.02,OUIGO,2025,1,5,10.03,182.0,27.44,188
00012_25-01-2025-10.27,AVLO,2025,1,5,10.45,172.0,47.29,55
00009_25-01-2025-11.22,IRYO,2025,1,5,11.37,172.0,33.12,194
00006_25-01-2025-11.27,AVE,2025,1,5,11.45,199.0,42.16,299
00009_25-01-2025-12.22,IRYO,2025,1,5,12.37,172.0,27.45,418
00013_25-01-2025-12.27,AVE,2025,1,5,12.45,197.0,59.83,58
00014_25-01-2025-13.18,AVE,2025,1,5,13.3,184.0,82.74,0
00015_25-01-2025-14.12,OUIGO,2025,1,5,14.2,157.0,21.69,759
00017_25-01-2025-14.42,IRYO,2025,1,5,14.7,179.0,41.46,103
00018_25-01-2025-15.27,AVLO,2025,1,5,15.45,199.0,32.38,123
00007_25-01-2025-16.27,AVE,2025,1,5,16.45,172.0,109.16,1
00002_25-01-2025-16.37,IRYO,2025,1,5,16.62,157.0,48.62,137
00015_25-01-2025-17.17,OUIGO,2025,1,5,17.28,157.0,15.96,3611
00018_25-01-2025-17.27,AVLO,2025,1,5,17.45,199.0,19.78,1076
00016_25-01-2025-18.27,AVE,2025,1,5,18.45,177.0,78.35,3
00009_25-01-2025-19.29,IRYO,2025,1,5,19.48,172.0,49.91,4
00019_25-01-2025-19.34,AVLO,2025,1,5,19.57,201.0,30.24,18
00009_25-01-2025-20.22,IRYO,2025,1,5,20.37,172.0,27.82,29
00020_25-01-2025-20.27,AVE,2025,1,5,20.45,201.0,36.91,3
00005_25-01-2025-21.02,OUIGO,2025,1,5,21.03,172.0,22.52,75
00021_26-01-2025-06.27,AVLO,2025,1,6,6.45,178.0,50.25,286
00005_26-01-2025-07.02,OUIGO,2025,1,6,7.03,172.0,38.97,1105
00006_26-01-2025-07.27,AVE,2025,1,6,7.45,199.0,52.98,339
00009_26-01-2025-08.07,IRYO,2025,1,6,8.12,172.0,37.39,4431
00007_26-01-2025-08.27,AVE,2025,1,6,8.45,172.0,83.5,9
00009_26-01-2025-09.22,IRYO,2025,1,6,9.37,172.0,43.08,997
00010_26-01-2025-09.27,AVE,2025,1,6,9.45,194.0,53.07,504
00009_26-01-2025-09.57,IRYO,2025,1,6,9.95,172.0,64.92,31
00011_26-01-2025-10.02,OUIGO,2025,1,6,10.03,182.0,48.52,88
00012_26-01-2025-10.27,AVLO,2025,1,6,10.45,172.0,49.69,249
00009_26-01-2025-11.22,IRYO,2025,1,6,11.37,172.0,86.15,8
00006_26-01-2025-11.27,AVE,2025,1,6,11.45,199.0,138.98,0
00009_26-01-2025-12.22,IRYO,2025,1,6,12.37,172.0,53.5,109
00013_26-01-2025-12.27,AVE,2025,1,6,12.45,197.0,40.47,7180
00014_26-01-2025-13.18,AVE,2025,1,6,13.3,184.0,55.14,224
00009_26-01-2025-14.02,IRYO,2025,1,6,14.03,172.0,87.02,9
00015_26-01-2025-14.12,OUIGO,2025,1,6,14.2,157.0,59.75,37
00016_26-01-2025-14.27,AVE,2025,1,6,14.45,177.0,104.05,3
00017_26-01-2025-14.42,IRYO,2025,1,6,14.7,179.0,85.57,7
00018_26-01-2025-15.27,AVLO,2025,1,6,15.45,199.0,66.44,39
00007_26-01-2025-16.27,AVE,2025,1,6,16.45,172.0,84.31,129
00002_26-01-2025-16.37,IRYO,2025,1,6,16.62,157.0,84.31,43
00004_26-01-2025-16.57,AVE,2025,1,6,16.95,157.0,70.82,606
00015_26-01-2025-17.17,OUIGO,2025,1,6,17.28,157.0,53.02,193
00009_26-01-2025-17.22,IRYO,2025,1,6,17.37,172.0,82.24,16
00018_26-01-2025-17.27,AVLO,2025,1,6,17.45,199.0,59.46,79
00004_26-01-2025-17.57,AVE,2025,1,6,17.95,157.0,59.69,546
00016_26-01-2025-18.27,AVE,2025,1,6,18.45,177.0,104.62,3
00002_26-01-2025-18.32,IRYO,2025,1,6,18.53,157.0,109.67,0
00004_26-01-2025-18.57,AVE,2025,1,6,18.95,157.0,132.8,0
00009_26-01-2025-19.29,IRYO,2025,1,6,19.48,172.0,78.78,1
00019_26-01-2025-19.34,AVLO,2025,1,6,19.57,201.0,88.16,0
00004_26-01-2025-20.05,AVE,2025,1,6,20.08,157.0,62.53,52
00009_26-01-2025-20.22,IRYO,2025,1,6,20.37,172.0,75.23,2
00020_26-01-2025-20.27,AVE,2025,1,6,20.45,201.0,89.84,0
00005_26-01-2025-21.02,OUIGO,2025,1,6,21.03,172.0,46.1,243
00007_26-01-2025-21.07,AVE,2025,1,6,21.12,172.0,139.5,0
00001_27-01-2025-06.12,AVLO,2025,1,0,6.2,157.0,28.41,2038
00002_27-01-2025-06.22,IRYO,2025,1,0,6.37,157.0,38.06,880
00003_27-01-2025-06.27,AVE,2025,1,0,6.45,178.0,55.23,603
00004_27-01-2025-06.57,AVE,2025,1,0,6.95,157.0,61.63,330
00005_27-01-2025-07.02,OUIGO,2025,1,0,7.03,172.0,27.25,298
00002_27-01-2025-07.22,IRYO,2025,1,0,7.37,157.0,37.52,312
00006_27-01-2025-07.27,AVE,2025,1,0,7.45,199.0,50.33,171
00004_27-01-2025-07.57,AVE,2025,1,0,7.95,157.0,68.78,37
00007_27-01-2025-08.27,AVE,2025,1,0,8.45,172.0,82.19,0
00002_27-01-2025-08.32,IRYO,2025,1,0,8.53,157.0,27.11,414
00008_27-01-2025-08.57,AVE,2025,1,0,8.95,164.0,47.49,331
00009_27-01-2025-09.22,IRYO,2025,1,0,9.37,172.0,62.29,7
00010_27-01-2025-09.27,AVE,2025,1,0,9.45,194.0,79.62,6
00009_27-01-2025-09.57,IRYO,2025,1,0,9.95,172.0,41.18,126
00011_27-01-2025-10.02,OUIGO,2025,1,0,10.03,182.0,28.55,193
00012_27-01-2025-10.27,AVLO,2025,1,0,10.45,172.0,34.22,259
00009_27-01-2025-11.22,IRYO,2025,1,0,11.37,172.0,28.87,347
00006_27-01-2025-11.27,AVE,2025,1,0,11.45,199.0,47.03,181
00009_27-01-2025-12.22,IRYO,2025,1,0,12.37,172.0,18.47,1055
00013_27-01-2025-12.27,AVE,2025,1,0,12.45,197.0,44.65,171
00004_27-01-2025-12.57,AVE,2025,1,0,12.95,157.0,38.48,559
00014_27-01-2025-13.18,AVE,2025,1,0,13.3,184.0,68.94,7
00009_27-01-2025-14.02,IRYO,2025,1,0,14.03,172.0,41.43,52
00015_27-01-2025-14.12,OUIGO,2025,1,0,14.2,157.0,24.55,204
00016_27-01-2025-14.27,AVE,2025,1,0,14.45,177.0,42.28,412
00017_27-01-2025-14.42,IRYO,2025,1,0,14.7,179.0,41.99,56
00004_27-01-2025-14.57,AVE,2025,1,0,14.95,157.0,48.99,354
00018_27-01-2025-15.27,AVLO,2025,1,0,15.45,199.0,33.99,114
00004_27-01-2025-15.57,AVE,2025,1,0,15.95,157.0,46.7,766
00007_27-01-2025-16.27,AVE,2025,1,0,16.45,172.0,73.97,36
00002_27-01-2025-16.37,IRYO,2025,1,0,16.62,157.0,45.79,190
00004_27-01-2025-16.57,AVE,2025,1,0,16.95,157.0,58.91,384
00015_27-01-2025-17.17,OUIGO,2025,1,0,17.28,157.0,14.87,3405
00009_27-01-2025-17.22,IRYO,2025,1,0,17.37,172.0,36.24,205
00006_27-01-2025-17.27,AVE,2025,1,0,17.45,199.0,66.82,26
00004_27-01-2025-17.57,AVE,2025,1,0,17.95,157.0,37.86,817
00016_27-01-2025-18.27,AVE,2025,1,0,18.45,177.0,63.28,18
00002_27-01-2025-18.32,IRYO,2025,1,0,18.53,157.0,30.84,150
00004_27-01-2025-18.57,AVE,2025,1,0,18.95,157.0,34.19,393
00009_27-01-2025-19.29,IRYO,2025,1,0,19.48,172.0,64.27,0
00019_27-01-2025-19.34,AVLO,2025,1,0,19.57,201.0,21.62,48
00004_27-01-2025-20.05,AVE,2025,1,0,20.08,157.0,20.04,685
00009_27-01-2025-20.22,IRYO,2025,1,0,20.37,172.0,21.81,36
00020_27-01-2025-20.27,AVE,2025,1,0,20.45,201.0,23.11,95
00005_27-01-2025-21.02,OUIGO,2025,1,0,21.03,172.0,38.38,0
00007_27-01-2025-21.07,AVE,2025,1,0,21.12,172.0,30.21,18
00001_28-01-2025-06.12,AVLO,2025,1,1,6.2,157.0,33.93,1088
00002_28-01-2025-06.22,IRYO,2025,1,1,6.37,157.0,43.58,456
00003_28-01-2025-06.27,AVE,2025,1,1,6.45,178.0,45.73,900
00004_28-01-2025-06.57,AVE,2025,1,1,6.95,157.0,127.19,0
00005_28-01-2025-07.02,OUIGO,2025,1,1,7.03,172.0,56.24,4
00002_28-01-2025-07.22,IRYO,2025,1,1,7.37,157.0,34.26,300
00006_28-01-2025-07.27,AVE,2025,1,1,7.45,199.0,39.97,288
00004_28-01-2025-07.57,AVE,2025,1,1,7.95,157.0,45.97,317
00007_28-01-2025-08.27,AVE,2025,1,1,8.45,172.0,68.48,6
00002_28-01-2025-08.32,IRYO,2025,1,1,8.53,157.0,32.53,118
00008_28-01-2025-08.57,AVE,2025,1,1,8.95,164.0,43.6,209
00009_28-01-2025-09.22,IRYO,2025,1,1,9.37,172.0,38.1,59
00010_28-01-2025-09.27,AVE,2025,1,1,9.45,194.0,66.78,18
00009_28-01-2025-09.57,IRYO,2025,1,1,9.95,172.0,29.77,174
00011_28-01-2025-10.02,OUIGO,2025,1,1,10.03,182.0,28.38,75
00012_28-01-2025-10.27,AVLO,2025,1,1,10.45,172.0,34.31,110
00009_28-01-2025-11.22,IRYO,2025,1,1,11.37,172.0,18.06,390
00006_28-01-2025-11.27,AVE,2025,1,1,11.45,199.0,24.7,569
00009_28-01-2025-12.22,IRYO,2025,1,1,12.37,172.0,29.76,83
00013_28-01-2025-12.27,AVE,2025,1,1,12.45,197.0,46.72,44
00004_28-01-2025-12.57,AVE,2025,1,1,12.95,157.0,40.2,198
00014_28-01-2025-13.18,AVE,2025,1,1,13.3,184.0,48.24,12
00009_28-01-2025-14.02,IRYO,2025,1,1,14.03,172.0,10.11,1324
00015_28-01-2025-14.12,OUIGO,2025,1,1,14.2,157.0,17.94,98
00016_28-01-2025-14.27,AVE,2025,1,1,14.45,177.0,70.37,2
00017_28-01-2025-14.42,IRYO,2025,1,1,14.7,179.0,37.22,17
00004_28-01-2025-14.57,AVE,2025,1,1,14.95,157.0,39.33,192
00018_28-01-2025-15.27,AVLO,2025,1,1,15.45,199.0,28.33,35
00004_28-01-2025-15.57,AVE,2025,1,1,15.95,157.0,18.53,1513
00007_28-01-2025-16.27,AVE,2025,1,1,16.45,172.0,34.44,454
00002_28-01-2025-16.37,IRYO,2025,1,1,16.62,157.0,12.27,1075
00004_28-01-2025-16.57,AVE,2025,1,1,16.95,157.0,53.98,140
00015_28-01-2025-17.17,OUIGO,2025,1,1,17.28,157.0,23.86,127
00009_28-01-2025-17.22,IRYO,2025,1,1,17.37,172.0,47.67,18
00006_28-01-2025-17.27,AVE,2025,1,1,17.45,199.0,55.95,35
00004_28-01-2025-17.57,AVE,2025,1,1,17.95,157.0,63.74,36
00016_28-01-2025-18.27,AVE,2025,1,1,18.45,177.0,57.84,15
00002_28-01-2025-18.32,IRYO,2025,1,1,18.53,157.0,32.64,60
00004_28-01-2025-18.57,AVE,2025,1,1,18.95,157.0,24.45,372
00009_28-01-2025-19.29,IRYO,2025,1,1,19.48,172.0,50.56,1
00019_28-01-2025-19.34,AVLO,2025,1,1,19.57,201.0,31.21,2
00004_28-01-2025-20.05,AVE,2025,1,1,20.08,157.0,49.66,8
00009_28-01-2025-20.22,IRYO,2025,1,1,20.37,172.0,10.0,456
00020_28-01-2025-20.27,AVE,2025,1,1,20.45,201.0,10.0,439
00005_28-01-2025-21.02,OUIGO,2025,1,1,21.03,172.0,10.77,220
00007_28-01-2025-21.07,AVE,2025,1,1,21.12,172.0,39.76,4
00001_29-01-2025-06.12,AVLO,2025,1,2,6.2,157.0,30.52,833
00002_29-01-2025-06.22,IRYO,2025,1,2,6.37,157.0,43.02,220
00003_29-01-2025-06.27,AVE,2025,1,2,6.45,178.0,47.26,440
00004_29-01-2025-06.57,AVE,2025,1,2,6.95,157.0,81.86,13
00005_29-01-2025-07.02,OUIGO,2025,1,2,7.03,172.0,53.67,4
00002_29-01-2025-07.22,IRYO,2025,1,2,7.37,157.0,40.88,78
00006_29-01-2025-07.27,AVE,2025,1,2,7.45,199.0,10.09,2625
00004_29-01-2025-07.57,AVE,2025,1,2,7.95,157.0,48.74,115
00007_29-01-2025-08.27,AVE,2025,1,2,8.45,172.0,86.02,0
00002_29-01-2025-08.32,IRYO,2025,1,2,8.53,157.0,38.71,28
00008_29-01-2025-08.57,AVE,2025,1,2,8.95,164.0,49.61,55
00009_29-01-2025-09.22,IRYO,2025,1,2,9.37,172.0,32.94,68
00010_29-01-2025-09.27,AVE,2025,1,2,9.45,194.0,87.86,0
00009_29-01-2025-09.57,IRYO,2025,1,2,9.95,172.0,50.51,10
00011_29-01-2025-10.02,OUIGO,2025,1,2,10.03,182.0,12.93,1210
00012_29-01-2025-10.27,AVLO,2025,1,2,10.45,172.0,48.92,22
00009_29-01-2025-11.22,IRYO,2025,1,2,11.37,172.0,39.91,73
00006_29-01-2025-11.27,AVE,2025,1,2,11.45,199.0,43.98,148
00009_29-01-2025-12.22,IRYO,2025,1,2,12.37,172.0,26.32,209
00013_29-01-2025-12.27,AVE,2025,1,2,12.45,197.0,38.58,213
00004_29-01-2025-12.57,AVE,2025,1,2,12.95,157.0,43.17,215
00014_29-01-2025-13.18,AVE,2025,1,2,13.3,184.0,48.24,35
00009_29-01-2025-14.02,IRYO,2025,1,2,14.03,172.0,26.21,182
00015_29-01-2025-14.12,OUIGO,2025,1,2,14.2,157.0,35.83,42
00016_29-01-2025-14.27,AVE,2025,1,2,14.45,177.0,45.79,211
00017_29-01-2025-14.42,IRYO,2025,1,2,14.7,179.0,46.09,36
00004_29-01-2025-14.57,AVE,2025,1,2,14.95,157.0,44.52,457
00018_29-01-2025-15.27,AVLO,2025,1,2,15.45,199.0,35.52,129
00004_29-01-2025-15.57,AVE,2025,1,2,15.95,157.0,52.92,405
00007_29-01-2025-16.27,AVE,2025,1,2,16.45,172.0,56.44,342
00002_29-01-2025-16.37,IRYO,2025,1,2,16.62,157.0,45.58,285
00004_29-01-2025-16.57,AVE,2025,1,2,16.95,157.0,125.66,0
00015_29-01-2025-17.17,OUIGO,2025,1,2,17.28,157.0,27.44,427
00009_29-01-2025-17.22,IRYO,2025,1,2,17.37,172.0,53.45,66
00006_29-01-2025-17.27,AVE,2025,1,2,17.45,199.0,59.23,103
00004_29-01-2025-17.57,AVE,2025,1,2,17.95,157.0,66.05,108
00016_29-01-2025-18.27,AVE,2025,1,2,18.45,177.0,47.65,182
00002_29-01-2025-18.32,IRYO,2025,1,2,18.53,157.0,54.34,29
00004_29-01-2025-18.57,AVE,2025,1,2,18.95,157.0,132.14,0
00009_29-01-2025-19.29,IRYO,2025,1,2,19.48,172.0,27.66,67
00019_29-01-2025-19.34,AVLO,2025,1,2,19.57,201.0,27.37,21
00004_29-01-2025-20.05,AVE,2025,1,2,20.08,157.0,34.13,139
00009_29-01-2025-20.22,IRYO,2025,1,2,20.37,172.0,54.5,1
00020_29-01-2025-20.27,AVE,2025,1,2,20.45,201.0,49.16,2
00005_29-01-2025-21.02,OUIGO,2025,1,2,21.03,172.0,22.72,74
00007_29-01-2025-21.07,AVE,2025,1,2,21.12,172.0,57.48,0
00001_30-01-2025-06.12,AVLO,2025,1,3,6.2,157.0,30.56,1206
00002_30-01-2025-06.22,IRYO,2025,1,3,6.37,157.0,46.71,252
00003_30-01-2025-06.27,AVE,2025,1,3,6.45,178.0,47.03,669
00004_30-01-2025-06.57,AVE,2025,1,3,6.95,157.0,71.29,66
00005_30-01-2025-07.02,OUIGO,2025,1,3,7.03,172.0,33.94,89
00002_30-01-2025-07.22,IRYO,2025,1,3,7.37,157.0,20.98,1963
00006_30-01-2025-07.27,AVE,2025,1,3,7.45,199.0,46.33,112
00004_30-01-2025-07.57,AVE,2025,1,3,7.95,157.0,49.35,191
00007_30-01-2025-08.27,AVE,2025,1,3,8.45,172.0,24.23,1997
00002_30-01-2025-08.32,IRYO,2025,1,3,8.53,157.0,30.6,160
00008_30-01-2025-08.57,AVE,2025,1,3,8.95,164.0,71.58,7
00009_30-01-2025-09.22,IRYO,2025,1,3,9.37,172.0,53.5,17
00010_30-01-2025-09.27,AVE,2025,1,3,9.45,194.0,60.45,62
00009_30-01-2025-09.57,IRYO,2025,1,3,9.95,172.0,51.17,47
00011_30-01-2025-10.02,OUIGO,2025,1,3,10.03,182.0,45.6,26
00012_30-01-2025-10.27,AVLO,2025,1,3,10.45,172.0,51.13,57
00009_30-01-2025-11.22,IRYO,2025,1,3,11.37,172.0,33.98,365
00006_30-01-2025-11.27,AVE,2025,1,3,11.45,199.0,49.06,347
00009_30-01-2025-12.22,IRYO,2025,1,3,12.37,172.0,59.63,24
00013_30-01-2025-12.27,AVE,2025,1,3,12.45,197.0,53.48,252
00004_30-01-2025-12.57,AVE,2025,1,3,12.95,157.0,51.5,470
00014_30-01-2025-13.18,AVE,2025,1,3,13.3,184.0,55.14,161
00004_30-01-2025-13.57,AVE,2025,1,3,13.95,157.0,,0
00009_30-01-2025-14.02,IRYO,2025,1,3,14.03,172.0,,0
00015_30-01-2025-14.12,OUIGO,2025,1,3,14.2,157.0,,0
00016_30-01-2025-14.27,AVE,2025,1,3,14.45,177.0,85.52,39
00017_30-01-2025-14.42,IRYO,2025,1,3,14.7,179.0,43.66,419
00004_30-01-2025-14.57,AVE,2025,1,3,14.95,157.0,83.47,117
00018_30-01-2025-15.27,AVLO,2025,1,3,15.45,199.0,47.6,312
00004_30-01-2025-15.57,AVE,2025,1,3,15.95,157.0,87.97,145
00007_30-01-2025-16.27,AVE,2025,1,3,16.45,172.0,77.96,312
00002_30-01-2025-16.37,IRYO,2025,1,3,16.62,157.0,57.16,492
00004_30-01-2025-16.57,AVE,2025,1,3,16.95,157.0,145.77,0
00015_30-01-2025-17.17,OUIGO,2025,1,3,17.28,157.0,67.83,47
00009_30-01-2025-17.22,IRYO,2025,1,3,17.37,172.0,60.85,161
00006_30-01-2025-17.27,AVE,2025,1,3,17.45,199.0,85.6,46
00004_30-01-2025-17.57,AVE,2025,1,3,17.95,157.0,57.68,1027
00016_30-01-2025-18.27,AVE,2025,1,3,18.45,177.0,74.08,67
00002_30-01-2025-18.32,IRYO,2025,1,3,18.53,157.0,58.54,94
00004_30-01-2025-18.57,AVE,2025,1,3,18.95,157.0,97.34,3
00009_30-01-2025-19.29,IRYO,2025,1,3,19.48,172.0,50.5,31
00019_30-01-2025-19.34,AVLO,2025,1,3,19.57,201.0,29.97,581
00004_30-01-2025-20.05,AVE,2025,1,3,20.08,157.0,40.39,347
00009_30-01-2025-20.22,IRYO,2025,1,3,20.37,172.0,34.57,73
00020_30-01-2025-20.27,AVE,2025,1,3,20.45,201.0,57.1,11
00005_30-01-2025-21.02,OUIGO,2025,1,3,21.03,172.0,44.2,0
00007_30-01-2025-21.07,AVE,2025,1,3,21.12,172.0,49.4,15
00002_31-01-2025-06.22,IRYO,2025,1,4,6.37,157.0,15.3,7299
00021_31-01-2025-06.27,AVLO,2025,1,4,6.45,178.0,23.61,840
00004_31-01-2025-06.57,AVE,2025,1,4,6.95,157.0,45.79,224
00005_31-01-2025-07.02,OUIGO,2025,1,4,7.03,172.0,35.04,23
00002_31-01-2025-07.22,IRYO,2025,1,4,7.37,157.0,36.25,70
00006_31-01-2025-07.27,AVE,2025,1,4,7.45,199.0,69.81,5
00004_31-01-2025-07.57,AVE,2025,1,4,7.95,157.0,37.49,386
00002_31-01-2025-08.32,IRYO,2025,1,4,8.53,157.0,25.85,881
00008_31-01-2025-08.57,AVE,2025,1,4,8.95,164.0,139.36,0
00009_31-01-2025-09.22,IRYO,2025,1,4,9.37,172.0,38.93,170
00010_31-01-2025-09.27,AVE,2025,1,4,9.45,194.0,65.77,75
00009_31-01-2025-09.57,IRYO,2025,1,4,9.95,172.0,49.67,96
00011_31-01-2025-10.02,OUIGO,2025,1,4,10.03,182.0,61.1,7
00012_31-01-2025-10.27,AVLO,2025,1,4,10.45,172.0,56.91,58
00009_31-01-2025-11.22,IRYO,2025,1,4,11.37,172.0,52.23,131
00006_31-01-2025-11.27,AVE,2025,1,4,11.45,199.0,101.18,1
00009_31-01-2025-12.22,IRYO,2025,1,4,12.37,172.0,43.01,248
00013_31-01-2025-12.27,AVE,2025,1,4,12.45,197.0,49.28,376
00004_31-01-2025-12.57,AVE,2025,1,4,12.95,157.0,85.03,20
00014_31-01-2025-13.18,AVE,2025,1,4,13.3,184.0,55.14,113
00004_31-01-2025-13.57,AVE,2025,1,4,13.95,157.0,79.22,32
00009_31-01-2025-14.02,IRYO,2025,1,4,14.03,172.0,71.8,7
00015_31-01-2025-14.12,OUIGO,2025,1,4,14.2,157.0,61.81,10
00016_31-01-2025-14.27,AVE,2025,1,4,14.45,177.0,88.7,7
00017_31-01-2025-14.42,IRYO,2025,1,4,14.7,179.0,81.8,0
00004_31-01-2025-14.57,AVE,2025,1,4,14.95,157.0,101.08,5
00018_31-01-2025-15.27,AVLO,2025,1,4,15.45,199.0,51.99,27
00004_31-01-2025-15.57,AVE,2025,1,4,15.95,157.0,85.64,33
00007_31-01-2025-16.27,AVE,2025,1,4,16.45,172.0,74.6,46
00002_31-01-2025-16.37,IRYO,2025,1,4,16.62,157.0,48.4,137
00004_31-01-2025-16.57,AVE,2025,1,4,16.95,157.0,93.21,10
00015_31-01-2025-17.17,OUIGO,2025,1,4,17.28,157.0,35.51,138
00009_31-01-2025-17.22,IRYO,2025,1,4,17.37,172.0,69.65,10
00018_31-01-2025-17.27,AVLO,2025,1,4,17.45,199.0,50.45,19
00004_31-01-2025-17.57,AVE,2025,1,4,17.95,157.0,30.56,1262
00016_31-01-2025-18.27,AVE,2025,1,4,18.45,177.0,86.55,1
00002_31-01-2025-18.32,IRYO,2025,1,4,18.53,157.0,39.71,66
00004_31-01-2025-18.57,AVE,2025,1,4,18.95,157.0,66.0,19
00009_31-01-2025-19.29,IRYO,2025,1,4,19.48,172.0,65.8,0
00019_31-01-2025-19.34,AVLO,2025,1,4,19.57,201.0,31.14,49
00004_31-01-2025-20.05,AVE,2025,1,4,20.08,157.0,67.03,5
00009_31-01-2025-20.22,IRYO,2025,1,4,20.37,172.0,27.52,439
00020_31-01-2025-20.27,AVE,2025,1,4,20.45,201.0,48.55,2
00005_31-01-2025-21.02,OUIGO,2025,1,4,21.03,172.0,33.15,2
00007_31-01-2025-21.07,AVE,2025,1,4,21.12,172.0,79.65,0
00021_01-02-2025-06.27,AVLO,2025,2,5,6.45,178.0,28.82,402
00005_01-02-2025-07.02,OUIGO,2025,2,5,7.03,172.0,49.43,9
00006_01-02-2025-07.27,AVE,2025,2,5,7.45,199.0,50.65,82
00009_01-02-2025-08.07,IRYO,2025,2,5,8.12,172.0,32.55,134
00007_01-02-2025-08.27,AVE,2025,2,5,8.45,172.0,57.94,41
00008_01-02-2025-08.57,AVE,2025,2,5,8.95,164.0,55.24,59
00009_01-02-2025-09.22,IRYO,2025,2,5,9.37,172.0,37.41,82
00010_01-02-2025-09.27,AVE,2025,2,5,9.45,194.0,61.66,40
00009_01-02-2025-09.57,IRYO,2025,2,5,9.95,172.0,41.57,91
00011_01-02-2025-10.02,OUIGO,2025,2,5,10.03,182.0,48.09,7
00012_01-02-2025-10.27,AVLO,2025,2,5,10.45,172.0,46.12,38
00009_01-02-2025-11.22,IRYO,2025,2,5,11.37,172.0,36.09,140
00006_01-02-2025-11.27,AVE,2025,2,5,11.45,199.0,43.74,235
00009_01-02-2025-12.22,IRYO,2025,2,5,12.37,172.0,36.43,115
00013_01-02-2025-12.27,AVE,2025,2,5,12.45,197.0,59.57,59
00014_01-02-2025-13.18,AVE,2025,2,5,13.3,184.0,82.74,3
00015_01-02-2025-14.12,OUIGO,2025,2,5,14.2,157.0,34.28,81
00017_01-02-2025-14.42,IRYO,2025,2,5,14.7,179.0,43.76,72
00018_01-02-2025-15.27,AVLO,2025,2,5,15.45,199.0,27.94,211
00007_01-02-2025-16.27,AVE,2025,2,5,16.45,172.0,88.2,12
00002_01-02-2025-16.37,IRYO,2025,2,5,16.62,157.0,59.61,29
00015_01-02-2025-17.17,OUIGO,2025,2,5,17.28,157.0,20.06,976
00018_01-02-2025-17.27,AVLO,2025,2,5,17.45,199.0,26.71,196
00016_01-02-2025-18.27,AVE,2025,2,5,18.45,177.0,103.29,0
00009_01-02-2025-19.29,IRYO,2025,2,5,19.48,172.0,35.17,13
00019_01-02-2025-19.34,AVLO,2025,2,5,19.57,201.0,30.44,12
00009_01-02-2025-20.22,IRYO,2025,2,5,20.37,172.0,25.51,69
00020_01-02-2025-20.27,AVE,2025,2,5,20.45,201.0,19.66,1511
00005_01-02-2025-21.02,OUIGO,2025,2,5,21.03,172.0,14.6,2358
00021_02-02-2025-06.27,AVLO,2025,2,6,6.45,178.0,66.91,73
00005_02-02-2025-07.02,OUIGO,2025,2,6,7.03,172.0,43.07,1035
00006_02-02-2025-07.27,AVE,2025,2,6,7.45,199.0,71.66,61
00009_02-02-2025-08.07,IRYO,2025,2,6,8.12,172.0,64.63,26
00007_02-02-2025-08.27,AVE,2025,2,6,8.45,172.0,95.12,7
00009_02-02-2025-09.22,IRYO,2025,2,6,9.37,172.0,58.4,66
00010_02-02-2025-09.27,AVE,2025,2,6,9.45,194.0,59.72,243
00009_02-02-2025-09.57,IRYO,2025,2,6,9.95,172.0,53.81,163
00011_02-02-2025-10.02,OUIGO,2025,2,6,10.03,182.0,42.7,2576
00012_02-02-2025-10.27,AVLO,2025,2,6,10.45,172.0,45.28,1934
00009_02-02-2025-11.22,IRYO,2025,2,6,11.37,172.0,47.43,1169
00006_02-02-2025-11.27,AVE,2025,2,6,11.45,199.0,145.68,0
00009_02-02-2025-12.22,IRYO,2025,2,6,12.37,172.0,64.42,46
00013_02-02-2025-12.27,AVE,2025,2,6,12.45,197.0,58.26,301
00014_02-02-2025-13.18,AVE,2025,2,6,13.3,184.0,55.14,253
00009_02-02-2025-14.02,IRYO,2025,2,6,14.03,172.0,75.87,17
00015_02-02-2025-14.12,OUIGO,2025,2,6,14.2,157.0,57.71,62
00016_02-02-2025-14.27,AVE,2025,2,6,14.45,177.0,91.88,28
00017_02-02-2025-14.42,IRYO,2025,2,6,14.7,179.0,83.69,6
00018_02-02-2025-15.27,AVLO,2025,2,6,15.45,199.0,65.96,36
00007_02-02-2025-16.27,AVE,2025,2,6,16.45,172.0,75.53,254
00002_02-02-2025-16.37,IRYO,2025,2,6,16.62,157.0,82.96,38
00004_02-02-2025-16.57,AVE,2025,2,6,16.95,157.0,90.34,111
00015_02-02-2025-17.17,OUIGO,2025,2,6,17.28,157.0,51.93,520
00009_02-02-2025-17.22,IRYO,2025,2,6,17.37,172.0,72.62,56
00018_02-02-2025-17.27,AVLO,2025,2,6,17.45,199.0,64.76,56
00004_02-02-2025-17.57,AVE,2025,2,6,17.95,157.0,92.88,40
00016_02-02-2025-18.27,AVE,2025,2,6,18.45,177.0,90.74,16
00002_02-02-2025-18.32,IRYO,2025,2,6,18.53,157.0,88.2,3
00004_02-02-2025-18.57,AVE,2025,2,6,18.95,157.0,115.7,2
00009_02-02-2025-19.29,IRYO,2025,2,6,19.48,172.0,87.95,1
00019_02-02-2025-19.34,AVLO,2025,2,6,19.57,201.0,92.87,0
00004_02-02-2025-20.05,AVE,2025,2,6,20.08,157.0,55.75,156
00009_02-02-2025-20.22,IRYO,2025,2,6,20.37,172.0,85.95,3
00020_02-02-2025-20.27,AVE,2025,2,6,20.45,201.0,95.48,0
00005_02-02-2025-21.02,OUIGO,2025,2,6,21.03,172.0,70.6,0
00007_02-02-2025-21.07,AVE,2025,2,6,21.12,172.0,113.38,0
00001_03-02-2025-06.12,AVLO,2025,2,0,6.2,157.0,30.21,1109
00002_03-02-2025-06.22,IRYO,2025,2,0,6.37,157.0,51.77,154
00003_03-02-2025-06.27,AVE,2025,2,0,6.45,178.0,47.76,599
00004_03-02-2025-06.57,AVE,2025,2,0,6.95,157.0,55.91,343
00005_03-02-2025-07.02,OUIGO,2025,2,0,7.03,172.0,51.63,8
00002_03-02-2025-07.22,IRYO,2025,2,0,7.37,157.0,26.89,447
00006_03-02-2025-07.27,AVE,2025,2,0,7.45,199.0,64.2,22
00004_03-02-2025-07.57,AVE,2025,2,0,7.95,157.0,73.17,15
00007_03-02-2025-08.27,AVE,2025,2,0,8.45,172.0,73.27,9
00002_03-02-2025-08.32,IRYO,2025,2,0,8.53,157.0,35.99,99
00008_03-02-2025-08.57,AVE,2025,2,0,8.95,164.0,48.35,137
00009_03-02-2025-09.22,IRYO,2025,2,0,9.37,172.0,39.75,72
00010_03-02-2025-09.27,AVE,2025,2,0,9.45,194.0,63.32,29
00009_03-02-2025-09.57,IRYO,2025,2,0,9.95,172.0,33.66,155
00011_03-02-2025-10.02,OUIGO,2025,2,0,10.03,182.0,35.83,40
00012_03-02-2025-10.27,AVLO,2025,2,0,10.45,172.0,36.45,105
00009_03-02-2025-11.22,IRYO,2025,2,0,11.37,172.0,28.09,210
00006_03-02-2025-11.27,AVE,2025,2,0,11.45,199.0,41.18,161
00009_03-02-2025-12.22,IRYO,2025,2,0,12.37,172.0,18.85,550
00013_03-02-2025-12.27,AVE,2025,2,0,12.45,197.0,44.28,86
00004_03-02-2025-12.57,AVE,2025,2,0,12.95,157.0,42.11,209
00014_03-02-2025-13.18,AVE,2025,2,0,13.3,184.0,68.94,0
00009_03-02-2025-14.02,IRYO,2025,2,0,14.03,172.0,27.94,99
00015_03-02-2025-14.12,OUIGO,2025,2,0,14.2,157.0,26.66,52
00016_03-02-2025-14.27,AVE,2025,2,0,14.45,177.0,33.51,387
00017_03-02-2025-14.42,IRYO,2025,2,0,14.7,179.0,56.7,8
00004_03-02-2025-14.57,AVE,2025,2,0,14.95,157.0,43.32,307
00018_03-02-2025-15.27,AVLO,2025,2,0,15.45,199.0,40.34,38
00004_03-02-2025-15.57,AVE,2025,2,0,15.95,157.0,38.69,790
00007_03-02-2025-16.27,AVE,2025,2,0,16.45,172.0,75.67,21
00002_03-02-2025-16.37,IRYO,2025,2,0,16.62,157.0,50.66,74
00004_03-02-2025-16.57,AVE,2025,2,0,16.95,157.0,62.8,191
00015_03-02-2025-17.17,OUIGO,2025,2,0,17.28,157.0,44.77,45
00009_03-02-2025-17.22,IRYO,2025,2,0,17.37,172.0,34.54,205
00006_03-02-2025-17.27,AVE,2025,2,0,17.45,199.0,71.79,8
00004_03-02-2025-17.57,AVE,2025,2,0,17.95,157.0,42.97,425
00016_03-02-2025-18.27,AVE,2025,2,0,18.45,177.0,61.69,20
00002_03-02-2025-18.32,IRYO,2025,2,0,18.53,157.0,40.71,41
00004_03-02-2025-18.57,AVE,2025,2,0,18.95,157.0,41.29,182
00009_03-02-2025-19.29,IRYO,2025,2,0,19.48,172.0,50.91,1
00019_03-02-2025-19.34,AVLO,2025,2,0,19.57,201.0,23.79,11
00004_03-02-2025-20.05,AVE,2025,2,0,20.08,157.0,16.42,1227
00009_03-02-2025-20.22,IRYO,2025,2,0,20.37,172.0,30.14,6
00020_03-02-2025-20.27,AVE,2025,2,0,20.45,201.0,20.28,53
00005_03-02-2025-21.02,OUIGO,2025,2,0,21.03,172.0,15.12,875
00007_03-02-2025-21.07,AVE,2025,2,0,21.12,172.0,43.17,3
00001_04-02-2025-06.12,AVLO,2025,2,1,6.2,157.0,34.9,482
00002_04-02-2025-06.22,IRYO,2025,2,1,6.37,157.0,38.22,317
00003_04-02-2025-06.27,AVE,2025,2,1,6.45,178.0,57.3,154
00004_04-02-2025-06.57,AVE,2025,2,1,6.95,157.0,114.65,0
00005_04-02-2025-07.02,OUIGO,2025,2,1,7.03,172.0,53.98,7
00002_04-02-2025-07.22,IRYO,2025,2,1,7.37,157.0,34.36,122
00006_04-02-2025-07.27,AVE,2025,2,1,7.45,199.0,41.18,97
00004_04-02-2025-07.57,AVE,2025,2,1,7.95,157.0,34.5,381
00007_04-02-2025-08.27,AVE,2025,2,1,8.45,172.0,67.57,6
00002_04-02-2025-08.32,IRYO,2025,2,1,8.53,157.0,31.91,60
00008_04-02-2025-08.57,AVE,2025,2,1,8.95,164.0,37.85,173
00009_04-02-2025-09.22,IRYO,2025,2,1,9.37,172.0,40.76,17
00010_04-02-2025-09.27,AVE,2025,2,1,9.45,194.0,69.77,6
00009_04-02-2025-09.57,IRYO,2025,2,1,9.95,172.0,38.9,39
00011_04-02-2025-10.02,OUIGO,2025,2,1,10.03,182.0,29.23,41
00012_04-02-2025-10.27,AVLO,2025,2,1,10.45,172.0,35.61,49
00009_04-02-2025-11.22,IRYO,2025,2,1,11.37,172.0,28.43,99
00006_04-02-2025-11.27,AVE,2025,2,1,11.45,199.0,30.25,255
00009_04-02-2025-12.22,IRYO,2025,2,1,12.37,172.0,44.64,10
00013_04-02-2025-12.27,AVE,2025,2,1,12.45,197.0,39.6,70
00004_04-02-2025-12.57,AVE,2025,2,1,12.95,157.0,41.17,115
00014_04-02-2025-13.18,AVE,2025,2,1,13.3,184.0,48.24,7
00009_04-02-2025-14.02,IRYO,2025,2,1,14.03,172.0,18.65,1077
00015_04-02-2025-14.12,OUIGO,2025,2,1,14.2,157.0,44.55,6
00016_04-02-2025-14.27,AVE,2025,2,1,14.45,177.0,81.35,2
00017_04-02-2025-14.42,IRYO,2025,2,1,14.7,179.0,45.67,3
00004_04-02-2025-14.57,AVE,2025,2,1,14.95,157.0,31.17,300
00018_04-02-2025-15.27,AVLO,2025,2,1,15.45,199.0,27.87,39
00004_04-02-2025-15.57,AVE,2025,2,1,15.95,157.0,28.42,571
00007_04-02-2025-16.27,AVE,2025,2,1,16.45,172.0,45.26,126
00002_04-02-2025-16.37,IRYO,2025,2,1,16.62,157.0,29.43,156
00004_04-02-2025-16.57,AVE,2025,2,1,16.95,157.0,47.64,208
00015_04-02-2025-17.17,OUIGO,2025,2,1,17.28,157.0,36.27,36
00009_04-02-2025-17.22,IRYO,2025,2,1,17.37,172.0,30.36,92
00006_04-02-2025-17.27,AVE,2025,2,1,17.45,199.0,50.82,37
00004_04-02-2025-17.57,AVE,2025,2,1,17.95,157.0,81.77,3
00016_04-02-2025-18.27,AVE,2025,2,1,18.45,177.0,52.87,34
00002_04-02-2025-18.32,IRYO,2025,2,1,18.53,157.0,39.22,17
00004_04-02-2025-18.57,AVE,2025,2,1,18.95,157.0,32.29,138
00009_04-02-2025-19.29,IRYO,2025,2,1,19.48,172.0,49.0,2
00019_04-02-2025-19.34,AVLO,2025,2,1,19.57,201.0,30.24,2
00004_04-02-2025-20.05,AVE,2025,2,1,20.08,157.0,46.94,14
00009_04-02-2025-20.22,IRYO,2025,2,1,20.37,172.0,31.12,4
00020_04-02-2025-20.27,AVE,2025,2,1,20.45,201.0,33.32,4
00005_04-02-2025-21.02,OUIGO,2025,2,1,21.03,172.0,34.18,0
00007_04-02-2025-21.07,AVE,2025,2,1,21.12,172.0,26.63,18
00001_05-02-2025-06.12,AVLO,2025,2,2,6.2,157.0,34.46,619
00002_05-02-2025-06.22,IRYO,2025,2,2,6.37,157.0,36.51,457
00003_05-02-2025-06.27,AVE,2025,2,2,6.45,178.0,51.9,323
00004_05-02-2025-06.57,AVE,2025,2,2,6.95,157.0,68.76,68
00005_05-02-2025-07.02,OUIGO,2025,2,2,7.03,172.0,35.17,43
00002_05-02-2025-07.22,IRYO,2025,2,2,7.37,157.0,22.14,509
00006_05-02-2025-07.27,AVE,2025,2,2,7.45,199.0,47.34,96
00004_05-02-2025-07.57,AVE,2025,2,2,7.95,157.0,46.73,166
00007_05-02-2025-08.27,AVE,2025,2,2,8.45,172.0,65.88,7
00002_05-02-2025-08.32,IRYO,2025,2,2,8.53,157.0,46.27,10
00008_05-02-2025-08.57,AVE,2025,2,2,8.95,164.0,44.14,142
00009_05-02-2025-09.22,IRYO,2025,2,2,9.37,172.0,28.97,141
00010_05-02-2025-09.27,AVE,2025,2,2,9.45,194.0,86.66,0
00009_05-02-2025-09.57,IRYO,2025,2,2,9.95,172.0,24.07,276
00011_05-02-2025-10.02,OUIGO,2025,2,2,10.03,182.0,42.29,9
00012_05-02-2025-10.27,AVLO,2025,2,2,10.45,172.0,49.16,20
00009_05-02-2025-11.22,IRYO,2025,2,2,11.37,172.0,28.78,161
00006_05-02-2025-11.27,AVE,2025,2,2,11.45,199.0,49.87,65
00009_05-02-2025-12.22,IRYO,2025,2,2,12.37,172.0,40.19,30
00013_05-02-2025-12.27,AVE,2025,2,2,12.45,197.0,47.76,47
00004_05-02-2025-12.57,AVE,2025,2,2,12.95,157.0,26.52,699
00014_05-02-2025-13.18,AVE,2025,2,2,13.3,184.0,48.24,19
00009_05-02-2025-14.02,IRYO,2025,2,2,14.03,172.0,67.72,1
00015_05-02-2025-14.12,OUIGO,2025,2,2,14.2,157.0,21.08,1517
00016_05-02-2025-14.27,AVE,2025,2,2,14.45,177.0,51.49,72
00017_05-02-2025-14.42,IRYO,2025,2,2,14.7,179.0,50.23,14
00004_05-02-2025-14.57,AVE,2025,2,2,14.95,157.0,40.12,387
00018_05-02-2025-15.27,AVLO,2025,2,2,15.45,199.0,36.51,48
00004_05-02-2025-15.57,AVE,2025,2,2,15.95,157.0,40.94,620
00007_05-02-2025-16.27,AVE,2025,2,2,16.45,172.0,61.26,116
00002_05-02-2025-16.37,IRYO,2025,2,2,16.62,157.0,40.94,192
00004_05-02-2025-16.57,AVE,2025,2,2,16.95,157.0,116.71,2
00015_05-02-2025-17.17,OUIGO,2025,2,2,17.28,157.0,53.45,29
00009_05-02-2025-17.22,IRYO,2025,2,2,17.37,172.0,53.81,30
00006_05-02-2025-17.27,AVE,2025,2,2,17.45,199.0,58.92,60
00004_05-02-2025-17.57,AVE,2025,2,2,17.95,157.0,41.34,478
00016_05-02-2025-18.27,AVE,2025,2,2,18.45,177.0,53.02,71
00002_05-02-2025-18.32,IRYO,2025,2,2,18.53,157.0,30.43,132
00004_05-02-2025-18.57,AVE,2025,2,2,18.95,157.0,109.05,0
00009_05-02-2025-19.29,IRYO,2025,2,2,19.48,172.0,33.88,29
00019_05-02-2025-19.34,AVLO,2025,2,2,19.57,201.0,29.09,17
00004_05-02-2025-20.05,AVE,2025,2,2,20.08,157.0,49.97,27
00009_05-02-2025-20.22,IRYO,2025,2,2,20.37,172.0,30.23,14
00020_05-02-2025-20.27,AVE,2025,2,2,20.45,201.0,31.49,14
00005_05-02-2025-21.02,OUIGO,2025,2,2,21.03,172.0,41.22,0
00007_05-02-2025-21.07,AVE,2025,2,2,21.12,172.0,50.18,3
00001_06-02-2025-06.12,AVLO,2025,2,3,6.2,157.0,29.72,755
00002_06-02-2025-06.22,IRYO,2025,2,3,6.37,157.0,56.53,82
00003_06-02-2025-06.27,AVE,2025,2,3,6.45,178.0,52.69,307
00004_06-02-2025-06.57,AVE,2025,2,3,6.95,157.0,76.21,28
00005_06-02-2025-07.02,OUIGO,2025,2,3,7.03,172.0,38.39,43
00002_06-02-2025-07.22,IRYO,2025,2,3,7.37,157.0,21.05,934
00006_06-02-2025-07.27,AVE,2025,2,3,7.45,199.0,42.43,208
00004_06-02-2025-07.57,AVE,2025,2,3,7.95,157.0,63.56,40
00007_06-02-2025-08.27,AVE,2025,2,3,8.45,172.0,54.38,105
00002_06-02-2025-08.32,IRYO,2025,2,3,8.53,157.0,60.73,3
00008_06-02-2025-08.57,AVE,2025,2,3,8.95,164.0,87.16,3
00009_06-02-2025-09.22,IRYO,2025,2,3,9.37,172.0,65.8,10
00010_06-02-2025-09.27,AVE,2025,2,3,9.45,194.0,69.19,30
00009_06-02-2025-09.57,IRYO,2025,2,3,9.95,172.0,62.09,25
00011_06-02-2025-10.02,OUIGO,2025,2,3,10.03,182.0,39.94,79
00012_06-02-2025-10.27,AVLO,2025,2,3,10.45,172.0,52.09,55
00009_06-02-2025-11.22,IRYO,2025,2,3,11.37,172.0,49.55,84
00006_06-02-2025-11.27,AVE,2025,2,3,11.45,199.0,48.88,249
00009_06-02-2025-12.22,IRYO,2025,2,3,12.37,172.0,63.19,20
00013_06-02-2025-12.27,AVE,2025,2,3,12.45,197.0,46.39,254
00004_06-02-2025-12.57,AVE,2025,2,3,12.95,157.0,67.81,58
00014_06-02-2025-13.18,AVE,2025,2,3,13.3,184.0,55.14,62
00004_06-02-2025-13.57,AVE,2025,2,3,13.95,157.0,,0
00009_06-02-2025-14.02,IRYO,2025,2,3,14.03,172.0,,0
00015_06-02-2025-14.12,OUIGO,2025,2,3,14.2,157.0,,0
00016_06-02-2025-14.27,AVE,2025,2,3,14.45,177.0,85.75,13
00017_06-02-2025-14.42,IRYO,2025,2,3,14.7,179.0,26.93,1330
00004_06-02-2025-14.57,AVE,2025,2,3,14.95,157.0,94.6,13
00018_06-02-2025-15.27,AVLO,2025,2,3,15.45,199.0,37.83,215
00004_06-02-2025-15.57,AVE,2025,2,3,15.95,157.0,94.2,22
00007_06-02-2025-16.27,AVE,2025,2,3,16.45,172.0,60.94,456
00002_06-02-2025-16.37,IRYO,2025,2,3,16.62,157.0,57.54,166
00004_06-02-2025-16.57,AVE,2025,2,3,16.95,157.0,157.8,0
00015_06-02-2025-17.17,OUIGO,2025,2,3,17.28,157.0,58.54,72
00009_06-02-2025-17.22,IRYO,2025,2,3,17.37,172.0,70.25,29
00006_06-02-2025-17.27,AVE,2025,2,3,17.45,199.0,117.39,0
00004_06-02-2025-17.57,AVE,2025,2,3,17.95,157.0,61.91,306
00016_06-02-2025-18.27,AVE,2025,2,3,18.45,177.0,77.83,26
00002_06-02-2025-18.32,IRYO,2025,2,3,18.53,157.0,51.12,99
00004_06-02-2025-18.57,AVE,2025,2,3,18.95,157.0,74.67,31
00009_06-02-2025-19.29,IRYO,2025,2,3,19.48,172.0,39.92,49
00019_06-02-2025-19.34,AVLO,2025,2,3,19.57,201.0,40.32,11
00004_06-02-2025-20.05,AVE,2025,2,3,20.08,157.0,48.24,76
00009_06-02-2025-20.22,IRYO,2025,2,3,20.37,172.0,35.65,18
00020_06-02-2025-20.27,AVE,2025,2,3,20.45,201.0,48.45,8
00005_06-02-2025-21.02,OUIGO,2025,2,3,21.03,172.0,54.5,0
00007_06-02-2025-21.07,AVE,2025,2,3,21.12,172.0,48.43,6
00002_07-02-2025-06.22,IRYO,2025,2,4,6.37,157.0,31.15,287
00021_07-02-2025-06.27,AVLO,2025,2,4,6.45,178.0,20.85,1255
00004_07-02-2025-06.57,AVE,2025,2,4,6.95,157.0,53.71,157
00005_07-02-2025-07.02,OUIGO,2025,2,4,7.03,172.0,33.41,37
00002_07-02-2025-07.22,IRYO,2025,2,4,7.37,157.0,39.78,55
00006_07-02-2025-07.27,AVE,2025,2,4,7.45,199.0,81.02,1
00004_07-02-2025-07.57,AVE,2025,2,4,7.95,157.0,39.0,256
00002_07-02-2025-08.32,IRYO,2025,2,4,8.53,157.0,20.84,1792
00008_07-02-2025-08.57,AVE,2025,2,4,8.95,164.0,107.08,0
00009_07-02-2025-09.22,IRYO,2025,2,4,9.37,172.0,27.69,462
00010_07-02-2025-09.27,AVE,2025,2,4,9.45,194.0,70.97,21
00009_07-02-2025-09.57,IRYO,2025,2,4,9.95,172.0,61.36,15
00011_07-02-2025-10.02,OUIGO,2025,2,4,10.03,182.0,54.55,8
00012_07-02-2025-10.27,AVLO,2025,2,4,10.45,172.0,58.39,34
00009_07-02-2025-11.22,IRYO,2025,2,4,11.37,172.0,62.0,23
00006_07-02-2025-11.27,AVE,2025,2,4,11.45,199.0,113.05,0
00009_07-02-2025-12.22,IRYO,2025,2,4,12.37,172.0,38.9,213
00013_07-02-2025-12.27,AVE,2025,2,4,12.45,197.0,42.64,391
00004_07-02-2025-12.57,AVE,2025,2,4,12.95,157.0,76.48,14
00014_07-02-2025-13.18,AVE,2025,2,4,13.3,184.0,55.14,53
00004_07-02-2025-13.57,AVE,2025,2,4,13.95,157.0,85.3,10
00009_07-02-2025-14.02,IRYO,2025,2,4,14.03,172.0,48.7,59
00015_07-02-2025-14.12,OUIGO,2025,2,4,14.2,157.0,35.32,129
00016_07-02-2025-14.27,AVE,2025,2,4,14.45,177.0,91.69,3
00017_07-02-2025-14.42,IRYO,2025,2,4,14.7,179.0,94.26,0
00004_07-02-2025-14.57,AVE,2025,2,4,14.95,157.0,103.35,3
00018_07-02-2025-15.27,AVLO,2025,2,4,15.45,199.0,58.53,28
00004_07-02-2025-15.57,AVE,2025,2,4,15.95,157.0,99.58,8
00007_07-02-2025-16.27,AVE,2025,2,4,16.45,172.0,93.43,11
00002_07-02-2025-16.37,IRYO,2025,2,4,16.62,157.0,59.74,80
00004_07-02-2025-16.57,AVE,2025,2,4,16.95,157.0,104.14,7
00015_07-02-2025-17.17,OUIGO,2025,2,4,17.28,157.0,31.32,289
00009_07-02-2025-17.22,IRYO,2025,2,4,17.37,172.0,66.58,17
00018_07-02-2025-17.27,AVLO,2025,2,4,17.45,199.0,62.61,9
00004_07-02-2025-17.57,AVE,2025,2,4,17.95,157.0,48.44,373
00016_07-02-2025-18.27,AVE,2025,2,4,18.45,177.0,91.41,0
00002_07-02-2025-18.32,IRYO,2025,2,4,18.53,157.0,50.07,30
00004_07-02-2025-18.57,AVE,2025,2,4,18.95,157.0,67.96,22
00009_07-02-2025-19.29,IRYO,2025,2,4,19.48,172.0,72.91,0
00019_07-02-2025-19.34,AVLO,2025,2,4,19.57,201.0,34.11,7
00004_07-02-2025-20.05,AVE,2025,2,4,20.08,157.0,80.71,3
00009_07-02-2025-20.22,IRYO,2025,2,4,20.37,172.0,54.53,1
00020_07-02-2025-20.27,AVE,2025,2,4,20.45,201.0,41.88,16
00005_07-02-2025-21.02,OUIGO,2025,2,4,21.03,172.0,13.59,4179
00007_07-02-2025-21.07,AVE,2025,2,4,21.12,172.0,82.97,0
00021_08-02-2025-06.27,AVLO,2025,2,5,6.45,178.0,30.71,430
00005_08-02-2025-07.02,OUIGO,2025,2,5,7.03,172.0,23.84,323
00006_08-02-2025-07.27,AVE,2025,2,5,7.45,199.0,53.09,96
00009_08-02-2025-08.07,IRYO,2025,2,5,8.12,172.0,43.4,50
00007_08-02-2025-08.27,AVE,2025,2,5,8.45,172.0,62.68,34
00008_08-02-2025-08.57,AVE,2025,2,5,8.95,164.0,71.85,8
00009_08-02-2025-09.22,IRYO,2025,2,5,9.37,172.0,29.27,218
00010_08-02-2025-09.27,AVE,2025,2,5,9.45,194.0,65.25,18
00009_08-02-2025-09.57,IRYO,2025,2,5,9.95,172.0,34.62,129
00011_08-02-2025-10.02,OUIGO,2025,2,5,10.03,182.0,18.26,1275
00012_08-02-2025-10.27,AVLO,2025,2,5,10.45,172.0,42.6,73
00009_08-02-2025-11.22,IRYO,2025,2,5,11.37,172.0,55.11,25
00006_08-02-2025-11.27,AVE,2025,2,5,11.45,199.0,40.89,320
00009_08-02-2025-12.22,IRYO,2025,2,5,12.37,172.0,47.15,70
00013_08-02-2025-12.27,AVE,2025,2,5,12.45,197.0,64.03,44
00014_08-02-2025-13.18,AVE,2025,2,5,13.3,184.0,82.74,2
00015_08-02-2025-14.12,OUIGO,2025,2,5,14.2,157.0,17.76,2209
00017_08-02-2025-14.42,IRYO,2025,2,5,14.7,179.0,43.92,48
00018_08-02-2025-15.27,AVLO,2025,2,5,15.45,199.0,29.65,117
00007_08-02-2025-16.27,AVE,2025,2,5,16.45,172.0,86.74,9
00002_08-02-2025-16.37,IRYO,2025,2,5,16.62,157.0,36.05,246
00015_08-02-2025-17.17,OUIGO,2025,2,5,17.28,157.0,20.58,672
00018_08-02-2025-17.27,AVLO,2025,2,5,17.45,199.0,15.28,3461
00016_08-02-2025-18.27,AVE,2025,2,5,18.45,177.0,79.86,4
00009_08-02-2025-19.29,IRYO,2025,2,5,19.48,172.0,20.53,457
00019_08-02-2025-19.34,AVLO,2025,2,5,19.57,201.0,27.44,11
00009_08-02-2025-20.22,IRYO,2025,2,5,20.37,172.0,23.12,130
00020_08-02-2025-20.27,AVE,2025,2,5,20.45,201.0,33.66,8
00005_08-02-2025-21.02,OUIGO,2025,2,5,21.03,172.0,24.17,21
00021_09-02-2025-06.27,AVLO,2025,2,6,6.45,178.0,54.85,189
00005_09-02-2025-07.02,OUIGO,2025,2,6,7.03,172.0,46.39,399
00006_09-02-2025-07.27,AVE,2025,2,6,7.45,199.0,58.17,236
00009_09-02-2025-08.07,IRYO,2025,2,6,8.12,172.0,57.81,60
00007_09-02-2025-08.27,AVE,2025,2,6,8.45,172.0,87.29,11
00009_09-02-2025-09.22,IRYO,2025,2,6,9.37,172.0,47.91,771
00010_09-02-2025-09.27,AVE,2025,2,6,9.45,194.0,54.34,593
00009_09-02-2025-09.57,IRYO,2025,2,6,9.95,172.0,41.78,5869
00011_09-02-2025-10.02,OUIGO,2025,2,6,10.03,182.0,48.27,346
00012_09-02-2025-10.27,AVLO,2025,2,6,10.45,172.0,53.27,218
00009_09-02-2025-11.22,IRYO,2025,2,6,11.37,172.0,66.56,46
00006_09-02-2025-11.27,AVE,2025,2,6,11.45,199.0,139.41,0
00009_09-02-2025-12.22,IRYO,2025,2,6,12.37,172.0,69.37,36
00013_09-02-2025-12.27,AVE,2025,2,6,12.45,197.0,56.86,454
00014_09-02-2025-13.18,AVE,2025,2,6,13.3,184.0,55.14,291
00009_09-02-2025-14.02,IRYO,2025,2,6,14.03,172.0,72.13,25
00015_09-02-2025-14.12,OUIGO,2025,2,6,14.2,157.0,54.34,177
00016_09-02-2025-14.27,AVE,2025,2,6,14.45,177.0,93.11,33
00017_09-02-2025-14.42,IRYO,2025,2,6,14.7,179.0,95.61,1
00018_09-02-2025-15.27,AVLO,2025,2,6,15.45,199.0,67.46,44
00007_09-02-2025-16.27,AVE,2025,2,6,16.45,172.0,85.5,128
00002_09-02-2025-16.37,IRYO,2025,2,6,16.62,157.0,92.0,16
00004_09-02-2025-16.57,AVE,2025,2,6,16.95,157.0,96.03,83
00015_09-02-2025-17.17,OUIGO,2025,2,6,17.28,157.0,62.96,92
00009_09-02-2025-17.22,IRYO,2025,2,6,17.37,172.0,98.83,2
00018_09-02-2025-17.27,AVLO,2025,2,6,17.45,199.0,72.62,18
00004_09-02-2025-17.57,AVE,2025,2,6,17.95,157.0,57.04,673
00016_09-02-2025-18.27,AVE,2025,2,6,18.45,177.0,87.16,21
00002_09-02-2025-18.32,IRYO,2025,2,6,18.53,157.0,104.1,0
00004_09-02-2025-18.57,AVE,2025,2,6,18.95,157.0,114.84,6
00009_09-02-2025-19.29,IRYO,2025,2,6,19.48,172.0,96.59,1
00019_09-02-2025-19.34,AVLO,2025,2,6,19.57,201.0,83.5,2
00004_09-02-2025-20.05,AVE,2025,2,6,20.08,157.0,85.72,11
00009_09-02-2025-20.22,IRYO,2025,2,6,20.37,172.0,78.15,0
00020_09-02-2025-20.27,AVE,2025,2,6,20.45,201.0,89.87,0
00005_09-02-2025-21.02,OUIGO,2025,2,6,21.03,172.0,75.08,0
00007_09-02-2025-21.07,AVE,2025,2,6,21.12,172.0,124.01,0
00001_10-02-2025-06.12,AVLO,2025,2,0,6.2,157.0,31.55,428
00002_10-02-2025-06.22,IRYO,2025,2,0,6.37,157.0,33.86,296
00003_10-02-2025-06.27,AVE,2025,2,0,6.45,178.0,39.87,404
00004_10-02-2025-06.57,AVE,2025,2,0,6.95,157.0,59.24,72
00005_10-02-2025-07.02,OUIGO,2025,2,0,7.03,172.0,32.55,29
00002_10-02-2025-07.22,IRYO,2025,2,0,7.37,157.0,12.29,1129
00006_10-02-2025-07.27,AVE,2025,2,0,7.45,199.0,58.85,14
00004_10-02-2025-07.57,AVE,2025,2,0,7.95,157.0,52.56,51
00007_10-02-2025-08.27,AVE,2025,2,0,8.45,172.0,63.43,8
00002_10-02-2025-08.32,IRYO,2025,2,0,8.53,157.0,37.69,27
00008_10-02-2025-08.57,AVE,2025,2,0,8.95,164.0,47.93,62
00009_10-02-2025-09.22,IRYO,2025,2,0,9.37,172.0,56.23,11
00010_10-02-2025-09.27,AVE,2025,2,0,9.45,194.0,67.59,5
00009_10-02-2025-09.57,IRYO,2025,2,0,9.95,172.0,22.02,235
00011_10-02-2025-10.02,OUIGO,2025,2,0,10.03,182.0,39.38,16
00012_10-02-2025-10.27,AVLO,2025,2,0,10.45,172.0,34.61,74
00009_10-02-2025-11.22,IRYO,2025,2,0,11.37,172.0,35.02,64
00006_10-02-2025-11.27,AVE,2025,2,0,11.45,199.0,41.15,116
00009_10-02-2025-12.22,IRYO,2025,2,0,12.37,172.0,28.46,120
00013_10-02-2025-12.27,AVE,2025,2,0,12.45,197.0,40.3,86
00004_10-02-2025-12.57,AVE,2025,2,0,12.95,157.0,40.67,142
00014_10-02-2025-13.18,AVE,2025,2,0,13.3,184.0,68.94,1
00009_10-02-2025-14.02,IRYO,2025,2,0,14.03,172.0,35.42,35
00015_10-02-2025-14.12,OUIGO,2025,2,0,14.2,157.0,41.09,5
00016_10-02-2025-14.27,AVE,2025,2,0,14.45,177.0,43.5,82
00017_10-02-2025-14.42,IRYO,2025,2,0,14.7,179.0,45.43,11
00004_10-02-2025-14.57,AVE,2025,2,0,14.95,157.0,31.76,397
00018_10-02-2025-15.27,AVLO,2025,2,0,15.45,199.0,32.4,32
00004_10-02-2025-15.57,AVE,2025,2,0,15.95,157.0,43.85,238
00007_10-02-2025-16.27,AVE,2025,2,0,16.45,172.0,80.75,5
00002_10-02-2025-16.37,IRYO,2025,2,0,16.62,157.0,41.9,75
00004_10-02-2025-16.57,AVE,2025,2,0,16.95,157.0,45.74,349
00015_10-02-2025-17.17,OUIGO,2025,2,0,17.28,157.0,24.79,163
00009_10-02-2025-17.22,IRYO,2025,2,0,17.37,172.0,38.68,43
00006_10-02-2025-17.27,AVE,2025,2,0,17.45,199.0,69.81,3
00004_10-02-2025-17.57,AVE,2025,2,0,17.95,157.0,38.34,258
00016_10-02-2025-18.27,AVE,2025,2,0,18.45,177.0,42.24,71
00002_10-02-2025-18.32,IRYO,2025,2,0,18.53,157.0,28.92,48
00004_10-02-2025-18.57,AVE,2025,2,0,18.95,157.0,34.71,113
00009_10-02-2025-19.29,IRYO,2025,2,0,19.48,172.0,57.88,1
00019_10-02-2025-19.34,AVLO,2025,2,0,19.57,201.0,24.68,12
00004_10-02-2025-20.05,AVE,2025,2,0,20.08,157.0,23.23,177
00009_10-02-2025-20.22,IRYO,2025,2,0,20.37,172.0,27.97,4
00020_10-02-2025-20.27,AVE,2025,2,0,20.45,201.0,18.15,552
00005_10-02-2025-21.02,OUIGO,2025,2,0,21.03,172.0,26.91,2
00007_10-02-2025-21.07,AVE,2025,2,0,21.12,172.0,33.54,8
00001_11-02-2025-06.12,AVLO,2025,2,1,6.2,157.0,34.24,349
00002_11-02-2025-06.22,IRYO,2025,2,1,6.37,157.0,39.76,184
00003_11-02-2025-06.27,AVE,2025,2,1,6.45,178.0,28.44,1002
00004_11-02-2025-06.57,AVE,2025,2,1,6.95,157.0,103.66,0
00005_11-02-2025-07.02,OUIGO,2025,2,1,7.03,172.0,47.47,3
00002_11-02-2025-07.22,IRYO,2025,2,1,7.37,157.0,27.21,151
00006_11-02-2025-07.27,AVE,2025,2,1,7.45,199.0,32.04,184
00004_11-02-2025-07.57,AVE,2025,2,1,7.95,157.0,37.51,193
00007_11-02-2025-08.27,AVE,2025,2,1,8.45,172.0,55.98,13
00002_11-02-2025-08.32,IRYO,2025,2,1,8.53,157.0,25.78,88
00008_11-02-2025-08.57,AVE,2025,2,1,8.95,164.0,45.74,72
00009_11-02-2025-09.22,IRYO,2025,2,1,9.37,172.0,30.01,71
00010_11-02-2025-09.27,AVE,2025,2,1,9.45,194.0,75.62,1
00009_11-02-2025-09.57,IRYO,2025,2,1,9.95,172.0,29.01,96
00011_11-02-2025-10.02,OUIGO,2025,2,1,10.03,182.0,24.91,46
00012_11-02-2025-10.27,AVLO,2025,2,1,10.45,172.0,35.86,48
00009_11-02-2025-11.22,IRYO,2025,2,1,11.37,172.0,20.64,226
00006_11-02-2025-11.27,AVE,2025,2,1,11.45,199.0,35.38,171
00009_11-02-2025-12.22,IRYO,2025,2,1,12.37,172.0,45.02,9
00013_11-02-2025-12.27,AVE,2025,2,1,12.45,197.0,57.47,6
00004_11-02-2025-12.57,AVE,2025,2,1,12.95,157.0,37.52,194
00014_11-02-2025-13.18,AVE,2025,2,1,13.3,184.0,48.24,25
00009_11-02-2025-14.02,IRYO,2025,2,1,14.03,172.0,17.86,273
00015_11-02-2025-14.12,OUIGO,2025,2,1,14.2,157.0,38.13,9
00016_11-02-2025-14.27,AVE,2025,2,1,14.45,177.0,61.37,8
00017_11-02-2025-14.42,IRYO,2025,2,1,14.7,179.0,42.61,19
00004_11-02-2025-14.57,AVE,2025,2,1,14.95,157.0,58.67,40
00018_11-02-2025-15.27,AVLO,2025,2,1,15.45,199.0,29.45,46
00004_11-02-2025-15.57,AVE,2025,2,1,15.95,157.0,23.61,953
00007_11-02-2025-16.27,AVE,2025,2,1,16.45,172.0,34.34,484
00002_11-02-2025-16.37,IRYO,2025,2,1,16.62,157.0,41.74,69
00004_11-02-2025-16.57,AVE,2025,2,1,16.95,157.0,65.5,56
00015_11-02-2025-17.17,OUIGO,2025,2,1,17.28,157.0,58.18,8
00009_11-02-2025-17.22,IRYO,2025,2,1,17.37,172.0,61.71,4
00006_11-02-2025-17.27,AVE,2025,2,1,17.45,199.0,58.97,32
00004_11-02-2025-17.57,AVE,2025,2,1,17.95,157.0,69.23,27
00016_11-02-2025-18.27,AVE,2025,2,1,18.45,177.0,62.05,15
00002_11-02-2025-18.32,IRYO,2025,2,1,18.53,157.0,28.37,82
00004_11-02-2025-18.57,AVE,2025,2,1,18.95,157.0,33.01,195
00009_11-02-2025-19.29,IRYO,2025,2,1,19.48,172.0,30.4,5
00019_11-02-2025-19.34,AVLO,2025,2,1,19.57,201.0,28.67,5
00004_11-02-2025-20.05,AVE,2025,2,1,20.08,157.0,34.07,33
00009_11-02-2025-20.22,IRYO,2025,2,1,20.37,172.0,19.47,22
00020_11-02-2025-20.27,AVE,2025,2,1,20.45,201.0,40.31,2
00005_11-02-2025-21.02,OUIGO,2025,2,1,21.03,172.0,10.06,1162
00007_11-02-2025-21.07,AVE,2025,2,1,21.12,172.0,30.48,4
00001_12-02-2025-06.12,AVLO,2025,2,2,6.2,157.0,33.37,630
00002_12-02-2025-06.22,IRYO,2025,2,2,6.37,157.0,43.13,257
00003_12-02-2025-06.27,AVE,2025,2,2,6.45,178.0,55.12,233
00004_12-02-2025-06.57,AVE,2025,2,2,6.95,157.0,91.59,7
00005_12-02-2025-07.02,OUIGO,2025,2,2,7.03,172.0,36.01,45
00002_12-02-2025-07.22,IRYO,2025,2,2,7.37,157.0,22.0,623
00006_12-02-2025-07.27,AVE,2025,2,2,7.45,199.0,46.32,102
00004_12-02-2025-07.57,AVE,2025,2,2,7.95,157.0,42.18,264
00007_12-02-2025-08.27,AVE,2025,2,2,8.45,172.0,74.95,3
00002_12-02-2025-08.32,IRYO,2025,2,2,8.53,157.0,46.92,22
00008_12-02-2025-08.57,AVE,2025,2,2,8.95,164.0,62.49,25
00009_12-02-2025-09.22,IRYO,2025,2,2,9.37,172.0,31.52,122
00010_12-02-2025-09.27,AVE,2025,2,2,9.45,194.0,54.89,48
00009_12-02-2025-09.57,IRYO,2025,2,2,9.95,172.0,37.92,72
00011_12-02-2025-10.02,OUIGO,2025,2,2,10.03,182.0,42.67,14
00012_12-02-2025-10.27,AVLO,2025,2,2,10.45,172.0,39.21,85
00009_12-02-2025-11.22,IRYO,2025,2,2,11.37,172.0,39.53,93
00006_12-02-2025-11.27,AVE,2025,2,2,11.45,199.0,39.72,246
00009_12-02-2025-12.22,IRYO,2025,2,2,12.37,172.0,49.35,19
00013_12-02-2025-12.27,AVE,2025,2,2,12.45,197.0,48.28,69
00004_12-02-2025-12.57,AVE,2025,2,2,12.95,157.0,49.28,134
00014_12-02-2025-13.18,AVE,2025,2,2,13.3,184.0,48.24,31
00009_12-02-2025-14.02,IRYO,2025,2,2,14.03,172.0,36.01,46
00015_12-02-2025-14.12,OUIGO,2025,2,2,14.2,157.0,33.42,35
00016_12-02-2025-14.27,AVE,2025,2,2,14.45,177.0,41.01,159
00017_12-02-2025-14.42,IRYO,2025,2,2,14.7,179.0,57.84,1
00004_12-02-2025-14.57,AVE,2025,2,2,14.95,157.0,37.57,380
00018_12-02-2025-15.27,AVLO,2025,2,2,15.45,199.0,33.6,74
00004_12-02-2025-15.57,AVE,2025,2,2,15.95,157.0,38.82,583
00007_12-02-2025-16.27,AVE,2025,2,2,16.45,172.0,48.12,347
00002_12-02-2025-16.37,IRYO,2025,2,2,16.62,157.0,43.2,137
00004_12-02-2025-16.57,AVE,2025,2,2,16.95,157.0,137.86,0
00015_12-02-2025-17.17,OUIGO,2025,2,2,17.28,157.0,56.86,27
00009_12-02-2025-17.22,IRYO,2025,2,2,17.37,172.0,61.89,15
00006_12-02-2025-17.27,AVE,2025,2,2,17.45,199.0,54.65,107
00004_12-02-2025-17.57,AVE,2025,2,2,17.95,157.0,56.06,172
00016_12-02-2025-18.27,AVE,2025,2,2,18.45,177.0,85.79,3
00002_12-02-2025-18.32,IRYO,2025,2,2,18.53,157.0,42.09,54
00004_12-02-2025-18.57,AVE,2025,2,2,18.95,157.0,116.05,0
00009_12-02-2025-19.29,IRYO,2025,2,2,19.48,172.0,26.25,336
00019_12-02-2025-19.34,AVLO,2025,2,2,19.57,201.0,26.54,170
00004_12-02-2025-20.05,AVE,2025,2,2,20.08,157.0,41.46,50
00009_12-02-2025-20.22,IRYO,2025,2,2,20.37,172.0,23.9,713
00020_12-02-2025-20.27,AVE,2025,2,2,20.45,201.0,41.92,9
00005_12-02-2025-21.02,OUIGO,2025,2,2,21.03,172.0,47.55,0
00007_12-02-2025-21.07,AVE,2025,2,2,21.12,172.0,39.69,8
00001_13-02-2025-06.12,AVLO,2025,2,3,6.2,157.0,34.8,319
00002_13-02-2025-06.22,IRYO,2025,2,3,6.37,157.0,32.83,330
00003_13-02-2025-06.27,AVE,2025,2,3,6.45,178.0,33.62,755
00004_13-02-2025-06.57,AVE,2025,2,3,6.95,157.0,53.15,147
00005_13-02-2025-07.02,OUIGO,2025,2,3,7.03,172.0,31.34,69
00002_13-02-2025-07.22,IRYO,2025,2,3,7.37,157.0,32.3,147
00006_13-02-2025-07.27,AVE,2025,2,3,7.45,199.0,42.68,94
00004_13-02-2025-07.57,AVE,2025,2,3,7.95,157.0,65.92,11
00007_13-02-2025-08.27,AVE,2025,2,3,8.45,172.0,59.6,24
00002_13-02-2025-08.32,IRYO,2025,2,3,8.53,157.0,36.64,68
00008_13-02-2025-08.57,AVE,2025,2,3,8.95,164.0,76.71,5
00009_13-02-2025-09.22,IRYO,2025,2,3,9.37,172.0,34.41,170
00010_13-02-2025-09.27,AVE,2025,2,3,9.45,194.0,56.64,71
00009_13-02-2025-09.57,IRYO,2025,2,3,9.95,172.0,51.25,31
00011_13-02-2025-10.02,OUIGO,2025,2,3,10.03,182.0,53.54,11
00012_13-02-2025-10.27,AVLO,2025,2,3,10.45,172.0,52.24,34
00009_13-02-2025-11.22,IRYO,2025,2,3,11.37,172.0,35.57,281
00006_13-02-2025-11.27,AVE,2025,2,3,11.45,199.0,54.0,115
00009_13-02-2025-12.22,IRYO,2025,2,3,12.37,172.0,50.92,47
00013_13-02-2025-12.27,AVE,2025,2,3,12.45,197.0,51.94,154
00004_13-02-2025-12.57,AVE,2025,2,3,12.95,157.0,63.53,91
00014_13-02-2025-13.18,AVE,2025,2,3,13.3,184.0,55.14,66
00004_13-02-2025-13.57,AVE,2025,2,3,13.95,157.0,,0
00009_13-02-2025-14.02,IRYO,2025,2,3,14.03,172.0,,0
00015_13-02-2025-14.12,OUIGO,2025,2,3,14.2,157.0,,0
00016_13-02-2025-14.27,AVE,2025,2,3,14.45,177.0,93.08,5
00017_13-02-2025-14.42,IRYO,2025,2,3,14.7,179.0,51.92,75
00004_13-02-2025-14.57,AVE,2025,2,3,14.95,157.0,98.24,13
00018_13-02-2025-15.27,AVLO,2025,2,3,15.45,199.0,49.62,80
00004_13-02-2025-15.57,AVE,2025,2,3,15.95,157.0,122.71,0
00007_13-02-2025-16.27,AVE,2025,2,3,16.45,172.0,82.6,56
00002_13-02-2025-16.37,IRYO,2025,2,3,16.62,157.0,41.65,449
00004_13-02-2025-16.57,AVE,2025,2,3,16.95,157.0,125.55,2
00015_13-02-2025-17.17,OUIGO,2025,2,3,17.28,157.0,55.3,59
00009_13-02-2025-17.22,IRYO,2025,2,3,17.37,172.0,70.9,17
00006_13-02-2025-17.27,AVE,2025,2,3,17.45,199.0,108.32,1
00004_13-02-2025-17.57,AVE,2025,2,3,17.95,157.0,45.98,641
00016_13-02-2025-18.27,AVE,2025,2,3,18.45,177.0,74.9,18
00002_13-02-2025-18.32,IRYO,2025,2,3,18.53,157.0,38.45,187
00004_13-02-2025-18.57,AVE,2025,2,3,18.95,157.0,71.11,26
00009_13-02-2025-19.29,IRYO,2025,2,3,19.48,172.0,37.06,98
00019_13-02-2025-19.34,AVLO,2025,2,3,19.57,201.0,36.18,66
00004_13-02-2025-20.05,AVE,2025,2,3,20.08,157.0,62.35,13
00009_13-02-2025-20.22,IRYO,2025,2,3,20.37,172.0,54.15,1
00020_13-02-2025-20.27,AVE,2025,2,3,20.45,201.0,55.18,2
00005_13-02-2025-21.02,OUIGO,2025,2,3,21.03,172.0,32.2,636
00007_13-02-2025-21.07,AVE,2025,2,3,21.12,172.0,41.51,12
00002_14-02-2025-06.22,IRYO,2025,2,4,6.37,157.0,43.35,119
00021_14-02-2025-06.27,AVLO,2025,2,4,6.45,178.0,26.97,2038
00004_14-02-2025-06.57,AVE,2025,2,4,6.95,157.0,52.81,172
00005_14-02-2025-07.02,OUIGO,2025,2,4,7.03,172.0,31.53,382
00002_14-02-2025-07.22,IRYO,2025,2,4,7.37,157.0,53.45,24
00006_14-02-2025-07.27,AVE,2025,2,4,7.45,199.0,61.55,31
00004_14-02-2025-07.57,AVE,2025,2,4,7.95,157.0,65.9,25
00002_14-02-2025-08.32,IRYO,2025,2,4,8.53,157.0,48.84,25
00008_14-02-2025-08.57,AVE,2025,2,4,8.95,164.0,117.18,0
00009_14-02-2025-09.22,IRYO,2025,2,4,9.37,172.0,53.75,40
00010_14-02-2025-09.27,AVE,2025,2,4,9.45,194.0,63.83,82
00009_14-02-2025-09.57,IRYO,2025,2,4,9.95,172.0,59.71,27
00011_14-02-2025-10.02,OUIGO,2025,2,4,10.03,182.0,35.76,216
00012_14-02-2025-10.27,AVLO,2025,2,4,10.45,172.0,56.86,41
00009_14-02-2025-11.22,IRYO,2025,2,4,11.37,172.0,70.33,8
00006_14-02-2025-11.27,AVE,2025,2,4,11.45,199.0,116.79,0
00009_14-02-2025-12.22,IRYO,2025,2,4,12.37,172.0,42.26,109
00013_14-02-2025-12.27,AVE,2025,2,4,12.45,197.0,38.5,742
00004_14-02-2025-12.57,AVE,2025,2,4,12.95,157.0,69.24,31
00014_14-02-2025-13.18,AVE,2025,2,4,13.3,184.0,55.14,43
00004_14-02-2025-13.57,AVE,2025,2,4,13.95,157.0,71.99,30
00009_14-02-2025-14.02,IRYO,2025,2,4,14.03,172.0,44.87,57
00015_14-02-2025-14.12,OUIGO,2025,2,4,14.2,157.0,56.35,15
00016_14-02-2025-14.27,AVE,2025,2,4,14.45,177.0,120.17,0
00017_14-02-2025-14.42,IRYO,2025,2,4,14.7,179.0,96.35,0
00004_14-02-2025-14.57,AVE,2025,2,4,14.95,157.0,105.33,3
00018_14-02-2025-15.27,AVLO,2025,2,4,15.45,199.0,60.11,15
00004_14-02-2025-15.57,AVE,2025,2,4,15.95,157.0,107.17,1
00007_14-02-2025-16.27,AVE,2025,2,4,16.45,172.0,83.92,28
00002_14-02-2025-16.37,IRYO,2025,2,4,16.62,157.0,61.5,55
00004_14-02-2025-16.57,AVE,2025,2,4,16.95,157.0,89.72,26
00015_14-02-2025-17.17,OUIGO,2025,2,4,17.28,157.0,36.18,481
00009_14-02-2025-17.22,IRYO,2025,2,4,17.37,172.0,58.07,31
00018_14-02-2025-17.27,AVLO,2025,2,4,17.45,199.0,49.7,35
00004_14-02-2025-17.57,AVE,2025,2,4,17.95,157.0,62.61,108
00016_14-02-2025-18.27,AVE,2025,2,4,18.45,177.0,77.5,8
00002_14-02-2025-18.32,IRYO,2025,2,4,18.53,157.0,48.16,37
00004_14-02-2025-18.57,AVE,2025,2,4,18.95,157.0,54.46,62
00009_14-02-2025-19.29,IRYO,2025,2,4,19.48,172.0,57.0,0
00019_14-02-2025-19.34,AVLO,2025,2,4,19.57,201.0,40.26,12
00004_14-02-2025-20.05,AVE,2025,2,4,20.08,157.0,79.02,2
00009_14-02-2025-20.22,IRYO,2025,2,4,20.37,172.0,31.82,1329
00020_14-02-2025-20.27,AVE,2025,2,4,20.45,201.0,37.81,135
00005_14-02-2025-21.02,OUIGO,2025,2,4,21.03,172.0,38.96,10
00007_14-02-2025-21.07,AVE,2025,2,4,21.12,172.0,88.21,0
00021_15-02-2025-06.27,AVLO,2025,2,5,6.45,178.0,30.72,497
00005_15-02-2025-07.02,OUIGO,2025,2,5,7.03,172.0,37.44,94
00006_15-02-2025-07.27,AVE,2025,2,5,7.45,199.0,62.2,38
00009_15-02-2025-08.07,IRYO,2025,2,5,8.12,172.0,36.08,121
00007_15-02-2025-08.27,AVE,2025,2,5,8.45,172.0,57.06,73
00008_15-02-2025-08.57,AVE,2025,2,5,8.95,164.0,61.92,54
00009_15-02-2025-09.22,IRYO,2025,2,5,9.37,172.0,57.96,10
00010_15-02-2025-09.27,AVE,2025,2,5,9.45,194.0,57.99,57
00009_15-02-2025-09.57,IRYO,2025,2,5,9.95,172.0,35.31,139
00011_15-02-2025-10.02,OUIGO,2025,2,5,10.03,182.0,23.85,353
00012_15-02-2025-10.27,AVLO,2025,2,5,10.45,172.0,51.2,26
00009_15-02-2025-11.22,IRYO,2025,2,5,11.37,172.0,22.24,1049
00006_15-02-2025-11.27,AVE,2025,2,5,11.45,199.0,52.64,74
00009_15-02-2025-12.22,IRYO,2025,2,5,12.37,172.0,35.64,127
00013_15-02-2025-12.27,AVE,2025,2,5,12.45,197.0,51.76,72
00014_15-02-2025-13.18,AVE,2025,2,5,13.3,184.0,82.74,0
00015_15-02-2025-14.12,OUIGO,2025,2,5,14.2,157.0,15.04,3812
00017_15-02-2025-14.42,IRYO,2025,2,5,14.7,179.0,25.41,315
00018_15-02-2025-15.27,AVLO,2025,2,5,15.45,199.0,31.4,93
00007_15-02-2025-16.27,AVE,2025,2,5,16.45,172.0,91.53,5
00002_15-02-2025-16.37,IRYO,2025,2,5,16.62,157.0,45.92,125
00015_15-02-2025-17.17,OUIGO,2025,2,5,17.28,157.0,20.41,686
00018_15-02-2025-17.27,AVLO,2025,2,5,17.45,199.0,19.37,803
00016_15-02-2025-18.27,AVE,2025,2,5,18.45,177.0,90.42,1
00009_15-02-2025-19.29,IRYO,2025,2,5,19.48,172.0,23.83,137
00019_15-02-2025-19.34,AVLO,2025,2,5,19.57,201.0,31.93,2
00009_15-02-2025-20.22,IRYO,2025,2,5,20.37,172.0,40.28,5
00020_15-02-2025-20.27,AVE,2025,2,5,20.45,201.0,43.18,4
00005_15-02-2025-21.02,OUIGO,2025,2,5,21.03,172.0,14.14,1812
00021_16-02-2025-06.27,AVLO,2025,2,6,6.45,178.0,62.84,40
00005_16-02-2025-07.02,OUIGO,2025,2,6,7.03,172.0,34.33,2578
00006_16-02-2025-07.27,AVE,2025,2,6,7.45,199.0,73.88,22
00009_16-02-2025-08.07,IRYO,2025,2,6,8.12,172.0,48.79,111
00007_16-02-2025-08.27,AVE,2025,2,6,8.45,172.0,87.32,7
00009_16-02-2025-09.22,IRYO,2025,2,6,9.37,172.0,56.06,29
00010_16-02-2025-09.27,AVE,2025,2,6,9.45,194.0,49.86,436
00009_16-02-2025-09.57,IRYO,2025,2,6,9.95,172.0,59.84,20
00011_16-02-2025-10.02,OUIGO,2025,2,6,10.03,182.0,39.15,1397
00012_16-02-2025-10.27,AVLO,2025,2,6,10.45,172.0,44.97,411
00009_16-02-2025-11.22,IRYO,2025,2,6,11.37,172.0,63.07,36
00006_16-02-2025-11.27,AVE,2025,2,6,11.45,199.0,135.29,0
00009_16-02-2025-12.22,IRYO,2025,2,6,12.37,172.0,52.83,97
00013_16-02-2025-12.27,AVE,2025,2,6,12.45,197.0,61.65,133
00014_16-02-2025-13.18,AVE,2025,2,6,13.3,184.0,55.14,109
00009_16-02-2025-14.02,IRYO,2025,2,6,14.03,172.0,91.2,2
00015_16-02-2025-14.12,OUIGO,2025,2,6,14.2,157.0,48.42,209
00016_16-02-2025-14.27,AVE,2025,2,6,14.45,177.0,97.04,11
00017_16-02-2025-14.42,IRYO,2025,2,6,14.7,179.0,83.04,5
00018_16-02-2025-15.27,AVLO,2025,2,6,15.45,199.0,67.32,21
00007_16-02-2025-16.27,AVE,2025,2,6,16.45,172.0,82.83,58
00002_16-02-2025-16.37,IRYO,2025,2,6,16.62,157.0,85.74,12
00004_16-02-2025-16.57,AVE,2025,2,6,16.95,157.0,61.81,424
00015_16-02-2025-17.17,OUIGO,2025,2,6,17.28,157.0,60.89,38
00009_16-02-2025-17.22,IRYO,2025,2,6,17.37,172.0,79.76,14
00018_16-02-2025-17.27,AVLO,2025,2,6,17.45,199.0,69.07,17
00004_16-02-2025-17.57,AVE,2025,2,6,17.95,157.0,77.77,83
00016_16-02-2025-18.27,AVE,2025,2,6,18.45,177.0,101.68,3
00002_16-02-2025-18.32,IRYO,2025,2,6,18.53,157.0,82.46,8
00004_16-02-2025-18.57,AVE,2025,2,6,18.95,157.0,114.56,1
00009_16-02-2025-19.29,IRYO,2025,2,6,19.48,172.0,89.9,0
00019_16-02-2025-19.34,AVLO,2025,2,6,19.57,201.0,72.5,1
00004_16-02-2025-20.05,AVE,2025,2,6,20.08,157.0,91.3,3
00009_16-02-2025-20.22,IRYO,2025,2,6,20.37,172.0,86.61,1
00020_16-02-2025-20.27,AVE,2025,2,6,20.45,201.0,71.16,2
00005_16-02-2025-21.02,OUIGO,2025,2,6,21.03,172.0,74.07,0
00007_16-02-2025-21.07,AVE,2025,2,6,21.12,172.0,119.14,0
00001_17-02-2025-06.12,AVLO,2025,2,0,6.2,157.0,29.13,749
00002_17-02-2025-06.22,IRYO,2025,2,0,6.37,157.0,24.96,934
00003_17-02-2025-06.27,AVE,2025,2,0,6.45,178.0,55.69,190
00004_17-02-2025-06.57,AVE,2025,2,0,6.95,157.0,56.91,179
00005_17-02-2025-07.02,OUIGO,2025,2,0,7.03,172.0,18.02,387
00002_17-02-2025-07.22,IRYO,2025,2,0,7.37,157.0,38.95,93
00006_17-02-2025-07.27,AVE,2025,2,0,7.45,199.0,54.51,42
00004_17-02-2025-07.57,AVE,2025,2,0,7.95,157.0,63.4,34
00007_17-02-2025-08.27,AVE,2025,2,0,8.45,172.0,67.3,10
00002_17-02-2025-08.32,IRYO,2025,2,0,8.53,157.0,35.99,83
00008_17-02-2025-08.57,AVE,2025,2,0,8.95,164.0,51.45,96
00009_17-02-2025-09.22,IRYO,2025,2,0,9.37,172.0,63.0,4
00010_17-02-2025-09.27,AVE,2025,2,0,9.45,194.0,74.38,7
00009_17-02-2025-09.57,IRYO,2025,2,0,9.95,172.0,40.93,66
00011_17-02-2025-10.02,OUIGO,2025,2,0,10.03,182.0,27.57,125
00012_17-02-2025-10.27,AVLO,2025,2,0,10.45,172.0,34.87,164
00009_17-02-2025-11.22,IRYO,2025,2,0,11.37,172.0,26.19,334
00006_17-02-2025-11.27,AVE,2025,2,0,11.45,199.0,50.32,91
00009_17-02-2025-12.22,IRYO,2025,2,0,12.37,172.0,34.77,93
00013_17-02-2025-12.27,AVE,2025,2,0,12.45,197.0,48.05,95
00004_17-02-2025-12.57,AVE,2025,2,0,12.95,157.0,52.07,113
00014_17-02-2025-13.18,AVE,2025,2,0,13.3,184.0,68.94,1
00009_17-02-2025-14.02,IRYO,2025,2,0,14.03,172.0,34.91,75
00015_17-02-2025-14.12,OUIGO,2025,2,0,14.2,157.0,47.21,9
00016_17-02-2025-14.27,AVE,2025,2,0,14.45,177.0,29.33,571
00017_17-02-2025-14.42,IRYO,2025,2,0,14.7,179.0,45.77,18
00004_17-02-2025-14.57,AVE,2025,2,0,14.95,157.0,55.63,99
00018_17-02-2025-15.27,AVLO,2025,2,0,15.45,199.0,34.82,51
00004_17-02-2025-15.57,AVE,2025,2,0,15.95,157.0,46.72,328
00007_17-02-2025-16.27,AVE,2025,2,0,16.45,172.0,61.88,61
00002_17-02-2025-16.37,IRYO,2025,2,0,16.62,157.0,24.17,904
00004_17-02-2025-16.57,AVE,2025,2,0,16.95,157.0,49.27,391
00015_17-02-2025-17.17,OUIGO,2025,2,0,17.28,157.0,33.29,90
00009_17-02-2025-17.22,IRYO,2025,2,0,17.37,172.0,59.06,10
00006_17-02-2025-17.27,AVE,2025,2,0,17.45,199.0,67.48,16
00004_17-02-2025-17.57,AVE,2025,2,0,17.95,157.0,40.86,391
00016_17-02-2025-18.27,AVE,2025,2,0,18.45,177.0,61.22,12
00002_17-02-2025-18.32,IRYO,2025,2,0,18.53,157.0,40.8,41
00004_17-02-2025-18.57,AVE,2025,2,0,18.95,157.0,40.6,134
00009_17-02-2025-19.29,IRYO,2025,2,0,19.48,172.0,51.49,2
00019_17-02-2025-19.34,AVLO,2025,2,0,19.57,201.0,23.13,168
00004_17-02-2025-20.05,AVE,2025,2,0,20.08,157.0,29.39,99
00009_17-02-2025-20.22,IRYO,2025,2,0,20.37,172.0,37.17,0
00020_17-02-2025-20.27,AVE,2025,2,0,20.45,201.0,21.71,336
00005_17-02-2025-21.02,OUIGO,2025,2,0,21.03,172.0,20.9,612
00007_17-02-2025-21.07,AVE,2025,2,0,21.12,172.0,48.97,0
00001_18-02-2025-06.12,AVLO,2025,2,1,6.2,157.0,35.79,265
00002_18-02-2025-06.22,IRYO,2025,2,1,6.37,157.0,17.79,740
00003_18-02-2025-06.27,AVE,2025,2,1,6.45,178.0,40.58,336
00004_18-02-2025-06.57,AVE,2025,2,1,6.95,157.0,122.33,0
00005_18-02-2025-07.02,OUIGO,2025,2,1,7.03,172.0,62.34,0
00002_18-02-2025-07.22,IRYO,2025,2,1,7.37,157.0,50.3,15
00006_18-02-2025-07.27,AVE,2025,2,1,7.45,199.0,42.96,63
00004_18-02-2025-07.57,AVE,2025,2,1,7.95,157.0,39.55,138
00007_18-02-2025-08.27,AVE,2025,2,1,8.45,172.0,69.18,1
00002_18-02-2025-08.32,IRYO,2025,2,1,8.53,157.0,29.95,41
00008_18-02-2025-08.57,AVE,2025,2,1,8.95,164.0,49.98,38
00009_18-02-2025-09.22,IRYO,2025,2,1,9.37,172.0,28.07,76
00010_18-02-2025-09.27,AVE,2025,2,1,9.45,194.0,68.39,3
00009_18-02-2025-09.57,IRYO,2025,2,1,9.95,172.0,18.12,221
00011_18-02-2025-10.02,OUIGO,2025,2,1,10.03,182.0,33.53,17
00012_18-02-2025-10.27,AVLO,2025,2,1,10.45,172.0,33.57,56
00009_18-02-2025-11.22,IRYO,2025,2,1,11.37,172.0,28.01,115
00006_18-02-2025-11.27,AVE,2025,2,1,11.45,199.0,34.29,159
00009_18-02-2025-12.22,IRYO,2025,2,1,12.37,172.0,33.22,50
00013_18-02-2025-12.27,AVE,2025,2,1,12.45,197.0,44.53,66
00004_18-02-2025-12.57,AVE,2025,2,1,12.95,157.0,50.6,51
00014_18-02-2025-13.18,AVE,2025,2,1,13.3,184.0,48.24,15
00009_18-02-2025-14.02,IRYO,2025,2,1,14.03,172.0,34.87,23
00015_18-02-2025-14.12,OUIGO,2025,2,1,14.2,157.0,36.61,5
00016_18-02-2025-14.27,AVE,2025,2,1,14.45,177.0,72.09,1
00017_18-02-2025-14.42,IRYO,2025,2,1,14.7,179.0,42.6,5
00004_18-02-2025-14.57,AVE,2025,2,1,14.95,157.0,28.78,293
00018_18-02-2025-15.27,AVLO,2025,2,1,15.45,199.0,29.54,23
00004_18-02-2025-15.57,AVE,2025,2,1,15.95,157.0,33.76,270
00007_18-02-2025-16.27,AVE,2025,2,1,16.45,172.0,32.36,271
00002_18-02-2025-16.37,IRYO,2025,2,1,16.62,157.0,10.0,1513
00004_18-02-2025-16.57,AVE,2025,2,1,16.95,157.0,57.92,49
00015_18-02-2025-17.17,OUIGO,2025,2,1,17.28,157.0,29.62,49
00009_18-02-2025-17.22,IRYO,2025,2,1,17.37,172.0,19.97,143
00006_18-02-2025-17.27,AVE,2025,2,1,17.45,199.0,42.74,46
00004_18-02-2025-17.57,AVE,2025,2,1,17.95,157.0,89.0,0
00016_18-02-2025-18.27,AVE,2025,2,1,18.45,177.0,65.08,4
00002_18-02-2025-18.32,IRYO,2025,2,1,18.53,157.0,33.15,21
00004_18-02-2025-18.57,AVE,2025,2,1,18.95,157.0,31.03,114
00009_18-02-2025-19.29,IRYO,2025,2,1,19.48,172.0,53.98,0
00019_18-02-2025-19.34,AVLO,2025,2,1,19.57,201.0,32.21,1
00004_18-02-2025-20.05,AVE,2025,2,1,20.08,157.0,34.01,29
00009_18-02-2025-20.22,IRYO,2025,2,1,20.37,172.0,32.49,3
00020_18-02-2025-20.27,AVE,2025,2,1,20.45,201.0,39.13,0
00005_18-02-2025-21.02,OUIGO,2025,2,1,21.03,172.0,38.22,0
00007_18-02-2025-21.07,AVE,2025,2,1,21.12,172.0,38.99,3
00001_19-02-2025-06.12,AVLO,2025,2,2,6.2,157.0,39.33,584
00002_19-02-2025-06.22,IRYO,2025,2,2,6.37,157.0,47.15,245
00003_19-02-2025-06.27,AVE,2025,2,2,6.45,178.0,55.88,286
00004_19-02-2025-06.57,AVE,2025,2,2,6.95,157.0,112.82,0
00005_19-02-2025-07.02,OUIGO,2025,2,2,7.03,172.0,33.26,88
00002_19-02-2025-07.22,IRYO,2025,2,2,7.37,157.0,27.53,431
00006_19-02-2025-07.27,AVE,2025,2,2,7.45,199.0,37.23,283
00004_19-02-2025-07.57,AVE,2025,2,2,7.95,157.0,27.7,1144
00007_19-02-2025-08.27,AVE,2025,2,2,8.45,172.0,82.42,1
00002_19-02-2025-08.32,IRYO,2025,2,2,8.53,157.0,55.78,9
00008_19-02-2025-08.57,AVE,2025,2,2,8.95,164.0,51.16,90
00009_19-02-2025-09.22,IRYO,2025,2,2,9.37,172.0,36.68,109
00010_19-02-2025-09.27,AVE,2025,2,2,9.45,194.0,64.04,25
00009_19-02-2025-09.57,IRYO,2025,2,2,9.95,172.0,43.13,73
00011_19-02-2025-10.02,OUIGO,2025,2,2,10.03,182.0,39.14,64
00012_19-02-2025-10.27,AVLO,2025,2,2,10.45,172.0,44.14,89
00009_19-02-2025-11.22,IRYO,2025,2,2,11.37,172.0,38.51,162
00006_19-02-2025-11.27,AVE,2025,2,2,11.45,199.0,61.57,47
00009_19-02-2025-12.22,IRYO,2025,2,2,12.37,172.0,61.89,7
00013_19-02-2025-12.27,AVE,2025,2,2,12.45,197.0,59.89,44
00004_19-02-2025-12.57,AVE,2025,2,2,12.95,157.0,38.96,495
00014_19-02-2025-13.18,AVE,2025,2,2,13.3,184.0,48.24,54
00009_19-02-2025-14.02,IRYO,2025,2,2,14.03,172.0,38.99,48
00015_19-02-2025-14.12,OUIGO,2025,2,2,14.2,157.0,39.45,22
00016_19-02-2025-14.27,AVE,2025,2,2,14.45,177.0,48.71,128
00017_19-02-2025-14.42,IRYO,2025,2,2,14.7,179.0,59.76,1
00004_19-02-2025-14.57,AVE,2025,2,2,14.95,157.0,44.4,302
00018_19-02-2025-15.27,AVLO,2025,2,2,15.45,199.0,29.19,109
00004_19-02-2025-15.57,AVE,2025,2,2,15.95,157.0,33.51,1090
00007_19-02-2025-16.27,AVE,2025,2,2,16.45,172.0,55.42,154
00002_19-02-2025-16.37,IRYO,2025,2,2,16.62,157.0,33.34,288
00004_19-02-2025-16.57,AVE,2025,2,2,16.95,157.0,139.83,0
00015_19-02-2025-17.17,OUIGO,2025,2,2,17.28,157.0,41.18,52
00009_19-02-2025-17.22,IRYO,2025,2,2,17.37,172.0,22.36,1924
00006_19-02-2025-17.27,AVE,2025,2,2,17.45,199.0,39.54,291
00004_19-02-2025-17.57,AVE,2025,2,2,17.95,157.0,56.76,138
00016_19-02-2025-18.27,AVE,2025,2,2,18.45,177.0,93.99,0
00002_19-02-2025-18.32,IRYO,2025,2,2,18.53,157.0,54.91,6
00004_19-02-2025-18.57,AVE,2025,2,2,18.95,157.0,93.9,0
00009_19-02-2025-19.29,IRYO,2025,2,2,19.48,172.0,25.29,280
00019_19-02-2025-19.34,AVLO,2025,2,2,19.57,201.0,26.19,80
00004_19-02-2025-20.05,AVE,2025,2,2,20.08,157.0,40.43,51
00009_19-02-2025-20.22,IRYO,2025,2,2,20.37,172.0,39.96,2
00020_19-02-2025-20.27,AVE,2025,2,2,20.45,201.0,29.06,29
00005_19-02-2025-21.02,OUIGO,2025,2,2,21.03,172.0,31.0,1
00007_19-02-2025-21.07,AVE,2025,2,2,21.12,172.0,74.87,0
00001_20-02-2025-06.12,AVLO,2025,2,3,6.2,157.0,28.88,484
00002_20-02-2025-06.22,IRYO,2025,2,3,6.37,157.0,30.14,377
00003_20-02-2025-06.27,AVE,2025,2,3,6.45,178.0,39.68,423
00004_20-02-2025-06.57,AVE,2025,2,3,6.95,157.0,66.83,31
00005_20-02-2025-07.02,OUIGO,2025,2,3,7.03,172.0,26.82,44
00002_20-02-2025-07.22,IRYO,2025,2,3,7.37,157.0,21.49,254
00006_20-02-2025-07.27,AVE,2025,2,3,7.45,199.0,10.16,2692
00004_20-02-2025-07.57,AVE,2025,2,3,7.95,157.0,38.66,165
00007_20-02-2025-08.27,AVE,2025,2,3,8.45,172.0,70.71,2
00002_20-02-2025-08.32,IRYO,2025,2,3,8.53,157.0,46.08,11
00008_20-02-2025-08.57,AVE,2025,2,3,8.95,164.0,76.53,1
00009_20-02-2025-09.22,IRYO,2025,2,3,9.37,172.0,60.62,1
00010_20-02-2025-09.27,AVE,2025,2,3,9.45,194.0,51.95,77
00009_20-02-2025-09.57,IRYO,2025,2,3,9.95,172.0,47.05,27
00011_20-02-2025-10.02,OUIGO,2025,2,3,10.03,182.0,38.5,43
00012_20-02-2025-10.27,AVLO,2025,2,3,10.45,172.0,49.57,37
00009_20-02-2025-11.22,IRYO,2025,2,3,11.37,172.0,61.16,12
00006_20-02-2025-11.27,AVE,2025,2,3,11.45,199.0,50.16,184
00009_20-02-2025-12.22,IRYO,2025,2,3,12.37,172.0,42.62,120
00013_20-02-2025-12.27,AVE,2025,2,3,12.45,197.0,58.32,95
00004_20-02-2025-12.57,AVE,2025,2,3,12.95,157.0,58.95,183
00014_20-02-2025-13.18,AVE,2025,2,3,13.3,184.0,55.14,72
00004_20-02-2025-13.57,AVE,2025,2,3,13.95,157.0,,0
00009_20-02-2025-14.02,IRYO,2025,2,3,14.03,172.0,,0
00015_20-02-2025-14.12,OUIGO,2025,2,3,14.2,157.0,,0
00016_20-02-2025-14.27,AVE,2025,2,3,14.45,177.0,82.09,30
00017_20-02-2025-14.42,IRYO,2025,2,3,14.7,179.0,70.72,8
00004_20-02-2025-14.57,AVE,2025,2,3,14.95,157.0,96.14,11
00018_20-02-2025-15.27,AVLO,2025,2,3,15.45,199.0,38.13,137
00004_20-02-2025-15.57,AVE,2025,2,3,15.95,157.0,81.9,66
00007_20-02-2025-16.27,AVE,2025,2,3,16.45,172.0,80.92,46
00002_20-02-2025-16.37,IRYO,2025,2,3,16.62,157.0,35.65,633
00004_20-02-2025-16.57,AVE,2025,2,3,16.95,157.0,148.17,0
00015_20-02-2025-17.17,OUIGO,2025,2,3,17.28,157.0,29.86,402
00009_20-02-2025-17.22,IRYO,2025,2,3,17.37,172.0,54.98,52
00006_20-02-2025-17.27,AVE,2025,2,3,17.45,199.0,99.62,1
00004_20-02-2025-17.57,AVE,2025,2,3,17.95,157.0,43.2,701
00016_20-02-2025-18.27,AVE,2025,2,3,18.45,177.0,60.13,55
00002_20-02-2025-18.32,IRYO,2025,2,3,18.53,157.0,28.72,281
00004_20-02-2025-18.57,AVE,2025,2,3,18.95,157.0,79.38,8
00009_20-02-2025-19.29,IRYO,2025,2,3,19.48,172.0,31.38,47
00019_20-02-2025-19.34,AVLO,2025,2,3,19.57,201.0,30.12,11
00004_20-02-2025-20.05,AVE,2025,2,3,20.08,157.0,68.87,6
00009_20-02-2025-20.22,IRYO,2025,2,3,20.37,172.0,33.23,9
00020_20-02-2025-20.27,AVE,2025,2,3,20.45,201.0,65.16,1
00005_20-02-2025-21.02,OUIGO,2025,2,3,21.03,172.0,24.13,100
00007_20-02-2025-21.07,AVE,2025,2,3,21.12,172.0,62.52,1
00002_21-02-2025-06.22,IRYO,2025,2,4,6.37,157.0,22.19,1015
00021_21-02-2025-06.27,AVLO,2025,2,4,6.45,178.0,18.04,2510
00004_21-02-2025-06.57,AVE,2025,2,4,6.95,157.0,52.64,85
00005_21-02-2025-07.02,OUIGO,2025,2,4,7.03,172.0,32.97,21
00002_21-02-2025-07.22,IRYO,2025,2,4,7.37,157.0,43.69,17
00006_21-02-2025-07.27,AVE,2025,2,4,7.45,199.0,56.36,17
00004_21-02-2025-07.57,AVE,2025,2,4,7.95,157.0,54.88,57
00002_21-02-2025-08.32,IRYO,2025,2,4,8.53,157.0,38.68,58
00008_21-02-2025-08.57,AVE,2025,2,4,8.95,164.0,116.98,0
00009_21-02-2025-09.22,IRYO,2025,2,4,9.37,172.0,46.48,45
00010_21-02-2025-09.27,AVE,2025,2,4,9.45,194.0,66.07,34
00009_21-02-2025-09.57,IRYO,2025,2,4,9.95,172.0,66.85,12
00011_21-02-2025-10.02,OUIGO,2025,2,4,10.03,182.0,30.04,182
00012_21-02-2025-10.27,AVLO,2025,2,4,10.45,172.0,62.57,19
00009_21-02-2025-11.22,IRYO,2025,2,4,11.37,172.0,59.94,30
00006_21-02-2025-11.27,AVE,2025,2,4,11.45,199.0,105.39,0
00009_21-02-2025-12.22,IRYO,2025,2,4,12.37,172.0,32.85,296
00013_21-02-2025-12.27,AVE,2025,2,4,12.45,197.0,50.95,159
00004_21-02-2025-12.57,AVE,2025,2,4,12.95,157.0,102.65,2
00014_21-02-2025-13.18,AVE,2025,2,4,13.3,184.0,55.14,62
00004_21-02-2025-13.57,AVE,2025,2,4,13.95,157.0,81.47,18
00009_21-02-2025-14.02,IRYO,2025,2,4,14.03,172.0,58.15,17
00015_21-02-2025-14.12,OUIGO,2025,2,4,14.2,157.0,56.74,16
00016_21-02-2025-14.27,AVE,2025,2,4,14.45,177.0,91.64,2
00017_21-02-2025-14.42,IRYO,2025,2,4,14.7,179.0,84.63,1
00004_21-02-2025-14.57,AVE,2025,2,4,14.95,157.0,96.94,2
00018_21-02-2025-15.27,AVLO,2025,2,4,15.45,199.0,49.69,22
00004_21-02-2025-15.57,AVE,2025,2,4,15.95,157.0,95.35,6
00007_21-02-2025-16.27,AVE,2025,2,4,16.45,172.0,72.74,47
00002_21-02-2025-16.37,IRYO,2025,2,4,16.62,157.0,54.81,82
00004_21-02-2025-16.57,AVE,2025,2,4,16.95,157.0,99.63,5
00015_21-02-2025-17.17,OUIGO,2025,2,4,17.28,157.0,38.29,83
00009_21-02-2025-17.22,IRYO,2025,2,4,17.37,172.0,60.76,18
00018_21-02-2025-17.27,AVLO,2025,2,4,17.45,199.0,56.74,6
00004_21-02-2025-17.57,AVE,2025,2,4,17.95,157.0,43.74,264
00016_21-02-2025-18.27,AVE,2025,2,4,18.45,177.0,84.39,4
00002_21-02-2025-18.32,IRYO,2025,2,4,18.53,157.0,39.07,60
00004_21-02-2025-18.57,AVE,2025,2,4,18.95,157.0,65.42,11
00009_21-02-2025-19.29,IRYO,2025,2,4,19.48,172.0,41.29,8
00019_21-02-2025-19.34,AVLO,2025,2,4,19.57,201.0,35.98,5
00004_21-02-2025-20.05,AVE,2025,2,4,20.08,157.0,68.6,0
00009_21-02-2025-20.22,IRYO,2025,2,4,20.37,172.0,24.68,1352
00020_21-02-2025-20.27,AVE,2025,2,4,20.45,201.0,52.19,0
00005_21-02-2025-21.02,OUIGO,2025,2,4,21.03,172.0,36.09,0
00007_21-02-2025-21.07,AVE,2025,2,4,21.12,172.0,92.82,0
00021_22-02-2025-06.27,AVLO,2025,2,5,6.45,178.0,35.37,204
00005_22-02-2025-07.02,OUIGO,2025,2,5,7.03,172.0,27.1,121
00006_22-02-2025-07.27,AVE,2025,2,5,7.45,199.0,64.45,16
00009_22-02-2025-08.07,IRYO,2025,2,5,8.12,172.0,26.3,250
00007_22-02-2025-08.27,AVE,2025,2,5,8.45,172.0,54.34,49
00008_22-02-2025-08.57,AVE,2025,2,5,8.95,164.0,52.62,60
00009_22-02-2025-09.22,IRYO,2025,2,5,9.37,172.0,31.79,112
00010_22-02-2025-09.27,AVE,2025,2,5,9.45,194.0,58.26,34
00009_22-02-2025-09.57,IRYO,2025,2,5,9.95,172.0,39.9,56
00011_22-02-2025-10.02,OUIGO,2025,2,5,10.03,182.0,34.97,26
00012_22-02-2025-10.27,AVLO,2025,2,5,10.45,172.0,48.66,27
00009_22-02-2025-11.22,IRYO,2025,2,5,11.37,172.0,37.54,62
00006_22-02-2025-11.27,AVE,2025,2,5,11.45,199.0,46.9,102
00009_22-02-2025-12.22,IRYO,2025,2,5,12.37,172.0,22.87,507
00013_22-02-2025-12.27,AVE,2025,2,5,12.45,197.0,71.03,4
00014_22-02-2025-13.18,AVE,2025,2,5,13.3,184.0,82.74,1
00015_22-02-2025-14.12,OUIGO,2025,2,5,14.2,157.0,15.09,2654
00017_22-02-2025-14.42,IRYO,2025,2,5,14.7,179.0,35.34,75
00018_22-02-2025-15.27,AVLO,2025,2,5,15.45,199.0,32.77,63
00007_22-02-2025-16.27,AVE,2025,2,5,16.45,172.0,99.37,2
00002_22-02-2025-16.37,IRYO,2025,2,5,16.62,157.0,45.82,76
00015_22-02-2025-17.17,OUIGO,2025,2,5,17.28,157.0,19.12,637
00018_22-02-2025-17.27,AVLO,2025,2,5,17.45,199.0,22.17,251
00016_22-02-2025-18.27,AVE,2025,2,5,18.45,177.0,88.71,0
00009_22-02-2025-19.29,IRYO,2025,2,5,19.48,172.0,18.83,536
00019_22-02-2025-19.34,AVLO,2025,2,5,19.57,201.0,28.12,9
00009_22-02-2025-20.22,IRYO,2025,2,5,20.37,172.0,22.84,103
00020_22-02-2025-20.27,AVE,2025,2,5,20.45,201.0,39.62,4
00005_22-02-2025-21.02,OUIGO,2025,2,5,21.03,172.0,25.56,8
00021_23-02-2025-06.27,AVLO,2025,2,6,6.45,178.0,44.48,332
00005_23-02-2025-07.02,OUIGO,2025,2,6,7.03,172.0,55.75,32
00006_23-02-2025-07.27,AVE,2025,2,6,7.45,199.0,57.59,149
00009_23-02-2025-08.07,IRYO,2025,2,6,8.12,172.0,65.84,10
00007_23-02-2025-08.27,AVE,2025,2,6,8.45,172.0,84.63,13
00009_23-02-2025-09.22,IRYO,2025,2,6,9.37,172.0,50.39,41
00010_23-02-2025-09.27,AVE,2025,2,6,9.45,194.0,34.2,7371
00009_23-02-2025-09.57,IRYO,2025,2,6,9.95,172.0,53.54,42
00011_23-02-2025-10.02,OUIGO,2025,2,6,10.03,182.0,41.93,167
00012_23-02-2025-10.27,AVLO,2025,2,6,10.45,172.0,41.22,530
00009_23-02-2025-11.22,IRYO,2025,2,6,11.37,172.0,72.82,12
00006_23-02-2025-11.27,AVE,2025,2,6,11.45,199.0,146.53,0
00009_23-02-2025-12.22,IRYO,2025,2,6,12.37,172.0,73.64,12
00013_23-02-2025-12.27,AVE,2025,2,6,12.45,197.0,57.11,297
00014_23-02-2025-13.18,AVE,2025,2,6,13.3,184.0,55.14,225
00009_23-02-2025-14.02,IRYO,2025,2,6,14.03,172.0,98.46,1
00015_23-02-2025-14.12,OUIGO,2025,2,6,14.2,157.0,55.49,66
00016_23-02-2025-14.27,AVE,2025,2,6,14.45,177.0,89.78,31
00017_23-02-2025-14.42,IRYO,2025,2,6,14.7,179.0,95.56,1
00018_23-02-2025-15.27,AVLO,2025,2,6,15.45,199.0,69.01,25
00007_23-02-2025-16.27,AVE,2025,2,6,16.45,172.0,80.5,125
00002_23-02-2025-16.37,IRYO,2025,2,6,16.62,157.0,84.1,22
00004_23-02-2025-16.57,AVE,2025,2,6,16.95,157.0,68.31,419
00015_23-02-2025-17.17,OUIGO,2025,2,6,17.28,157.0,49.44,181
00009_23-02-2025-17.22,IRYO,2025,2,6,17.37,172.0,79.22,21
00018_23-02-2025-17.27,AVLO,2025,2,6,17.45,199.0,56.81,57
00004_23-02-2025-17.57,AVE,2025,2,6,17.95,157.0,75.79,132
00016_23-02-2025-18.27,AVE,2025,2,6,18.45,177.0,82.65,17
00002_23-02-2025-18.32,IRYO,2025,2,6,18.53,157.0,76.07,8
00004_23-02-2025-18.57,AVE,2025,2,6,18.95,157.0,106.11,1
00009_23-02-2025-19.29,IRYO,2025,2,6,19.48,172.0,73.47,1
00019_23-02-2025-19.34,AVLO,2025,2,6,19.57,201.0,83.6,0
00004_23-02-2025-20.05,AVE,2025,2,6,20.08,157.0,43.19,938
00009_23-02-2025-20.22,IRYO,2025,2,6,20.37,172.0,75.13,1
00020_23-02-2025-20.27,AVE,2025,2,6,20.45,201.0,66.1,2
00005_23-02-2025-21.02,OUIGO,2025,2,6,21.03,172.0,62.67,0
00007_23-02-2025-21.07,AVE,2025,2,6,21.12,172.0,110.43,0
00001_24-02-2025-06.12,AVLO,2025,2,0,6.2,157.0,29.81,647
00002_24-02-2025-06.22,IRYO,2025,2,0,6.37,157.0,26.04,701
00003_24-02-2025-06.27,AVE,2025,2,0,6.45,178.0,56.6,180
00004_24-02-2025-06.57,AVE,2025,2,0,6.95,157.0,59.32,131
00005_24-02-2025-07.02,OUIGO,2025,2,0,7.03,172.0,32.31,61
00002_24-02-2025-07.22,IRYO,2025,2,0,7.37,157.0,30.82,195
00006_24-02-2025-07.27,AVE,2025,2,0,7.45,199.0,56.97,29
00004_24-02-2025-07.57,AVE,2025,2,0,7.95,157.0,67.94,11
00007_24-02-2025-08.27,AVE,2025,2,0,8.45,172.0,81.95,1
00002_24-02-2025-08.32,IRYO,2025,2,0,8.53,157.0,58.68,2
00008_24-02-2025-08.57,AVE,2025,2,0,8.95,164.0,40.97,170
00009_24-02-2025-09.22,IRYO,2025,2,0,9.37,172.0,56.45,2
00010_24-02-2025-09.27,AVE,2025,2,0,9.45,194.0,77.5,3
00009_24-02-2025-09.57,IRYO,2025,2,0,9.95,172.0,24.99,198
00011_24-02-2025-10.02,OUIGO,2025,2,0,10.03,182.0,16.73,229
00012_24-02-2025-10.27,AVLO,2025,2,0,10.45,172.0,34.96,80
00009_24-02-2025-11.22,IRYO,2025,2,0,11.37,172.0,34.54,99
00006_24-02-2025-11.27,AVE,2025,2,0,11.45,199.0,47.46,102
00009_24-02-2025-12.22,IRYO,2025,2,0,12.37,172.0,41.5,38
00013_24-02-2025-12.27,AVE,2025,2,0,12.45,197.0,53.92,36
00004_24-02-2025-12.57,AVE,2025,2,0,12.95,157.0,47.44,124
00014_24-02-2025-13.18,AVE,2025,2,0,13.3,184.0,68.94,1
00009_24-02-2025-14.02,IRYO,2025,2,0,14.03,172.0,23.94,130
00015_24-02-2025-14.12,OUIGO,2025,2,0,14.2,157.0,22.68,120
00016_24-02-2025-14.27,AVE,2025,2,0,14.45,177.0,34.41,202
00017_24-02-2025-14.42,IRYO,2025,2,0,14.7,179.0,39.6,18
00004_24-02-2025-14.57,AVE,2025,2,0,14.95,157.0,40.58,198
00018_24-02-2025-15.27,AVLO,2025,2,0,15.45,199.0,36.89,26
00004_24-02-2025-15.57,AVE,2025,2,0,15.95,157.0,36.37,450
00007_24-02-2025-16.27,AVE,2025,2,0,16.45,172.0,70.44,25
00002_24-02-2025-16.37,IRYO,2025,2,0,16.62,157.0,37.89,100
00004_24-02-2025-16.57,AVE,2025,2,0,16.95,157.0,46.7,299
00015_24-02-2025-17.17,OUIGO,2025,2,0,17.28,157.0,21.84,195
00009_24-02-2025-17.22,IRYO,2025,2,0,17.37,172.0,28.44,141
00006_24-02-2025-17.27,AVE,2025,2,0,17.45,199.0,69.03,3
00004_24-02-2025-17.57,AVE,2025,2,0,17.95,157.0,40.97,229
00016_24-02-2025-18.27,AVE,2025,2,0,18.45,177.0,59.07,13
00002_24-02-2025-18.32,IRYO,2025,2,0,18.53,157.0,42.66,12
00004_24-02-2025-18.57,AVE,2025,2,0,18.95,157.0,38.7,86
00009_24-02-2025-19.29,IRYO,2025,2,0,19.48,172.0,51.31,0
00019_24-02-2025-19.34,AVLO,2025,2,0,19.57,201.0,22.05,11
00004_24-02-2025-20.05,AVE,2025,2,0,20.08,157.0,28.48,63
00009_24-02-2025-20.22,IRYO,2025,2,0,20.37,172.0,20.63,21
00020_24-02-2025-20.27,AVE,2025,2,0,20.45,201.0,12.05,1350
00005_24-02-2025-21.02,OUIGO,2025,2,0,21.03,172.0,36.76,0
00007_24-02-2025-21.07,AVE,2025,2,0,21.12,172.0,37.33,3
00001_25-02-2025-06.12,AVLO,2025,2,1,6.2,157.0,35.27,601
00002_25-02-2025-06.22,IRYO,2025,2,1,6.37,157.0,44.46,230
00003_25-02-2025-06.27,AVE,2025,2,1,6.45,178.0,50.95,339
00004_25-02-2025-06.57,AVE,2025,2,1,6.95,157.0,114.72,0
00005_25-02-2025-07.02,OUIGO,2025,2,1,7.03,172.0,27.4,102
00002_25-02-2025-07.22,IRYO,2025,2,1,7.37,157.0,15.19,1670
00006_25-02-2025-07.27,AVE,2025,2,1,7.45,199.0,28.33,414
00004_25-02-2025-07.57,AVE,2025,2,1,7.95,157.0,55.98,49
00007_25-02-2025-08.27,AVE,2025,2,1,8.45,172.0,77.57,2
00002_25-02-2025-08.32,IRYO,2025,2,1,8.53,157.0,35.79,49
00008_25-02-2025-08.57,AVE,2025,2,1,8.95,164.0,45.71,115
00009_25-02-2025-09.22,IRYO,2025,2,1,9.37,172.0,40.47,54
00010_25-02-2025-09.27,AVE,2025,2,1,9.45,194.0,68.7,9
00009_25-02-2025-09.57,IRYO,2025,2,1,9.95,172.0,49.57,15
00011_25-02-2025-10.02,OUIGO,2025,2,1,10.03,182.0,34.14,33
00012_25-02-2025-10.27,AVLO,2025,2,1,10.45,172.0,35.98,78
00009_25-02-2025-11.22,IRYO,2025,2,1,11.37,172.0,27.04,186
00006_25-02-2025-11.27,AVE,2025,2,1,11.45,199.0,26.86,481
00009_25-02-2025-12.22,IRYO,2025,2,1,12.37,172.0,33.64,56
00013_25-02-2025-12.27,AVE,2025,2,1,12.45,197.0,46.42,65
00004_25-02-2025-12.57,AVE,2025,2,1,12.95,157.0,38.96,197
00014_25-02-2025-13.18,AVE,2025,2,1,13.3,184.0,48.24,21
00009_25-02-2025-14.02,IRYO,2025,2,1,14.03,172.0,26.91,260
00015_25-02-2025-14.12,OUIGO,2025,2,1,14.2,157.0,29.49,88
00016_25-02-2025-14.27,AVE,2025,2,1,14.45,177.0,82.35,1
00017_25-02-2025-14.42,IRYO,2025,2,1,14.7,179.0,47.98,10
00004_25-02-2025-14.57,AVE,2025,2,1,14.95,157.0,37.96,348
00018_25-02-2025-15.27,AVLO,2025,2,1,15.45,199.0,29.06,82
00004_25-02-2025-15.57,AVE,2025,2,1,15.95,157.0,43.47,369
00007_25-02-2025-16.27,AVE,2025,2,1,16.45,172.0,37.69,519
00002_25-02-2025-16.37,IRYO,2025,2,1,16.62,157.0,28.73,390
00004_25-02-2025-16.57,AVE,2025,2,1,16.95,157.0,50.47,331
00015_25-02-2025-17.17,OUIGO,2025,2,1,17.28,157.0,26.41,395
00009_25-02-2025-17.22,IRYO,2025,2,1,17.37,172.0,45.47,38
00006_25-02-2025-17.27,AVE,2025,2,1,17.45,199.0,52.36,53
00004_25-02-2025-17.57,AVE,2025,2,1,17.95,157.0,76.64,11
00016_25-02-2025-18.27,AVE,2025,2,1,18.45,177.0,54.78,31
00002_25-02-2025-18.32,IRYO,2025,2,1,18.53,157.0,26.81,313
00004_25-02-2025-18.57,AVE,2025,2,1,18.95,157.0,30.36,294
00009_25-02-2025-19.29,IRYO,2025,2,1,19.48,172.0,59.74,1
00019_25-02-2025-19.34,AVLO,2025,2,1,19.57,201.0,29.83,7
00004_25-02-2025-20.05,AVE,2025,2,1,20.08,157.0,58.47,4
00009_25-02-2025-20.22,IRYO,2025,2,1,20.37,172.0,52.72,2
00020_25-02-2025-20.27,AVE,2025,2,1,20.45,201.0,49.42,2
00005_25-02-2025-21.02,OUIGO,2025,2,1,21.03,172.0,29.24,19
00007_25-02-2025-21.07,AVE,2025,2,1,21.12,172.0,41.47,6
00001_26-02-2025-06.12,AVLO,2025,2,2,6.2,157.0,34.2,209
00002_26-02-2025-06.22,IRYO,2025,2,2,6.37,157.0,10.16,1703
00003_26-02-2025-06.27,AVE,2025,2,2,6.45,178.0,43.77,207
00004_26-02-2025-06.57,AVE,2025,2,2,6.95,157.0,80.48,7
00005_26-02-2025-07.02,OUIGO,2025,2,2,7.03,172.0,58.85,0
00002_26-02-2025-07.22,IRYO,2025,2,2,7.37,157.0,39.02,28
00006_26-02-2025-07.27,AVE,2025,2,2,7.45,199.0,23.49,282
00004_26-02-2025-07.57,AVE,2025,2,2,7.95,157.0,43.38,58
00007_26-02-2025-08.27,AVE,2025,2,2,8.45,172.0,78.92,1
00002_26-02-2025-08.32,IRYO,2025,2,2,8.53,157.0,49.1,1
00008_26-02-2025-08.57,AVE,2025,2,2,8.95,164.0,42.75,64
00009_26-02-2025-09.22,IRYO,2025,2,2,9.37,172.0,38.46,21
00010_26-02-2025-09.27,AVE,2025,2,2,9.45,194.0,54.2,26
00009_26-02-2025-09.57,IRYO,2025,2,2,9.95,172.0,18.94,325
00011_26-02-2025-10.02,OUIGO,2025,2,2,10.03,182.0,34.34,21
00012_26-02-2025-10.27,AVLO,2025,2,2,10.45,172.0,52.97,9
00009_26-02-2025-11.22,IRYO,2025,2,2,11.37,172.0,44.62,37
00006_26-02-2025-11.27,AVE,2025,2,2,11.45,199.0,65.08,20
00009_26-02-2025-12.22,IRYO,2025,2,2,12.37,172.0,39.62,39
00013_26-02-2025-12.27,AVE,2025,2,2,12.45,197.0,29.53,286
00004_26-02-2025-12.57,AVE,2025,2,2,12.95,157.0,68.13,16
00014_26-02-2025-13.18,AVE,2025,2,2,13.3,184.0,48.24,36
00009_26-02-2025-14.02,IRYO,2025,2,2,14.03,172.0,39.18,52
00015_26-02-2025-14.12,OUIGO,2025,2,2,14.2,157.0,27.82,75
00016_26-02-2025-14.27,AVE,2025,2,2,14.45,177.0,52.49,95
00017_26-02-2025-14.42,IRYO,2025,2,2,14.7,179.0,65.15,3
00004_26-02-2025-14.57,AVE,2025,2,2,14.95,157.0,66.1,55
00018_26-02-2025-15.27,AVLO,2025,2,2,15.45,199.0,33.67,79
00004_26-02-2025-15.57,AVE,2025,2,2,15.95,157.0,56.76,190
00007_26-02-2025-16.27,AVE,2025,2,2,16.45,172.0,75.65,31
00002_26-02-2025-16.37,IRYO,2025,2,2,16.62,157.0,68.69,12
00004_26-02-2025-16.57,AVE,2025,2,2,16.95,157.0,129.1,0
00015_26-02-2025-17.17,OUIGO,2025,2,2,17.28,157.0,46.35,35
00009_26-02-2025-17.22,IRYO,2025,2,2,17.37,172.0,39.45,95
00006_26-02-2025-17.27,AVE,2025,2,2,17.45,199.0,57.7,42
00004_26-02-2025-17.57,AVE,2025,2,2,17.95,157.0,26.16,931
00016_26-02-2025-18.27,AVE,2025,2,2,18.45,177.0,67.16,11
00002_26-02-2025-18.32,IRYO,2025,2,2,18.53,157.0,73.65,0
00004_26-02-2025-18.57,AVE,2025,2,2,18.95,157.0,113.43,0
00009_26-02-2025-19.29,IRYO,2025,2,2,19.48,172.0,32.12,17
00019_26-02-2025-19.34,AVLO,2025,2,2,19.57,201.0,30.6,4
00004_26-02-2025-20.05,AVE,2025,2,2,20.08,157.0,41.34,18
00009_26-02-2025-20.22,IRYO,2025,2,2,20.37,172.0,28.61,14
00020_26-02-2025-20.27,AVE,2025,2,2,20.45,201.0,39.25,2
00005_26-02-2025-21.02,OUIGO,2025,2,2,21.03,172.0,46.46,0
00007_26-02-2025-21.07,AVE,2025,2,2,21.12,172.0,58.85,0
00001_27-02-2025-06.12,AVLO,2025,2,3,6.2,157.0,31.0,788
00002_27-02-2025-06.22,IRYO,2025,2,3,6.37,157.0,45.79,181
00003_27-02-2025-06.27,AVE,2025,2,3,6.45,178.0,57.45,175
00004_27-02-2025-06.57,AVE,2025,2,3,6.95,157.0,42.91,678
00005_27-02-2025-07.02,OUIGO,2025,2,3,7.03,172.0,41.52,16
00002_27-02-2025-07.22,IRYO,2025,2,3,7.37,157.0,35.17,172
00006_27-02-2025-07.27,AVE,2025,2,3,7.45,199.0,29.09,650
00004_27-02-2025-07.57,AVE,2025,2,3,7.95,157.0,45.73,204
00007_27-02-2025-08.27,AVE,2025,2,3,8.45,172.0,74.61,5
00002_27-02-2025-08.32,IRYO,2025,2,3,8.53,157.0,47.77,18
00008_27-02-2025-08.57,AVE,2025,2,3,8.95,164.0,71.3,13
00009_27-02-2025-09.22,IRYO,2025,2,3,9.37,172.0,53.02,28
00010_27-02-2025-09.27,AVE,2025,2,3,9.45,194.0,60.63,69
00009_27-02-2025-09.57,IRYO,2025,2,3,9.95,172.0,45.67,72
00011_27-02-2025-10.02,OUIGO,2025,2,3,10.03,182.0,32.06,156
00012_27-02-2025-10.27,AVLO,2025,2,3,10.45,172.0,48.81,98
00009_27-02-2025-11.22,IRYO,2025,2,3,11.37,172.0,52.98,69
00006_27-02-2025-11.27,AVE,2025,2,3,11.45,199.0,59.8,163
00009_27-02-2025-12.22,IRYO,2025,2,3,12.37,172.0,56.55,38
00013_27-02-2025-12.27,AVE,2025,2,3,12.45,197.0,58.95,148
00004_27-02-2025-12.57,AVE,2025,2,3,12.95,157.0,59.57,274
00014_27-02-2025-13.18,AVE,2025,2,3,13.3,184.0,55.14,117
00004_27-02-2025-13.57,AVE,2025,2,3,13.95,157.0,,0
00009_27-02-2025-14.02,IRYO,2025,2,3,14.03,172.0,,0
00015_27-02-2025-14.12,OUIGO,2025,2,3,14.2,157.0,,0
00016_27-02-2025-14.27,AVE,2025,2,3,14.45,177.0,73.55,71
00017_27-02-2025-14.42,IRYO,2025,2,3,14.7,179.0,56.33,86
00004_27-02-2025-14.57,AVE,2025,2,3,14.95,157.0,106.23,3
00018_27-02-2025-15.27,AVLO,2025,2,3,15.45,199.0,48.65,95
00004_27-02-2025-15.57,AVE,2025,2,3,15.95,157.0,81.38,116
00007_27-02-2025-16.27,AVE,2025,2,3,16.45,172.0,68.01,263
00002_27-02-2025-16.37,IRYO,2025,2,3,16.62,157.0,44.43,543
00004_27-02-2025-16.57,AVE,2025,2,3,16.95,157.0,137.41,0
00015_27-02-2025-17.17,OUIGO,2025,2,3,17.28,157.0,51.32,126
00009_27-02-2025-17.22,IRYO,2025,2,3,17.37,172.0,60.2,75
00006_27-02-2025-17.27,AVE,2025,2,3,17.45,199.0,92.41,7
00004_27-02-2025-17.57,AVE,2025,2,3,17.95,157.0,45.7,966
00016_27-02-2025-18.27,AVE,2025,2,3,18.45,177.0,80.97,11
00002_27-02-2025-18.32,IRYO,2025,2,3,18.53,157.0,54.8,38
00004_27-02-2025-18.57,AVE,2025,2,3,18.95,157.0,83.51,15
00009_27-02-2025-19.29,IRYO,2025,2,3,19.48,172.0,28.62,137
00019_27-02-2025-19.34,AVLO,2025,2,3,19.57,201.0,39.1,7
00004_27-02-2025-20.05,AVE,2025,2,3,20.08,157.0,61.05,18
00009_27-02-2025-20.22,IRYO,2025,2,3,20.37,172.0,21.08,1696
00020_27-02-2025-20.27,AVE,2025,2,3,20.45,201.0,43.29,6
00005_27-02-2025-21.02,OUIGO,2025,2,3,21.03,172.0,34.67,1
00007_27-02-2025-21.07,AVE,2025,2,3,21.12,172.0,50.9,11
00002_28-02-2025-06.22,IRYO,2025,2,4,6.37,157.0,16.31,4700
00021_28-02-2025-06.27,AVLO,2025,2,4,6.45,178.0,19.1,1920
00004_28-02-2025-06.57,AVE,2025,2,4,6.95,157.0,43.75,244
00005_28-02-2025-07.02,OUIGO,2025,2,4,7.03,172.0,45.04,3
00002_28-02-2025-07.22,IRYO,2025,2,4,7.37,157.0,40.68,41
00006_28-02-2025-07.27,AVE,2025,2,4,7.45,199.0,63.93,21
00004_28-02-2025-07.57,AVE,2025,2,4,7.95,157.0,57.49,56
00002_28-02-2025-08.32,IRYO,2025,2,4,8.53,157.0,46.68,44
00008_28-02-2025-08.57,AVE,2025,2,4,8.95,164.0,107.81,0
00009_28-02-2025-09.22,IRYO,2025,2,4,9.37,172.0,52.69,49
00010_28-02-2025-09.27,AVE,2025,2,4,9.45,194.0,67.53,48
00009_28-02-2025-09.57,IRYO,2025,2,4,9.95,172.0,58.01,42
00011_28-02-2025-10.02,OUIGO,2025,2,4,10.03,182.0,37.74,120
00012_28-02-2025-10.27,AVLO,2025,2,4,10.45,172.0,65.21,27
00009_28-02-2025-11.22,IRYO,2025,2,4,11.37,172.0,62.36,22
00006_28-02-2025-11.27,AVE,2025,2,4,11.45,199.0,111.85,0
00009_28-02-2025-12.22,IRYO,2025,2,4,12.37,172.0,42.86,86
00013_28-02-2025-12.27,AVE,2025,2,4,12.45,197.0,30.86,980
00004_28-02-2025-12.57,AVE,2025,2,4,12.95,157.0,71.87,28
00014_28-02-2025-13.18,AVE,2025,2,4,13.3,184.0,55.14,45
00004_28-02-2025-13.57,AVE,2025,2,4,13.95,157.0,81.29,17
00009_28-02-2025-14.02,IRYO,2025,2,4,14.03,172.0,61.29,9
00015_28-02-2025-14.12,OUIGO,2025,2,4,14.2,157.0,38.64,87
00016_28-02-2025-14.27,AVE,2025,2,4,14.45,177.0,93.57,2
00017_28-02-2025-14.42,IRYO,2025,2,4,14.7,179.0,95.6,0
00004_28-02-2025-14.57,AVE,2025,2,4,14.95,157.0,99.29,9
00018_28-02-2025-15.27,AVLO,2025,2,4,15.45,199.0,57.63,22
00004_28-02-2025-15.57,AVE,2025,2,4,15.95,157.0,102.4,12
00007_28-02-2025-16.27,AVE,2025,2,4,16.45,172.0,71.48,113
00002_28-02-2025-16.37,IRYO,2025,2,4,16.62,157.0,59.31,102
00004_28-02-2025-16.57,AVE,2025,2,4,16.95,157.0,87.8,48
00015_28-02-2025-17.17,OUIGO,2025,2,4,17.28,157.0,55.3,47
00009_28-02-2025-17.22,IRYO,2025,2,4,17.37,172.0,48.25,142
00018_28-02-2025-17.27,AVLO,2025,2,4,17.45,199.0,60.95,17
00004_28-02-2025-17.57,AVE,2025,2,4,17.95,157.0,58.71,234
00016_28-02-2025-18.27,AVE,2025,2,4,18.45,177.0,86.88,8
00002_28-02-2025-18.32,IRYO,2025,2,4,18.53,157.0,65.77,9
00004_28-02-2025-18.57,AVE,2025,2,4,18.95,157.0,60.17,88
00009_28-02-2025-19.29,IRYO,2025,2,4,19.48,172.0,62.81,3
00019_28-02-2025-19.34,AVLO,2025,2,4,19.57,201.0,35.33,23
00004_28-02-2025-20.05,AVE,2025,2,4,20.08,157.0,72.17,7
00009_28-02-2025-20.22,IRYO,2025,2,4,20.37,172.0,45.21,1
00020_28-02-2025-20.27,AVE,2025,2,4,20.45,201.0,43.24,8
00005_28-02-2025-21.02,OUIGO,2025,2,4,21.03,172.0,40.48,0
00007_28-02-2025-21.07,AVE,2025,2,4,21.12,172.0,67.9,1
00021_01-03-2025-06.27,AVLO,2025,3,5,6.45,178.0,32.98,275
00005_01-03-2025-07.02,OUIGO,2025,3,5,7.03,172.0,44.52,28
00006_01-03-2025-07.27,AVE,2025,3,5,7.45,199.0,50.46,80
00009_01-03-2025-08.07,IRYO,2025,3,5,8.12,172.0,25.1,251
00007_01-03-2025-08.27,AVE,2025,3,5,8.45,172.0,48.83,100
00008_01-03-2025-08.57,AVE,2025,3,5,8.95,164.0,67.77,15
00009_01-03-2025-09.22,IRYO,2025,3,5,9.37,172.0,41.57,51
00010_01-03-2025-09.27,AVE,2025,3,5,9.45,194.0,50.0,96
00009_01-03-2025-09.57,IRYO,2025,3,5,9.95,172.0,35.77,114
00011_01-03-2025-10.02,OUIGO,2025,3,5,10.03,182.0,36.93,41
00012_01-03-2025-10.27,AVLO,2025,3,5,10.45,172.0,46.88,37
00009_01-03-2025-11.22,IRYO,2025,3,5,11.37,172.0,41.93,99
00006_01-03-2025-11.27,AVE,2025,3,5,11.45,199.0,65.44,28
00009_01-03-2025-12.22,IRYO,2025,3,5,12.37,172.0,43.31,81
00013_01-03-2025-12.27,AVE,2025,3,5,12.45,197.0,44.98,167
00014_01-03-2025-13.18,AVE,2025,3,5,13.3,184.0,82.74,0
00015_01-03-2025-14.12,OUIGO,2025,3,5,14.2,157.0,14.58,1246
00017_01-03-2025-14.42,IRYO,2025,3,5,14.7,179.0,25.97,166
00018_01-03-2025-15.27,AVLO,2025,3,5,15.45,199.0,30.11,90
00007_01-03-2025-16.27,AVE,2025,3,5,16.45,172.0,93.53,1
00002_01-03-2025-16.37,IRYO,2025,3,5,16.62,157.0,46.18,72
00015_01-03-2025-17.17,OUIGO,2025,3,5,17.28,157.0,26.32,176
00018_01-03-2025-17.27,AVLO,2025,3,5,17.45,199.0,21.68,212
00016_01-03-2025-18.27,AVE,2025,3,5,18.45,177.0,79.4,3
00009_01-03-2025-19.29,IRYO,2025,3,5,19.48,172.0,44.74,3
00019_01-03-2025-19.34,AVLO,2025,3,5,19.57,201.0,29.16,5
00009_01-03-2025-20.22,IRYO,2025,3,5,20.37,172.0,20.33,52
00020_01-03-2025-20.27,AVE,2025,3,5,20.45,201.0,10.0,4011
00005_01-03-2025-21.02,OUIGO,2025,3,5,21.03,172.0,20.22,12
00021_02-03-2025-06.27,AVLO,2025,3,6,6.45,178.0,54.7,71
00005_02-03-2025-07.02,OUIGO,2025,3,6,7.03,172.0,33.56,505
00006_02-03-2025-07.27,AVE,2025,3,6,7.45,199.0,54.51,62
00009_02-03-2025-08.07,IRYO,2025,3,6,8.12,172.0,50.89,21
00007_02-03-2025-08.27,AVE,2025,3,6,8.45,172.0,88.4,5
00009_02-03-2025-09.22,IRYO,2025,3,6,9.37,172.0,30.82,3229
00010_02-03-2025-09.27,AVE,2025,3,6,9.45,194.0,53.34,114
00009_02-03-2025-09.57,IRYO,2025,3,6,9.95,172.0,47.32,79
00011_02-03-2025-10.02,OUIGO,2025,3,6,10.03,182.0,46.83,23
00012_02-03-2025-10.27,AVLO,2025,3,6,10.45,172.0,47.58,73
00009_02-03-2025-11.22,IRYO,2025,3,6,11.37,172.0,70.42,13
00006_02-03-2025-11.27,AVE,2025,3,6,11.45,199.0,148.82,0
00009_02-03-2025-12.22,IRYO,2025,3,6,12.37,172.0,56.19,42
00013_02-03-2025-12.27,AVE,2025,3,6,12.45,197.0,51.15,196
00014_02-03-2025-13.18,AVE,2025,3,6,13.3,184.0,55.14,68
00009_02-03-2025-14.02,IRYO,2025,3,6,14.03,172.0,85.6,0
00015_02-03-2025-14.12,OUIGO,2025,3,6,14.2,157.0,44.51,96
00016_02-03-2025-14.27,AVE,2025,3,6,14.45,177.0,88.43,17
00017_02-03-2025-14.42,IRYO,2025,3,6,14.7,179.0,77.2,2
00018_02-03-2025-15.27,AVLO,2025,3,6,15.45,199.0,68.12,13
00007_02-03-2025-16.27,AVE,2025,3,6,16.45,172.0,73.79,87
00002_02-03-2025-16.37,IRYO,2025,3,6,16.62,157.0,95.03,5
00004_02-03-2025-16.57,AVE,2025,3,6,16.95,157.0,73.38,157
00015_02-03-2025-17.17,OUIGO,2025,3,6,17.28,157.0,72.98,10
00009_02-03-2025-17.22,IRYO,2025,3,6,17.37,172.0,79.69,9
00018_02-03-2025-17.27,AVLO,2025,3,6,17.45,199.0,74.61,5
00004_02-03-2025-17.57,AVE,2025,3,6,17.95,157.0,58.08,221
00016_02-03-2025-18.27,AVE,2025,3,6,18.45,177.0,103.46,1
00002_02-03-2025-18.32,IRYO,2025,3,6,18.53,157.0,90.35,1
00004_02-03-2025-18.57,AVE,2025,3,6,18.95,157.0,115.04,0
00009_02-03-2025-19.29,IRYO,2025,3,6,19.48,172.0,116.48,0
00019_02-03-2025-19.34,AVLO,2025,3,6,19.57,201.0,80.31,0
00004_02-03-2025-20.05,AVE,2025,3,6,20.08,157.0,89.46,4
00009_02-03-2025-20.22,IRYO,2025,3,6,20.37,172.0,86.76,0
00020_02-03-2025-20.27,AVE,2025,3,6,20.45,201.0,90.66,0
00005_02-03-2025-21.02,OUIGO,2025,3,6,21.03,172.0,51.0,2
00007_02-03-2025-21.07,AVE,2025,3,6,21.12,172.0,125.22,0
00001_03-03-2025-06.12,AVLO,2025,3,0,6.2,157.0,30.11,887
00002_03-03-2025-06.22,IRYO,2025,3,0,6.37,157.0,45.16,263
00003_03-03-2025-06.27,AVE,2025,3,0,6.45,178.0,57.42,219
00004_03-03-2025-06.57,AVE,2025,3,0,6.95,157.0,61.77,150
00005_03-03-2025-07.02,OUIGO,2025,3,0,7.03,172.0,36.54,55
00002_03-03-2025-07.22,IRYO,2025,3,0,7.37,157.0,49.76,46
00006_03-03-2025-07.27,AVE,2025,3,0,7.45,199.0,54.97,45
00004_03-03-2025-07.57,AVE,2025,3,0,7.95,157.0,57.04,83
00007_03-03-2025-08.27,AVE,2025,3,0,8.45,172.0,64.8,19
00002_03-03-2025-08.32,IRYO,2025,3,0,8.53,157.0,41.85,48
00008_03-03-2025-08.57,AVE,2025,3,0,8.95,164.0,50.35,115
00009_03-03-2025-09.22,IRYO,2025,3,0,9.37,172.0,61.13,8
00010_03-03-2025-09.27,AVE,2025,3,0,9.45,194.0,77.6,6
00009_03-03-2025-09.57,IRYO,2025,3,0,9.95,172.0,42.04,56
00011_03-03-2025-10.02,OUIGO,2025,3,0,10.03,182.0,47.66,7
00012_03-03-2025-10.27,AVLO,2025,3,0,10.45,172.0,36.94,67
00009_03-03-2025-11.22,IRYO,2025,3,0,11.37,172.0,38.45,42
00006_03-03-2025-11.27,AVE,2025,3,0,11.45,199.0,35.66,141
00009_03-03-2025-12.22,IRYO,2025,3,0,12.37,172.0,10.91,1008
00013_03-03-2025-12.27,AVE,2025,3,0,12.45,197.0,51.98,18
00004_03-03-2025-12.57,AVE,2025,3,0,12.95,157.0,32.82,239
00014_03-03-2025-13.18,AVE,2025,3,0,13.3,184.0,68.94,1
00009_03-03-2025-14.02,IRYO,2025,3,0,14.03,172.0,20.88,111
00015_03-03-2025-14.12,OUIGO,2025,3,0,14.2,157.0,42.04,3
00016_03-03-2025-14.27,AVE,2025,3,0,14.45,177.0,39.16,118
00017_03-03-2025-14.42,IRYO,2025,3,0,14.7,179.0,44.29,9
00004_03-03-2025-14.57,AVE,2025,3,0,14.95,157.0,36.31,276
00018_03-03-2025-15.27,AVLO,2025,3,0,15.45,199.0,37.89,20
00004_03-03-2025-15.57,AVE,2025,3,0,15.95,157.0,41.15,270
00007_03-03-2025-16.27,AVE,2025,3,0,16.45,172.0,61.9,33
00002_03-03-2025-16.37,IRYO,2025,3,0,16.62,157.0,45.59,51
00004_03-03-2025-16.57,AVE,2025,3,0,16.95,157.0,44.1,338
00015_03-03-2025-17.17,OUIGO,2025,3,0,17.28,157.0,17.1,283
00009_03-03-2025-17.22,IRYO,2025,3,0,17.37,172.0,20.52,237
00006_03-03-2025-17.27,AVE,2025,3,0,17.45,199.0,68.17,3
00004_03-03-2025-17.57,AVE,2025,3,0,17.95,157.0,35.57,324
00016_03-03-2025-18.27,AVE,2025,3,0,18.45,177.0,60.39,7
00002_03-03-2025-18.32,IRYO,2025,3,0,18.53,157.0,35.36,31
00004_03-03-2025-18.57,AVE,2025,3,0,18.95,157.0,42.98,71
00009_03-03-2025-19.29,IRYO,2025,3,0,19.48,172.0,57.63,0
00019_03-03-2025-19.34,AVLO,2025,3,0,19.57,201.0,23.67,4
00004_03-03-2025-20.05,AVE,2025,3,0,20.08,157.0,34.27,35
00009_03-03-2025-20.22,IRYO,2025,3,0,20.37,172.0,11.27,604
00020_03-03-2025-20.27,AVE,2025,3,0,20.45,201.0,24.08,9
00005_03-03-2025-21.02,OUIGO,2025,3,0,21.03,172.0,29.73,0
00007_03-03-2025-21.07,AVE,2025,3,0,21.12,172.0,36.68,3
00001_04-03-2025-06.12,AVLO,2025,3,1,6.2,157.0,34.14,540
00002_04-03-2025-06.22,IRYO,2025,3,1,6.37,157.0,38.14,332
00003_04-03-2025-06.27,AVE,2025,3,1,6.45,178.0,44.9,454
00004_04-03-2025-06.57,AVE,2025,3,1,6.95,157.0,111.99,0
00005_04-03-2025-07.02,OUIGO,2025,3,1,7.03,172.0,26.72,103
00002_04-03-2025-07.22,IRYO,2025,3,1,7.37,157.0,38.53,75
00006_04-03-2025-07.27,AVE,2025,3,1,7.45,199.0,37.95,141
00004_04-03-2025-07.57,AVE,2025,3,1,7.95,157.0,41.37,228
00007_04-03-2025-08.27,AVE,2025,3,1,8.45,172.0,69.53,4
00002_04-03-2025-08.32,IRYO,2025,3,1,8.53,157.0,25.66,113
00008_04-03-2025-08.57,AVE,2025,3,1,8.95,164.0,41.74,111
00009_04-03-2025-09.22,IRYO,2025,3,1,9.37,172.0,30.82,60
00010_04-03-2025-09.27,AVE,2025,3,1,9.45,194.0,65.54,12
00009_04-03-2025-09.57,IRYO,2025,3,1,9.95,172.0,31.39,89
00011_04-03-2025-10.02,OUIGO,2025,3,1,10.03,182.0,32.69,30
00012_04-03-2025-10.27,AVLO,2025,3,1,10.45,172.0,33.7,62
00009_04-03-2025-11.22,IRYO,2025,3,1,11.37,172.0,16.4,660
00006_04-03-2025-11.27,AVE,2025,3,1,11.45,199.0,39.68,136
00009_04-03-2025-12.22,IRYO,2025,3,1,12.37,172.0,36.78,38
00013_04-03-2025-12.27,AVE,2025,3,1,12.45,197.0,45.23,56
00004_04-03-2025-12.57,AVE,2025,3,1,12.95,157.0,46.98,109
00014_04-03-2025-13.18,AVE,2025,3,1,13.3,184.0,48.24,18
00009_04-03-2025-14.02,IRYO,2025,3,1,14.03,172.0,36.62,31
00015_04-03-2025-14.12,OUIGO,2025,3,1,14.2,157.0,26.86,64
00016_04-03-2025-14.27,AVE,2025,3,1,14.45,177.0,65.02,6
00017_04-03-2025-14.42,IRYO,2025,3,1,14.7,179.0,26.22,92
00004_04-03-2025-14.57,AVE,2025,3,1,14.95,157.0,45.15,132
00018_04-03-2025-15.27,AVLO,2025,3,1,15.45,199.0,29.34,34
00004_04-03-2025-15.57,AVE,2025,3,1,15.95,157.0,28.18,710
00007_04-03-2025-16.27,AVE,2025,3,1,16.45,172.0,39.42,266
00002_04-03-2025-16.37,IRYO,2025,3,1,16.62,157.0,47.6,37
00004_04-03-2025-16.57,AVE,2025,3,1,16.95,157.0,46.39,259
00015_04-03-2025-17.17,OUIGO,2025,3,1,17.28,157.0,15.99,1279
00009_04-03-2025-17.22,IRYO,2025,3,1,17.37,172.0,25.21,153
00006_04-03-2025-17.27,AVE,2025,3,1,17.45,199.0,53.33,32
00004_04-03-2025-17.57,AVE,2025,3,1,17.95,157.0,66.36,15
00016_04-03-2025-18.27,AVE,2025,3,1,18.45,177.0,44.3,51
00002_04-03-2025-18.32,IRYO,2025,3,1,18.53,157.0,25.55,72
00004_04-03-2025-18.57,AVE,2025,3,1,18.95,157.0,36.72,118
00009_04-03-2025-19.29,IRYO,2025,3,1,19.48,172.0,31.79,11
00019_04-03-2025-19.34,AVLO,2025,3,1,19.57,201.0,31.0,2
00004_04-03-2025-20.05,AVE,2025,3,1,20.08,157.0,35.77,23
00009_04-03-2025-20.22,IRYO,2025,3,1,20.37,172.0,23.9,7
00020_04-03-2025-20.27,AVE,2025,3,1,20.45,201.0,36.55,0
00005_04-03-2025-21.02,OUIGO,2025,3,1,21.03,172.0,45.26,0
00007_04-03-2025-21.07,AVE,2025,3,1,21.12,172.0,41.32,0
00001_05-03-2025-06.12,AVLO,2025,3,2,6.2,157.0,34.86,509
00002_05-03-2025-06.22,IRYO,2025,3,2,6.37,157.0,19.36,1321
00003_05-03-2025-06.27,AVE,2025,3,2,6.45,178.0,55.23,199
00004_05-03-2025-06.57,AVE,2025,3,2,6.95,157.0,104.39,0
00005_05-03-2025-07.02,OUIGO,2025,3,2,7.03,172.0,59.62,1
00002_05-03-2025-07.22,IRYO,2025,3,2,7.37,157.0,46.03,61
00006_05-03-2025-07.27,AVE,2025,3,2,7.45,199.0,22.85,730
00004_05-03-2025-07.57,AVE,2025,3,2,7.95,157.0,50.43,105
00007_05-03-2025-08.27,AVE,2025,3,2,8.45,172.0,81.4,2
00002_05-03-2025-08.32,IRYO,2025,3,2,8.53,157.0,41.8,31
00008_05-03-2025-08.57,AVE,2025,3,2,8.95,164.0,60.8,26
00009_05-03-2025-09.22,IRYO,2025,3,2,9.37,172.0,56.23,9
00010_05-03-2025-09.27,AVE,2025,3,2,9.45,194.0,67.52,14
00009_05-03-2025-09.57,IRYO,2025,3,2,9.95,172.0,38.96,89
00011_05-03-2025-10.02,OUIGO,2025,3,2,10.03,182.0,48.16,4
00012_05-03-2025-10.27,AVLO,2025,3,2,10.45,172.0,46.68,39
00009_05-03-2025-11.22,IRYO,2025,3,2,11.37,172.0,44.57,32
00006_05-03-2025-11.27,AVE,2025,3,2,11.45,199.0,44.26,92
00009_05-03-2025-12.22,IRYO,2025,3,2,12.37,172.0,25.09,205
00013_05-03-2025-12.27,AVE,2025,3,2,12.45,197.0,45.43,51
00004_05-03-2025-12.57,AVE,2025,3,2,12.95,157.0,21.37,1910
00014_05-03-2025-13.18,AVE,2025,3,2,13.3,184.0,48.24,12
00009_05-03-2025-14.02,IRYO,2025,3,2,14.03,172.0,32.21,55
00015_05-03-2025-14.12,OUIGO,2025,3,2,14.2,157.0,37.39,12
00016_05-03-2025-14.27,AVE,2025,3,2,14.45,177.0,32.09,324
00017_05-03-2025-14.42,IRYO,2025,3,2,14.7,179.0,48.52,10
00004_05-03-2025-14.57,AVE,2025,3,2,14.95,157.0,44.0,220
00018_05-03-2025-15.27,AVLO,2025,3,2,15.45,199.0,43.42,18
00004_05-03-2025-15.57,AVE,2025,3,2,15.95,157.0,44.11,458
00007_05-03-2025-16.27,AVE,2025,3,2,16.45,172.0,66.16,49
00002_05-03-2025-16.37,IRYO,2025,3,2,16.62,157.0,26.53,625
00004_05-03-2025-16.57,AVE,2025,3,2,16.95,157.0,125.18,0
00015_05-03-2025-17.17,OUIGO,2025,3,2,17.28,157.0,25.85,457
00009_05-03-2025-17.22,IRYO,2025,3,2,17.37,172.0,34.22,164
00006_05-03-2025-17.27,AVE,2025,3,2,17.45,199.0,35.77,329
00004_05-03-2025-17.57,AVE,2025,3,2,17.95,157.0,49.06,247
00016_05-03-2025-18.27,AVE,2025,3,2,18.45,177.0,78.01,7
00002_05-03-2025-18.32,IRYO,2025,3,2,18.53,157.0,53.18,12
00004_05-03-2025-18.57,AVE,2025,3,2,18.95,157.0,110.58,0
00009_05-03-2025-19.29,IRYO,2025,3,2,19.48,172.0,50.07,6
00019_05-03-2025-19.34,AVLO,2025,3,2,19.57,201.0,30.54,24
00004_05-03-2025-20.05,AVE,2025,3,2,20.08,157.0,52.63,23
00009_05-03-2025-20.22,IRYO,2025,3,2,20.37,172.0,43.29,2
00020_05-03-2025-20.27,AVE,2025,3,2,20.45,201.0,43.85,5
00005_05-03-2025-21.02,OUIGO,2025,3,2,21.03,172.0,46.66,0
00007_05-03-2025-21.07,AVE,2025,3,2,21.12,172.0,67.45,2
00001_06-03-2025-06.12,AVLO,2025,3,3,6.2,157.0,30.58,797
00002_06-03-2025-06.22,IRYO,2025,3,3,6.37,157.0,41.05,289
00003_06-03-2025-06.27,AVE,2025,3,3,6.45,178.0,49.75,380
00004_06-03-2025-06.57,AVE,2025,3,3,6.95,157.0,77.6,24
00005_06-03-2025-07.02,OUIGO,2025,3,3,7.03,172.0,29.27,110
00002_06-03-2025-07.22,IRYO,2025,3,3,7.37,157.0,17.59,1161
00006_06-03-2025-07.27,AVE,2025,3,3,7.45,199.0,48.75,68
00004_06-03-2025-07.57,AVE,2025,3,3,7.95,157.0,32.89,623
00007_06-03-2025-08.27,AVE,2025,3,3,8.45,172.0,52.56,58
00002_06-03-2025-08.32,IRYO,2025,3,3,8.53,157.0,43.23,22
00008_06-03-2025-08.57,AVE,2025,3,3,8.95,164.0,65.6,18
00009_06-03-2025-09.22,IRYO,2025,3,3,9.37,172.0,36.48,117
00010_06-03-2025-09.27,AVE,2025,3,3,9.45,194.0,44.32,240
00009_06-03-2025-09.57,IRYO,2025,3,3,9.95,172.0,55.35,16
00011_06-03-2025-10.02,OUIGO,2025,3,3,10.03,182.0,45.46,28
00012_06-03-2025-10.27,AVLO,2025,3,3,10.45,172.0,55.84,20
00009_06-03-2025-11.22,IRYO,2025,3,3,11.37,172.0,49.29,53
00006_06-03-2025-11.27,AVE,2025,3,3,11.45,199.0,41.34,352
00009_06-03-2025-12.22,IRYO,2025,3,3,12.37,172.0,55.53,20
00013_06-03-2025-12.27,AVE,2025,3,3,12.45,197.0,65.67,27
00004_06-03-2025-12.57,AVE,2025,3,3,12.95,157.0,39.85,585
00014_06-03-2025-13.18,AVE,2025,3,3,13.3,184.0,55.14,57
00004_06-03-2025-13.57,AVE,2025,3,3,13.95,157.0,,0
00009_06-03-2025-14.02,IRYO,2025,3,3,14.03,172.0,,0
00015_06-03-2025-14.12,OUIGO,2025,3,3,14.2,157.0,,0
00016_06-03-2025-14.27,AVE,2025,3,3,14.45,177.0,89.97,5
00017_06-03-2025-14.42,IRYO,2025,3,3,14.7,179.0,44.36,165
00004_06-03-2025-14.57,AVE,2025,3,3,14.95,157.0,71.8,134
00018_06-03-2025-15.27,AVLO,2025,3,3,15.45,199.0,43.1,169
00004_06-03-2025-15.57,AVE,2025,3,3,15.95,157.0,79.33,122
00007_06-03-2025-16.27,AVE,2025,3,3,16.45,172.0,61.8,470
00002_06-03-2025-16.37,IRYO,2025,3,3,16.62,157.0,45.02,498
00004_06-03-2025-16.57,AVE,2025,3,3,16.95,157.0,155.94,0
00015_06-03-2025-17.17,OUIGO,2025,3,3,17.28,157.0,68.53,20
00009_06-03-2025-17.22,IRYO,2025,3,3,17.37,172.0,60.27,67
00006_06-03-2025-17.27,AVE,2025,3,3,17.45,199.0,97.34,1
00004_06-03-2025-17.57,AVE,2025,3,3,17.95,157.0,48.25,818
00016_06-03-2025-18.27,AVE,2025,3,3,18.45,177.0,75.67,26
00002_06-03-2025-18.32,IRYO,2025,3,3,18.53,157.0,47.07,110
00004_06-03-2025-18.57,AVE,2025,3,3,18.95,157.0,77.76,20
00009_06-03-2025-19.29,IRYO,2025,3,3,19.48,172.0,62.66,3
00019_06-03-2025-19.34,AVLO,2025,3,3,19.57,201.0,40.76,11
00004_06-03-2025-20.05,AVE,2025,3,3,20.08,157.0,63.84,15
00009_06-03-2025-20.22,IRYO,2025,3,3,20.37,172.0,20.78,1494
00020_06-03-2025-20.27,AVE,2025,3,3,20.45,201.0,63.12,2
00005_06-03-2025-21.02,OUIGO,2025,3,3,21.03,172.0,31.59,0
00007_06-03-2025-21.07,AVE,2025,3,3,21.12,172.0,48.39,10
00002_07-03-2025-06.22,IRYO,2025,3,4,6.37,157.0,38.69,402
00021_07-03-2025-06.27,AVLO,2025,3,4,6.45,178.0,40.44,175
00004_07-03-2025-06.57,AVE,2025,3,4,6.95,157.0,38.77,1716
00005_07-03-2025-07.02,OUIGO,2025,3,4,7.03,172.0,28.91,2231
00002_07-03-2025-07.22,IRYO,2025,3,4,7.37,157.0,45.6,66
00006_07-03-2025-07.27,AVE,2025,3,4,7.45,199.0,51.78,99
00004_07-03-2025-07.57,AVE,2025,3,4,7.95,157.0,63.12,52
00002_07-03-2025-08.32,IRYO,2025,3,4,8.53,157.0,38.18,566
00008_07-03-2025-08.57,AVE,2025,3,4,8.95,164.0,115.58,0
00009_07-03-2025-09.22,IRYO,2025,3,4,9.37,172.0,43.81,181
00010_07-03-2025-09.27,AVE,2025,3,4,9.45,194.0,60.16,162
00009_07-03-2025-09.57,IRYO,2025,3,4,9.95,172.0,60.82,47
00011_07-03-2025-10.02,OUIGO,2025,3,4,10.03,182.0,48.76,76
00012_07-03-2025-10.27,AVLO,2025,3,4,10.45,172.0,74.51,16
00009_07-03-2025-11.22,IRYO,2025,3,4,11.37,172.0,68.29,30
00006_07-03-2025-11.27,AVE,2025,3,4,11.45,199.0,104.43,2
00009_07-03-2025-12.22,IRYO,2025,3,4,12.37,172.0,47.41,202
00013_07-03-2025-12.27,AVE,2025,3,4,12.45,197.0,48.69,466
00004_07-03-2025-12.57,AVE,2025,3,4,12.95,157.0,86.24,17
00014_07-03-2025-13.18,AVE,2025,3,4,13.3,184.0,55.14,121
00004_07-03-2025-13.57,AVE,2025,3,4,13.95,157.0,86.86,16
00009_07-03-2025-14.02,IRYO,2025,3,4,14.03,172.0,52.85,91
00015_07-03-2025-14.12,OUIGO,2025,3,4,14.2,157.0,54.34,50
00016_07-03-2025-14.27,AVE,2025,3,4,14.45,177.0,89.05,15
00017_07-03-2025-14.42,IRYO,2025,3,4,14.7,179.0,83.71,0
00004_07-03-2025-14.57,AVE,2025,3,4,14.95,157.0,89.47,24
00018_07-03-2025-15.27,AVLO,2025,3,4,15.45,199.0,63.55,21
00004_07-03-2025-15.57,AVE,2025,3,4,15.95,157.0,110.41,7
00007_07-03-2025-16.27,AVE,2025,3,4,16.45,172.0,82.9,64
00002_07-03-2025-16.37,IRYO,2025,3,4,16.62,157.0,54.62,206
00004_07-03-2025-16.57,AVE,2025,3,4,16.95,157.0,87.48,49
00015_07-03-2025-17.17,OUIGO,2025,3,4,17.28,157.0,49.45,90
00009_07-03-2025-17.22,IRYO,2025,3,4,17.37,172.0,74.85,11
00018_07-03-2025-17.27,AVLO,2025,3,4,17.45,199.0,41.31,125
00004_07-03-2025-17.57,AVE,2025,3,4,17.95,157.0,52.75,368
00016_07-03-2025-18.27,AVE,2025,3,4,18.45,177.0,86.67,3
00002_07-03-2025-18.32,IRYO,2025,3,4,18.53,157.0,43.0,121
00004_07-03-2025-18.57,AVE,2025,3,4,18.95,157.0,65.71,47
00009_07-03-2025-19.29,IRYO,2025,3,4,19.48,172.0,45.88,15
00019_07-03-2025-19.34,AVLO,2025,3,4,19.57,201.0,30.1,3794
00004_07-03-2025-20.05,AVE,2025,3,4,20.08,157.0,76.94,4
00009_07-03-2025-20.22,IRYO,2025,3,4,20.37,172.0,35.95,379
00020_07-03-2025-20.27,AVE,2025,3,4,20.45,201.0,53.86,0
00005_07-03-2025-21.02,OUIGO,2025,3,4,21.03,172.0,44.58,1
00007_07-03-2025-21.07,AVE,2025,3,4,21.12,172.0,83.81,0
00021_08-03-2025-06.27,AVLO,2025,3,5,6.45,178.0,27.92,385
00005_08-03-2025-07.02,OUIGO,2025,3,5,7.03,172.0,23.79,199
00006_08-03-2025-07.27,AVE,2025,3,5,7.45,199.0,46.03,146
00009_08-03-2025-08.07,IRYO,2025,3,5,8.12,172.0,52.19,10
00007_08-03-2025-08.27,AVE,2025,3,5,8.45,172.0,52.65,67
00008_08-03-2025-08.57,AVE,2025,3,5,8.95,164.0,41.73,247
00009_08-03-2025-09.22,IRYO,2025,3,5,9.37,172.0,39.9,61
00010_08-03-2025-09.27,AVE,2025,3,5,9.45,194.0,69.21,18
00009_08-03-2025-09.57,IRYO,2025,3,5,9.95,172.0,49.29,36
00011_08-03-2025-10.02,OUIGO,2025,3,5,10.03,182.0,34.66,58
00012_08-03-2025-10.27,AVLO,2025,3,5,10.45,172.0,45.12,62
00009_08-03-2025-11.22,IRYO,2025,3,5,11.37,172.0,33.62,161
00006_08-03-2025-11.27,AVE,2025,3,5,11.45,199.0,49.02,99
00009_08-03-2025-12.22,IRYO,2025,3,5,12.37,172.0,35.85,81
00013_08-03-2025-12.27,AVE,2025,3,5,12.45,197.0,37.25,209
00014_08-03-2025-13.18,AVE,2025,3,5,13.3,184.0,82.74,0
00015_08-03-2025-14.12,OUIGO,2025,3,5,14.2,157.0,10.0,4355
00017_08-03-2025-14.42,IRYO,2025,3,5,14.7,179.0,13.24,2062
00018_08-03-2025-15.27,AVLO,2025,3,5,15.45,199.0,33.12,63
00007_08-03-2025-16.27,AVE,2025,3,5,16.45,172.0,114.93,0
00002_08-03-2025-16.37,IRYO,2025,3,5,16.62,157.0,26.03,337
00015_08-03-2025-17.17,OUIGO,2025,3,5,17.28,157.0,43.97,56
00018_08-03-2025-17.27,AVLO,2025,3,5,17.45,199.0,27.59,124
00016_08-03-2025-18.27,AVE,2025,3,5,18.45,177.0,98.49,3
00009_08-03-2025-19.29,IRYO,2025,3,5,19.48,172.0,53.03,2
00019_08-03-2025-19.34,AVLO,2025,3,5,19.57,201.0,28.33,10
00009_08-03-2025-20.22,IRYO,2025,3,5,20.37,172.0,25.88,19
00020_08-03-2025-20.27,AVE,2025,3,5,20.45,201.0,22.94,130
00005_08-03-2025-21.02,OUIGO,2025,3,5,21.03,172.0,16.96,106
00021_09-03-2025-06.27,AVLO,2025,3,6,6.45,178.0,55.74,57
00005_09-03-2025-07.02,OUIGO,2025,3,6,7.03,172.0,51.26,28
00006_09-03-2025-07.27,AVE,2025,3,6,7.45,199.0,46.47,367
00009_09-03-2025-08.07,IRYO,2025,3,6,8.12,172.0,52.57,23
00007_09-03-2025-08.27,AVE,2025,3,6,8.45,172.0,71.91,16
00009_09-03-2025-09.22,IRYO,2025,3,6,9.37,172.0,37.15,1708
00010_09-03-2025-09.27,AVE,2025,3,6,9.45,194.0,54.63,100
00009_09-03-2025-09.57,IRYO,2025,3,6,9.95,172.0,68.25,5
00011_09-03-2025-10.02,OUIGO,2025,3,6,10.03,182.0,51.05,19
00012_09-03-2025-10.27,AVLO,2025,3,6,10.45,172.0,44.38,192
00009_09-03-2025-11.22,IRYO,2025,3,6,11.37,172.0,81.1,2
00006_09-03-2025-11.27,AVE,2025,3,6,11.45,199.0,145.37,0
00009_09-03-2025-12.22,IRYO,2025,3,6,12.37,172.0,62.85,11
00013_09-03-2025-12.27,AVE,2025,3,6,12.45,197.0,41.17,1758
00014_09-03-2025-13.18,AVE,2025,3,6,13.3,184.0,55.14,61
00009_09-03-2025-14.02,IRYO,2025,3,6,14.03,172.0,73.08,4
00015_09-03-2025-14.12,OUIGO,2025,3,6,14.2,157.0,67.78,3
00016_09-03-2025-14.27,AVE,2025,3,6,14.45,177.0,96.82,2
00017_09-03-2025-14.42,IRYO,2025,3,6,14.7,179.0,69.53,14
00018_09-03-2025-15.27,AVLO,2025,3,6,15.45,199.0,60.64,16
00007_09-03-2025-16.27,AVE,2025,3,6,16.45,172.0,78.44,75
00002_09-03-2025-16.37,IRYO,2025,3,6,16.62,157.0,81.15,9
00004_09-03-2025-16.57,AVE,2025,3,6,16.95,157.0,67.5,235
00015_09-03-2025-17.17,OUIGO,2025,3,6,17.28,157.0,47.29,209
00009_09-03-2025-17.22,IRYO,2025,3,6,17.37,172.0,69.31,25
00018_09-03-2025-17.27,AVLO,2025,3,6,17.45,199.0,61.29,29
00004_09-03-2025-17.57,AVE,2025,3,6,17.95,157.0,81.12,38
00016_09-03-2025-18.27,AVE,2025,3,6,18.45,177.0,109.97,2
00002_09-03-2025-18.32,IRYO,2025,3,6,18.53,157.0,106.82,0
00004_09-03-2025-18.57,AVE,2025,3,6,18.95,157.0,111.44,0
00009_09-03-2025-19.29,IRYO,2025,3,6,19.48,172.0,98.38,0
00019_09-03-2025-19.34,AVLO,2025,3,6,19.57,201.0,89.98,0
00004_09-03-2025-20.05,AVE,2025,3,6,20.08,157.0,62.92,21
00009_09-03-2025-20.22,IRYO,2025,3,6,20.37,172.0,65.07,1
00020_09-03-2025-20.27,AVE,2025,3,6,20.45,201.0,74.06,1
00005_09-03-2025-21.02,OUIGO,2025,3,6,21.03,172.0,61.62,0
00007_09-03-2025-21.07,AVE,2025,3,6,21.12,172.0,138.28,0
00001_10-03-2025-06.12,AVLO,2025,3,0,6.2,157.0,36.83,833
00002_10-03-2025-06.22,IRYO,2025,3,0,6.37,157.0,44.33,406
00003_10-03-2025-06.27,AVE,2025,3,0,6.45,178.0,66.35,154
00004_10-03-2025-06.57,AVE,2025,3,0,6.95,157.0,68.99,129
00005_10-03-2025-07.02,OUIGO,2025,3,0,7.03,172.0,32.48,126
00002_10-03-2025-07.22,IRYO,2025,3,0,7.37,157.0,22.96,752
00006_10-03-2025-07.27,AVE,2025,3,0,7.45,199.0,44.98,198
00004_10-03-2025-07.57,AVE,2025,3,0,7.95,157.0,72.43,21
00007_10-03-2025-08.27,AVE,2025,3,0,8.45,172.0,74.9,9
00002_10-03-2025-08.32,IRYO,2025,3,0,8.53,157.0,44.05,47
00008_10-03-2025-08.57,AVE,2025,3,0,8.95,164.0,44.38,178
00009_10-03-2025-09.22,IRYO,2025,3,0,9.37,172.0,56.7,7
00010_10-03-2025-09.27,AVE,2025,3,0,9.45,194.0,78.59,4
00009_10-03-2025-09.57,IRYO,2025,3,0,9.95,172.0,39.71,51
00011_10-03-2025-10.02,OUIGO,2025,3,0,10.03,182.0,27.84,68
00012_10-03-2025-10.27,AVLO,2025,3,0,10.45,172.0,36.26,75
00009_10-03-2025-11.22,IRYO,2025,3,0,11.37,172.0,16.77,519
00006_10-03-2025-11.27,AVE,2025,3,0,11.45,199.0,30.94,361
00009_10-03-2025-12.22,IRYO,2025,3,0,12.37,172.0,49.19,12
00013_10-03-2025-12.27,AVE,2025,3,0,12.45,197.0,44.44,80
00004_10-03-2025-12.57,AVE,2025,3,0,12.95,157.0,34.16,404
00014_10-03-2025-13.18,AVE,2025,3,0,13.3,184.0,68.94,2
00009_10-03-2025-14.02,IRYO,2025,3,0,14.03,172.0,35.02,67
00015_10-03-2025-14.12,OUIGO,2025,3,0,14.2,157.0,31.92,53
00016_10-03-2025-14.27,AVE,2025,3,0,14.45,177.0,48.65,105
00017_10-03-2025-14.42,IRYO,2025,3,0,14.7,179.0,55.96,4
00004_10-03-2025-14.57,AVE,2025,3,0,14.95,157.0,48.73,238
00018_10-03-2025-15.27,AVLO,2025,3,0,15.45,199.0,40.25,33
00004_10-03-2025-15.57,AVE,2025,3,0,15.95,157.0,41.99,629
00007_10-03-2025-16.27,AVE,2025,3,0,16.45,172.0,71.26,24
00002_10-03-2025-16.37,IRYO,2025,3,0,16.62,157.0,35.21,282
00004_10-03-2025-16.57,AVE,2025,3,0,16.95,157.0,48.8,531
00015_10-03-2025-17.17,OUIGO,2025,3,0,17.28,157.0,33.15,115
00009_10-03-2025-17.22,IRYO,2025,3,0,17.37,172.0,40.46,85
00006_10-03-2025-17.27,AVE,2025,3,0,17.45,199.0,67.88,11
00004_10-03-2025-17.57,AVE,2025,3,0,17.95,157.0,46.81,237
00016_10-03-2025-18.27,AVE,2025,3,0,18.45,177.0,43.99,83
00002_10-03-2025-18.32,IRYO,2025,3,0,18.53,157.0,31.82,73
00004_10-03-2025-18.57,AVE,2025,3,0,18.95,157.0,30.09,321
00009_10-03-2025-19.29,IRYO,2025,3,0,19.48,172.0,53.06,1
00019_10-03-2025-19.34,AVLO,2025,3,0,19.57,201.0,21.87,6
00004_10-03-2025-20.05,AVE,2025,3,0,20.08,157.0,19.58,239
00009_10-03-2025-20.22,IRYO,2025,3,0,20.37,172.0,16.6,114
00020_10-03-2025-20.27,AVE,2025,3,0,20.45,201.0,10.0,1735
00005_10-03-2025-21.02,OUIGO,2025,3,0,21.03,172.0,37.11,0
00007_10-03-2025-21.07,AVE,2025,3,0,21.12,172.0,43.95,3
00001_11-03-2025-06.12,AVLO,2025,3,1,6.2,157.0,37.73,448
00002_11-03-2025-06.22,IRYO,2025,3,1,6.37,157.0,30.48,616
00003_11-03-2025-06.27,AVE,2025,3,1,6.45,178.0,51.25,334
00004_11-03-2025-06.57,AVE,2025,3,1,6.95,157.0,112.61,0
00005_11-03-2025-07.02,OUIGO,2025,3,1,7.03,172.0,42.82,21
00002_11-03-2025-07.22,IRYO,2025,3,1,7.37,157.0,52.69,24
00006_11-03-2025-07.27,AVE,2025,3,1,7.45,199.0,39.14,142
00004_11-03-2025-07.57,AVE,2025,3,1,7.95,157.0,42.01,222
00007_11-03-2025-08.27,AVE,2025,3,1,8.45,172.0,66.79,6
00002_11-03-2025-08.32,IRYO,2025,3,1,8.53,157.0,39.69,17
00008_11-03-2025-08.57,AVE,2025,3,1,8.95,164.0,28.43,333
00009_11-03-2025-09.22,IRYO,2025,3,1,9.37,172.0,53.69,6
00010_11-03-2025-09.27,AVE,2025,3,1,9.45,194.0,65.78,3
00009_11-03-2025-09.57,IRYO,2025,3,1,9.95,172.0,16.81,308
00011_11-03-2025-10.02,OUIGO,2025,3,1,10.03,182.0,38.42,5
00012_11-03-2025-10.27,AVLO,2025,3,1,10.45,172.0,35.18,33
00009_11-03-2025-11.22,IRYO,2025,3,1,11.37,172.0,14.53,1007
00006_11-03-2025-11.27,AVE,2025,3,1,11.45,199.0,29.3,180
00009_11-03-2025-12.22,IRYO,2025,3,1,12.37,172.0,25.37,81
00013_11-03-2025-12.27,AVE,2025,3,1,12.45,197.0,52.78,14
00004_11-03-2025-12.57,AVE,2025,3,1,12.95,157.0,45.9,66
00014_11-03-2025-13.18,AVE,2025,3,1,13.3,184.0,48.24,11
00009_11-03-2025-14.02,IRYO,2025,3,1,14.03,172.0,18.76,606
00015_11-03-2025-14.12,OUIGO,2025,3,1,14.2,157.0,33.13,8
00016_11-03-2025-14.27,AVE,2025,3,1,14.45,177.0,66.43,8
00017_11-03-2025-14.42,IRYO,2025,3,1,14.7,179.0,29.28,44
00004_11-03-2025-14.57,AVE,2025,3,1,14.95,157.0,27.48,405
00018_11-03-2025-15.27,AVLO,2025,3,1,15.45,199.0,30.47,30
00004_11-03-2025-15.57,AVE,2025,3,1,15.95,157.0,28.04,650
00007_11-03-2025-16.27,AVE,2025,3,1,16.45,172.0,30.31,553
00002_11-03-2025-16.37,IRYO,2025,3,1,16.62,157.0,27.0,204
00004_11-03-2025-16.57,AVE,2025,3,1,16.95,157.0,70.2,37
00015_11-03-2025-17.17,OUIGO,2025,3,1,17.28,157.0,41.84,17
00009_11-03-2025-17.22,IRYO,2025,3,1,17.37,172.0,41.48,45
00006_11-03-2025-17.27,AVE,2025,3,1,17.45,199.0,48.5,79
00004_11-03-2025-17.57,AVE,2025,3,1,17.95,157.0,81.37,7
00016_11-03-2025-18.27,AVE,2025,3,1,18.45,177.0,64.7,3
00002_11-03-2025-18.32,IRYO,2025,3,1,18.53,157.0,39.86,25
00004_11-03-2025-18.57,AVE,2025,3,1,18.95,157.0,34.75,147
00009_11-03-2025-19.29,IRYO,2025,3,1,19.48,172.0,29.55,21
00019_11-03-2025-19.34,AVLO,2025,3,1,19.57,201.0,30.79,3
00004_11-03-2025-20.05,AVE,2025,3,1,20.08,157.0,40.83,31
00009_11-03-2025-20.22,IRYO,2025,3,1,20.37,172.0,40.78,1
00020_11-03-2025-20.27,AVE,2025,3,1,20.45,201.0,34.26,7
00005_11-03-2025-21.02,OUIGO,2025,3,1,21.03,172.0,51.5,0
00007_11-03-2025-21.07,AVE,2025,3,1,21.12,172.0,58.26,0
00001_12-03-2025-06.12,AVLO,2025,3,2,6.2,157.0,35.55,446
00002_12-03-2025-06.22,IRYO,2025,3,2,6.37,157.0,19.12,1706
00003_12-03-2025-06.27,AVE,2025,3,2,6.45,178.0,51.08,261
00004_12-03-2025-06.57,AVE,2025,3,2,6.95,157.0,92.74,0
00005_12-03-2025-07.02,OUIGO,2025,3,2,7.03,172.0,29.34,68
00002_12-03-2025-07.22,IRYO,2025,3,2,7.37,157.0,31.18,162
00006_12-03-2025-07.27,AVE,2025,3,2,7.45,199.0,36.0,204
00004_12-03-2025-07.57,AVE,2025,3,2,7.95,157.0,41.22,222
00007_12-03-2025-08.27,AVE,2025,3,2,8.45,172.0,77.62,5
00002_12-03-2025-08.32,IRYO,2025,3,2,8.53,157.0,28.44,142
00008_12-03-2025-08.57,AVE,2025,3,2,8.95,164.0,51.31,76
00009_12-03-2025-09.22,IRYO,2025,3,2,9.37,172.0,34.46,102
00010_12-03-2025-09.27,AVE,2025,3,2,9.45,194.0,67.9,14
00009_12-03-2025-09.57,IRYO,2025,3,2,9.95,172.0,35.87,104
00011_12-03-2025-10.02,OUIGO,2025,3,2,10.03,182.0,50.83,6
00012_12-03-2025-10.27,AVLO,2025,3,2,10.45,172.0,45.95,45
00009_12-03-2025-11.22,IRYO,2025,3,2,11.37,172.0,33.11,169
00006_12-03-2025-11.27,AVE,2025,3,2,11.45,199.0,39.16,275
00009_12-03-2025-12.22,IRYO,2025,3,2,12.37,172.0,40.36,62
00013_12-03-2025-12.27,AVE,2025,3,2,12.45,197.0,52.53,83
00004_12-03-2025-12.57,AVE,2025,3,2,12.95,157.0,49.12,149
00014_12-03-2025-13.18,AVE,2025,3,2,13.3,184.0,48.24,38
00009_12-03-2025-14.02,IRYO,2025,3,2,14.03,172.0,28.45,966
00015_12-03-2025-14.12,OUIGO,2025,3,2,14.2,157.0,43.24,23
00016_12-03-2025-14.27,AVE,2025,3,2,14.45,177.0,45.97,238
00017_12-03-2025-14.42,IRYO,2025,3,2,14.7,179.0,64.65,4
00004_12-03-2025-14.57,AVE,2025,3,2,14.95,157.0,49.33,314
00018_12-03-2025-15.27,AVLO,2025,3,2,15.45,199.0,34.49,163
00004_12-03-2025-15.57,AVE,2025,3,2,15.95,157.0,60.49,302
00007_12-03-2025-16.27,AVE,2025,3,2,16.45,172.0,66.45,165
00002_12-03-2025-16.37,IRYO,2025,3,2,16.62,157.0,64.78,47
00004_12-03-2025-16.57,AVE,2025,3,2,16.95,157.0,137.57,0
00015_12-03-2025-17.17,OUIGO,2025,3,2,17.28,157.0,58.46,31
00009_12-03-2025-17.22,IRYO,2025,3,2,17.37,172.0,36.74,299
00006_12-03-2025-17.27,AVE,2025,3,2,17.45,199.0,52.81,170
00004_12-03-2025-17.57,AVE,2025,3,2,17.95,157.0,50.34,386
00016_12-03-2025-18.27,AVE,2025,3,2,18.45,177.0,83.65,6
00002_12-03-2025-18.32,IRYO,2025,3,2,18.53,157.0,45.2,56
00004_12-03-2025-18.57,AVE,2025,3,2,18.95,157.0,130.18,0
00009_12-03-2025-19.29,IRYO,2025,3,2,19.48,172.0,42.37,14
00019_12-03-2025-19.34,AVLO,2025,3,2,19.57,201.0,35.13,10
00004_12-03-2025-20.05,AVE,2025,3,2,20.08,157.0,30.77,385
00009_12-03-2025-20.22,IRYO,2025,3,2,20.37,172.0,32.23,68
00020_12-03-2025-20.27,AVE,2025,3,2,20.45,201.0,48.48,4
00005_12-03-2025-21.02,OUIGO,2025,3,2,21.03,172.0,48.02,0
00007_12-03-2025-21.07,AVE,2025,3,2,21.12,172.0,45.4,3
00001_13-03-2025-06.12,AVLO,2025,3,3,6.2,157.0,33.64,700
00002_13-03-2025-06.22,IRYO,2025,3,3,6.37,157.0,33.85,526
00003_13-03-2025-06.27,AVE,2025,3,3,6.45,178.0,52.15,296
00004_13-03-2025-06.57,AVE,2025,3,3,6.95,157.0,56.93,198
00005_13-03-2025-07.02,OUIGO,2025,3,3,7.03,172.0,35.52,49
00002_13-03-2025-07.22,IRYO,2025,3,3,7.37,157.0,14.78,1886
00006_13-03-2025-07.27,AVE,2025,3,3,7.45,199.0,47.26,100
00004_13-03-2025-07.57,AVE,2025,3,3,7.95,157.0,49.57,184
00007_13-03-2025-08.27,AVE,2025,3,3,8.45,172.0,56.57,58
00002_13-03-2025-08.32,IRYO,2025,3,3,8.53,157.0,46.65,28
00008_13-03-2025-08.57,AVE,2025,3,3,8.95,164.0,59.73,70
00009_13-03-2025-09.22,IRYO,2025,3,3,9.37,172.0,60.19,3
00010_13-03-2025-09.27,AVE,2025,3,3,9.45,194.0,52.88,173
00009_13-03-2025-09.57,IRYO,2025,3,3,9.95,172.0,55.12,25
00011_13-03-2025-10.02,OUIGO,2025,3,3,10.03,182.0,41.61,65
00012_13-03-2025-10.27,AVLO,2025,3,3,10.45,172.0,52.36,60
00009_13-03-2025-11.22,IRYO,2025,3,3,11.37,172.0,54.67,51
00006_13-03-2025-11.27,AVE,2025,3,3,11.45,199.0,53.7,196
00009_13-03-2025-12.22,IRYO,2025,3,3,12.37,172.0,57.58,27
00013_13-03-2025-12.27,AVE,2025,3,3,12.45,197.0,41.12,417
00004_13-03-2025-12.57,AVE,2025,3,3,12.95,157.0,52.49,306
00014_13-03-2025-13.18,AVE,2025,3,3,13.3,184.0,55.14,79
00004_13-03-2025-13.57,AVE,2025,3,3,13.95,157.0,,0
00009_13-03-2025-14.02,IRYO,2025,3,3,14.03,172.0,,0
00015_13-03-2025-14.12,OUIGO,2025,3,3,14.2,157.0,,0
00016_13-03-2025-14.27,AVE,2025,3,3,14.45,177.0,66.64,134
00017_13-03-2025-14.42,IRYO,2025,3,3,14.7,179.0,59.13,38
00004_13-03-2025-14.57,AVE,2025,3,3,14.95,157.0,89.02,29
00018_13-03-2025-15.27,AVLO,2025,3,3,15.45,199.0,49.06,90
00004_13-03-2025-15.57,AVE,2025,3,3,15.95,157.0,97.03,27
00007_13-03-2025-16.27,AVE,2025,3,3,16.45,172.0,66.69,303
00002_13-03-2025-16.37,IRYO,2025,3,3,16.62,157.0,45.74,464
00004_13-03-2025-16.57,AVE,2025,3,3,16.95,157.0,156.44,0
00015_13-03-2025-17.17,OUIGO,2025,3,3,17.28,157.0,60.03,44
00009_13-03-2025-17.22,IRYO,2025,3,3,17.37,172.0,89.44,2
00006_13-03-2025-17.27,AVE,2025,3,3,17.45,199.0,112.51,0
00004_13-03-2025-17.57,AVE,2025,3,3,17.95,157.0,51.2,631
00016_13-03-2025-18.27,AVE,2025,3,3,18.45,177.0,57.25,133
00002_13-03-2025-18.32,IRYO,2025,3,3,18.53,157.0,23.21,1591
00004_13-03-2025-18.57,AVE,2025,3,3,18.95,157.0,86.14,3
00009_13-03-2025-19.29,IRYO,2025,3,3,19.48,172.0,43.54,15
00019_13-03-2025-19.34,AVLO,2025,3,3,19.57,201.0,37.61,10
00004_13-03-2025-20.05,AVE,2025,3,3,20.08,157.0,64.21,13
00009_13-03-2025-20.22,IRYO,2025,3,3,20.37,172.0,29.92,29
00020_13-03-2025-20.27,AVE,2025,3,3,20.45,201.0,36.99,28
00005_13-03-2025-21.02,OUIGO,2025,3,3,21.03,172.0,44.88,1
00007_13-03-2025-21.07,AVE,2025,3,3,21.12,172.0,56.9,2
00002_14-03-2025-06.22,IRYO,2025,3,4,6.37,157.0,30.33,329
00021_14-03-2025-06.27,AVLO,2025,3,4,6.45,178.0,16.38,4529
00004_14-03-2025-06.57,AVE,2025,3,4,6.95,157.0,52.24,148
00005_14-03-2025-07.02,OUIGO,2025,3,4,7.03,172.0,37.39,15
00002_14-03-2025-07.22,IRYO,2025,3,4,7.37,157.0,24.28,874
00006_14-03-2025-07.27,AVE,2025,3,4,7.45,199.0,68.65,11
00004_14-03-2025-07.57,AVE,2025,3,4,7.95,157.0,57.78,36
00002_14-03-2025-08.32,IRYO,2025,3,4,8.53,157.0,34.16,168
00008_14-03-2025-08.57,AVE,2025,3,4,8.95,164.0,119.56,0
00009_14-03-2025-09.22,IRYO,2025,3,4,9.37,172.0,59.69,24
00010_14-03-2025-09.27,AVE,2025,3,4,9.45,194.0,71.02,34
00009_14-03-2025-09.57,IRYO,2025,3,4,9.95,172.0,56.67,67
00011_14-03-2025-10.02,OUIGO,2025,3,4,10.03,182.0,41.84,88
00012_14-03-2025-10.27,AVLO,2025,3,4,10.45,172.0,64.02,20
00009_14-03-2025-11.22,IRYO,2025,3,4,11.37,172.0,52.63,83
00006_14-03-2025-11.27,AVE,2025,3,4,11.45,199.0,115.29,0
00009_14-03-2025-12.22,IRYO,2025,3,4,12.37,172.0,38.48,248
00013_14-03-2025-12.27,AVE,2025,3,4,12.45,197.0,50.89,269
00004_14-03-2025-12.57,AVE,2025,3,4,12.95,157.0,67.92,73
00014_14-03-2025-13.18,AVE,2025,3,4,13.3,184.0,55.14,86
00004_14-03-2025-13.57,AVE,2025,3,4,13.95,157.0,91.66,6
00009_14-03-2025-14.02,IRYO,2025,3,4,14.03,172.0,48.66,82
00015_14-03-2025-14.12,OUIGO,2025,3,4,14.2,157.0,52.37,26
00016_14-03-2025-14.27,AVE,2025,3,4,14.45,177.0,100.37,2
00017_14-03-2025-14.42,IRYO,2025,3,4,14.7,179.0,76.63,4
00004_14-03-2025-14.57,AVE,2025,3,4,14.95,157.0,102.37,9
00018_14-03-2025-15.27,AVLO,2025,3,4,15.45,199.0,50.28,57
00004_14-03-2025-15.57,AVE,2025,3,4,15.95,157.0,101.8,9
00007_14-03-2025-16.27,AVE,2025,3,4,16.45,172.0,76.8,86
00002_14-03-2025-16.37,IRYO,2025,3,4,16.62,157.0,58.67,116
00004_14-03-2025-16.57,AVE,2025,3,4,16.95,157.0,82.86,92
00015_14-03-2025-17.17,OUIGO,2025,3,4,17.28,157.0,55.73,41
00009_14-03-2025-17.22,IRYO,2025,3,4,17.37,172.0,50.96,94
00018_14-03-2025-17.27,AVLO,2025,3,4,17.45,199.0,55.23,24
00004_14-03-2025-17.57,AVE,2025,3,4,17.95,157.0,69.79,115
00016_14-03-2025-18.27,AVE,2025,3,4,18.45,177.0,67.91,36
00002_14-03-2025-18.32,IRYO,2025,3,4,18.53,157.0,40.78,114
00004_14-03-2025-18.57,AVE,2025,3,4,18.95,157.0,79.32,7
00009_14-03-2025-19.29,IRYO,2025,3,4,19.48,172.0,60.29,4
00019_14-03-2025-19.34,AVLO,2025,3,4,19.57,201.0,36.51,7
00004_14-03-2025-20.05,AVE,2025,3,4,20.08,157.0,47.4,47
00009_14-03-2025-20.22,IRYO,2025,3,4,20.37,172.0,25.46,1096
00020_14-03-2025-20.27,AVE,2025,3,4,20.45,201.0,41.76,10
00005_14-03-2025-21.02,OUIGO,2025,3,4,21.03,172.0,26.51,500
00007_14-03-2025-21.07,AVE,2025,3,4,21.12,172.0,88.66,0
00021_15-03-2025-06.27,AVLO,2025,3,5,6.45,178.0,33.87,367
00005_15-03-2025-07.02,OUIGO,2025,3,5,7.03,172.0,32.47,125
00006_15-03-2025-07.27,AVE,2025,3,5,7.45,199.0,54.05,83
00009_15-03-2025-08.07,IRYO,2025,3,5,8.12,172.0,27.74,266
00007_15-03-2025-08.27,AVE,2025,3,5,8.45,172.0,49.69,138
00008_15-03-2025-08.57,AVE,2025,3,5,8.95,164.0,69.33,16
00009_15-03-2025-09.22,IRYO,2025,3,5,9.37,172.0,35.46,89
00010_15-03-2025-09.27,AVE,2025,3,5,9.45,194.0,65.85,16
00009_15-03-2025-09.57,IRYO,2025,3,5,9.95,172.0,31.67,196
00011_15-03-2025-10.02,OUIGO,2025,3,5,10.03,182.0,44.69,17
00012_15-03-2025-10.27,AVLO,2025,3,5,10.45,172.0,45.1,38
00009_15-03-2025-11.22,IRYO,2025,3,5,11.37,172.0,29.04,294
00006_15-03-2025-11.27,AVE,2025,3,5,11.45,199.0,44.72,175
00009_15-03-2025-12.22,IRYO,2025,3,5,12.37,172.0,33.28,138
00013_15-03-2025-12.27,AVE,2025,3,5,12.45,197.0,55.2,44
00014_15-03-2025-13.18,AVE,2025,3,5,13.3,184.0,82.74,1
00015_15-03-2025-14.12,OUIGO,2025,3,5,14.2,157.0,10.64,5781
00017_15-03-2025-14.42,IRYO,2025,3,5,14.7,179.0,24.67,289
00018_15-03-2025-15.27,AVLO,2025,3,5,15.45,199.0,28.58,153
00007_15-03-2025-16.27,AVE,2025,3,5,16.45,172.0,110.93,1
00002_15-03-2025-16.37,IRYO,2025,3,5,16.62,157.0,44.82,153
00015_15-03-2025-17.17,OUIGO,2025,3,5,17.28,157.0,31.92,193
00018_15-03-2025-17.27,AVLO,2025,3,5,17.45,199.0,26.08,212
00016_15-03-2025-18.27,AVE,2025,3,5,18.45,177.0,89.12,3
00009_15-03-2025-19.29,IRYO,2025,3,5,19.48,172.0,33.45,29
00019_15-03-2025-19.34,AVLO,2025,3,5,19.57,201.0,26.15,26
00009_15-03-2025-20.22,IRYO,2025,3,5,20.37,172.0,32.28,8
00020_15-03-2025-20.27,AVE,2025,3,5,20.45,201.0,20.48,559
00005_15-03-2025-21.02,OUIGO,2025,3,5,21.03,172.0,13.31,901
00021_16-03-2025-06.27,AVLO,2025,3,6,6.45,178.0,59.58,73
00005_16-03-2025-07.02,OUIGO,2025,3,6,7.03,172.0,58.45,19
00006_16-03-2025-07.27,AVE,2025,3,6,7.45,199.0,66.18,65
00009_16-03-2025-08.07,IRYO,2025,3,6,8.12,172.0,62.45,14
00007_16-03-2025-08.27,AVE,2025,3,6,8.45,172.0,65.25,83
00009_16-03-2025-09.22,IRYO,2025,3,6,9.37,172.0,50.41,332
00010_16-03-2025-09.27,AVE,2025,3,6,9.45,194.0,76.04,29
00009_16-03-2025-09.57,IRYO,2025,3,6,9.95,172.0,58.9,55
00011_16-03-2025-10.02,OUIGO,2025,3,6,10.03,182.0,59.73,5
00012_16-03-2025-10.27,AVLO,2025,3,6,10.45,172.0,45.45,1266
00009_16-03-2025-11.22,IRYO,2025,3,6,11.37,172.0,69.43,21
00006_16-03-2025-11.27,AVE,2025,3,6,11.45,199.0,145.03,0
00009_16-03-2025-12.22,IRYO,2025,3,6,12.37,172.0,45.56,1631
00013_16-03-2025-12.27,AVE,2025,3,6,12.45,197.0,68.42,65
00014_16-03-2025-13.18,AVE,2025,3,6,13.3,184.0,55.14,158
00009_16-03-2025-14.02,IRYO,2025,3,6,14.03,172.0,78.55,8
00015_16-03-2025-14.12,OUIGO,2025,3,6,14.2,157.0,62.67,24
00016_16-03-2025-14.27,AVE,2025,3,6,14.45,177.0,96.92,9
00017_16-03-2025-14.42,IRYO,2025,3,6,14.7,179.0,85.02,4
00018_16-03-2025-15.27,AVLO,2025,3,6,15.45,199.0,69.56,17
00007_16-03-2025-16.27,AVE,2025,3,6,16.45,172.0,65.8,203
00002_16-03-2025-16.37,IRYO,2025,3,6,16.62,157.0,93.52,2
00004_16-03-2025-16.57,AVE,2025,3,6,16.95,157.0,76.36,127
00015_16-03-2025-17.17,OUIGO,2025,3,6,17.28,157.0,65.39,28
00009_16-03-2025-17.22,IRYO,2025,3,6,17.37,172.0,84.94,1
00018_16-03-2025-17.27,AVLO,2025,3,6,17.45,199.0,65.95,28
00004_16-03-2025-17.57,AVE,2025,3,6,17.95,157.0,78.9,75
00016_16-03-2025-18.27,AVE,2025,3,6,18.45,177.0,98.79,2
00002_16-03-2025-18.32,IRYO,2025,3,6,18.53,157.0,105.1,1
00004_16-03-2025-18.57,AVE,2025,3,6,18.95,157.0,114.34,1
00009_16-03-2025-19.29,IRYO,2025,3,6,19.48,172.0,81.31,1
00019_16-03-2025-19.34,AVLO,2025,3,6,19.57,201.0,85.66,2
00004_16-03-2025-20.05,AVE,2025,3,6,20.08,157.0,72.13,11
00009_16-03-2025-20.22,IRYO,2025,3,6,20.37,172.0,75.44,2
00020_16-03-2025-20.27,AVE,2025,3,6,20.45,201.0,81.86,1
00005_16-03-2025-21.02,OUIGO,2025,3,6,21.03,172.0,46.71,538
00007_16-03-2025-21.07,AVE,2025,3,6,21.12,172.0,113.75,0
00001_17-03-2025-06.12,AVLO,2025,3,0,6.2,157.0,25.6,754
00002_17-03-2025-06.22,IRYO,2025,3,0,6.37,157.0,41.06,205
00003_17-03-2025-06.27,AVE,2025,3,0,6.45,178.0,45.76,302
00004_17-03-2025-06.57,AVE,2025,3,0,6.95,157.0,59.81,105
00005_17-03-2025-07.02,OUIGO,2025,3,0,7.03,172.0,41.16,12
00002_17-03-2025-07.22,IRYO,2025,3,0,7.37,157.0,27.74,205
00006_17-03-2025-07.27,AVE,2025,3,0,7.45,199.0,48.01,66
00004_17-03-2025-07.57,AVE,2025,3,0,7.95,157.0,58.38,45
00007_17-03-2025-08.27,AVE,2025,3,0,8.45,172.0,73.13,6
00002_17-03-2025-08.32,IRYO,2025,3,0,8.53,157.0,41.92,41
00008_17-03-2025-08.57,AVE,2025,3,0,8.95,164.0,54.8,63
00009_17-03-2025-09.22,IRYO,2025,3,0,9.37,172.0,58.38,10
00010_17-03-2025-09.27,AVE,2025,3,0,9.45,194.0,80.4,1
00009_17-03-2025-09.57,IRYO,2025,3,0,9.95,172.0,35.02,106
00011_17-03-2025-10.02,OUIGO,2025,3,0,10.03,182.0,41.41,17
00012_17-03-2025-10.27,AVLO,2025,3,0,10.45,172.0,30.89,148
00009_17-03-2025-11.22,IRYO,2025,3,0,11.37,172.0,45.76,24
00006_17-03-2025-11.27,AVE,2025,3,0,11.45,199.0,40.28,135
00009_17-03-2025-12.22,IRYO,2025,3,0,12.37,172.0,39.01,41
00013_17-03-2025-12.27,AVE,2025,3,0,12.45,197.0,53.46,26
00004_17-03-2025-12.57,AVE,2025,3,0,12.95,157.0,33.7,302
00014_17-03-2025-13.18,AVE,2025,3,0,13.3,184.0,68.94,0
00009_17-03-2025-14.02,IRYO,2025,3,0,14.03,172.0,34.86,30
00015_17-03-2025-14.12,OUIGO,2025,3,0,14.2,157.0,28.93,29
00016_17-03-2025-14.27,AVE,2025,3,0,14.45,177.0,33.17,174
00017_17-03-2025-14.42,IRYO,2025,3,0,14.7,179.0,52.43,6
00004_17-03-2025-14.57,AVE,2025,3,0,14.95,157.0,35.76,246
00018_17-03-2025-15.27,AVLO,2025,3,0,15.45,199.0,37.53,16
00004_17-03-2025-15.57,AVE,2025,3,0,15.95,157.0,41.37,260
00007_17-03-2025-16.27,AVE,2025,3,0,16.45,172.0,66.08,24
00002_17-03-2025-16.37,IRYO,2025,3,0,16.62,157.0,37.85,69
00004_17-03-2025-16.57,AVE,2025,3,0,16.95,157.0,43.47,303
00015_17-03-2025-17.17,OUIGO,2025,3,0,17.28,157.0,10.0,1367
00009_17-03-2025-17.22,IRYO,2025,3,0,17.37,172.0,38.54,36
00006_17-03-2025-17.27,AVE,2025,3,0,17.45,199.0,70.28,1
00004_17-03-2025-17.57,AVE,2025,3,0,17.95,157.0,42.81,150
00016_17-03-2025-18.27,AVE,2025,3,0,18.45,177.0,51.21,18
00002_17-03-2025-18.32,IRYO,2025,3,0,18.53,157.0,42.43,18
00004_17-03-2025-18.57,AVE,2025,3,0,18.95,157.0,39.61,63
00009_17-03-2025-19.29,IRYO,2025,3,0,19.48,172.0,33.15,5
00019_17-03-2025-19.34,AVLO,2025,3,0,19.57,201.0,22.04,3
00004_17-03-2025-20.05,AVE,2025,3,0,20.08,157.0,16.19,180
00009_17-03-2025-20.22,IRYO,2025,3,0,20.37,172.0,21.58,5
00020_17-03-2025-20.27,AVE,2025,3,0,20.45,201.0,22.11,18
00005_17-03-2025-21.02,OUIGO,2025,3,0,21.03,172.0,14.17,55
00007_17-03-2025-21.07,AVE,2025,3,0,21.12,172.0,35.44,2
00001_18-03-2025-06.12,AVLO,2025,3,1,6.2,157.0,35.17,724
00002_18-03-2025-06.22,IRYO,2025,3,1,6.37,157.0,45.65,235
00003_18-03-2025-06.27,AVE,2025,3,1,6.45,178.0,47.67,565
00004_18-03-2025-06.57,AVE,2025,3,1,6.95,157.0,114.84,0
00005_18-03-2025-07.02,OUIGO,2025,3,1,7.03,172.0,37.21,52
00002_18-03-2025-07.22,IRYO,2025,3,1,7.37,157.0,39.53,134
00006_18-03-2025-07.27,AVE,2025,3,1,7.45,199.0,37.49,215
00004_18-03-2025-07.57,AVE,2025,3,1,7.95,157.0,41.11,301
00007_18-03-2025-08.27,AVE,2025,3,1,8.45,172.0,56.0,32
00002_18-03-2025-08.32,IRYO,2025,3,1,8.53,157.0,17.93,778
00008_18-03-2025-08.57,AVE,2025,3,1,8.95,164.0,37.7,271
00009_18-03-2025-09.22,IRYO,2025,3,1,9.37,172.0,40.0,37
00010_18-03-2025-09.27,AVE,2025,3,1,9.45,194.0,74.71,1
00009_18-03-2025-09.57,IRYO,2025,3,1,9.95,172.0,49.25,17
00011_18-03-2025-10.02,OUIGO,2025,3,1,10.03,182.0,30.34,52
00012_18-03-2025-10.27,AVLO,2025,3,1,10.45,172.0,34.29,115
00009_18-03-2025-11.22,IRYO,2025,3,1,11.37,172.0,40.46,62
00006_18-03-2025-11.27,AVE,2025,3,1,11.45,199.0,32.03,410
00009_18-03-2025-12.22,IRYO,2025,3,1,12.37,172.0,35.27,78
00013_18-03-2025-12.27,AVE,2025,3,1,12.45,197.0,46.38,94
00004_18-03-2025-12.57,AVE,2025,3,1,12.95,157.0,59.74,28
00014_18-03-2025-13.18,AVE,2025,3,1,13.3,184.0,48.24,21
00009_18-03-2025-14.02,IRYO,2025,3,1,14.03,172.0,55.22,4
00015_18-03-2025-14.12,OUIGO,2025,3,1,14.2,157.0,39.48,11
00016_18-03-2025-14.27,AVE,2025,3,1,14.45,177.0,56.33,28
00017_18-03-2025-14.42,IRYO,2025,3,1,14.7,179.0,36.01,22
00004_18-03-2025-14.57,AVE,2025,3,1,14.95,157.0,28.11,632
00018_18-03-2025-15.27,AVLO,2025,3,1,15.45,199.0,30.26,51
00004_18-03-2025-15.57,AVE,2025,3,1,15.95,157.0,26.77,1008
00007_18-03-2025-16.27,AVE,2025,3,1,16.45,172.0,32.19,572
00002_18-03-2025-16.37,IRYO,2025,3,1,16.62,157.0,22.65,1481
00004_18-03-2025-16.57,AVE,2025,3,1,16.95,157.0,61.34,90
00015_18-03-2025-17.17,OUIGO,2025,3,1,17.28,157.0,43.48,27
00009_18-03-2025-17.22,IRYO,2025,3,1,17.37,172.0,38.28,80
00006_18-03-2025-17.27,AVE,2025,3,1,17.45,199.0,60.71,32
00004_18-03-2025-17.57,AVE,2025,3,1,17.95,157.0,63.31,62
00016_18-03-2025-18.27,AVE,2025,3,1,18.45,177.0,71.16,12
00002_18-03-2025-18.32,IRYO,2025,3,1,18.53,157.0,34.95,62
00004_18-03-2025-18.57,AVE,2025,3,1,18.95,157.0,45.13,96
00009_18-03-2025-19.29,IRYO,2025,3,1,19.48,172.0,44.47,5
00019_18-03-2025-19.34,AVLO,2025,3,1,19.57,201.0,31.9,15
00004_18-03-2025-20.05,AVE,2025,3,1,20.08,157.0,44.43,31
00009_18-03-2025-20.22,IRYO,2025,3,1,20.37,172.0,28.34,25
00020_18-03-2025-20.27,AVE,2025,3,1,20.45,201.0,36.19,6
00005_18-03-2025-21.02,OUIGO,2025,3,1,21.03,172.0,36.54,0
00007_18-03-2025-21.07,AVE,2025,3,1,21.12,172.0,43.04,5
00001_19-03-2025-06.12,AVLO,2025,3,2,6.2,157.0,37.73,300
00002_19-03-2025-06.22,IRYO,2025,3,2,6.37,157.0,41.92,206
00003_19-03-2025-06.27,AVE,2025,3,2,6.45,178.0,30.18,1053
00004_19-03-2025-06.57,AVE,2025,3,2,6.95,157.0,110.38,1
00005_19-03-2025-07.02,OUIGO,2025,3,2,7.03,172.0,51.82,8
00002_19-03-2025-07.22,IRYO,2025,3,2,7.37,157.0,45.79,42
00006_19-03-2025-07.27,AVE,2025,3,2,7.45,199.0,43.37,92
00004_19-03-2025-07.57,AVE,2025,3,2,7.95,157.0,52.72,78
00007_19-03-2025-08.27,AVE,2025,3,2,8.45,172.0,92.38,1
00002_19-03-2025-08.32,IRYO,2025,3,2,8.53,157.0,71.16,0
00008_19-03-2025-08.57,AVE,2025,3,2,8.95,164.0,52.89,51
00009_19-03-2025-09.22,IRYO,2025,3,2,9.37,172.0,47.85,18
00010_19-03-2025-09.27,AVE,2025,3,2,9.45,194.0,61.76,14
00009_19-03-2025-09.57,IRYO,2025,3,2,9.95,172.0,20.41,277
00011_19-03-2025-10.02,OUIGO,2025,3,2,10.03,182.0,43.32,10
00012_19-03-2025-10.27,AVLO,2025,3,2,10.45,172.0,48.06,11
00009_19-03-2025-11.22,IRYO,2025,3,2,11.37,172.0,34.9,66
00006_19-03-2025-11.27,AVE,2025,3,2,11.45,199.0,54.98,18
00009_19-03-2025-12.22,IRYO,2025,3,2,12.37,172.0,10.8,1473
00013_19-03-2025-12.27,AVE,2025,3,2,12.45,197.0,40.89,83
00004_19-03-2025-12.57,AVE,2025,3,2,12.95,157.0,46.41,87
00014_19-03-2025-13.18,AVE,2025,3,2,13.3,184.0,48.24,16
00009_19-03-2025-14.02,IRYO,2025,3,2,14.03,172.0,31.86,59
00015_19-03-2025-14.12,OUIGO,2025,3,2,14.2,157.0,36.72,20
00016_19-03-2025-14.27,AVE,2025,3,2,14.45,177.0,34.67,253
00017_19-03-2025-14.42,IRYO,2025,3,2,14.7,179.0,68.38,2
00004_19-03-2025-14.57,AVE,2025,3,2,14.95,157.0,64.08,31
00018_19-03-2025-15.27,AVLO,2025,3,2,15.45,199.0,35.95,50
00004_19-03-2025-15.57,AVE,2025,3,2,15.95,157.0,46.28,296
00007_19-03-2025-16.27,AVE,2025,3,2,16.45,172.0,69.09,34
00002_19-03-2025-16.37,IRYO,2025,3,2,16.62,157.0,41.06,105
00004_19-03-2025-16.57,AVE,2025,3,2,16.95,157.0,126.89,0
00015_19-03-2025-17.17,OUIGO,2025,3,2,17.28,157.0,46.2,25
00009_19-03-2025-17.22,IRYO,2025,3,2,17.37,172.0,48.75,18
00006_19-03-2025-17.27,AVE,2025,3,2,17.45,199.0,21.42,608
00004_19-03-2025-17.57,AVE,2025,3,2,17.95,157.0,38.33,285
00016_19-03-2025-18.27,AVE,2025,3,2,18.45,177.0,67.73,6
00002_19-03-2025-18.32,IRYO,2025,3,2,18.53,157.0,41.85,16
00004_19-03-2025-18.57,AVE,2025,3,2,18.95,157.0,124.24,0
00009_19-03-2025-19.29,IRYO,2025,3,2,19.48,172.0,31.95,6
00019_19-03-2025-19.34,AVLO,2025,3,2,19.57,201.0,32.79,2
00004_19-03-2025-20.05,AVE,2025,3,2,20.08,157.0,42.72,20
00009_19-03-2025-20.22,IRYO,2025,3,2,20.37,172.0,32.62,1
00020_19-03-2025-20.27,AVE,2025,3,2,20.45,201.0,42.96,0
00005_19-03-2025-21.02,OUIGO,2025,3,2,21.03,172.0,30.07,1
00007_19-03-2025-21.07,AVE,2025,3,2,21.12,172.0,50.19,0
00001_20-03-2025-06.12,AVLO,2025,3,3,6.2,157.0,25.78,806
00002_20-03-2025-06.22,IRYO,2025,3,3,6.37,157.0,14.57,3005
00003_20-03-2025-06.27,AVE,2025,3,3,6.45,178.0,52.82,204
00004_20-03-2025-06.57,AVE,2025,3,3,6.95,157.0,77.83,12
00005_20-03-2025-07.02,OUIGO,2025,3,3,7.03,172.0,53.8,5
00002_20-03-2025-07.22,IRYO,2025,3,3,7.37,157.0,54.0,7
00006_20-03-2025-07.27,AVE,2025,3,3,7.45,199.0,33.06,353
00004_20-03-2025-07.57,AVE,2025,3,3,7.95,157.0,51.07,98
00007_20-03-2025-08.27,AVE,2025,3,3,8.45,172.0,43.16,236
00002_20-03-2025-08.32,IRYO,2025,3,3,8.53,157.0,44.58,32
00008_20-03-2025-08.57,AVE,2025,3,3,8.95,164.0,68.39,26
00009_20-03-2025-09.22,IRYO,2025,3,3,9.37,172.0,64.82,8
00010_20-03-2025-09.27,AVE,2025,3,3,9.45,194.0,61.67,77
00009_20-03-2025-09.57,IRYO,2025,3,3,9.95,172.0,35.9,265
00011_20-03-2025-10.02,OUIGO,2025,3,3,10.03,182.0,64.04,3
00012_20-03-2025-10.27,AVLO,2025,3,3,10.45,172.0,56.37,46
00009_20-03-2025-11.22,IRYO,2025,3,3,11.37,172.0,65.27,14
00006_20-03-2025-11.27,AVE,2025,3,3,11.45,199.0,69.37,65
00009_20-03-2025-12.22,IRYO,2025,3,3,12.37,172.0,40.33,226
00013_20-03-2025-12.27,AVE,2025,3,3,12.45,197.0,52.57,237
00004_20-03-2025-12.57,AVE,2025,3,3,12.95,157.0,59.36,200
00014_20-03-2025-13.18,AVE,2025,3,3,13.3,184.0,55.14,102
00004_20-03-2025-13.57,AVE,2025,3,3,13.95,157.0,,0
00009_20-03-2025-14.02,IRYO,2025,3,3,14.03,172.0,,0
00015_20-03-2025-14.12,OUIGO,2025,3,3,14.2,157.0,,0
00016_20-03-2025-14.27,AVE,2025,3,3,14.45,177.0,74.34,81
00017_20-03-2025-14.42,IRYO,2025,3,3,14.7,179.0,50.77,125
00004_20-03-2025-14.57,AVE,2025,3,3,14.95,157.0,66.25,303
00018_20-03-2025-15.27,AVLO,2025,3,3,15.45,199.0,43.44,238
00004_20-03-2025-15.57,AVE,2025,3,3,15.95,157.0,76.45,202
00007_20-03-2025-16.27,AVE,2025,3,3,16.45,172.0,73.22,239
00002_20-03-2025-16.37,IRYO,2025,3,3,16.62,157.0,45.95,634
00004_20-03-2025-16.57,AVE,2025,3,3,16.95,157.0,145.22,0
00015_20-03-2025-17.17,OUIGO,2025,3,3,17.28,157.0,71.02,21
00009_20-03-2025-17.22,IRYO,2025,3,3,17.37,172.0,77.43,22
00006_20-03-2025-17.27,AVE,2025,3,3,17.45,199.0,95.0,8
00004_20-03-2025-17.57,AVE,2025,3,3,17.95,157.0,73.32,150
00016_20-03-2025-18.27,AVE,2025,3,3,18.45,177.0,50.48,356
00002_20-03-2025-18.32,IRYO,2025,3,3,18.53,157.0,48.9,129
00004_20-03-2025-18.57,AVE,2025,3,3,18.95,157.0,65.21,121
00009_20-03-2025-19.29,IRYO,2025,3,3,19.48,172.0,43.49,31
00019_20-03-2025-19.34,AVLO,2025,3,3,19.57,201.0,26.78,366
00004_20-03-2025-20.05,AVE,2025,3,3,20.08,157.0,51.28,75
00009_20-03-2025-20.22,IRYO,2025,3,3,20.37,172.0,48.93,0
00020_20-03-2025-20.27,AVE,2025,3,3,20.45,201.0,46.7,13
00005_20-03-2025-21.02,OUIGO,2025,3,3,21.03,172.0,38.99,0
00007_20-03-2025-21.07,AVE,2025,3,3,21.12,172.0,70.72,0
00002_21-03-2025-06.22,IRYO,2025,3,4,6.37,157.0,35.14,63
00021_21-03-2025-06.27,AVLO,2025,3,4,6.45,178.0,11.58,3608
00004_21-03-2025-06.57,AVE,2025,3,4,6.95,157.0,30.92,331
00005_21-03-2025-07.02,OUIGO,2025,3,4,7.03,172.0,47.29,2
00002_21-03-2025-07.22,IRYO,2025,3,4,7.37,157.0,49.46,2
00006_21-03-2025-07.27,AVE,2025,3,4,7.45,199.0,72.23,1
00004_21-03-2025-07.57,AVE,2025,3,4,7.95,157.0,59.17,16
00002_21-03-2025-08.32,IRYO,2025,3,4,8.53,157.0,41.3,34
00008_21-03-2025-08.57,AVE,2025,3,4,8.95,164.0,113.17,0
00009_21-03-2025-09.22,IRYO,2025,3,4,9.37,172.0,48.02,31
00010_21-03-2025-09.27,AVE,2025,3,4,9.45,194.0,74.42,8
00009_21-03-2025-09.57,IRYO,2025,3,4,9.95,172.0,59.19,22
00011_21-03-2025-10.02,OUIGO,2025,3,4,10.03,182.0,33.62,75
00012_21-03-2025-10.27,AVLO,2025,3,4,10.45,172.0,51.9,53
00009_21-03-2025-11.22,IRYO,2025,3,4,11.37,172.0,49.37,46
00006_21-03-2025-11.27,AVE,2025,3,4,11.45,199.0,107.79,0
00009_21-03-2025-12.22,IRYO,2025,3,4,12.37,172.0,45.37,59
00013_21-03-2025-12.27,AVE,2025,3,4,12.45,197.0,45.42,177
00004_21-03-2025-12.57,AVE,2025,3,4,12.95,157.0,102.8,1
00014_21-03-2025-13.18,AVE,2025,3,4,13.3,184.0,55.14,29
00004_21-03-2025-13.57,AVE,2025,3,4,13.95,157.0,69.87,32
00009_21-03-2025-14.02,IRYO,2025,3,4,14.03,172.0,61.98,9
00015_21-03-2025-14.12,OUIGO,2025,3,4,14.2,157.0,34.47,85
00016_21-03-2025-14.27,AVE,2025,3,4,14.45,177.0,94.55,1
00017_21-03-2025-14.42,IRYO,2025,3,4,14.7,179.0,85.52,2
00004_21-03-2025-14.57,AVE,2025,3,4,14.95,157.0,91.35,6
00018_21-03-2025-15.27,AVLO,2025,3,4,15.45,199.0,50.33,33
00004_21-03-2025-15.57,AVE,2025,3,4,15.95,157.0,84.59,26
00007_21-03-2025-16.27,AVE,2025,3,4,16.45,172.0,82.29,19
00002_21-03-2025-16.37,IRYO,2025,3,4,16.62,157.0,74.44,10
00004_21-03-2025-16.57,AVE,2025,3,4,16.95,157.0,86.28,21
00015_21-03-2025-17.17,OUIGO,2025,3,4,17.28,157.0,43.32,77
00009_21-03-2025-17.22,IRYO,2025,3,4,17.37,172.0,76.04,1
00018_21-03-2025-17.27,AVLO,2025,3,4,17.45,199.0,70.31,0
00004_21-03-2025-17.57,AVE,2025,3,4,17.95,157.0,55.41,114
00016_21-03-2025-18.27,AVE,2025,3,4,18.45,177.0,93.85,0
00002_21-03-2025-18.32,IRYO,2025,3,4,18.53,157.0,32.94,101
00004_21-03-2025-18.57,AVE,2025,3,4,18.95,157.0,52.4,56
00009_21-03-2025-19.29,IRYO,2025,3,4,19.48,172.0,54.04,0
00019_21-03-2025-19.34,AVLO,2025,3,4,19.57,201.0,29.1,37
00004_21-03-2025-20.05,AVE,2025,3,4,20.08,157.0,64.12,6
00009_21-03-2025-20.22,IRYO,2025,3,4,20.37,172.0,42.07,1
00020_21-03-2025-20.27,AVE,2025,3,4,20.45,201.0,37.87,7
00005_21-03-2025-21.02,OUIGO,2025,3,4,21.03,172.0,45.08,0
00007_21-03-2025-21.07,AVE,2025,3,4,21.12,172.0,84.71,0
00021_22-03-2025-06.27,AVLO,2025,3,5,6.45,178.0,24.41,433
00005_22-03-2025-07.02,OUIGO,2025,3,5,7.03,172.0,39.26,37
00006_22-03-2025-07.27,AVE,2025,3,5,7.45,199.0,73.51,4
00009_22-03-2025-08.07,IRYO,2025,3,5,8.12,172.0,32.43,84
00007_22-03-2025-08.27,AVE,2025,3,5,8.45,172.0,53.76,47
00008_22-03-2025-08.57,AVE,2025,3,5,8.95,164.0,42.38,168
00009_22-03-2025-09.22,IRYO,2025,3,5,9.37,172.0,52.26,8
00010_22-03-2025-09.27,AVE,2025,3,5,9.45,194.0,69.28,11
00009_22-03-2025-09.57,IRYO,2025,3,5,9.95,172.0,48.85,30
00011_22-03-2025-10.02,OUIGO,2025,3,5,10.03,182.0,40.13,14
00012_22-03-2025-10.27,AVLO,2025,3,5,10.45,172.0,41.52,44
00009_22-03-2025-11.22,IRYO,2025,3,5,11.37,172.0,25.04,319
00006_22-03-2025-11.27,AVE,2025,3,5,11.45,199.0,42.41,132
00009_22-03-2025-12.22,IRYO,2025,3,5,12.37,172.0,26.92,203
00013_22-03-2025-12.27,AVE,2025,3,5,12.45,197.0,60.41,26
00014_22-03-2025-13.18,AVE,2025,3,5,13.3,184.0,82.74,1
00015_22-03-2025-14.12,OUIGO,2025,3,5,14.2,157.0,31.15,71
00017_22-03-2025-14.42,IRYO,2025,3,5,14.7,179.0,30.62,107
00018_22-03-2025-15.27,AVLO,2025,3,5,15.45,199.0,27.76,94
00007_22-03-2025-16.27,AVE,2025,3,5,16.45,172.0,81.32,13
00002_22-03-2025-16.37,IRYO,2025,3,5,16.62,157.0,52.76,38
00015_22-03-2025-17.17,OUIGO,2025,3,5,17.28,157.0,10.0,3879
00018_22-03-2025-17.27,AVLO,2025,3,5,17.45,199.0,24.91,125
00016_22-03-2025-18.27,AVE,2025,3,5,18.45,177.0,120.2,0
00009_22-03-2025-19.29,IRYO,2025,3,5,19.48,172.0,33.89,8
00019_22-03-2025-19.34,AVLO,2025,3,5,19.57,201.0,32.92,4
00009_22-03-2025-20.22,IRYO,2025,3,5,20.37,172.0,26.56,14
00020_22-03-2025-20.27,AVE,2025,3,5,20.45,201.0,21.07,415
00005_22-03-2025-21.02,OUIGO,2025,3,5,21.03,172.0,16.76,168
00021_23-03-2025-06.27,AVLO,2025,3,6,6.45,178.0,46.39,133
00005_23-03-2025-07.02,OUIGO,2025,3,6,7.03,172.0,49.41,24
00006_23-03-2025-07.27,AVE,2025,3,6,7.45,199.0,43.31,525
00009_23-03-2025-08.07,IRYO,2025,3,6,8.12,172.0,52.47,20
00007_23-03-2025-08.27,AVE,2025,3,6,8.45,172.0,84.91,6
00009_23-03-2025-09.22,IRYO,2025,3,6,9.37,172.0,33.8,2831
00010_23-03-2025-09.27,AVE,2025,3,6,9.45,194.0,45.06,455
00009_23-03-2025-09.57,IRYO,2025,3,6,9.95,172.0,81.54,0
00011_23-03-2025-10.02,OUIGO,2025,3,6,10.03,182.0,47.55,17
00012_23-03-2025-10.27,AVLO,2025,3,6,10.45,172.0,47.11,74
00009_23-03-2025-11.22,IRYO,2025,3,6,11.37,172.0,70.97,7
00006_23-03-2025-11.27,AVE,2025,3,6,11.45,199.0,124.21,0
00009_23-03-2025-12.22,IRYO,2025,3,6,12.37,172.0,44.89,196
00013_23-03-2025-12.27,AVE,2025,3,6,12.45,197.0,58.56,108
00014_23-03-2025-13.18,AVE,2025,3,6,13.3,184.0,55.14,85
00009_23-03-2025-14.02,IRYO,2025,3,6,14.03,172.0,74.09,11
00015_23-03-2025-14.12,OUIGO,2025,3,6,14.2,157.0,72.55,4
00016_23-03-2025-14.27,AVE,2025,3,6,14.45,177.0,80.69,46
00017_23-03-2025-14.42,IRYO,2025,3,6,14.7,179.0,91.64,4
00018_23-03-2025-15.27,AVLO,2025,3,6,15.45,199.0,66.33,22
00007_23-03-2025-16.27,AVE,2025,3,6,16.45,172.0,84.01,81
00002_23-03-2025-16.37,IRYO,2025,3,6,16.62,157.0,75.53,56
00004_23-03-2025-16.57,AVE,2025,3,6,16.95,157.0,87.55,98
00015_23-03-2025-17.17,OUIGO,2025,3,6,17.28,157.0,61.88,54
00009_23-03-2025-17.22,IRYO,2025,3,6,17.37,172.0,86.7,9
00018_23-03-2025-17.27,AVLO,2025,3,6,17.45,199.0,64.6,36
00004_23-03-2025-17.57,AVE,2025,3,6,17.95,157.0,83.86,69
00016_23-03-2025-18.27,AVE,2025,3,6,18.45,177.0,82.54,28
00002_23-03-2025-18.32,IRYO,2025,3,6,18.53,157.0,92.16,1
00004_23-03-2025-18.57,AVE,2025,3,6,18.95,157.0,125.39,0
00009_23-03-2025-19.29,IRYO,2025,3,6,19.48,172.0,71.25,3
00019_23-03-2025-19.34,AVLO,2025,3,6,19.57,201.0,87.4,0
00004_23-03-2025-20.05,AVE,2025,3,6,20.08,157.0,90.86,5
00009_23-03-2025-20.22,IRYO,2025,3,6,20.37,172.0,97.99,0
00020_23-03-2025-20.27,AVE,2025,3,6,20.45,201.0,87.63,2
00005_23-03-2025-21.02,OUIGO,2025,3,6,21.03,172.0,80.89,0
00007_23-03-2025-21.07,AVE,2025,3,6,21.12,172.0,134.19,0
00001_24-03-2025-06.12,AVLO,2025,3,0,6.2,157.0,28.44,324
00002_24-03-2025-06.22,IRYO,2025,3,0,6.37,157.0,13.18,853
00003_24-03-2025-06.27,AVE,2025,3,0,6.45,178.0,39.36,289
00004_24-03-2025-06.57,AVE,2025,3,0,6.95,157.0,62.68,37
00005_24-03-2025-07.02,OUIGO,2025,3,0,7.03,172.0,24.45,51
00002_24-03-2025-07.22,IRYO,2025,3,0,7.37,157.0,24.74,135
00006_24-03-2025-07.27,AVE,2025,3,0,7.45,199.0,56.51,17
00004_24-03-2025-07.57,AVE,2025,3,0,7.95,157.0,66.01,11
00007_24-03-2025-08.27,AVE,2025,3,0,8.45,172.0,57.71,13
00002_24-03-2025-08.32,IRYO,2025,3,0,8.53,157.0,31.22,52
00008_24-03-2025-08.57,AVE,2025,3,0,8.95,164.0,52.17,40
00009_24-03-2025-09.22,IRYO,2025,3,0,9.37,172.0,64.55,1
00010_24-03-2025-09.27,AVE,2025,3,0,9.45,194.0,75.62,1
00009_24-03-2025-09.57,IRYO,2025,3,0,9.95,172.0,24.65,128
00011_24-03-2025-10.02,OUIGO,2025,3,0,10.03,182.0,19.86,84
00012_24-03-2025-10.27,AVLO,2025,3,0,10.45,172.0,38.42,35
00009_24-03-2025-11.22,IRYO,2025,3,0,11.37,172.0,40.81,16
00006_24-03-2025-11.27,AVE,2025,3,0,11.45,199.0,38.74,96
00009_24-03-2025-12.22,IRYO,2025,3,0,12.37,172.0,10.0,1216
00013_24-03-2025-12.27,AVE,2025,3,0,12.45,197.0,43.86,36
00004_24-03-2025-12.57,AVE,2025,3,0,12.95,157.0,35.75,155
00014_24-03-2025-13.18,AVE,2025,3,0,13.3,184.0,68.94,0
00009_24-03-2025-14.02,IRYO,2025,3,0,14.03,172.0,42.16,7
00015_24-03-2025-14.12,OUIGO,2025,3,0,14.2,157.0,41.85,10
00016_24-03-2025-14.27,AVE,2025,3,0,14.45,177.0,43.18,101
00017_24-03-2025-14.42,IRYO,2025,3,0,14.7,179.0,50.07,7
00004_24-03-2025-14.57,AVE,2025,3,0,14.95,157.0,38.15,248
00018_24-03-2025-15.27,AVLO,2025,3,0,15.45,199.0,28.53,63
00004_24-03-2025-15.57,AVE,2025,3,0,15.95,157.0,41.34,341
00007_24-03-2025-16.27,AVE,2025,3,0,16.45,172.0,76.65,13
00002_24-03-2025-16.37,IRYO,2025,3,0,16.62,157.0,33.04,174
00004_24-03-2025-16.57,AVE,2025,3,0,16.95,157.0,47.98,299
00015_24-03-2025-17.17,OUIGO,2025,3,0,17.28,157.0,37.18,60
00009_24-03-2025-17.22,IRYO,2025,3,0,17.37,172.0,49.23,24
00006_24-03-2025-17.27,AVE,2025,3,0,17.45,199.0,63.83,18
00004_24-03-2025-17.57,AVE,2025,3,0,17.95,157.0,52.67,87
00016_24-03-2025-18.27,AVE,2025,3,0,18.45,177.0,65.94,9
00002_24-03-2025-18.32,IRYO,2025,3,0,18.53,157.0,38.95,30
00004_24-03-2025-18.57,AVE,2025,3,0,18.95,157.0,34.56,149
00009_24-03-2025-19.29,IRYO,2025,3,0,19.48,172.0,58.33,0
00019_24-03-2025-19.34,AVLO,2025,3,0,19.57,201.0,19.57,6
00004_24-03-2025-20.05,AVE,2025,3,0,20.08,157.0,31.67,45
00009_24-03-2025-20.22,IRYO,2025,3,0,20.37,172.0,42.04,0
00020_24-03-2025-20.27,AVE,2025,3,0,20.45,201.0,14.74,178
00005_24-03-2025-21.02,OUIGO,2025,3,0,21.03,172.0,27.81,0
00007_24-03-2025-21.07,AVE,2025,3,0,21.12,172.0,30.31,3
00001_25-03-2025-06.12,AVLO,2025,3,1,6.2,157.0,33.65,457
00002_25-03-2025-06.22,IRYO,2025,3,1,6.37,157.0,37.09,288
00003_25-03-2025-06.27,AVE,2025,3,1,6.45,178.0,51.96,209
00004_25-03-2025-06.57,AVE,2025,3,1,6.95,157.0,114.46,0
00005_25-03-2025-07.02,OUIGO,2025,3,1,7.03,172.0,58.0,5
00002_25-03-2025-07.22,IRYO,2025,3,1,7.37,157.0,34.65,103
00006_25-03-2025-07.27,AVE,2025,3,1,7.45,199.0,33.0,214
00004_25-03-2025-07.57,AVE,2025,3,1,7.95,157.0,33.77,321
00007_25-03-2025-08.27,AVE,2025,3,1,8.45,172.0,77.32,0
00002_25-03-2025-08.32,IRYO,2025,3,1,8.53,157.0,57.14,5
00008_25-03-2025-08.57,AVE,2025,3,1,8.95,164.0,47.81,66
00009_25-03-2025-09.22,IRYO,2025,3,1,9.37,172.0,43.13,20
00010_25-03-2025-09.27,AVE,2025,3,1,9.45,194.0,76.88,1
00009_25-03-2025-09.57,IRYO,2025,3,1,9.95,172.0,52.84,11
00011_25-03-2025-10.02,OUIGO,2025,3,1,10.03,182.0,25.49,34
00012_25-03-2025-10.27,AVLO,2025,3,1,10.45,172.0,33.44,56
00009_25-03-2025-11.22,IRYO,2025,3,1,11.37,172.0,22.99,125
00006_25-03-2025-11.27,AVE,2025,3,1,11.45,199.0,22.34,386
00009_25-03-2025-12.22,IRYO,2025,3,1,12.37,172.0,25.9,74
00013_25-03-2025-12.27,AVE,2025,3,1,12.45,197.0,51.23,14
00004_25-03-2025-12.57,AVE,2025,3,1,12.95,157.0,45.67,54
00014_25-03-2025-13.18,AVE,2025,3,1,13.3,184.0,48.24,7
00009_25-03-2025-14.02,IRYO,2025,3,1,14.03,172.0,44.92,8
00015_25-03-2025-14.12,OUIGO,2025,3,1,14.2,157.0,31.08,12
00016_25-03-2025-14.27,AVE,2025,3,1,14.45,177.0,82.63,1
00017_25-03-2025-14.42,IRYO,2025,3,1,14.7,179.0,26.22,47
00004_25-03-2025-14.57,AVE,2025,3,1,14.95,157.0,38.8,111
00018_25-03-2025-15.27,AVLO,2025,3,1,15.45,199.0,31.6,14
00004_25-03-2025-15.57,AVE,2025,3,1,15.95,157.0,17.82,1753
00007_25-03-2025-16.27,AVE,2025,3,1,16.45,172.0,24.01,536
00002_25-03-2025-16.37,IRYO,2025,3,1,16.62,157.0,41.91,27
00004_25-03-2025-16.57,AVE,2025,3,1,16.95,157.0,59.99,58
00015_25-03-2025-17.17,OUIGO,2025,3,1,17.28,157.0,53.57,1
00009_25-03-2025-17.22,IRYO,2025,3,1,17.37,172.0,46.29,21
00006_25-03-2025-17.27,AVE,2025,3,1,17.45,199.0,57.65,15
00004_25-03-2025-17.57,AVE,2025,3,1,17.95,157.0,75.25,6
00016_25-03-2025-18.27,AVE,2025,3,1,18.45,177.0,70.47,4
00002_25-03-2025-18.32,IRYO,2025,3,1,18.53,157.0,58.8,2
00004_25-03-2025-18.57,AVE,2025,3,1,18.95,157.0,32.91,119
00009_25-03-2025-19.29,IRYO,2025,3,1,19.48,172.0,37.23,2
00019_25-03-2025-19.34,AVLO,2025,3,1,19.57,201.0,30.07,3
00004_25-03-2025-20.05,AVE,2025,3,1,20.08,157.0,38.17,19
00009_25-03-2025-20.22,IRYO,2025,3,1,20.37,172.0,31.11,2
00020_25-03-2025-20.27,AVE,2025,3,1,20.45,201.0,32.86,4
00005_25-03-2025-21.02,OUIGO,2025,3,1,21.03,172.0,24.25,8
00007_25-03-2025-21.07,AVE,2025,3,1,21.12,172.0,51.34,0
00001_26-03-2025-06.12,AVLO,2025,3,2,6.2,157.0,34.29,408
00002_26-03-2025-06.22,IRYO,2025,3,2,6.37,157.0,21.85,831
00003_26-03-2025-06.27,AVE,2025,3,2,6.45,178.0,52.65,186
00004_26-03-2025-06.57,AVE,2025,3,2,6.95,157.0,96.02,1
00005_26-03-2025-07.02,OUIGO,2025,3,2,7.03,172.0,47.03,10
00002_26-03-2025-07.22,IRYO,2025,3,2,7.37,157.0,33.81,117
00006_26-03-2025-07.27,AVE,2025,3,2,7.45,199.0,36.37,182
00004_26-03-2025-07.57,AVE,2025,3,2,7.95,157.0,58.52,47
00007_26-03-2025-08.27,AVE,2025,3,2,8.45,172.0,87.53,1
00002_26-03-2025-08.32,IRYO,2025,3,2,8.53,157.0,42.25,29
00008_26-03-2025-08.57,AVE,2025,3,2,8.95,164.0,68.55,8
00009_26-03-2025-09.22,IRYO,2025,3,2,9.37,172.0,32.78,81
00010_26-03-2025-09.27,AVE,2025,3,2,9.45,194.0,70.08,2
00009_26-03-2025-09.57,IRYO,2025,3,2,9.95,172.0,22.99,253
00011_26-03-2025-10.02,OUIGO,2025,3,2,10.03,182.0,37.23,27
00012_26-03-2025-10.27,AVLO,2025,3,2,10.45,172.0,49.65,12
00009_26-03-2025-11.22,IRYO,2025,3,2,11.37,172.0,34.26,66
00006_26-03-2025-11.27,AVE,2025,3,2,11.45,199.0,32.47,278
00009_26-03-2025-12.22,IRYO,2025,3,2,12.37,172.0,22.94,306
00013_26-03-2025-12.27,AVE,2025,3,2,12.45,197.0,52.44,31
00004_26-03-2025-12.57,AVE,2025,3,2,12.95,157.0,53.58,51
00014_26-03-2025-13.18,AVE,2025,3,2,13.3,184.0,48.24,23
00009_26-03-2025-14.02,IRYO,2025,3,2,14.03,172.0,22.8,543
00015_26-03-2025-14.12,OUIGO,2025,3,2,14.2,157.0,37.49,29
00016_26-03-2025-14.27,AVE,2025,3,2,14.45,177.0,55.1,82
00017_26-03-2025-14.42,IRYO,2025,3,2,14.7,179.0,41.88,57
00004_26-03-2025-14.57,AVE,2025,3,2,14.95,157.0,52.79,199
00018_26-03-2025-15.27,AVLO,2025,3,2,15.45,199.0,33.0,158
00004_26-03-2025-15.57,AVE,2025,3,2,15.95,157.0,58.53,271
00007_26-03-2025-16.27,AVE,2025,3,2,16.45,172.0,74.15,61
00002_26-03-2025-16.37,IRYO,2025,3,2,16.62,157.0,49.58,166
00004_26-03-2025-16.57,AVE,2025,3,2,16.95,157.0,119.52,1
00015_26-03-2025-17.17,OUIGO,2025,3,2,17.28,157.0,45.21,90
00009_26-03-2025-17.22,IRYO,2025,3,2,17.37,172.0,46.11,131
00006_26-03-2025-17.27,AVE,2025,3,2,17.45,199.0,63.61,58
00004_26-03-2025-17.57,AVE,2025,3,2,17.95,157.0,64.76,123
00016_26-03-2025-18.27,AVE,2025,3,2,18.45,177.0,56.67,68
00002_26-03-2025-18.32,IRYO,2025,3,2,18.53,157.0,35.12,165
00004_26-03-2025-18.57,AVE,2025,3,2,18.95,157.0,114.07,0
00009_26-03-2025-19.29,IRYO,2025,3,2,19.48,172.0,20.31,731
00019_26-03-2025-19.34,AVLO,2025,3,2,19.57,201.0,27.17,15
00004_26-03-2025-20.05,AVE,2025,3,2,20.08,157.0,61.01,6
00009_26-03-2025-20.22,IRYO,2025,3,2,20.37,172.0,35.39,4
00020_26-03-2025-20.27,AVE,2025,3,2,20.45,201.0,56.71,1
00005_26-03-2025-21.02,OUIGO,2025,3,2,21.03,172.0,53.79,0
00007_26-03-2025-21.07,AVE,2025,3,2,21.12,172.0,59.7,3
00001_27-03-2025-06.12,AVLO,2025,3,3,6.2,157.0,37.83,331
00002_27-03-2025-06.22,IRYO,2025,3,3,6.37,157.0,29.68,573
00003_27-03-2025-06.27,AVE,2025,3,3,6.45,178.0,33.07,874
00004_27-03-2025-06.57,AVE,2025,3,3,6.95,157.0,77.77,11
00005_27-03-2025-07.02,OUIGO,2025,3,3,7.03,172.0,59.19,1
00002_27-03-2025-07.22,IRYO,2025,3,3,7.37,157.0,52.55,12
00006_27-03-2025-07.27,AVE,2025,3,3,7.45,199.0,21.87,754
00004_27-03-2025-07.57,AVE,2025,3,3,7.95,157.0,49.35,102
00007_27-03-2025-08.27,AVE,2025,3,3,8.45,172.0,59.39,22
00002_27-03-2025-08.32,IRYO,2025,3,3,8.53,157.0,43.73,24
00008_27-03-2025-08.57,AVE,2025,3,3,8.95,164.0,75.64,3
00009_27-03-2025-09.22,IRYO,2025,3,3,9.37,172.0,46.35,26
00010_27-03-2025-09.27,AVE,2025,3,3,9.45,194.0,51.37,148
00009_27-03-2025-09.57,IRYO,2025,3,3,9.95,172.0,57.93,20
00011_27-03-2025-10.02,OUIGO,2025,3,3,10.03,182.0,34.39,81
00012_27-03-2025-10.27,AVLO,2025,3,3,10.45,172.0,54.04,37
00009_27-03-2025-11.22,IRYO,2025,3,3,11.37,172.0,57.51,19
00006_27-03-2025-11.27,AVE,2025,3,3,11.45,199.0,62.45,65
00009_27-03-2025-12.22,IRYO,2025,3,3,12.37,172.0,38.1,136
00013_27-03-2025-12.27,AVE,2025,3,3,12.45,197.0,35.41,512
00004_27-03-2025-12.57,AVE,2025,3,3,12.95,157.0,67.97,50
00014_27-03-2025-13.18,AVE,2025,3,3,13.3,184.0,55.14,68
00004_27-03-2025-13.57,AVE,2025,3,3,13.95,157.0,,0
00009_27-03-2025-14.02,IRYO,2025,3,3,14.03,172.0,,0
00015_27-03-2025-14.12,OUIGO,2025,3,3,14.2,157.0,,0
00016_27-03-2025-14.27,AVE,2025,3,3,14.45,177.0,82.81,33
00017_27-03-2025-14.42,IRYO,2025,3,3,14.7,179.0,62.9,34
00004_27-03-2025-14.57,AVE,2025,3,3,14.95,157.0,90.02,32
00018_27-03-2025-15.27,AVLO,2025,3,3,15.45,199.0,46.64,122
00004_27-03-2025-15.57,AVE,2025,3,3,15.95,157.0,100.95,13
00007_27-03-2025-16.27,AVE,2025,3,3,16.45,172.0,62.41,425
00002_27-03-2025-16.37,IRYO,2025,3,3,16.62,157.0,55.13,232
00004_27-03-2025-16.57,AVE,2025,3,3,16.95,157.0,143.48,0
00015_27-03-2025-17.17,OUIGO,2025,3,3,17.28,157.0,40.03,327
00009_27-03-2025-17.22,IRYO,2025,3,3,17.37,172.0,68.78,22
00006_27-03-2025-17.27,AVE,2025,3,3,17.45,199.0,130.34,0
00004_27-03-2025-17.57,AVE,2025,3,3,17.95,157.0,52.24,625
00016_27-03-2025-18.27,AVE,2025,3,3,18.45,177.0,76.77,15
00002_27-03-2025-18.32,IRYO,2025,3,3,18.53,157.0,41.22,182
00004_27-03-2025-18.57,AVE,2025,3,3,18.95,157.0,94.75,1
00009_27-03-2025-19.29,IRYO,2025,3,3,19.48,172.0,57.09,3
00019_27-03-2025-19.34,AVLO,2025,3,3,19.57,201.0,39.49,10
00004_27-03-2025-20.05,AVE,2025,3,3,20.08,157.0,61.8,22
00009_27-03-2025-20.22,IRYO,2025,3,3,20.37,172.0,13.65,1518
00020_27-03-2025-20.27,AVE,2025,3,3,20.45,201.0,46.33,8
00005_27-03-2025-21.02,OUIGO,2025,3,3,21.03,172.0,49.64,0
00007_27-03-2025-21.07,AVE,2025,3,3,21.12,172.0,61.34,1
00002_28-03-2025-06.22,IRYO,2025,3,4,6.37,157.0,26.24,177
00021_28-03-2025-06.27,AVLO,2025,3,4,6.45,178.0,15.3,1071
00004_28-03-2025-06.57,AVE,2025,3,4,6.95,157.0,53.94,50
00005_28-03-2025-07.02,OUIGO,2025,3,4,7.03,172.0,22.64,97
00002_28-03-2025-07.22,IRYO,2025,3,4,7.37,157.0,33.02,44
00006_28-03-2025-07.27,AVE,2025,3,4,7.45,199.0,57.28,14
00004_28-03-2025-07.57,AVE,2025,3,4,7.95,157.0,58.22,19
00002_28-03-2025-08.32,IRYO,2025,3,4,8.53,157.0,24.99,210
00008_28-03-2025-08.57,AVE,2025,3,4,8.95,164.0,113.44,0
00009_28-03-2025-09.22,IRYO,2025,3,4,9.37,172.0,44.08,35
00010_28-03-2025-09.27,AVE,2025,3,4,9.45,194.0,63.85,28
00009_28-03-2025-09.57,IRYO,2025,3,4,9.95,172.0,58.56,13
00011_28-03-2025-10.02,OUIGO,2025,3,4,10.03,182.0,39.8,23
00012_28-03-2025-10.27,AVLO,2025,3,4,10.45,172.0,47.7,34
00009_28-03-2025-11.22,IRYO,2025,3,4,11.37,172.0,66.81,3
00006_28-03-2025-11.27,AVE,2025,3,4,11.45,199.0,108.77,0
00009_28-03-2025-12.22,IRYO,2025,3,4,12.37,172.0,21.01,494
00013_28-03-2025-12.27,AVE,2025,3,4,12.45,197.0,51.88,51
00004_28-03-2025-12.57,AVE,2025,3,4,12.95,157.0,63.52,38
00014_28-03-2025-13.18,AVE,2025,3,4,13.3,184.0,55.14,21
00004_28-03-2025-13.57,AVE,2025,3,4,13.95,157.0,85.8,2
00009_28-03-2025-14.02,IRYO,2025,3,4,14.03,172.0,55.74,22
00015_28-03-2025-14.12,OUIGO,2025,3,4,14.2,157.0,42.41,25
00016_28-03-2025-14.27,AVE,2025,3,4,14.45,177.0,90.98,4
00017_28-03-2025-14.42,IRYO,2025,3,4,14.7,179.0,80.1,0
00004_28-03-2025-14.57,AVE,2025,3,4,14.95,157.0,101.32,3
00018_28-03-2025-15.27,AVLO,2025,3,4,15.45,199.0,57.14,13
00004_28-03-2025-15.57,AVE,2025,3,4,15.95,157.0,99.35,2
00007_28-03-2025-16.27,AVE,2025,3,4,16.45,172.0,78.82,18
00002_28-03-2025-16.37,IRYO,2025,3,4,16.62,157.0,53.65,67
00004_28-03-2025-16.57,AVE,2025,3,4,16.95,157.0,92.06,12
00015_28-03-2025-17.17,OUIGO,2025,3,4,17.28,157.0,39.14,81
00009_28-03-2025-17.22,IRYO,2025,3,4,17.37,172.0,63.87,13
00018_28-03-2025-17.27,AVLO,2025,3,4,17.45,199.0,50.02,9
00004_28-03-2025-17.57,AVE,2025,3,4,17.95,157.0,54.55,146
00016_28-03-2025-18.27,AVE,2025,3,4,18.45,177.0,83.47,1
00002_28-03-2025-18.32,IRYO,2025,3,4,18.53,157.0,29.07,93
00004_28-03-2025-18.57,AVE,2025,3,4,18.95,157.0,59.36,21
00009_28-03-2025-19.29,IRYO,2025,3,4,19.48,172.0,70.45,0
00019_28-03-2025-19.34,AVLO,2025,3,4,19.57,201.0,38.08,4
00004_28-03-2025-20.05,AVE,2025,3,4,20.08,157.0,46.74,17
00009_28-03-2025-20.22,IRYO,2025,3,4,20.37,172.0,32.66,1
00020_28-03-2025-20.27,AVE,2025,3,4,20.45,201.0,33.78,14
00005_28-03-2025-21.02,OUIGO,2025,3,4,21.03,172.0,10.0,2175
00007_28-03-2025-21.07,AVE,2025,3,4,21.12,172.0,78.66,0
00021_29-03-2025-06.27,AVLO,2025,3,5,6.45,178.0,27.01,236
00005_29-03-2025-07.02,OUIGO,2025,3,5,7.03,172.0,55.69,3
00006_29-03-2025-07.27,AVE,2025,3,5,7.45,199.0,62.11,4
00009_29-03-2025-08.07,IRYO,2025,3,5,8.12,172.0,18.96,1150
00007_29-03-2025-08.27,AVE,2025,3,5,8.45,172.0,24.77,1139
00008_29-03-2025-08.57,AVE,2025,3,5,8.95,164.0,53.67,29
00009_29-03-2025-09.22,IRYO,2025,3,5,9.37,172.0,59.19,1
00010_29-03-2025-09.27,AVE,2025,3,5,9.45,194.0,54.95,43
00009_29-03-2025-09.57,IRYO,2025,3,5,9.95,172.0,47.38,26
00011_29-03-2025-10.02,OUIGO,2025,3,5,10.03,182.0,44.41,12
00012_29-03-2025-10.27,AVLO,2025,3,5,10.45,172.0,51.32,22
00009_29-03-2025-11.22,IRYO,2025,3,5,11.37,172.0,52.3,19
00006_29-03-2025-11.27,AVE,2025,3,5,11.45,199.0,50.22,124
00009_29-03-2025-12.22,IRYO,2025,3,5,12.37,172.0,46.96,41
00013_29-03-2025-12.27,AVE,2025,3,5,12.45,197.0,59.82,48
00014_29-03-2025-13.18,AVE,2025,3,5,13.3,184.0,82.74,1
00015_29-03-2025-14.12,OUIGO,2025,3,5,14.2,157.0,22.92,561
00017_29-03-2025-14.42,IRYO,2025,3,5,14.7,179.0,37.66,90
00018_29-03-2025-15.27,AVLO,2025,3,5,15.45,199.0,33.05,95
00007_29-03-2025-16.27,AVE,2025,3,5,16.45,172.0,117.71,0
00002_29-03-2025-16.37,IRYO,2025,3,5,16.62,157.0,48.36,101
00015_29-03-2025-17.17,OUIGO,2025,3,5,17.28,157.0,33.77,139
00018_29-03-2025-17.27,AVLO,2025,3,5,17.45,199.0,28.6,131
00016_29-03-2025-18.27,AVE,2025,3,5,18.45,177.0,118.38,0
00009_29-03-2025-19.29,IRYO,2025,3,5,19.48,172.0,45.18,4
00019_29-03-2025-19.34,AVLO,2025,3,5,19.57,201.0,32.1,8
00009_29-03-2025-20.22,IRYO,2025,3,5,20.37,172.0,17.96,1637
00020_29-03-2025-20.27,AVE,2025,3,5,20.45,201.0,26.41,127
00005_29-03-2025-21.02,OUIGO,2025,3,5,21.03,172.0,26.97,4
00021_30-03-2025-06.27,AVLO,2025,3,6,6.45,178.0,62.88,30
00005_30-03-2025-07.02,OUIGO,2025,3,6,7.03,172.0,14.97,5194
00006_30-03-2025-07.27,AVE,2025,3,6,7.45,199.0,40.82,264
00009_30-03-2025-08.07,IRYO,2025,3,6,8.12,172.0,56.84,19
00007_30-03-2025-08.27,AVE,2025,3,6,8.45,172.0,72.54,20
00009_30-03-2025-09.22,IRYO,2025,3,6,9.37,172.0,49.79,45
00010_30-03-2025-09.27,AVE,2025,3,6,9.45,194.0,61.78,79
00009_30-03-2025-09.57,IRYO,2025,3,6,9.95,172.0,76.01,2
00011_30-03-2025-10.02,OUIGO,2025,3,6,10.03,182.0,37.95,82
00012_30-03-2025-10.27,AVLO,2025,3,6,10.45,172.0,39.18,197
00009_30-03-2025-11.22,IRYO,2025,3,6,11.37,172.0,67.99,18
00006_30-03-2025-11.27,AVE,2025,3,6,11.45,199.0,151.17,0
00009_30-03-2025-12.22,IRYO,2025,3,6,12.37,172.0,41.25,174
00013_30-03-2025-12.27,AVE,2025,3,6,12.45,197.0,51.97,210
00014_30-03-2025-13.18,AVE,2025,3,6,13.3,184.0,55.14,83
00009_30-03-2025-14.02,IRYO,2025,3,6,14.03,172.0,86.86,2
00015_30-03-2025-14.12,OUIGO,2025,3,6,14.2,157.0,44.79,83
00016_30-03-2025-14.27,AVE,2025,3,6,14.45,177.0,74.22,50
00017_30-03-2025-14.42,IRYO,2025,3,6,14.7,179.0,98.61,0
00018_30-03-2025-15.27,AVLO,2025,3,6,15.45,199.0,76.03,1
00007_30-03-2025-16.27,AVE,2025,3,6,16.45,172.0,83.98,72
00002_30-03-2025-16.37,IRYO,2025,3,6,16.62,157.0,100.09,1
00004_30-03-2025-16.57,AVE,2025,3,6,16.95,157.0,78.13,153
00015_30-03-2025-17.17,OUIGO,2025,3,6,17.28,157.0,66.86,21
00009_30-03-2025-17.22,IRYO,2025,3,6,17.37,172.0,84.76,4
00018_30-03-2025-17.27,AVLO,2025,3,6,17.45,199.0,72.01,9
00004_30-03-2025-17.57,AVE,2025,3,6,17.95,157.0,52.32,397
00016_30-03-2025-18.27,AVE,2025,3,6,18.45,177.0,82.57,9
00002_30-03-2025-18.32,IRYO,2025,3,6,18.53,157.0,93.69,0
00004_30-03-2025-18.57,AVE,2025,3,6,18.95,157.0,121.54,1
00009_30-03-2025-19.29,IRYO,2025,3,6,19.48,172.0,84.35,2
00019_30-03-2025-19.34,AVLO,2025,3,6,19.57,201.0,83.64,0
00004_30-03-2025-20.05,AVE,2025,3,6,20.08,157.0,67.97,16
00009_30-03-2025-20.22,IRYO,2025,3,6,20.37,172.0,96.05,0
00020_30-03-2025-20.27,AVE,2025,3,6,20.45,201.0,74.99,2
00005_30-03-2025-21.02,OUIGO,2025,3,6,21.03,172.0,53.03,0
00007_30-03-2025-21.07,AVE,2025,3,6,21.12,172.0,100.98,0
00001_31-03-2025-06.12,AVLO,2025,3,0,6.2,157.0,29.77,600
00002_31-03-2025-06.22,IRYO,2025,3,0,6.37,157.0,30.51,522
00003_31-03-2025-06.27,AVE,2025,3,0,6.45,178.0,36.21,781
00004_31-03-2025-06.57,AVE,2025,3,0,6.95,157.0,51.28,240
00005_31-03-2025-07.02,OUIGO,2025,3,0,7.03,172.0,39.13,20
00002_31-03-2025-07.22,IRYO,2025,3,0,7.37,157.0,35.54,110
00006_31-03-2025-07.27,AVE,2025,3,0,7.45,199.0,58.65,25
00004_31-03-2025-07.57,AVE,2025,3,0,7.95,157.0,62.15,37
00007_31-03-2025-08.27,AVE,2025,3,0,8.45,172.0,71.3,7
00002_31-03-2025-08.32,IRYO,2025,3,0,8.53,157.0,29.13,125
00008_31-03-2025-08.57,AVE,2025,3,0,8.95,164.0,59.19,34
00009_31-03-2025-09.22,IRYO,2025,3,0,9.37,172.0,50.18,19
00010_31-03-2025-09.27,AVE,2025,3,0,9.45,194.0,68.8,8
00009_31-03-2025-09.57,IRYO,2025,3,0,9.95,172.0,29.24,162
00011_31-03-2025-10.02,OUIGO,2025,3,0,10.03,182.0,26.88,102
00012_31-03-2025-10.27,AVLO,2025,3,0,10.45,172.0,37.42,89
00009_31-03-2025-11.22,IRYO,2025,3,0,11.37,172.0,37.02,61
00006_31-03-2025-11.27,AVE,2025,3,0,11.45,199.0,33.62,290
00009_31-03-2025-12.22,IRYO,2025,3,0,12.37,172.0,40.05,30
00013_31-03-2025-12.27,AVE,2025,3,0,12.45,197.0,47.67,52
00004_31-03-2025-12.57,AVE,2025,3,0,12.95,157.0,34.63,336
00014_31-03-2025-13.18,AVE,2025,3,0,13.3,184.0,68.94,0
00009_31-03-2025-14.02,IRYO,2025,3,0,14.03,172.0,34.38,42
00015_31-03-2025-14.12,OUIGO,2025,3,0,14.2,157.0,22.57,169
00016_31-03-2025-14.27,AVE,2025,3,0,14.45,177.0,27.99,471
00017_31-03-2025-14.42,IRYO,2025,3,0,14.7,179.0,52.13,4
00004_31-03-2025-14.57,AVE,2025,3,0,14.95,157.0,44.06,211
00018_31-03-2025-15.27,AVLO,2025,3,0,15.45,199.0,32.97,49
00004_31-03-2025-15.57,AVE,2025,3,0,15.95,157.0,41.57,444
00007_31-03-2025-16.27,AVE,2025,3,0,16.45,172.0,69.92,41
00002_31-03-2025-16.37,IRYO,2025,3,0,16.62,157.0,36.43,206
00004_31-03-2025-16.57,AVE,2025,3,0,16.95,157.0,49.34,380
00015_31-03-2025-17.17,OUIGO,2025,3,0,17.28,157.0,32.22,95
00009_31-03-2025-17.22,IRYO,2025,3,0,17.37,172.0,25.79,265
00006_31-03-2025-17.27,AVE,2025,3,0,17.45,199.0,59.21,18
00004_31-03-2025-17.57,AVE,2025,3,0,17.95,157.0,49.89,173
00016_31-03-2025-18.27,AVE,2025,3,0,18.45,177.0,55.99,35
00002_31-03-2025-18.32,IRYO,2025,3,0,18.53,157.0,38.59,38
00004_31-03-2025-18.57,AVE,2025,3,0,18.95,157.0,44.29,95
00009_31-03-2025-19.29,IRYO,2025,3,0,19.48,172.0,56.29,1
00019_31-03-2025-19.34,AVLO,2025,3,0,19.57,201.0,25.69,7
00004_31-03-2025-20.05,AVE,2025,3,0,20.08,157.0,22.25,224
00009_31-03-2025-20.22,IRYO,2025,3,0,20.37,172.0,21.89,40
00020_31-03-2025-20.27,AVE,2025,3,0,20.45,201.0,21.21,83
00005_31-03-2025-21.02,OUIGO,2025,3,0,21.03,172.0,14.6,1388
00007_31-03-2025-21.07,AVE,2025,3,0,21.12,172.0,32.82,9
00001_01-04-2025-06.12,AVLO,2025,4,1,6.2,157.0,35.58,815
00002_01-04-2025-06.22,IRYO,2025,4,1,6.37,157.0,28.05,1174
00003_01-04-2025-06.27,AVE,2025,4,1,6.45,178.0,37.43,1338
00004_01-04-2025-06.57,AVE,2025,4,1,6.95,157.0,120.09,0
00005_01-04-2025-07.02,OUIGO,2025,4,1,7.03,172.0,55.45,4
00002_01-04-2025-07.22,IRYO,2025,4,1,7.37,157.0,41.78,105
00006_01-04-2025-07.27,AVE,2025,4,1,7.45,199.0,29.64,626
00004_01-04-2025-07.57,AVE,2025,4,1,7.95,157.0,46.35,268
00007_01-04-2025-08.27,AVE,2025,4,1,8.45,172.0,65.16,16
00002_01-04-2025-08.32,IRYO,2025,4,1,8.53,157.0,41.56,30
00008_01-04-2025-08.57,AVE,2025,4,1,8.95,164.0,45.55,189
00009_01-04-2025-09.22,IRYO,2025,4,1,9.37,172.0,42.86,62
00010_01-04-2025-09.27,AVE,2025,4,1,9.45,194.0,72.47,8
00009_01-04-2025-09.57,IRYO,2025,4,1,9.95,172.0,37.26,118
00011_01-04-2025-10.02,OUIGO,2025,4,1,10.03,182.0,39.94,31
00012_01-04-2025-10.27,AVLO,2025,4,1,10.45,172.0,34.89,157
00009_01-04-2025-11.22,IRYO,2025,4,1,11.37,172.0,17.98,726
00006_01-04-2025-11.27,AVE,2025,4,1,11.45,199.0,36.22,338
00009_01-04-2025-12.22,IRYO,2025,4,1,12.37,172.0,24.21,299
00013_01-04-2025-12.27,AVE,2025,4,1,12.45,197.0,58.71,23
00004_01-04-2025-12.57,AVE,2025,4,1,12.95,157.0,37.21,382
00014_01-04-2025-13.18,AVE,2025,4,1,13.3,184.0,48.24,40
00009_01-04-2025-14.02,IRYO,2025,4,1,14.03,172.0,36.21,67
00015_01-04-2025-14.12,OUIGO,2025,4,1,14.2,157.0,55.79,1
00016_01-04-2025-14.27,AVE,2025,4,1,14.45,177.0,63.49,19
00017_01-04-2025-14.42,IRYO,2025,4,1,14.7,179.0,42.53,30
00004_01-04-2025-14.57,AVE,2025,4,1,14.95,157.0,40.51,414
00018_01-04-2025-15.27,AVLO,2025,4,1,15.45,199.0,30.2,70
00004_01-04-2025-15.57,AVE,2025,4,1,15.95,157.0,34.74,901
00007_01-04-2025-16.27,AVE,2025,4,1,16.45,172.0,44.04,390
00002_01-04-2025-16.37,IRYO,2025,4,1,16.62,157.0,10.0,4179
00004_01-04-2025-16.57,AVE,2025,4,1,16.95,157.0,58.98,166
00015_01-04-2025-17.17,OUIGO,2025,4,1,17.28,157.0,24.31,250
00009_01-04-2025-17.22,IRYO,2025,4,1,17.37,172.0,49.55,36
00006_01-04-2025-17.27,AVE,2025,4,1,17.45,199.0,35.85,327
00004_01-04-2025-17.57,AVE,2025,4,1,17.95,157.0,72.16,22
00016_01-04-2025-18.27,AVE,2025,4,1,18.45,177.0,64.46,8
00002_01-04-2025-18.32,IRYO,2025,4,1,18.53,157.0,38.73,34
00004_01-04-2025-18.57,AVE,2025,4,1,18.95,157.0,37.45,199
00009_01-04-2025-19.29,IRYO,2025,4,1,19.48,172.0,42.41,5
00019_01-04-2025-19.34,AVLO,2025,4,1,19.57,201.0,31.08,6
00004_01-04-2025-20.05,AVE,2025,4,1,20.08,157.0,29.75,112
00009_01-04-2025-20.22,IRYO,2025,4,1,20.37,172.0,29.21,3
00020_01-04-2025-20.27,AVE,2025,4,1,20.45,201.0,26.86,22
00005_01-04-2025-21.02,OUIGO,2025,4,1,21.03,172.0,33.58,0
00007_01-04-2025-21.07,AVE,2025,4,1,21.12,172.0,51.68,3
00001_02-04-2025-06.12,AVLO,2025,4,2,6.2,157.0,33.99,756
00002_02-04-2025-06.22,IRYO,2025,4,2,6.37,157.0,40.44,398
00003_02-04-2025-06.27,AVE,2025,4,2,6.45,178.0,41.42,837
00004_02-04-2025-06.57,AVE,2025,4,2,6.95,157.0,87.56,5
00005_02-04-2025-07.02,OUIGO,2025,4,2,7.03,172.0,45.62,12
00002_02-04-2025-07.22,IRYO,2025,4,2,7.37,157.0,20.22,784
00006_02-04-2025-07.27,AVE,2025,4,2,7.45,199.0,63.56,23
00004_02-04-2025-07.57,AVE,2025,4,2,7.95,157.0,44.86,278
00007_02-04-2025-08.27,AVE,2025,4,2,8.45,172.0,73.81,5
00002_02-04-2025-08.32,IRYO,2025,4,2,8.53,157.0,37.2,107
00008_02-04-2025-08.57,AVE,2025,4,2,8.95,164.0,56.1,80
00009_02-04-2025-09.22,IRYO,2025,4,2,9.37,172.0,47.23,58
00010_02-04-2025-09.27,AVE,2025,4,2,9.45,194.0,73.04,12
00009_02-04-2025-09.57,IRYO,2025,4,2,9.95,172.0,35.14,181
00011_02-04-2025-10.02,OUIGO,2025,4,2,10.03,182.0,55.55,9
00012_02-04-2025-10.27,AVLO,2025,4,2,10.45,172.0,47.87,45
00009_02-04-2025-11.22,IRYO,2025,4,2,11.37,172.0,44.13,53
00006_02-04-2025-11.27,AVE,2025,4,2,11.45,199.0,29.98,542
00009_02-04-2025-12.22,IRYO,2025,4,2,12.37,172.0,39.84,54
00013_02-04-2025-12.27,AVE,2025,4,2,12.45,197.0,40.58,140
00004_02-04-2025-12.57,AVE,2025,4,2,12.95,157.0,68.03,13
00014_02-04-2025-13.18,AVE,2025,4,2,13.3,184.0,48.24,25
00009_02-04-2025-14.02,IRYO,2025,4,2,14.03,172.0,36.56,35
00015_02-04-2025-14.12,OUIGO,2025,4,2,14.2,157.0,34.75,24
00016_02-04-2025-14.27,AVE,2025,4,2,14.45,177.0,15.62,3093
00017_02-04-2025-14.42,IRYO,2025,4,2,14.7,179.0,59.84,4
00004_02-04-2025-14.57,AVE,2025,4,2,14.95,157.0,37.75,399
00018_02-04-2025-15.27,AVLO,2025,4,2,15.45,199.0,35.56,76
00004_02-04-2025-15.57,AVE,2025,4,2,15.95,157.0,49.57,330
00007_02-04-2025-16.27,AVE,2025,4,2,16.45,172.0,62.22,123
00002_02-04-2025-16.37,IRYO,2025,4,2,16.62,157.0,27.56,627
00004_02-04-2025-16.57,AVE,2025,4,2,16.95,157.0,129.12,0
00015_02-04-2025-17.17,OUIGO,2025,4,2,17.28,157.0,70.64,3
00009_02-04-2025-17.22,IRYO,2025,4,2,17.37,172.0,47.85,81
00006_02-04-2025-17.27,AVE,2025,4,2,17.45,199.0,49.47,186
00004_02-04-2025-17.57,AVE,2025,4,2,17.95,157.0,45.56,435
00016_02-04-2025-18.27,AVE,2025,4,2,18.45,177.0,63.7,34
00002_02-04-2025-18.32,IRYO,2025,4,2,18.53,157.0,46.52,50
00004_02-04-2025-18.57,AVE,2025,4,2,18.95,157.0,126.81,0
00009_02-04-2025-19.29,IRYO,2025,4,2,19.48,172.0,40.68,11
00019_02-04-2025-19.34,AVLO,2025,4,2,19.57,201.0,32.73,6
00004_02-04-2025-20.05,AVE,2025,4,2,20.08,157.0,52.66,27
00009_02-04-2025-20.22,IRYO,2025,4,2,20.37,172.0,24.64,27
00020_02-04-2025-20.27,AVE,2025,4,2,20.45,201.0,21.98,96
00005_02-04-2025-21.02,OUIGO,2025,4,2,21.03,172.0,32.73,3
00007_02-04-2025-21.07,AVE,2025,4,2,21.12,172.0,56.05,2
00001_03-04-2025-06.12,AVLO,2025,4,3,6.2,157.0,28.58,1334
00002_03-04-2025-06.22,IRYO,2025,4,3,6.37,157.0,38.76,391
00003_03-04-2025-06.27,AVE,2025,4,3,6.45,178.0,36.49,1193
00004_03-04-2025-06.57,AVE,2025,4,3,6.95,157.0,62.72,137
00005_03-04-2025-07.02,OUIGO,2025,4,3,7.03,172.0,37.88,40
00002_03-04-2025-07.22,IRYO,2025,4,3,7.37,157.0,38.02,116
00006_03-04-2025-07.27,AVE,2025,4,3,7.45,199.0,43.13,186
00004_03-04-2025-07.57,AVE,2025,4,3,7.95,157.0,39.69,492
00007_03-04-2025-08.27,AVE,2025,4,3,8.45,172.0,53.13,78
00002_03-04-2025-08.32,IRYO,2025,4,3,8.53,157.0,46.47,27
00008_03-04-2025-08.57,AVE,2025,4,3,8.95,164.0,79.97,0
00009_03-04-2025-09.22,IRYO,2025,4,3,9.37,172.0,36.08,202
00010_03-04-2025-09.27,AVE,2025,4,3,9.45,194.0,51.64,171
00009_03-04-2025-09.57,IRYO,2025,4,3,9.95,172.0,33.08,444
00011_03-04-2025-10.02,OUIGO,2025,4,3,10.03,182.0,62.33,3
00012_03-04-2025-10.27,AVLO,2025,4,3,10.45,172.0,51.9,63
00009_03-04-2025-11.22,IRYO,2025,4,3,11.37,172.0,59.06,31
00006_03-04-2025-11.27,AVE,2025,4,3,11.45,199.0,50.79,292
00009_03-04-2025-12.22,IRYO,2025,4,3,12.37,172.0,45.48,131
00013_03-04-2025-12.27,AVE,2025,4,3,12.45,197.0,54.82,171
00004_03-04-2025-12.57,AVE,2025,4,3,12.95,157.0,48.66,513
00014_03-04-2025-13.18,AVE,2025,4,3,13.3,184.0,55.14,125
00004_03-04-2025-13.57,AVE,2025,4,3,13.95,157.0,,0
00009_03-04-2025-14.02,IRYO,2025,4,3,14.03,172.0,,0
00015_03-04-2025-14.12,OUIGO,2025,4,3,14.2,157.0,,0
00016_03-04-2025-14.27,AVE,2025,4,3,14.45,177.0,80.47,75
00017_03-04-2025-14.42,IRYO,2025,4,3,14.7,179.0,59.78,74
00004_03-04-2025-14.57,AVE,2025,4,3,14.95,157.0,88.25,67
00018_03-04-2025-15.27,AVLO,2025,4,3,15.45,199.0,48.11,195
00004_03-04-2025-15.57,AVE,2025,4,3,15.95,157.0,97.5,27
00007_03-04-2025-16.27,AVE,2025,4,3,16.45,172.0,70.9,417
00002_03-04-2025-16.37,IRYO,2025,4,3,16.62,157.0,46.37,888
00004_03-04-2025-16.57,AVE,2025,4,3,16.95,157.0,133.39,0
00015_03-04-2025-17.17,OUIGO,2025,4,3,17.28,157.0,52.9,186
00009_03-04-2025-17.22,IRYO,2025,4,3,17.37,172.0,55.43,233
00006_03-04-2025-17.27,AVE,2025,4,3,17.45,199.0,93.55,15
00004_03-04-2025-17.57,AVE,2025,4,3,17.95,157.0,64.47,452
00016_03-04-2025-18.27,AVE,2025,4,3,18.45,177.0,76.78,34
00002_03-04-2025-18.32,IRYO,2025,4,3,18.53,157.0,38.86,414
00004_03-04-2025-18.57,AVE,2025,4,3,18.95,157.0,79.69,28
00009_03-04-2025-19.29,IRYO,2025,4,3,19.48,172.0,53.89,17
00019_03-04-2025-19.34,AVLO,2025,4,3,19.57,201.0,36.85,62
00004_03-04-2025-20.05,AVE,2025,4,3,20.08,157.0,69.17,26
00009_03-04-2025-20.22,IRYO,2025,4,3,20.37,172.0,29.9,1536
00020_03-04-2025-20.27,AVE,2025,4,3,20.45,201.0,52.15,12
00005_03-04-2025-21.02,OUIGO,2025,4,3,21.03,172.0,46.09,2
00007_03-04-2025-21.07,AVE,2025,4,3,21.12,172.0,63.1,2
00002_04-04-2025-06.22,IRYO,2025,4,4,6.37,157.0,21.73,4352
00021_04-04-2025-06.27,AVLO,2025,4,4,6.45,178.0,21.15,4527
00004_04-04-2025-06.57,AVE,2025,4,4,6.95,157.0,57.6,153
00005_04-04-2025-07.02,OUIGO,2025,4,4,7.03,172.0,38.25,36
00002_04-04-2025-07.22,IRYO,2025,4,4,7.37,157.0,30.36,633
00006_04-04-2025-07.27,AVE,2025,4,4,7.45,199.0,72.5,14
00004_04-04-2025-07.57,AVE,2025,4,4,7.95,157.0,48.34,277
00002_04-04-2025-08.32,IRYO,2025,4,4,8.53,157.0,39.51,214
00008_04-04-2025-08.57,AVE,2025,4,4,8.95,164.0,114.97,0
00009_04-04-2025-09.22,IRYO,2025,4,4,9.37,172.0,56.95,95
00010_04-04-2025-09.27,AVE,2025,4,4,9.45,194.0,81.18,23
00009_04-04-2025-09.57,IRYO,2025,4,4,9.95,172.0,48.95,269
00011_04-04-2025-10.02,OUIGO,2025,4,4,10.03,182.0,49.37,99
00012_04-04-2025-10.27,AVLO,2025,4,4,10.45,172.0,55.1,179
00009_04-04-2025-11.22,IRYO,2025,4,4,11.37,172.0,71.46,33
00006_04-04-2025-11.27,AVE,2025,4,4,11.45,199.0,118.39,0
00009_04-04-2025-12.22,IRYO,2025,4,4,12.37,172.0,45.45,408
00013_04-04-2025-12.27,AVE,2025,4,4,12.45,197.0,57.75,421
00004_04-04-2025-12.57,AVE,2025,4,4,12.95,157.0,78.93,96
00014_04-04-2025-13.18,AVE,2025,4,4,13.3,184.0,55.14,245
00004_04-04-2025-13.57,AVE,2025,4,4,13.95,157.0,93.71,29
00009_04-04-2025-14.02,IRYO,2025,4,4,14.03,172.0,76.82,13
00015_04-04-2025-14.12,OUIGO,2025,4,4,14.2,157.0,50.77,127
00016_04-04-2025-14.27,AVE,2025,4,4,14.45,177.0,89.66,34
00017_04-04-2025-14.42,IRYO,2025,4,4,14.7,179.0,81.66,15
00004_04-04-2025-14.57,AVE,2025,4,4,14.95,157.0,92.95,45
00018_04-04-2025-15.27,AVLO,2025,4,4,15.45,199.0,53.63,110
00004_04-04-2025-15.57,AVE,2025,4,4,15.95,157.0,95.17,51
00007_04-04-2025-16.27,AVE,2025,4,4,16.45,172.0,86.75,72
00002_04-04-2025-16.37,IRYO,2025,4,4,16.62,157.0,66.64,134
00004_04-04-2025-16.57,AVE,2025,4,4,16.95,157.0,101.85,30
00015_04-04-2025-17.17,OUIGO,2025,4,4,17.28,157.0,33.87,651
00009_04-04-2025-17.22,IRYO,2025,4,4,17.37,172.0,69.22,59
00018_04-04-2025-17.27,AVLO,2025,4,4,17.45,199.0,54.25,90
00004_04-04-2025-17.57,AVE,2025,4,4,17.95,157.0,67.83,272
00016_04-04-2025-18.27,AVE,2025,4,4,18.45,177.0,85.77,13
00002_04-04-2025-18.32,IRYO,2025,4,4,18.53,157.0,58.24,63
00004_04-04-2025-18.57,AVE,2025,4,4,18.95,157.0,79.55,32
00009_04-04-2025-19.29,IRYO,2025,4,4,19.48,172.0,81.39,2
00019_04-04-2025-19.34,AVLO,2025,4,4,19.57,201.0,34.09,64
00004_04-04-2025-20.05,AVE,2025,4,4,20.08,157.0,73.79,14
00009_04-04-2025-20.22,IRYO,2025,4,4,20.37,172.0,40.91,24
00020_04-04-2025-20.27,AVE,2025,4,4,20.45,201.0,72.08,0
00005_04-04-2025-21.02,OUIGO,2025,4,4,21.03,172.0,21.17,3619
00007_04-04-2025-21.07,AVE,2025,4,4,21.12,172.0,77.1,2
00021_05-04-2025-06.27,AVLO,2025,4,5,6.45,178.0,31.69,514
00005_05-04-2025-07.02,OUIGO,2025,4,5,7.03,172.0,33.68,151
00006_05-04-2025-07.27,AVE,2025,4,5,7.45,199.0,60.23,36
00009_05-04-2025-08.07,IRYO,2025,4,5,8.12,172.0,61.85,3
00007_05-04-2025-08.27,AVE,2025,4,5,8.45,172.0,45.18,208
00008_05-04-2025-08.57,AVE,2025,4,5,8.95,164.0,59.27,59
00009_05-04-2025-09.22,IRYO,2025,4,5,9.37,172.0,28.08,627
00010_05-04-2025-09.27,AVE,2025,4,5,9.45,194.0,68.38,21
00009_05-04-2025-09.57,IRYO,2025,4,5,9.95,172.0,36.19,169
00011_05-04-2025-10.02,OUIGO,2025,4,5,10.03,182.0,57.84,3
00012_05-04-2025-10.27,AVLO,2025,4,5,10.45,172.0,43.95,90
00009_05-04-2025-11.22,IRYO,2025,4,5,11.37,172.0,36.76,211
00006_05-04-2025-11.27,AVE,2025,4,5,11.45,199.0,47.77,233
00009_05-04-2025-12.22,IRYO,2025,4,5,12.37,172.0,48.47,67
00013_05-04-2025-12.27,AVE,2025,4,5,12.45,197.0,61.17,68
00014_05-04-2025-13.18,AVE,2025,4,5,13.3,184.0,82.74,4
00015_05-04-2025-14.12,OUIGO,2025,4,5,14.2,157.0,34.67,93
00017_05-04-2025-14.42,IRYO,2025,4,5,14.7,179.0,25.53,880
00018_05-04-2025-15.27,AVLO,2025,4,5,15.45,199.0,25.88,500
00007_05-04-2025-16.27,AVE,2025,4,5,16.45,172.0,94.83,2
00002_05-04-2025-16.37,IRYO,2025,4,5,16.62,157.0,29.42,477
00015_05-04-2025-17.17,OUIGO,2025,4,5,17.28,157.0,33.1,128
00018_05-04-2025-17.27,AVLO,2025,4,5,17.45,199.0,19.44,3169
00016_05-04-2025-18.27,AVE,2025,4,5,18.45,177.0,77.59,6
00009_05-04-2025-19.29,IRYO,2025,4,5,19.48,172.0,33.25,27
00019_05-04-2025-19.34,AVLO,2025,4,5,19.57,201.0,28.24,62
00009_05-04-2025-20.22,IRYO,2025,4,5,20.37,172.0,35.9,4
00020_05-04-2025-20.27,AVE,2025,4,5,20.45,201.0,21.69,2493
00005_05-04-2025-21.02,OUIGO,2025,4,5,21.03,172.0,26.35,35
00021_06-04-2025-06.27,AVLO,2025,4,6,6.45,178.0,45.89,5514
00005_06-04-2025-07.02,OUIGO,2025,4,6,7.03,172.0,70.43,11
00006_06-04-2025-07.27,AVE,2025,4,6,7.45,199.0,64.71,287
00009_06-04-2025-08.07,IRYO,2025,4,6,8.12,172.0,55.08,623
00007_06-04-2025-08.27,AVE,2025,4,6,8.45,172.0,84.45,47
00009_06-04-2025-09.22,IRYO,2025,4,6,9.37,172.0,61.67,167
00010_06-04-2025-09.27,AVE,2025,4,6,9.45,194.0,71.42,232
00009_06-04-2025-09.57,IRYO,2025,4,6,9.95,172.0,64.74,114
00011_06-04-2025-10.02,OUIGO,2025,4,6,10.03,182.0,58.56,149
00012_06-04-2025-10.27,AVLO,2025,4,6,10.45,172.0,50.2,4203
00009_06-04-2025-11.22,IRYO,2025,4,6,11.37,172.0,72.85,78
00006_06-04-2025-11.27,AVE,2025,4,6,11.45,199.0,150.74,0
00009_06-04-2025-12.22,IRYO,2025,4,6,12.37,172.0,76.3,46
00013_06-04-2025-12.27,AVE,2025,4,6,12.45,197.0,58.27,1394
00014_06-04-2025-13.18,AVE,2025,4,6,13.3,184.0,55.14,1876
00009_06-04-2025-14.02,IRYO,2025,4,6,14.03,172.0,84.95,11
00015_06-04-2025-14.12,OUIGO,2025,4,6,14.2,157.0,57.85,432
00016_06-04-2025-14.27,AVE,2025,4,6,14.45,177.0,86.17,97
00017_06-04-2025-14.42,IRYO,2025,4,6,14.7,179.0,92.22,4
00018_06-04-2025-15.27,AVLO,2025,4,6,15.45,199.0,65.09,109
00007_06-04-2025-16.27,AVE,2025,4,6,16.45,172.0,81.91,336
00002_06-04-2025-16.37,IRYO,2025,4,6,16.62,157.0,85.36,66
00004_06-04-2025-16.57,AVE,2025,4,6,16.95,157.0,89.36,303
00015_06-04-2025-17.17,OUIGO,2025,4,6,17.28,157.0,57.67,710
00009_06-04-2025-17.22,IRYO,2025,4,6,17.37,172.0,95.28,16
00018_06-04-2025-17.27,AVLO,2025,4,6,17.45,199.0,68.75,80
00004_06-04-2025-17.57,AVE,2025,4,6,17.95,157.0,79.55,313
00016_06-04-2025-18.27,AVE,2025,4,6,18.45,177.0,99.4,21
00002_06-04-2025-18.32,IRYO,2025,4,6,18.53,157.0,104.3,1
00004_06-04-2025-18.57,AVE,2025,4,6,18.95,157.0,120.15,1
00009_06-04-2025-19.29,IRYO,2025,4,6,19.48,172.0,103.57,0
00019_06-04-2025-19.34,AVLO,2025,4,6,19.57,201.0,82.25,0
00004_06-04-2025-20.05,AVE,2025,4,6,20.08,157.0,63.81,128
00009_06-04-2025-20.22,IRYO,2025,4,6,20.37,172.0,88.73,3
00020_06-04-2025-20.27,AVE,2025,4,6,20.45,201.0,76.49,4
00005_06-04-2025-21.02,OUIGO,2025,4,6,21.03,172.0,64.05,2
00007_06-04-2025-21.07,AVE,2025,4,6,21.12,172.0,123.67,0
00001_07-04-2025-06.12,AVLO,2025,4,0,6.2,157.0,32.16,1000
00002_07-04-2025-06.22,IRYO,2025,4,0,6.37,157.0,24.89,1323
00003_07-04-2025-06.27,AVE,2025,4,0,6.45,178.0,40.55,1051
00004_07-04-2025-06.57,AVE,2025,4,0,6.95,157.0,66.71,111
00005_07-04-2025-07.02,OUIGO,2025,4,0,7.03,172.0,34.24,82
00002_07-04-2025-07.22,IRYO,2025,4,0,7.37,157.0,40.54,131
00006_07-04-2025-07.27,AVE,2025,4,0,7.45,199.0,52.51,72
00004_07-04-2025-07.57,AVE,2025,4,0,7.95,157.0,59.84,68
00007_07-04-2025-08.27,AVE,2025,4,0,8.45,172.0,63.3,30
00002_07-04-2025-08.32,IRYO,2025,4,0,8.53,157.0,40.71,67
00008_07-04-2025-08.57,AVE,2025,4,0,8.95,164.0,47.43,225
00009_07-04-2025-09.22,IRYO,2025,4,0,9.37,172.0,57.38,15
00010_07-04-2025-09.27,AVE,2025,4,0,9.45,194.0,83.45,2
00009_07-04-2025-09.57,IRYO,2025,4,0,9.95,172.0,35.37,209
00011_07-04-2025-10.02,OUIGO,2025,4,0,10.03,182.0,36.2,81
00012_07-04-2025-10.27,AVLO,2025,4,0,10.45,172.0,36.39,187
00009_07-04-2025-11.22,IRYO,2025,4,0,11.37,172.0,57.04,11
00006_07-04-2025-11.27,AVE,2025,4,0,11.45,199.0,34.99,465
00009_07-04-2025-12.22,IRYO,2025,4,0,12.37,172.0,29.6,201
00013_07-04-2025-12.27,AVE,2025,4,0,12.45,197.0,43.78,152
00004_07-04-2025-12.57,AVE,2025,4,0,12.95,157.0,39.6,354
00014_07-04-2025-13.18,AVE,2025,4,0,13.3,184.0,68.94,4
00009_07-04-2025-14.02,IRYO,2025,4,0,14.03,172.0,58.07,7
00015_07-04-2025-14.12,OUIGO,2025,4,0,14.2,157.0,10.0,2936
00016_07-04-2025-14.27,AVE,2025,4,0,14.45,177.0,39.36,368
00017_07-04-2025-14.42,IRYO,2025,4,0,14.7,179.0,51.66,12
00004_07-04-2025-14.57,AVE,2025,4,0,14.95,157.0,55.03,169
00018_07-04-2025-15.27,AVLO,2025,4,0,15.45,199.0,33.83,98
00004_07-04-2025-15.57,AVE,2025,4,0,15.95,157.0,44.21,744
00007_07-04-2025-16.27,AVE,2025,4,0,16.45,172.0,70.36,64
00002_07-04-2025-16.37,IRYO,2025,4,0,16.62,157.0,45.74,160
00004_07-04-2025-16.57,AVE,2025,4,0,16.95,157.0,55.98,460
00015_07-04-2025-17.17,OUIGO,2025,4,0,17.28,157.0,33.23,187
00009_07-04-2025-17.22,IRYO,2025,4,0,17.37,172.0,49.14,54
00006_07-04-2025-17.27,AVE,2025,4,0,17.45,199.0,73.89,12
00004_07-04-2025-17.57,AVE,2025,4,0,17.95,157.0,38.24,715
00016_07-04-2025-18.27,AVE,2025,4,0,18.45,177.0,46.61,107
00002_07-04-2025-18.32,IRYO,2025,4,0,18.53,157.0,39.43,64
00004_07-04-2025-18.57,AVE,2025,4,0,18.95,157.0,45.85,144
00009_07-04-2025-19.29,IRYO,2025,4,0,19.48,172.0,31.12,20
00019_07-04-2025-19.34,AVLO,2025,4,0,19.57,201.0,20.27,31
00004_07-04-2025-20.05,AVE,2025,4,0,20.08,157.0,24.23,259
00009_07-04-2025-20.22,IRYO,2025,4,0,20.37,172.0,18.28,76
00020_07-04-2025-20.27,AVE,2025,4,0,20.45,201.0,26.16,33
00005_07-04-2025-21.02,OUIGO,2025,4,0,21.03,172.0,38.0,0
00007_07-04-2025-21.07,AVE,2025,4,0,21.12,172.0,28.57,26
00001_08-04-2025-06.12,AVLO,2025,4,1,6.2,157.0,34.71,1232
00002_08-04-2025-06.22,IRYO,2025,4,1,6.37,157.0,36.87,872
00003_08-04-2025-06.27,AVE,2025,4,1,6.45,178.0,38.39,1803
00004_08-04-2025-06.57,AVE,2025,4,1,6.95,157.0,135.21,0
00005_08-04-2025-07.02,OUIGO,2025,4,1,7.03,172.0,39.44,64
00002_08-04-2025-07.22,IRYO,2025,4,1,7.37,157.0,44.43,111
00006_08-04-2025-07.27,AVE,2025,4,1,7.45,199.0,35.13,546
00004_08-04-2025-07.57,AVE,2025,4,1,7.95,157.0,31.31,1309
00007_08-04-2025-08.27,AVE,2025,4,1,8.45,172.0,67.91,8
00002_08-04-2025-08.32,IRYO,2025,4,1,8.53,157.0,41.67,36
00008_08-04-2025-08.57,AVE,2025,4,1,8.95,164.0,35.65,507
00009_08-04-2025-09.22,IRYO,2025,4,1,9.37,172.0,51.34,13
00010_08-04-2025-09.27,AVE,2025,4,1,9.45,194.0,84.67,0
00009_08-04-2025-09.57,IRYO,2025,4,1,9.95,172.0,27.21,332
00011_08-04-2025-10.02,OUIGO,2025,4,1,10.03,182.0,19.86,1500
00012_08-04-2025-10.27,AVLO,2025,4,1,10.45,172.0,33.16,182
00009_08-04-2025-11.22,IRYO,2025,4,1,11.37,172.0,36.41,131
00006_08-04-2025-11.27,AVE,2025,4,1,11.45,199.0,24.82,1542
00009_08-04-2025-12.22,IRYO,2025,4,1,12.37,172.0,32.03,162
00013_08-04-2025-12.27,AVE,2025,4,1,12.45,197.0,58.63,30
00004_08-04-2025-12.57,AVE,2025,4,1,12.95,157.0,42.2,394
00014_08-04-2025-13.18,AVE,2025,4,1,13.3,184.0,48.24,54
00009_08-04-2025-14.02,IRYO,2025,4,1,14.03,172.0,29.15,257
00015_08-04-2025-14.12,OUIGO,2025,4,1,14.2,157.0,31.17,91
00016_08-04-2025-14.27,AVE,2025,4,1,14.45,177.0,80.97,1
00017_08-04-2025-14.42,IRYO,2025,4,1,14.7,179.0,33.23,108
00004_08-04-2025-14.57,AVE,2025,4,1,14.95,157.0,54.98,141
00018_08-04-2025-15.27,AVLO,2025,4,1,15.45,199.0,31.27,95
00004_08-04-2025-15.57,AVE,2025,4,1,15.95,157.0,24.6,4288
00007_08-04-2025-16.27,AVE,2025,4,1,16.45,172.0,31.77,1485
00002_08-04-2025-16.37,IRYO,2025,4,1,16.62,157.0,31.63,463
00004_08-04-2025-16.57,AVE,2025,4,1,16.95,157.0,62.34,186
00015_08-04-2025-17.17,OUIGO,2025,4,1,17.28,157.0,36.48,120
00009_08-04-2025-17.22,IRYO,2025,4,1,17.37,172.0,32.22,271
00006_08-04-2025-17.27,AVE,2025,4,1,17.45,199.0,68.58,24
00004_08-04-2025-17.57,AVE,2025,4,1,17.95,157.0,61.39,90
00016_08-04-2025-18.27,AVE,2025,4,1,18.45,177.0,48.02,138
00002_08-04-2025-18.32,IRYO,2025,4,1,18.53,157.0,31.87,158
00004_08-04-2025-18.57,AVE,2025,4,1,18.95,157.0,39.67,276
00009_08-04-2025-19.29,IRYO,2025,4,1,19.48,172.0,55.19,3
00019_08-04-2025-19.34,AVLO,2025,4,1,19.57,201.0,29.18,51
00004_08-04-2025-20.05,AVE,2025,4,1,20.08,157.0,32.79,134
00009_08-04-2025-20.22,IRYO,2025,4,1,20.37,172.0,29.55,49
00020_08-04-2025-20.27,AVE,2025,4,1,20.45,201.0,36.67,8
00005_08-04-2025-21.02,OUIGO,2025,4,1,21.03,172.0,35.34,0
00007_08-04-2025-21.07,AVE,2025,4,1,21.12,172.0,41.53,6
00001_09-04-2025-06.12,AVLO,2025,4,2,6.2,157.0,34.1,1049
00002_09-04-2025-06.22,IRYO,2025,4,2,6.37,157.0,47.88,306
00003_09-04-2025-06.27,AVE,2025,4,2,6.45,178.0,34.16,1857
00004_09-04-2025-06.57,AVE,2025,4,2,6.95,157.0,83.65,31
00005_09-04-2025-07.02,OUIGO,2025,4,2,7.03,172.0,44.56,30
00002_09-04-2025-07.22,IRYO,2025,4,2,7.37,157.0,37.49,201
00006_09-04-2025-07.27,AVE,2025,4,2,7.45,199.0,34.09,513
00004_09-04-2025-07.57,AVE,2025,4,2,7.95,157.0,56.83,115
00007_09-04-2025-08.27,AVE,2025,4,2,8.45,172.0,76.53,2
00002_09-04-2025-08.32,IRYO,2025,4,2,8.53,157.0,40.27,69
00008_09-04-2025-08.57,AVE,2025,4,2,8.95,164.0,61.51,35
00009_09-04-2025-09.22,IRYO,2025,4,2,9.37,172.0,17.34,1364
00010_09-04-2025-09.27,AVE,2025,4,2,9.45,194.0,84.79,3
00009_09-04-2025-09.57,IRYO,2025,4,2,9.95,172.0,38.01,127
00011_09-04-2025-10.02,OUIGO,2025,4,2,10.03,182.0,59.62,2
00012_09-04-2025-10.27,AVLO,2025,4,2,10.45,172.0,48.5,49
00009_09-04-2025-11.22,IRYO,2025,4,2,11.37,172.0,48.68,45
00006_09-04-2025-11.27,AVE,2025,4,2,11.45,199.0,34.25,702
00009_09-04-2025-12.22,IRYO,2025,4,2,12.37,172.0,39.98,132
00013_09-04-2025-12.27,AVE,2025,4,2,12.45,197.0,48.43,185
00004_09-04-2025-12.57,AVE,2025,4,2,12.95,157.0,68.02,47
00014_09-04-2025-13.18,AVE,2025,4,2,13.3,184.0,48.24,65
00009_09-04-2025-14.02,IRYO,2025,4,2,14.03,172.0,39.29,103
00015_09-04-2025-14.12,OUIGO,2025,4,2,14.2,157.0,46.77,19
00016_09-04-2025-14.27,AVE,2025,4,2,14.45,177.0,46.56,311
00017_09-04-2025-14.42,IRYO,2025,4,2,14.7,179.0,61.43,6
00004_09-04-2025-14.57,AVE,2025,4,2,14.95,157.0,37.0,1150
00018_09-04-2025-15.27,AVLO,2025,4,2,15.45,199.0,36.06,155
00004_09-04-2025-15.57,AVE,2025,4,2,15.95,157.0,60.03,366
00007_09-04-2025-16.27,AVE,2025,4,2,16.45,172.0,48.74,830
00002_09-04-2025-16.37,IRYO,2025,4,2,16.62,157.0,46.93,322
00004_09-04-2025-16.57,AVE,2025,4,2,16.95,157.0,121.73,0
00015_09-04-2025-17.17,OUIGO,2025,4,2,17.28,157.0,51.18,79
00009_09-04-2025-17.22,IRYO,2025,4,2,17.37,172.0,46.71,191
00006_09-04-2025-17.27,AVE,2025,4,2,17.45,199.0,51.95,237
00004_09-04-2025-17.57,AVE,2025,4,2,17.95,157.0,53.72,458
00016_09-04-2025-18.27,AVE,2025,4,2,18.45,177.0,66.27,38
00002_09-04-2025-18.32,IRYO,2025,4,2,18.53,157.0,57.83,23
00004_09-04-2025-18.57,AVE,2025,4,2,18.95,157.0,133.02,0
00009_09-04-2025-19.29,IRYO,2025,4,2,19.48,172.0,32.8,59
00019_09-04-2025-19.34,AVLO,2025,4,2,19.57,201.0,30.19,18
00004_09-04-2025-20.05,AVE,2025,4,2,20.08,157.0,48.69,58
00009_09-04-2025-20.22,IRYO,2025,4,2,20.37,172.0,16.78,2089
00020_09-04-2025-20.27,AVE,2025,4,2,20.45,201.0,30.37,52
00005_09-04-2025-21.02,OUIGO,2025,4,2,21.03,172.0,28.7,2
00007_09-04-2025-21.07,AVE,2025,4,2,21.12,172.0,46.4,9
00001_10-04-2025-06.12,AVLO,2025,4,3,6.2,157.0,29.88,1114
00002_10-04-2025-06.22,IRYO,2025,4,3,6.37,157.0,35.36,562
00003_10-04-2025-06.27,AVE,2025,4,3,6.45,178.0,25.99,3358
00004_10-04-2025-06.57,AVE,2025,4,3,6.95,157.0,73.2,41
00005_10-04-2025-07.02,OUIGO,2025,4,3,7.03,172.0,29.91,176
00002_10-04-2025-07.22,IRYO,2025,4,3,7.37,157.0,41.02,111
00006_10-04-2025-07.27,AVE,2025,4,3,7.45,199.0,47.54,141
00004_10-04-2025-07.57,AVE,2025,4,3,7.95,157.0,51.26,158
00007_10-04-2025-08.27,AVE,2025,4,3,8.45,172.0,60.73,55
00002_10-04-2025-08.32,IRYO,2025,4,3,8.53,157.0,42.94,74
00008_10-04-2025-08.57,AVE,2025,4,3,8.95,164.0,56.18,134
00009_10-04-2025-09.22,IRYO,2025,4,3,9.37,172.0,49.55,63
00010_10-04-2025-09.27,AVE,2025,4,3,9.45,194.0,56.28,173
00009_10-04-2025-09.57,IRYO,2025,4,3,9.95,172.0,55.78,48
00011_10-04-2025-10.02,OUIGO,2025,4,3,10.03,182.0,28.78,1369
00012_10-04-2025-10.27,AVLO,2025,4,3,10.45,172.0,47.09,159
00009_10-04-2025-11.22,IRYO,2025,4,3,11.37,172.0,75.2,5
00006_10-04-2025-11.27,AVE,2025,4,3,11.45,199.0,53.94,314
00009_10-04-2025-12.22,IRYO,2025,4,3,12.37,172.0,55.82,69
00013_10-04-2025-12.27,AVE,2025,4,3,12.45,197.0,41.82,797
00004_10-04-2025-12.57,AVE,2025,4,3,12.95,157.0,67.01,153
00014_10-04-2025-13.18,AVE,2025,4,3,13.3,184.0,55.14,136
00004_10-04-2025-13.57,AVE,2025,4,3,13.95,157.0,,0
00009_10-04-2025-14.02,IRYO,2025,4,3,14.03,172.0,,0
00015_10-04-2025-14.12,OUIGO,2025,4,3,14.2,157.0,,0
00016_10-04-2025-14.27,AVE,2025,4,3,14.45,177.0,87.79,25
00017_10-04-2025-14.42,IRYO,2025,4,3,14.7,179.0,38.34,565
00004_10-04-2025-14.57,AVE,2025,4,3,14.95,157.0,79.04,141
00018_10-04-2025-15.27,AVLO,2025,4,3,15.45,199.0,43.92,270
00004_10-04-2025-15.57,AVE,2025,4,3,15.95,157.0,110.8,5
00007_10-04-2025-16.27,AVE,2025,4,3,16.45,172.0,72.25,299
00002_10-04-2025-16.37,IRYO,2025,4,3,16.62,157.0,43.94,926
00004_10-04-2025-16.57,AVE,2025,4,3,16.95,157.0,152.02,0
00015_10-04-2025-17.17,OUIGO,2025,4,3,17.28,157.0,68.55,37
00009_10-04-2025-17.22,IRYO,2025,4,3,17.37,172.0,61.21,116
00006_10-04-2025-17.27,AVE,2025,4,3,17.45,199.0,99.32,2
00004_10-04-2025-17.57,AVE,2025,4,3,17.95,157.0,45.04,1683
00016_10-04-2025-18.27,AVE,2025,4,3,18.45,177.0,103.22,2
00002_10-04-2025-18.32,IRYO,2025,4,3,18.53,157.0,43.49,244
00004_10-04-2025-18.57,AVE,2025,4,3,18.95,157.0,87.7,11
00009_10-04-2025-19.29,IRYO,2025,4,3,19.48,172.0,41.28,54
00019_10-04-2025-19.34,AVLO,2025,4,3,19.57,201.0,35.49,214
00004_10-04-2025-20.05,AVE,2025,4,3,20.08,157.0,61.0,41
00009_10-04-2025-20.22,IRYO,2025,4,3,20.37,172.0,34.13,590
00020_10-04-2025-20.27,AVE,2025,4,3,20.45,201.0,40.75,29
00005_10-04-2025-21.02,OUIGO,2025,4,3,21.03,172.0,40.6,3
00007_10-04-2025-21.07,AVE,2025,4,3,21.12,172.0,51.42,12
00002_11-04-2025-06.22,IRYO,2025,4,4,6.37,157.0,14.79,7135
00021_11-04-2025-06.27,AVLO,2025,4,4,6.45,178.0,21.0,1490
00004_11-04-2025-06.57,AVE,2025,4,4,6.95,157.0,42.56,313
00005_11-04-2025-07.02,OUIGO,2025,4,4,7.03,172.0,26.72,125
00002_11-04-2025-07.22,IRYO,2025,4,4,7.37,157.0,44.94,31
00006_11-04-2025-07.27,AVE,2025,4,4,7.45,199.0,73.55,2
00004_11-04-2025-07.57,AVE,2025,4,4,7.95,157.0,31.18,1037
00002_11-04-2025-08.32,IRYO,2025,4,4,8.53,157.0,49.57,18
00008_11-04-2025-08.57,AVE,2025,4,4,8.95,164.0,109.48,0
00009_11-04-2025-09.22,IRYO,2025,4,4,9.37,172.0,51.74,60
00010_11-04-2025-09.27,AVE,2025,4,4,9.45,194.0,64.09,94
00009_11-04-2025-09.57,IRYO,2025,4,4,9.95,172.0,79.34,2
00011_11-04-2025-10.02,OUIGO,2025,4,4,10.03,182.0,37.44,181
00012_11-04-2025-10.27,AVLO,2025,4,4,10.45,172.0,59.82,43
00009_11-04-2025-11.22,IRYO,2025,4,4,11.37,172.0,67.0,31
00006_11-04-2025-11.27,AVE,2025,4,4,11.45,199.0,115.82,0
00009_11-04-2025-12.22,IRYO,2025,4,4,12.37,172.0,47.73,147
00013_11-04-2025-12.27,AVE,2025,4,4,12.45,197.0,37.71,876
00004_11-04-2025-12.57,AVE,2025,4,4,12.95,157.0,94.75,7
00014_11-04-2025-13.18,AVE,2025,4,4,13.3,184.0,55.14,90
00004_11-04-2025-13.57,AVE,2025,4,4,13.95,157.0,78.71,48
00009_11-04-2025-14.02,IRYO,2025,4,4,14.03,172.0,72.55,13
00015_11-04-2025-14.12,OUIGO,2025,4,4,14.2,157.0,42.77,121
00016_11-04-2025-14.27,AVE,2025,4,4,14.45,177.0,95.25,13
00017_11-04-2025-14.42,IRYO,2025,4,4,14.7,179.0,91.47,3
00004_11-04-2025-14.57,AVE,2025,4,4,14.95,157.0,98.31,6
00018_11-04-2025-15.27,AVLO,2025,4,4,15.45,199.0,64.28,23
00004_11-04-2025-15.57,AVE,2025,4,4,15.95,157.0,104.58,8
00007_11-04-2025-16.27,AVE,2025,4,4,16.45,172.0,71.38,183
00002_11-04-2025-16.37,IRYO,2025,4,4,16.62,157.0,52.65,247
00004_11-04-2025-16.57,AVE,2025,4,4,16.95,157.0,92.38,39
00015_11-04-2025-17.17,OUIGO,2025,4,4,17.28,157.0,49.69,130
00009_11-04-2025-17.22,IRYO,2025,4,4,17.37,172.0,52.42,109
00018_11-04-2025-17.27,AVLO,2025,4,4,17.45,199.0,44.84,99
00004_11-04-2025-17.57,AVE,2025,4,4,17.95,157.0,60.89,287
00016_11-04-2025-18.27,AVE,2025,4,4,18.45,177.0,85.36,6
00002_11-04-2025-18.32,IRYO,2025,4,4,18.53,157.0,44.98,95
00004_11-04-2025-18.57,AVE,2025,4,4,18.95,157.0,73.71,32
00009_11-04-2025-19.29,IRYO,2025,4,4,19.48,172.0,64.53,1
00019_11-04-2025-19.34,AVLO,2025,4,4,19.57,201.0,40.9,5
00004_11-04-2025-20.05,AVE,2025,4,4,20.08,157.0,68.55,10
00009_11-04-2025-20.22,IRYO,2025,4,4,20.37,172.0,24.44,780
00020_11-04-2025-20.27,AVE,2025,4,4,20.45,201.0,57.66,5
00005_11-04-2025-21.02,OUIGO,2025,4,4,21.03,172.0,22.91,1043
00007_11-04-2025-21.07,AVE,2025,4,4,21.12,172.0,74.84,0
00021_12-04-2025-06.27,AVLO,2025,4,5,6.45,178.0,34.72,449
00005_12-04-2025-07.02,OUIGO,2025,4,5,7.03,172.0,33.45,153
00006_12-04-2025-07.27,AVE,2025,4,5,7.45,199.0,55.73,95
00009_12-04-2025-08.07,IRYO,2025,4,5,8.12,172.0,31.1,204
00007_12-04-2025-08.27,AVE,2025,4,5,8.45,172.0,66.39,32
00008_12-04-2025-08.57,AVE,2025,4,5,8.95,164.0,44.6,289
00009_12-04-2025-09.22,IRYO,2025,4,5,9.37,172.0,50.62,36
00010_12-04-2025-09.27,AVE,2025,4,5,9.45,194.0,46.73,267
00009_12-04-2025-09.57,IRYO,2025,4,5,9.95,172.0,45.84,73
00011_12-04-2025-10.02,OUIGO,2025,4,5,10.03,182.0,35.23,83
00012_12-04-2025-10.27,AVLO,2025,4,5,10.45,172.0,39.44,162
00009_12-04-2025-11.22,IRYO,2025,4,5,11.37,172.0,50.22,85
00006_12-04-2025-11.27,AVE,2025,4,5,11.45,199.0,59.47,136
00009_12-04-2025-12.22,IRYO,2025,4,5,12.37,172.0,48.4,72
00013_12-04-2025-12.27,AVE,2025,4,5,12.45,197.0,61.39,87
00014_12-04-2025-13.18,AVE,2025,4,5,13.3,184.0,82.74,1
00015_12-04-2025-14.12,OUIGO,2025,4,5,14.2,157.0,10.0,3166
00017_12-04-2025-14.42,IRYO,2025,4,5,14.7,179.0,33.68,103
00018_12-04-2025-15.27,AVLO,2025,4,5,15.45,199.0,30.85,103
00007_12-04-2025-16.27,AVE,2025,4,5,16.45,172.0,96.88,3
00002_12-04-2025-16.37,IRYO,2025,4,5,16.62,157.0,36.19,204
00015_12-04-2025-17.17,OUIGO,2025,4,5,17.28,157.0,10.0,2527
00018_12-04-2025-17.27,AVLO,2025,4,5,17.45,199.0,20.69,209
00016_12-04-2025-18.27,AVE,2025,4,5,18.45,177.0,109.87,0
00009_12-04-2025-19.29,IRYO,2025,4,5,19.48,172.0,22.25,37
00019_12-04-2025-19.34,AVLO,2025,4,5,19.57,201.0,23.09,11
00009_12-04-2025-20.22,IRYO,2025,4,5,20.37,172.0,22.0,20
00020_12-04-2025-20.27,AVE,2025,4,5,20.45,201.0,10.0,3983
00005_12-04-2025-21.02,OUIGO,2025,4,5,21.03,172.0,14.79,97
00021_13-04-2025-06.27,AVLO,2025,4,6,6.45,178.0,66.61,58
00005_13-04-2025-07.02,OUIGO,2025,4,6,7.03,172.0,44.73,570
00006_13-04-2025-07.27,AVE,2025,4,6,7.45,199.0,55.09,321
00009_13-04-2025-08.07,IRYO,2025,4,6,8.12,172.0,41.43,3652
00007_13-04-2025-08.27,AVE,2025,4,6,8.45,172.0,80.4,16
00009_13-04-2025-09.22,IRYO,2025,4,6,9.37,172.0,53.77,138
00010_13-04-2025-09.27,AVE,2025,4,6,9.45,194.0,68.53,99
00009_13-04-2025-09.57,IRYO,2025,4,6,9.95,172.0,59.44,47
00011_13-04-2025-10.02,OUIGO,2025,4,6,10.03,182.0,45.25,916
00012_13-04-2025-10.27,AVLO,2025,4,6,10.45,172.0,45.74,1509
00009_13-04-2025-11.22,IRYO,2025,4,6,11.37,172.0,58.03,112
00006_13-04-2025-11.27,AVE,2025,4,6,11.45,199.0,140.72,0
00009_13-04-2025-12.22,IRYO,2025,4,6,12.37,172.0,74.67,17
00013_13-04-2025-12.27,AVE,2025,4,6,12.45,197.0,57.81,368
00014_13-04-2025-13.18,AVE,2025,4,6,13.3,184.0,55.14,284
00009_13-04-2025-14.02,IRYO,2025,4,6,14.03,172.0,81.43,12
00015_13-04-2025-14.12,OUIGO,2025,4,6,14.2,157.0,51.2,459
00016_13-04-2025-14.27,AVE,2025,4,6,14.45,177.0,89.62,37
00017_13-04-2025-14.42,IRYO,2025,4,6,14.7,179.0,87.36,8
00018_13-04-2025-15.27,AVLO,2025,4,6,15.45,199.0,73.5,20
00007_13-04-2025-16.27,AVE,2025,4,6,16.45,172.0,89.97,113
00002_13-04-2025-16.37,IRYO,2025,4,6,16.62,157.0,86.98,36
00004_13-04-2025-16.57,AVE,2025,4,6,16.95,157.0,84.47,268
00015_13-04-2025-17.17,OUIGO,2025,4,6,17.28,157.0,73.71,38
00009_13-04-2025-17.22,IRYO,2025,4,6,17.37,172.0,75.34,49
00018_13-04-2025-17.27,AVLO,2025,4,6,17.45,199.0,69.84,36
00004_13-04-2025-17.57,AVE,2025,4,6,17.95,157.0,75.47,224
00016_13-04-2025-18.27,AVE,2025,4,6,18.45,177.0,114.9,1
00002_13-04-2025-18.32,IRYO,2025,4,6,18.53,157.0,88.49,6
00004_13-04-2025-18.57,AVE,2025,4,6,18.95,157.0,106.04,5
00009_13-04-2025-19.29,IRYO,2025,4,6,19.48,172.0,80.79,2
00019_13-04-2025-19.34,AVLO,2025,4,6,19.57,201.0,90.28,0
00004_13-04-2025-20.05,AVE,2025,4,6,20.08,157.0,64.99,76
00009_13-04-2025-20.22,IRYO,2025,4,6,20.37,172.0,87.61,0
00020_13-04-2025-20.27,AVE,2025,4,6,20.45,201.0,68.95,3
00005_13-04-2025-21.02,OUIGO,2025,4,6,21.03,172.0,79.34,0
00007_13-04-2025-21.07,AVE,2025,4,6,21.12,172.0,129.38,0
00001_14-04-2025-06.12,AVLO,2025,4,0,6.2,157.0,27.62,2235
00002_14-04-2025-06.22,IRYO,2025,4,0,6.37,157.0,46.68,428
00003_14-04-2025-06.27,AVE,2025,4,0,6.45,178.0,57.18,442
00004_14-04-2025-06.57,AVE,2025,4,0,6.95,157.0,56.5,459
00005_14-04-2025-07.02,OUIGO,2025,4,0,7.03,172.0,22.52,459
00002_14-04-2025-07.22,IRYO,2025,4,0,7.37,157.0,37.84,309
00006_14-04-2025-07.27,AVE,2025,4,0,7.45,199.0,58.21,72
00004_14-04-2025-07.57,AVE,2025,4,0,7.95,157.0,63.31,68
00007_14-04-2025-08.27,AVE,2025,4,0,8.45,172.0,65.24,32
00002_14-04-2025-08.32,IRYO,2025,4,0,8.53,157.0,38.35,110
00008_14-04-2025-08.57,AVE,2025,4,0,8.95,164.0,50.46,166
00009_14-04-2025-09.22,IRYO,2025,4,0,9.37,172.0,43.87,59
00010_14-04-2025-09.27,AVE,2025,4,0,9.45,194.0,76.19,4
00009_14-04-2025-09.57,IRYO,2025,4,0,9.95,172.0,20.64,1003
00011_14-04-2025-10.02,OUIGO,2025,4,0,10.03,182.0,34.16,70
00012_14-04-2025-10.27,AVLO,2025,4,0,10.45,172.0,35.72,170
00009_14-04-2025-11.22,IRYO,2025,4,0,11.37,172.0,26.92,371
00006_14-04-2025-11.27,AVE,2025,4,0,11.45,199.0,36.8,462
00009_14-04-2025-12.22,IRYO,2025,4,0,12.37,172.0,38.76,90
00013_14-04-2025-12.27,AVE,2025,4,0,12.45,197.0,49.14,109
00004_14-04-2025-12.57,AVE,2025,4,0,12.95,157.0,46.84,230
00014_14-04-2025-13.18,AVE,2025,4,0,13.3,184.0,68.94,1
00009_14-04-2025-14.02,IRYO,2025,4,0,14.03,172.0,26.16,274
00015_14-04-2025-14.12,OUIGO,2025,4,0,14.2,157.0,24.4,355
00016_14-04-2025-14.27,AVE,2025,4,0,14.45,177.0,26.95,864
00017_14-04-2025-14.42,IRYO,2025,4,0,14.7,179.0,48.62,9
00004_14-04-2025-14.57,AVE,2025,4,0,14.95,157.0,43.54,292
00018_14-04-2025-15.27,AVLO,2025,4,0,15.45,199.0,37.09,18
00004_14-04-2025-15.57,AVE,2025,4,0,15.95,157.0,29.16,1326
00007_14-04-2025-16.27,AVE,2025,4,0,16.45,172.0,65.13,53
00002_14-04-2025-16.37,IRYO,2025,4,0,16.62,157.0,20.57,2441
00004_14-04-2025-16.57,AVE,2025,4,0,16.95,157.0,47.33,486
00015_14-04-2025-17.17,OUIGO,2025,4,0,17.28,157.0,30.17,133
00009_14-04-2025-17.22,IRYO,2025,4,0,17.37,172.0,49.9,25
00006_14-04-2025-17.27,AVE,2025,4,0,17.45,199.0,57.61,50
00004_14-04-2025-17.57,AVE,2025,4,0,17.95,157.0,32.61,782
00016_14-04-2025-18.27,AVE,2025,4,0,18.45,177.0,49.3,59
00002_14-04-2025-18.32,IRYO,2025,4,0,18.53,157.0,30.01,89
00004_14-04-2025-18.57,AVE,2025,4,0,18.95,157.0,28.36,458
00009_14-04-2025-19.29,IRYO,2025,4,0,19.48,172.0,40.7,5
00019_14-04-2025-19.34,AVLO,2025,4,0,19.57,201.0,20.64,538
00004_14-04-2025-20.05,AVE,2025,4,0,20.08,157.0,45.51,23
00009_14-04-2025-20.22,IRYO,2025,4,0,20.37,172.0,36.98,3
00020_14-04-2025-20.27,AVE,2025,4,0,20.45,201.0,29.3,25
00005_14-04-2025-21.02,OUIGO,2025,4,0,21.03,172.0,31.25,1
00007_14-04-2025-21.07,AVE,2025,4,0,21.12,172.0,34.27,12
00001_15-04-2025-06.12,AVLO,2025,4,1,6.2,157.0,32.98,767
00002_15-04-2025-06.22,IRYO,2025,4,1,6.37,157.0,41.54,345
00003_15-04-2025-06.27,AVE,2025,4,1,6.45,178.0,27.31,2238
00004_15-04-2025-06.57,AVE,2025,4,1,6.95,157.0,106.31,0
00005_15-04-2025-07.02,OUIGO,2025,4,1,7.03,172.0,52.75,7
00002_15-04-2025-07.22,IRYO,2025,4,1,7.37,157.0,36.65,129
00006_15-04-2025-07.27,AVE,2025,4,1,7.45,199.0,29.38,503
00004_15-04-2025-07.57,AVE,2025,4,1,7.95,157.0,29.67,886
00007_15-04-2025-08.27,AVE,2025,4,1,8.45,172.0,59.85,12
00002_15-04-2025-08.32,IRYO,2025,4,1,8.53,157.0,31.89,71
00008_15-04-2025-08.57,AVE,2025,4,1,8.95,164.0,29.73,671
00009_15-04-2025-09.22,IRYO,2025,4,1,9.37,172.0,41.0,30
00010_15-04-2025-09.27,AVE,2025,4,1,9.45,194.0,65.38,14
00009_15-04-2025-09.57,IRYO,2025,4,1,9.95,172.0,30.7,202
00011_15-04-2025-10.02,OUIGO,2025,4,1,10.03,182.0,28.45,101
00012_15-04-2025-10.27,AVLO,2025,4,1,10.45,172.0,35.53,127
00009_15-04-2025-11.22,IRYO,2025,4,1,11.37,172.0,45.47,32
00006_15-04-2025-11.27,AVE,2025,4,1,11.45,199.0,44.79,164
00009_15-04-2025-12.22,IRYO,2025,4,1,12.37,172.0,20.91,1730
00013_15-04-2025-12.27,AVE,2025,4,1,12.45,197.0,27.7,743
00004_15-04-2025-12.57,AVE,2025,4,1,12.95,157.0,46.19,185
00014_15-04-2025-13.18,AVE,2025,4,1,13.3,184.0,48.24,38
00009_15-04-2025-14.02,IRYO,2025,4,1,14.03,172.0,40.53,42
00015_15-04-2025-14.12,OUIGO,2025,4,1,14.2,157.0,26.92,263
00016_15-04-2025-14.27,AVE,2025,4,1,14.45,177.0,75.85,4
00017_15-04-2025-14.42,IRYO,2025,4,1,14.7,179.0,37.7,47
00004_15-04-2025-14.57,AVE,2025,4,1,14.95,157.0,42.72,390
00018_15-04-2025-15.27,AVLO,2025,4,1,15.45,199.0,29.81,95
00004_15-04-2025-15.57,AVE,2025,4,1,15.95,157.0,47.15,351
00007_15-04-2025-16.27,AVE,2025,4,1,16.45,172.0,23.92,2888
00002_15-04-2025-16.37,IRYO,2025,4,1,16.62,157.0,27.88,557
00004_15-04-2025-16.57,AVE,2025,4,1,16.95,157.0,46.97,584
00015_15-04-2025-17.17,OUIGO,2025,4,1,17.28,157.0,43.26,29
00009_15-04-2025-17.22,IRYO,2025,4,1,17.37,172.0,61.89,8
00006_15-04-2025-17.27,AVE,2025,4,1,17.45,199.0,62.18,32
00004_15-04-2025-17.57,AVE,2025,4,1,17.95,157.0,68.1,51
00016_15-04-2025-18.27,AVE,2025,4,1,18.45,177.0,49.44,79
00002_15-04-2025-18.32,IRYO,2025,4,1,18.53,157.0,42.26,33
00004_15-04-2025-18.57,AVE,2025,4,1,18.95,157.0,29.8,431
00009_15-04-2025-19.29,IRYO,2025,4,1,19.48,172.0,47.21,3
00019_15-04-2025-19.34,AVLO,2025,4,1,19.57,201.0,29.0,21
00004_15-04-2025-20.05,AVE,2025,4,1,20.08,157.0,31.85,92
00009_15-04-2025-20.22,IRYO,2025,4,1,20.37,172.0,34.72,6
00020_15-04-2025-20.27,AVE,2025,4,1,20.45,201.0,40.51,4
00005_15-04-2025-21.02,OUIGO,2025,4,1,21.03,172.0,26.97,57
00007_15-04-2025-21.07,AVE,2025,4,1,21.12,172.0,54.96,1
00001_16-04-2025-06.12,AVLO,2025,4,2,6.2,157.0,32.76,680
00002_16-04-2025-06.22,IRYO,2025,4,2,6.37,157.0,16.42,2529
00003_16-04-2025-06.27,AVE,2025,4,2,6.45,178.0,38.92,854
00004_16-04-2025-06.57,AVE,2025,4,2,6.95,157.0,99.0,3
00005_16-04-2025-07.02,OUIGO,2025,4,2,7.03,172.0,64.64,3
00002_16-04-2025-07.22,IRYO,2025,4,2,7.37,157.0,29.29,323
00006_16-04-2025-07.27,AVE,2025,4,2,7.45,199.0,51.58,87
00004_16-04-2025-07.57,AVE,2025,4,2,7.95,157.0,49.3,165
00007_16-04-2025-08.27,AVE,2025,4,2,8.45,172.0,80.01,4
00002_16-04-2025-08.32,IRYO,2025,4,2,8.53,157.0,42.74,62
00008_16-04-2025-08.57,AVE,2025,4,2,8.95,164.0,55.98,105
00009_16-04-2025-09.22,IRYO,2025,4,2,9.37,172.0,55.85,19
00010_16-04-2025-09.27,AVE,2025,4,2,9.45,194.0,78.61,6
00009_16-04-2025-09.57,IRYO,2025,4,2,9.95,172.0,28.02,444
00011_16-04-2025-10.02,OUIGO,2025,4,2,10.03,182.0,49.87,14
00012_16-04-2025-10.27,AVLO,2025,4,2,10.45,172.0,45.05,87
00009_16-04-2025-11.22,IRYO,2025,4,2,11.37,172.0,53.68,32
00006_16-04-2025-11.27,AVE,2025,4,2,11.45,199.0,57.03,63
00009_16-04-2025-12.22,IRYO,2025,4,2,12.37,172.0,21.62,1682
00013_16-04-2025-12.27,AVE,2025,4,2,12.45,197.0,49.49,83
00004_16-04-2025-12.57,AVE,2025,4,2,12.95,157.0,38.0,513
00014_16-04-2025-13.18,AVE,2025,4,2,13.3,184.0,48.24,50
00009_16-04-2025-14.02,IRYO,2025,4,2,14.03,172.0,26.87,396
00015_16-04-2025-14.12,OUIGO,2025,4,2,14.2,157.0,39.32,36
00016_16-04-2025-14.27,AVE,2025,4,2,14.45,177.0,32.91,637
00017_16-04-2025-14.42,IRYO,2025,4,2,14.7,179.0,42.81,55
00004_16-04-2025-14.57,AVE,2025,4,2,14.95,157.0,59.38,125
00018_16-04-2025-15.27,AVLO,2025,4,2,15.45,199.0,33.82,105
00004_16-04-2025-15.57,AVE,2025,4,2,15.95,157.0,51.01,481
00007_16-04-2025-16.27,AVE,2025,4,2,16.45,172.0,54.76,282
00002_16-04-2025-16.37,IRYO,2025,4,2,16.62,157.0,37.5,392
00004_16-04-2025-16.57,AVE,2025,4,2,16.95,157.0,123.84,0
00015_16-04-2025-17.17,OUIGO,2025,4,2,17.28,157.0,37.17,129
00009_16-04-2025-17.22,IRYO,2025,4,2,17.37,172.0,52.89,42
00006_16-04-2025-17.27,AVE,2025,4,2,17.45,199.0,28.26,1047
00004_16-04-2025-17.57,AVE,2025,4,2,17.95,157.0,45.96,483
00016_16-04-2025-18.27,AVE,2025,4,2,18.45,177.0,58.63,36
00002_16-04-2025-18.32,IRYO,2025,4,2,18.53,157.0,41.64,55
00004_16-04-2025-18.57,AVE,2025,4,2,18.95,157.0,98.81,0
00009_16-04-2025-19.29,IRYO,2025,4,2,19.48,172.0,32.98,27
00019_16-04-2025-19.34,AVLO,2025,4,2,19.57,201.0,24.6,329
00004_16-04-2025-20.05,AVE,2025,4,2,20.08,157.0,54.4,9
00009_16-04-2025-20.22,IRYO,2025,4,2,20.37,172.0,27.9,64
00020_16-04-2025-20.27,AVE,2025,4,2,20.45,201.0,38.2,6
00005_16-04-2025-21.02,OUIGO,2025,4,2,21.03,172.0,35.25,0
00007_16-04-2025-21.07,AVE,2025,4,2,21.12,172.0,31.52,27
00001_17-04-2025-06.12,AVLO,2025,4,3,6.2,157.0,32.29,521
00002_17-04-2025-06.22,IRYO,2025,4,3,6.37,157.0,20.06,1548
00003_17-04-2025-06.27,AVE,2025,4,3,6.45,178.0,19.23,3612
00004_17-04-2025-06.57,AVE,2025,4,3,6.95,157.0,65.33,62
00005_17-04-2025-07.02,OUIGO,2025,4,3,7.03,172.0,28.76,68
00002_17-04-2025-07.22,IRYO,2025,4,3,7.37,157.0,20.87,1123
00006_17-04-2025-07.27,AVE,2025,4,3,7.45,199.0,37.72,272
00004_17-04-2025-07.57,AVE,2025,4,3,7.95,157.0,52.84,86
00007_17-04-2025-08.27,AVE,2025,4,3,8.45,172.0,63.37,53
00002_17-04-2025-08.32,IRYO,2025,4,3,8.53,157.0,51.7,22
00008_17-04-2025-08.57,AVE,2025,4,3,8.95,164.0,78.12,7
00009_17-04-2025-09.22,IRYO,2025,4,3,9.37,172.0,51.86,48
00010_17-04-2025-09.27,AVE,2025,4,3,9.45,194.0,62.62,102
00009_17-04-2025-09.57,IRYO,2025,4,3,9.95,172.0,60.55,24
00011_17-04-2025-10.02,OUIGO,2025,4,3,10.03,182.0,56.88,17
00012_17-04-2025-10.27,AVLO,2025,4,3,10.45,172.0,52.51,75
00009_17-04-2025-11.22,IRYO,2025,4,3,11.37,172.0,48.27,103
00006_17-04-2025-11.27,AVE,2025,4,3,11.45,199.0,39.82,705
00009_17-04-2025-12.22,IRYO,2025,4,3,12.37,172.0,26.84,1497
00013_17-04-2025-12.27,AVE,2025,4,3,12.45,197.0,47.45,339
00004_17-04-2025-12.57,AVE,2025,4,3,12.95,157.0,60.23,191
00014_17-04-2025-13.18,AVE,2025,4,3,13.3,184.0,55.14,132
00004_17-04-2025-13.57,AVE,2025,4,3,13.95,157.0,,0
00009_17-04-2025-14.02,IRYO,2025,4,3,14.03,172.0,,0
00015_17-04-2025-14.12,OUIGO,2025,4,3,14.2,157.0,,0
00016_17-04-2025-14.27,AVE,2025,4,3,14.45,177.0,84.82,42
00017_17-04-2025-14.42,IRYO,2025,4,3,14.7,179.0,48.0,294
00004_17-04-2025-14.57,AVE,2025,4,3,14.95,157.0,77.87,225
00018_17-04-2025-15.27,AVLO,2025,4,3,15.45,199.0,50.29,231
00004_17-04-2025-15.57,AVE,2025,4,3,15.95,157.0,102.04,35
00007_17-04-2025-16.27,AVE,2025,4,3,16.45,172.0,70.33,535
00002_17-04-2025-16.37,IRYO,2025,4,3,16.62,157.0,48.3,972
00004_17-04-2025-16.57,AVE,2025,4,3,16.95,157.0,158.44,0
00015_17-04-2025-17.17,OUIGO,2025,4,3,17.28,157.0,52.67,266
00009_17-04-2025-17.22,IRYO,2025,4,3,17.37,172.0,95.68,2
00006_17-04-2025-17.27,AVE,2025,4,3,17.45,199.0,116.52,0
00004_17-04-2025-17.57,AVE,2025,4,3,17.95,157.0,65.5,577
00016_17-04-2025-18.27,AVE,2025,4,3,18.45,177.0,64.93,184
00002_17-04-2025-18.32,IRYO,2025,4,3,18.53,157.0,37.28,615
00004_17-04-2025-18.57,AVE,2025,4,3,18.95,157.0,83.63,23
00009_17-04-2025-19.29,IRYO,2025,4,3,19.48,172.0,42.06,65
00019_17-04-2025-19.34,AVLO,2025,4,3,19.57,201.0,37.3,27
00004_17-04-2025-20.05,AVE,2025,4,3,20.08,157.0,49.72,181
00009_17-04-2025-20.22,IRYO,2025,4,3,20.37,172.0,54.48,0
00020_17-04-2025-20.27,AVE,2025,4,3,20.45,201.0,62.18,5
00005_17-04-2025-21.02,OUIGO,2025,4,3,21.03,172.0,32.01,86
00007_17-04-2025-21.07,AVE,2025,4,3,21.12,172.0,35.91,93
00002_18-04-2025-06.22,IRYO,2025,4,4,6.37,157.0,28.08,664
00021_18-04-2025-06.27,AVLO,2025,4,4,6.45,178.0,19.1,5087
00004_18-04-2025-06.57,AVE,2025,4,4,6.95,157.0,38.49,443
00005_18-04-2025-07.02,OUIGO,2025,4,4,7.03,172.0,49.66,2
00002_18-04-2025-07.22,IRYO,2025,4,4,7.37,157.0,43.14,32
00006_18-04-2025-07.27,AVE,2025,4,4,7.45,199.0,66.51,9
00004_18-04-2025-07.57,AVE,2025,4,4,7.95,157.0,44.91,174
00002_18-04-2025-08.32,IRYO,2025,4,4,8.53,157.0,28.75,734
00008_18-04-2025-08.57,AVE,2025,4,4,8.95,164.0,113.02,0
00009_18-04-2025-09.22,IRYO,2025,4,4,9.37,172.0,47.11,72
00010_18-04-2025-09.27,AVE,2025,4,4,9.45,194.0,74.11,34
00009_18-04-2025-09.57,IRYO,2025,4,4,9.95,172.0,78.14,1
00011_18-04-2025-10.02,OUIGO,2025,4,4,10.03,182.0,51.71,20
00012_18-04-2025-10.27,AVLO,2025,4,4,10.45,172.0,53.65,71
00009_18-04-2025-11.22,IRYO,2025,4,4,11.37,172.0,59.33,34
00006_18-04-2025-11.27,AVE,2025,4,4,11.45,199.0,112.91,0
00009_18-04-2025-12.22,IRYO,2025,4,4,12.37,172.0,43.6,95
00013_18-04-2025-12.27,AVE,2025,4,4,12.45,197.0,31.28,1637
00004_18-04-2025-12.57,AVE,2025,4,4,12.95,157.0,83.34,8
00014_18-04-2025-13.18,AVE,2025,4,4,13.3,184.0,55.14,56
00004_18-04-2025-13.57,AVE,2025,4,4,13.95,157.0,83.75,14
00009_18-04-2025-14.02,IRYO,2025,4,4,14.03,172.0,70.33,5
00015_18-04-2025-14.12,OUIGO,2025,4,4,14.2,157.0,45.16,41
00016_18-04-2025-14.27,AVE,2025,4,4,14.45,177.0,100.49,4
00017_18-04-2025-14.42,IRYO,2025,4,4,14.7,179.0,72.39,8
00004_18-04-2025-14.57,AVE,2025,4,4,14.95,157.0,99.76,10
00018_18-04-2025-15.27,AVLO,2025,4,4,15.45,199.0,47.22,56
00004_18-04-2025-15.57,AVE,2025,4,4,15.95,157.0,83.87,39
00007_18-04-2025-16.27,AVE,2025,4,4,16.45,172.0,75.41,81
00002_18-04-2025-16.37,IRYO,2025,4,4,16.62,157.0,68.98,34
00004_18-04-2025-16.57,AVE,2025,4,4,16.95,157.0,97.54,15
00015_18-04-2025-17.17,OUIGO,2025,4,4,17.28,157.0,48.21,56
00009_18-04-2025-17.22,IRYO,2025,4,4,17.37,172.0,53.65,57
00018_18-04-2025-17.27,AVLO,2025,4,4,17.45,199.0,43.41,55
00004_18-04-2025-17.57,AVE,2025,4,4,17.95,157.0,45.08,390
00016_18-04-2025-18.27,AVE,2025,4,4,18.45,177.0,71.8,11
00002_18-04-2025-18.32,IRYO,2025,4,4,18.53,157.0,42.78,71
00004_18-04-2025-18.57,AVE,2025,4,4,18.95,157.0,64.98,21
00009_18-04-2025-19.29,IRYO,2025,4,4,19.48,172.0,50.19,2
00019_18-04-2025-19.34,AVLO,2025,4,4,19.57,201.0,39.89,4
00004_18-04-2025-20.05,AVE,2025,4,4,20.08,157.0,54.72,13
00009_18-04-2025-20.22,IRYO,2025,4,4,20.37,172.0,45.85,0
00020_18-04-2025-20.27,AVE,2025,4,4,20.45,201.0,34.9,107
00005_18-04-2025-21.02,OUIGO,2025,4,4,21.03,172.0,33.54,121
00007_18-04-2025-21.07,AVE,2025,4,4,21.12,172.0,82.1,0
00021_19-04-2025-06.27,AVLO,2025,4,5,6.45,178.0,20.71,1918
00005_19-04-2025-07.02,OUIGO,2025,4,5,7.03,172.0,40.63,92
00006_19-04-2025-07.27,AVE,2025,4,5,7.45,199.0,57.07,84
00009_19-04-2025-08.07,IRYO,2025,4,5,8.12,172.0,34.3,140
00007_19-04-2025-08.27,AVE,2025,4,5,8.45,172.0,41.44,402
00008_19-04-2025-08.57,AVE,2025,4,5,8.95,164.0,47.33,235
00009_19-04-2025-09.22,IRYO,2025,4,5,9.37,172.0,35.85,173
00010_19-04-2025-09.27,AVE,2025,4,5,9.45,194.0,44.01,355
00009_19-04-2025-09.57,IRYO,2025,4,5,9.95,172.0,35.74,215
00011_19-04-2025-10.02,OUIGO,2025,4,5,10.03,182.0,28.93,233
00012_19-04-2025-10.27,AVLO,2025,4,5,10.45,172.0,44.06,144
00009_19-04-2025-11.22,IRYO,2025,4,5,11.37,172.0,37.72,378
00006_19-04-2025-11.27,AVE,2025,4,5,11.45,199.0,62.59,135
00009_19-04-2025-12.22,IRYO,2025,4,5,12.37,172.0,49.15,139
00013_19-04-2025-12.27,AVE,2025,4,5,12.45,197.0,55.5,258
00014_19-04-2025-13.18,AVE,2025,4,5,13.3,184.0,82.74,8
00015_19-04-2025-14.12,OUIGO,2025,4,5,14.2,157.0,31.95,229
00017_19-04-2025-14.42,IRYO,2025,4,5,14.7,179.0,22.67,1045
00018_19-04-2025-15.27,AVLO,2025,4,5,15.45,199.0,31.2,242
00007_19-04-2025-16.27,AVE,2025,4,5,16.45,172.0,84.46,27
00002_19-04-2025-16.37,IRYO,2025,4,5,16.62,157.0,39.45,414
00015_19-04-2025-17.17,OUIGO,2025,4,5,17.28,157.0,24.01,585
00018_19-04-2025-17.27,AVLO,2025,4,5,17.45,199.0,26.44,330
00016_19-04-2025-18.27,AVE,2025,4,5,18.45,177.0,101.12,1
00009_19-04-2025-19.29,IRYO,2025,4,5,19.48,172.0,24.26,142
00019_19-04-2025-19.34,AVLO,2025,4,5,19.57,201.0,23.2,112
00009_19-04-2025-20.22,IRYO,2025,4,5,20.37,172.0,33.45,6
00020_19-04-2025-20.27,AVE,2025,4,5,20.45,201.0,11.94,12837
00005_19-04-2025-21.02,OUIGO,2025,4,5,21.03,172.0,27.16,3
00021_20-04-2025-06.27,AVLO,2025,4,6,6.45,178.0,49.81,667
00005_20-04-2025-07.02,OUIGO,2025,4,6,7.03,172.0,38.03,8633
00006_20-04-2025-07.27,AVE,2025,4,6,7.45,199.0,54.51,956
00009_20-04-2025-08.07,IRYO,2025,4,6,8.12,172.0,63.26,51
00007_20-04-2025-08.27,AVE,2025,4,6,8.45,172.0,96.69,7
00009_20-04-2025-09.22,IRYO,2025,4,6,9.37,172.0,55.08,243
00010_20-04-2025-09.27,AVE,2025,4,6,9.45,194.0,70.13,205
00009_20-04-2025-09.57,IRYO,2025,4,6,9.95,172.0,69.52,37
00011_20-04-2025-10.02,OUIGO,2025,4,6,10.03,182.0,46.41,1274
00012_20-04-2025-10.27,AVLO,2025,4,6,10.45,172.0,46.31,2981
00009_20-04-2025-11.22,IRYO,2025,4,6,11.37,172.0,73.84,68
00006_20-04-2025-11.27,AVE,2025,4,6,11.45,199.0,131.47,0
00009_20-04-2025-12.22,IRYO,2025,4,6,12.37,172.0,53.06,537
00013_20-04-2025-12.27,AVE,2025,4,6,12.45,197.0,65.53,353
00014_20-04-2025-13.18,AVE,2025,4,6,13.3,184.0,55.14,602
00009_20-04-2025-14.02,IRYO,2025,4,6,14.03,172.0,87.74,11
00015_20-04-2025-14.12,OUIGO,2025,4,6,14.2,157.0,57.1,117
00016_20-04-2025-14.27,AVE,2025,4,6,14.45,177.0,113.0,2
00017_20-04-2025-14.42,IRYO,2025,4,6,14.7,179.0,79.62,16
00018_20-04-2025-15.27,AVLO,2025,4,6,15.45,199.0,66.46,38
00007_20-04-2025-16.27,AVE,2025,4,6,16.45,172.0,71.7,337
00002_20-04-2025-16.37,IRYO,2025,4,6,16.62,157.0,94.35,10
00004_20-04-2025-16.57,AVE,2025,4,6,16.95,157.0,65.02,904
00015_20-04-2025-17.17,OUIGO,2025,4,6,17.28,157.0,64.14,74
00009_20-04-2025-17.22,IRYO,2025,4,6,17.37,172.0,90.43,7
00018_20-04-2025-17.27,AVLO,2025,4,6,17.45,199.0,68.19,22
00004_20-04-2025-17.57,AVE,2025,4,6,17.95,157.0,62.84,477
00016_20-04-2025-18.27,AVE,2025,4,6,18.45,177.0,90.44,21
00002_20-04-2025-18.32,IRYO,2025,4,6,18.53,157.0,81.66,9
00004_20-04-2025-18.57,AVE,2025,4,6,18.95,157.0,103.6,3
00009_20-04-2025-19.29,IRYO,2025,4,6,19.48,172.0,61.7,18
00019_20-04-2025-19.34,AVLO,2025,4,6,19.57,201.0,77.09,0
00004_20-04-2025-20.05,AVE,2025,4,6,20.08,157.0,65.82,40
00009_20-04-2025-20.22,IRYO,2025,4,6,20.37,172.0,88.93,0
00020_20-04-2025-20.27,AVE,2025,4,6,20.45,201.0,80.34,0
00005_20-04-2025-21.02,OUIGO,2025,4,6,21.03,172.0,72.22,0
00007_20-04-2025-21.07,AVE,2025,4,6,21.12,172.0,125.98,0
00001_21-04-2025-06.12,AVLO,2025,4,0,6.2,157.0,28.69,334
00002_21-04-2025-06.22,IRYO,2025,4,0,6.37,157.0,37.55,157
00003_21-04-2025-06.27,AVE,2025,4,0,6.45,178.0,50.08,143
00004_21-04-2025-06.57,AVE,2025,4,0,6.95,157.0,68.02,29
00005_21-04-2025-07.02,OUIGO,2025,4,0,7.03,172.0,24.03,122
00002_21-04-2025-07.22,IRYO,2025,4,0,7.37,157.0,46.71,35
00006_21-04-2025-07.27,AVE,2025,4,0,7.45,199.0,51.95,41
00004_21-04-2025-07.57,AVE,2025,4,0,7.95,157.0,65.02,23
00007_21-04-2025-08.27,AVE,2025,4,0,8.45,172.0,76.67,4
00002_21-04-2025-08.32,IRYO,2025,4,0,8.53,157.0,39.62,45
00008_21-04-2025-08.57,AVE,2025,4,0,8.95,164.0,46.6,134
00009_21-04-2025-09.22,IRYO,2025,4,0,9.37,172.0,74.75,3
00010_21-04-2025-09.27,AVE,2025,4,0,9.45,194.0,75.16,3
00009_21-04-2025-09.57,IRYO,2025,4,0,9.95,172.0,30.82,146
00011_21-04-2025-10.02,OUIGO,2025,4,0,10.03,182.0,37.35,24
00012_21-04-2025-10.27,AVLO,2025,4,0,10.45,172.0,34.18,96
00009_21-04-2025-11.22,IRYO,2025,4,0,11.37,172.0,39.2,51
00006_21-04-2025-11.27,AVE,2025,4,0,11.45,199.0,32.12,273
00009_21-04-2025-12.22,IRYO,2025,4,0,12.37,172.0,10.0,8286
00013_21-04-2025-12.27,AVE,2025,4,0,12.45,197.0,53.63,27
00004_21-04-2025-12.57,AVE,2025,4,0,12.95,157.0,46.09,98
00014_21-04-2025-13.18,AVE,2025,4,0,13.3,184.0,68.94,2
00009_21-04-2025-14.02,IRYO,2025,4,0,14.03,172.0,42.18,12
00015_21-04-2025-14.12,OUIGO,2025,4,0,14.2,157.0,20.67,136
00016_21-04-2025-14.27,AVE,2025,4,0,14.45,177.0,36.38,131
00017_21-04-2025-14.42,IRYO,2025,4,0,14.7,179.0,32.1,33
00004_21-04-2025-14.57,AVE,2025,4,0,14.95,157.0,43.49,91
00018_21-04-2025-15.27,AVLO,2025,4,0,15.45,199.0,35.4,13
00004_21-04-2025-15.57,AVE,2025,4,0,15.95,157.0,49.46,74
00007_21-04-2025-16.27,AVE,2025,4,0,16.45,172.0,77.56,2
00002_21-04-2025-16.37,IRYO,2025,4,0,16.62,157.0,30.46,97
00004_21-04-2025-16.57,AVE,2025,4,0,16.95,157.0,54.77,65
00015_21-04-2025-17.17,OUIGO,2025,4,0,17.28,157.0,16.68,414
00009_21-04-2025-17.22,IRYO,2025,4,0,17.37,172.0,39.58,16
00006_21-04-2025-17.27,AVE,2025,4,0,17.45,199.0,54.35,14
00004_21-04-2025-17.57,AVE,2025,4,0,17.95,157.0,43.86,86
00016_21-04-2025-18.27,AVE,2025,4,0,18.45,177.0,65.03,2
00002_21-04-2025-18.32,IRYO,2025,4,0,18.53,157.0,33.97,22
00004_21-04-2025-18.57,AVE,2025,4,0,18.95,157.0,31.32,74
00009_21-04-2025-19.29,IRYO,2025,4,0,19.48,172.0,49.3,0
00019_21-04-2025-19.34,AVLO,2025,4,0,19.57,201.0,21.61,17
00004_21-04-2025-20.05,AVE,2025,4,0,20.08,157.0,21.86,373
00009_21-04-2025-20.22,IRYO,2025,4,0,20.37,172.0,10.0,3923
00020_21-04-2025-20.27,AVE,2025,4,0,20.45,201.0,18.21,814
00005_21-04-2025-21.02,OUIGO,2025,4,0,21.03,172.0,21.87,3
00007_21-04-2025-21.07,AVE,2025,4,0,21.12,172.0,32.96,1
00001_22-04-2025-06.12,AVLO,2025,4,1,6.2,157.0,34.65,1027
00002_22-04-2025-06.22,IRYO,2025,4,1,6.37,157.0,44.77,385
00003_22-04-2025-06.27,AVE,2025,4,1,6.45,178.0,36.12,1686
00004_22-04-2025-06.57,AVE,2025,4,1,6.95,157.0,124.27,0
00005_22-04-2025-07.02,OUIGO,2025,4,1,7.03,172.0,53.31,6
00002_22-04-2025-07.22,IRYO,2025,4,1,7.37,157.0,42.85,108
00006_22-04-2025-07.27,AVE,2025,4,1,7.45,199.0,30.75,604
00004_22-04-2025-07.57,AVE,2025,4,1,7.95,157.0,42.66,389
00007_22-04-2025-08.27,AVE,2025,4,1,8.45,172.0,71.45,5
00002_22-04-2025-08.32,IRYO,2025,4,1,8.53,157.0,35.7,65
00008_22-04-2025-08.57,AVE,2025,4,1,8.95,164.0,28.67,784
00009_22-04-2025-09.22,IRYO,2025,4,1,9.37,172.0,26.96,207
00010_22-04-2025-09.27,AVE,2025,4,1,9.45,194.0,64.47,10
00009_22-04-2025-09.57,IRYO,2025,4,1,9.95,172.0,36.59,83
00011_22-04-2025-10.02,OUIGO,2025,4,1,10.03,182.0,34.85,31
00012_22-04-2025-10.27,AVLO,2025,4,1,10.45,172.0,35.85,96
00009_22-04-2025-11.22,IRYO,2025,4,1,11.37,172.0,26.98,247
00006_22-04-2025-11.27,AVE,2025,4,1,11.45,199.0,25.82,863
00009_22-04-2025-12.22,IRYO,2025,4,1,12.37,172.0,23.84,370
00013_22-04-2025-12.27,AVE,2025,4,1,12.45,197.0,56.94,25
00004_22-04-2025-12.57,AVE,2025,4,1,12.95,157.0,36.11,407
00014_22-04-2025-13.18,AVE,2025,4,1,13.3,184.0,48.24,35
00009_22-04-2025-14.02,IRYO,2025,4,1,14.03,172.0,33.88,92
00015_22-04-2025-14.12,OUIGO,2025,4,1,14.2,157.0,50.73,8
00016_22-04-2025-14.27,AVE,2025,4,1,14.45,177.0,67.67,9
00017_22-04-2025-14.42,IRYO,2025,4,1,14.7,179.0,41.99,31
00004_22-04-2025-14.57,AVE,2025,4,1,14.95,157.0,45.81,282
00018_22-04-2025-15.27,AVLO,2025,4,1,15.45,199.0,28.45,91
00004_22-04-2025-15.57,AVE,2025,4,1,15.95,157.0,27.36,1625
00007_22-04-2025-16.27,AVE,2025,4,1,16.45,172.0,27.86,1440
00002_22-04-2025-16.37,IRYO,2025,4,1,16.62,157.0,51.21,47
00004_22-04-2025-16.57,AVE,2025,4,1,16.95,157.0,74.73,33
00015_22-04-2025-17.17,OUIGO,2025,4,1,17.28,157.0,19.31,2627
00009_22-04-2025-17.22,IRYO,2025,4,1,17.37,172.0,27.85,294
00006_22-04-2025-17.27,AVE,2025,4,1,17.45,199.0,63.38,28
00004_22-04-2025-17.57,AVE,2025,4,1,17.95,157.0,75.32,16
00016_22-04-2025-18.27,AVE,2025,4,1,18.45,177.0,57.39,38
00002_22-04-2025-18.32,IRYO,2025,4,1,18.53,157.0,44.88,34
00004_22-04-2025-18.57,AVE,2025,4,1,18.95,157.0,28.14,506
00009_22-04-2025-19.29,IRYO,2025,4,1,19.48,172.0,35.82,5
00019_22-04-2025-19.34,AVLO,2025,4,1,19.57,201.0,30.43,12
00004_22-04-2025-20.05,AVE,2025,4,1,20.08,157.0,49.43,31
00009_22-04-2025-20.22,IRYO,2025,4,1,20.37,172.0,34.9,6
00020_22-04-2025-20.27,AVE,2025,4,1,20.45,201.0,40.5,6
00005_22-04-2025-21.02,OUIGO,2025,4,1,21.03,172.0,39.84,0
00007_22-04-2025-21.07,AVE,2025,4,1,21.12,172.0,44.98,7
00001_23-04-2025-06.12,AVLO,2025,4,2,6.2,157.0,36.33,923
00002_23-04-2025-06.22,IRYO,2025,4,2,6.37,157.0,33.38,1063
00003_23-04-2025-06.27,AVE,2025,4,2,6.45,178.0,34.47,2037
00004_23-04-2025-06.57,AVE,2025,4,2,6.95,157.0,81.0,28
00005_23-04-2025-07.02,OUIGO,2025,4,2,7.03,172.0,26.01,300
00002_23-04-2025-07.22,IRYO,2025,4,2,7.37,157.0,37.97,230
00006_23-04-2025-07.27,AVE,2025,4,2,7.45,199.0,37.37,425
00004_23-04-2025-07.57,AVE,2025,4,2,7.95,157.0,50.47,233
00007_23-04-2025-08.27,AVE,2025,4,2,8.45,172.0,60.07,42
00002_23-04-2025-08.32,IRYO,2025,4,2,8.53,157.0,44.8,41
00008_23-04-2025-08.57,AVE,2025,4,2,8.95,164.0,39.81,437
00009_23-04-2025-09.22,IRYO,2025,4,2,9.37,172.0,35.22,143
00010_23-04-2025-09.27,AVE,2025,4,2,9.45,194.0,57.42,75
00009_23-04-2025-09.57,IRYO,2025,4,2,9.95,172.0,32.1,275
00011_23-04-2025-10.02,OUIGO,2025,4,2,10.03,182.0,25.06,578
00012_23-04-2025-10.27,AVLO,2025,4,2,10.45,172.0,51.9,33
00009_23-04-2025-11.22,IRYO,2025,4,2,11.37,172.0,33.86,303
00006_23-04-2025-11.27,AVE,2025,4,2,11.45,199.0,70.82,13
00009_23-04-2025-12.22,IRYO,2025,4,2,12.37,172.0,52.24,21
00013_23-04-2025-12.27,AVE,2025,4,2,12.45,197.0,42.85,223
00004_23-04-2025-12.57,AVE,2025,4,2,12.95,157.0,33.44,999
00014_23-04-2025-13.18,AVE,2025,4,2,13.3,184.0,48.24,51
00009_23-04-2025-14.02,IRYO,2025,4,2,14.03,172.0,28.53,719
00015_23-04-2025-14.12,OUIGO,2025,4,2,14.2,157.0,35.79,53
00016_23-04-2025-14.27,AVE,2025,4,2,14.45,177.0,28.32,1771
00017_23-04-2025-14.42,IRYO,2025,4,2,14.7,179.0,32.09,192
00004_23-04-2025-14.57,AVE,2025,4,2,14.95,157.0,50.99,257
00018_23-04-2025-15.27,AVLO,2025,4,2,15.45,199.0,29.04,467
00004_23-04-2025-15.57,AVE,2025,4,2,15.95,157.0,50.67,635
00007_23-04-2025-16.27,AVE,2025,4,2,16.45,172.0,53.99,444
00002_23-04-2025-16.37,IRYO,2025,4,2,16.62,157.0,28.47,1612
00004_23-04-2025-16.57,AVE,2025,4,2,16.95,157.0,137.43,0
00015_23-04-2025-17.17,OUIGO,2025,4,2,17.28,157.0,51.1,67
00009_23-04-2025-17.22,IRYO,2025,4,2,17.37,172.0,34.73,455
00006_23-04-2025-17.27,AVE,2025,4,2,17.45,199.0,60.39,121
00004_23-04-2025-17.57,AVE,2025,4,2,17.95,157.0,45.59,807
00016_23-04-2025-18.27,AVE,2025,4,2,18.45,177.0,90.46,3
00002_23-04-2025-18.32,IRYO,2025,4,2,18.53,157.0,51.93,35
00004_23-04-2025-18.57,AVE,2025,4,2,18.95,157.0,106.61,0
00009_23-04-2025-19.29,IRYO,2025,4,2,19.48,172.0,27.01,741
00019_23-04-2025-19.34,AVLO,2025,4,2,19.57,201.0,28.82,174
00004_23-04-2025-20.05,AVE,2025,4,2,20.08,157.0,53.12,49
00009_23-04-2025-20.22,IRYO,2025,4,2,20.37,172.0,38.07,9
00020_23-04-2025-20.27,AVE,2025,4,2,20.45,201.0,40.56,20
00005_23-04-2025-21.02,OUIGO,2025,4,2,21.03,172.0,49.26,1
00007_23-04-2025-21.07,AVE,2025,4,2,21.12,172.0,60.81,5
00001_24-04-2025-06.12,AVLO,2025,4,3,6.2,157.0,32.99,755
00002_24-04-2025-06.22,IRYO,2025,4,3,6.37,157.0,21.09,3044
00003_24-04-2025-06.27,AVE,2025,4,3,6.45,178.0,32.28,1678
00004_24-04-2025-06.57,AVE,2025,4,3,6.95,157.0,55.29,276
00005_24-04-2025-07.02,OUIGO,2025,4,3,7.03,172.0,40.98,23
00002_24-04-2025-07.22,IRYO,2025,4,3,7.37,157.0,27.36,415
00006_24-04-2025-07.27,AVE,2025,4,3,7.45,199.0,22.45,2851
00004_24-04-2025-07.57,AVE,2025,4,3,7.95,157.0,33.78,784
00007_24-04-2025-08.27,AVE,2025,4,3,8.45,172.0,58.84,45
00002_24-04-2025-08.32,IRYO,2025,4,3,8.53,157.0,67.03,2
00008_24-04-2025-08.57,AVE,2025,4,3,8.95,164.0,60.67,69
00009_24-04-2025-09.22,IRYO,2025,4,3,9.37,172.0,77.33,0
00010_24-04-2025-09.27,AVE,2025,4,3,9.45,194.0,48.36,355
00009_24-04-2025-09.57,IRYO,2025,4,3,9.95,172.0,41.04,237
00011_24-04-2025-10.02,OUIGO,2025,4,3,10.03,182.0,61.44,9
00012_24-04-2025-10.27,AVLO,2025,4,3,10.45,172.0,52.73,85
00009_24-04-2025-11.22,IRYO,2025,4,3,11.37,172.0,48.19,193
00006_24-04-2025-11.27,AVE,2025,4,3,11.45,199.0,62.12,163
00009_24-04-2025-12.22,IRYO,2025,4,3,12.37,172.0,38.7,434
00013_24-04-2025-12.27,AVE,2025,4,3,12.45,197.0,46.07,632
00004_24-04-2025-12.57,AVE,2025,4,3,12.95,157.0,60.65,318
00014_24-04-2025-13.18,AVE,2025,4,3,13.3,184.0,55.14,187
00004_24-04-2025-13.57,AVE,2025,4,3,13.95,157.0,,0
00009_24-04-2025-14.02,IRYO,2025,4,3,14.03,172.0,,0
00015_24-04-2025-14.12,OUIGO,2025,4,3,14.2,157.0,,0
00016_24-04-2025-14.27,AVE,2025,4,3,14.45,177.0,93.39,14
00017_24-04-2025-14.42,IRYO,2025,4,3,14.7,179.0,39.42,473
00004_24-04-2025-14.57,AVE,2025,4,3,14.95,157.0,68.17,378
00018_24-04-2025-15.27,AVLO,2025,4,3,15.45,199.0,48.1,197
00004_24-04-2025-15.57,AVE,2025,4,3,15.95,157.0,81.19,190
00007_24-04-2025-16.27,AVE,2025,4,3,16.45,172.0,51.71,1809
00002_24-04-2025-16.37,IRYO,2025,4,3,16.62,157.0,42.53,1296
00004_24-04-2025-16.57,AVE,2025,4,3,16.95,157.0,158.03,0
00015_24-04-2025-17.17,OUIGO,2025,4,3,17.28,157.0,53.48,211
00009_24-04-2025-17.22,IRYO,2025,4,3,17.37,172.0,74.74,28
00006_24-04-2025-17.27,AVE,2025,4,3,17.45,199.0,82.05,59
00004_24-04-2025-17.57,AVE,2025,4,3,17.95,157.0,67.98,422
00016_24-04-2025-18.27,AVE,2025,4,3,18.45,177.0,71.09,86
00002_24-04-2025-18.32,IRYO,2025,4,3,18.53,157.0,41.71,396
00004_24-04-2025-18.57,AVE,2025,4,3,18.95,157.0,78.46,48
00009_24-04-2025-19.29,IRYO,2025,4,3,19.48,172.0,35.91,190
00019_24-04-2025-19.34,AVLO,2025,4,3,19.57,201.0,31.57,598
00004_24-04-2025-20.05,AVE,2025,4,3,20.08,157.0,75.05,11
00009_24-04-2025-20.22,IRYO,2025,4,3,20.37,172.0,35.22,99
00020_24-04-2025-20.27,AVE,2025,4,3,20.45,201.0,34.33,159
00005_24-04-2025-21.02,OUIGO,2025,4,3,21.03,172.0,41.37,1
00007_24-04-2025-21.07,AVE,2025,4,3,21.12,172.0,76.3,0
00002_25-04-2025-06.22,IRYO,2025,4,4,6.37,157.0,14.56,9421
00021_25-04-2025-06.27,AVLO,2025,4,4,6.45,178.0,19.1,2643
00004_25-04-2025-06.57,AVE,2025,4,4,6.95,157.0,59.88,93
00005_25-04-2025-07.02,OUIGO,2025,4,4,7.03,172.0,50.38,5
00002_25-04-2025-07.22,IRYO,2025,4,4,7.37,157.0,30.31,257
00006_25-04-2025-07.27,AVE,2025,4,4,7.45,199.0,79.49,6
00004_25-04-2025-07.57,AVE,2025,4,4,7.95,157.0,41.97,359
00002_25-04-2025-08.32,IRYO,2025,4,4,8.53,157.0,33.29,220
00008_25-04-2025-08.57,AVE,2025,4,4,8.95,164.0,125.95,0
00009_25-04-2025-09.22,IRYO,2025,4,4,9.37,172.0,65.93,13
00010_25-04-2025-09.27,AVE,2025,4,4,9.45,194.0,73.99,39
00009_25-04-2025-09.57,IRYO,2025,4,4,9.95,172.0,51.65,101
00011_25-04-2025-10.02,OUIGO,2025,4,4,10.03,182.0,33.01,246
00012_25-04-2025-10.27,AVLO,2025,4,4,10.45,172.0,61.16,32
00009_25-04-2025-11.22,IRYO,2025,4,4,11.37,172.0,72.96,8
00006_25-04-2025-11.27,AVE,2025,4,4,11.45,199.0,112.06,0
00009_25-04-2025-12.22,IRYO,2025,4,4,12.37,172.0,41.83,181
00013_25-04-2025-12.27,AVE,2025,4,4,12.45,197.0,23.62,5969
00004_25-04-2025-12.57,AVE,2025,4,4,12.95,157.0,78.5,18
00014_25-04-2025-13.18,AVE,2025,4,4,13.3,184.0,55.14,65
00004_25-04-2025-13.57,AVE,2025,4,4,13.95,157.0,75.6,64
00009_25-04-2025-14.02,IRYO,2025,4,4,14.03,172.0,61.33,38
00015_25-04-2025-14.12,OUIGO,2025,4,4,14.2,157.0,54.79,44
00016_25-04-2025-14.27,AVE,2025,4,4,14.45,177.0,92.13,10
00017_25-04-2025-14.42,IRYO,2025,4,4,14.7,179.0,81.23,1
00004_25-04-2025-14.57,AVE,2025,4,4,14.95,157.0,78.01,120
00018_25-04-2025-15.27,AVLO,2025,4,4,15.45,199.0,55.05,93
00004_25-04-2025-15.57,AVE,2025,4,4,15.95,157.0,94.65,49
00007_25-04-2025-16.27,AVE,2025,4,4,16.45,172.0,81.87,135
00002_25-04-2025-16.37,IRYO,2025,4,4,16.62,157.0,65.41,163
00004_25-04-2025-16.57,AVE,2025,4,4,16.95,157.0,82.19,191
00015_25-04-2025-17.17,OUIGO,2025,4,4,17.28,157.0,50.98,175
00009_25-04-2025-17.22,IRYO,2025,4,4,17.37,172.0,59.56,130
00018_25-04-2025-17.27,AVLO,2025,4,4,17.45,199.0,43.08,200
00004_25-04-2025-17.57,AVE,2025,4,4,17.95,157.0,69.66,210
00016_25-04-2025-18.27,AVE,2025,4,4,18.45,177.0,95.85,2
00002_25-04-2025-18.32,IRYO,2025,4,4,18.53,157.0,33.7,417
00004_25-04-2025-18.57,AVE,2025,4,4,18.95,157.0,78.04,28
00009_25-04-2025-19.29,IRYO,2025,4,4,19.48,172.0,45.41,24
00019_25-04-2025-19.34,AVLO,2025,4,4,19.57,201.0,41.66,13
00004_25-04-2025-20.05,AVE,2025,4,4,20.08,157.0,78.04,3
00009_25-04-2025-20.22,IRYO,2025,4,4,20.37,172.0,34.74,21
00020_25-04-2025-20.27,AVE,2025,4,4,20.45,201.0,63.76,4
00005_25-04-2025-21.02,OUIGO,2025,4,4,21.03,172.0,34.0,6
00007_25-04-2025-21.07,AVE,2025,4,4,21.12,172.0,65.02,3
00021_26-04-2025-06.27,AVLO,2025,4,5,6.45,178.0,24.42,1586
00005_26-04-2025-07.02,OUIGO,2025,4,5,7.03,172.0,31.61,254
00006_26-04-2025-07.27,AVE,2025,4,5,7.45,199.0,61.48,76
00009_26-04-2025-08.07,IRYO,2025,4,5,8.12,172.0,45.62,63
00007_26-04-2025-08.27,AVE,2025,4,5,8.45,172.0,62.15,79
00008_26-04-2025-08.57,AVE,2025,4,5,8.95,164.0,57.7,142
00009_26-04-2025-09.22,IRYO,2025,4,5,9.37,172.0,43.41,131
00010_26-04-2025-09.27,AVE,2025,4,5,9.45,194.0,57.0,122
00009_26-04-2025-09.57,IRYO,2025,4,5,9.95,172.0,40.4,163
00011_26-04-2025-10.02,OUIGO,2025,4,5,10.03,182.0,43.66,44
00012_26-04-2025-10.27,AVLO,2025,4,5,10.45,172.0,50.03,59
00009_26-04-2025-11.22,IRYO,2025,4,5,11.37,172.0,26.58,855
00006_26-04-2025-11.27,AVE,2025,4,5,11.45,199.0,34.08,816
00009_26-04-2025-12.22,IRYO,2025,4,5,12.37,172.0,41.86,102
00013_26-04-2025-12.27,AVE,2025,4,5,12.45,197.0,50.08,171
00014_26-04-2025-13.18,AVE,2025,4,5,13.3,184.0,82.74,1
00015_26-04-2025-14.12,OUIGO,2025,4,5,14.2,157.0,18.68,2305
00017_26-04-2025-14.42,IRYO,2025,4,5,14.7,179.0,41.22,113
00018_26-04-2025-15.27,AVLO,2025,4,5,15.45,199.0,34.09,142
00007_26-04-2025-16.27,AVE,2025,4,5,16.45,172.0,93.16,8
00002_26-04-2025-16.37,IRYO,2025,4,5,16.62,157.0,47.61,183
00015_26-04-2025-17.17,OUIGO,2025,4,5,17.28,157.0,11.87,10013
00018_26-04-2025-17.27,AVLO,2025,4,5,17.45,199.0,24.14,572
00016_26-04-2025-18.27,AVE,2025,4,5,18.45,177.0,94.05,2
00009_26-04-2025-19.29,IRYO,2025,4,5,19.48,172.0,29.53,57
00019_26-04-2025-19.34,AVLO,2025,4,5,19.57,201.0,32.12,14
00009_26-04-2025-20.22,IRYO,2025,4,5,20.37,172.0,53.75,0
00020_26-04-2025-20.27,AVE,2025,4,5,20.45,201.0,48.14,6
00005_26-04-2025-21.02,OUIGO,2025,4,5,21.03,172.0,28.98,1
00021_27-04-2025-06.27,AVLO,2025,4,6,6.45,178.0,55.72,138
00005_27-04-2025-07.02,OUIGO,2025,4,6,7.03,172.0,48.07,80
00006_27-04-2025-07.27,AVE,2025,4,6,7.45,199.0,37.16,3165
00009_27-04-2025-08.07,IRYO,2025,4,6,8.12,172.0,43.86,136
00007_27-04-2025-08.27,AVE,2025,4,6,8.45,172.0,65.98,69
00009_27-04-2025-09.22,IRYO,2025,4,6,9.37,172.0,30.78,7402
00010_27-04-2025-09.27,AVE,2025,4,6,9.45,194.0,40.12,2014
00009_27-04-2025-09.57,IRYO,2025,4,6,9.95,172.0,54.26,49
00011_27-04-2025-10.02,OUIGO,2025,4,6,10.03,182.0,55.93,13
00012_27-04-2025-10.27,AVLO,2025,4,6,10.45,172.0,51.73,94
00009_27-04-2025-11.22,IRYO,2025,4,6,11.37,172.0,59.96,74
00006_27-04-2025-11.27,AVE,2025,4,6,11.45,199.0,134.21,0
00009_27-04-2025-12.22,IRYO,2025,4,6,12.37,172.0,62.62,61
00013_27-04-2025-12.27,AVE,2025,4,6,12.45,197.0,48.51,758
00014_27-04-2025-13.18,AVE,2025,4,6,13.3,184.0,55.14,272
00009_27-04-2025-14.02,IRYO,2025,4,6,14.03,172.0,84.08,10
00015_27-04-2025-14.12,OUIGO,2025,4,6,14.2,157.0,67.09,31
00016_27-04-2025-14.27,AVE,2025,4,6,14.45,177.0,101.7,17
00017_27-04-2025-14.42,IRYO,2025,4,6,14.7,179.0,100.78,2
00018_27-04-2025-15.27,AVLO,2025,4,6,15.45,199.0,65.14,72
00007_27-04-2025-16.27,AVE,2025,4,6,16.45,172.0,90.07,148
00002_27-04-2025-16.37,IRYO,2025,4,6,16.62,157.0,93.37,25
00004_27-04-2025-16.57,AVE,2025,4,6,16.95,157.0,85.52,350
00015_27-04-2025-17.17,OUIGO,2025,4,6,17.28,157.0,50.37,395
00009_27-04-2025-17.22,IRYO,2025,4,6,17.37,172.0,86.84,21
00018_27-04-2025-17.27,AVLO,2025,4,6,17.45,199.0,66.7,64
00004_27-04-2025-17.57,AVE,2025,4,6,17.95,157.0,75.1,309
00016_27-04-2025-18.27,AVE,2025,4,6,18.45,177.0,94.29,21
00002_27-04-2025-18.32,IRYO,2025,4,6,18.53,157.0,101.02,0
00004_27-04-2025-18.57,AVE,2025,4,6,18.95,157.0,117.19,1
00009_27-04-2025-19.29,IRYO,2025,4,6,19.48,172.0,73.25,6
00019_27-04-2025-19.34,AVLO,2025,4,6,19.57,201.0,81.47,0
00004_27-04-2025-20.05,AVE,2025,4,6,20.08,157.0,56.77,136
00009_27-04-2025-20.22,IRYO,2025,4,6,20.37,172.0,86.56,1
00020_27-04-2025-20.27,AVE,2025,4,6,20.45,201.0,69.04,7
00005_27-04-2025-21.02,OUIGO,2025,4,6,21.03,172.0,69.92,0
00007_27-04-2025-21.07,AVE,2025,4,6,21.12,172.0,121.21,0
00001_28-04-2025-06.12,AVLO,2025,4,0,6.2,157.0,31.8,1436
00002_28-04-2025-06.22,IRYO,2025,4,0,6.37,157.0,34.91,1011
00003_28-04-2025-06.27,AVE,2025,4,0,6.45,178.0,39.62,1584
00004_28-04-2025-06.57,AVE,2025,4,0,6.95,157.0,61.75,252
00005_28-04-2025-07.02,OUIGO,2025,4,0,7.03,172.0,35.04,137
00002_28-04-2025-07.22,IRYO,2025,4,0,7.37,157.0,41.51,155
00006_28-04-2025-07.27,AVE,2025,4,0,7.45,199.0,57.21,85
00004_28-04-2025-07.57,AVE,2025,4,0,7.95,157.0,76.14,12
00007_28-04-2025-08.27,AVE,2025,4,0,8.45,172.0,67.91,26
00002_28-04-2025-08.32,IRYO,2025,4,0,8.53,157.0,37.5,168
00008_28-04-2025-08.57,AVE,2025,4,0,8.95,164.0,52.16,211
00009_28-04-2025-09.22,IRYO,2025,4,0,9.37,172.0,41.3,126
00010_28-04-2025-09.27,AVE,2025,4,0,9.45,194.0,66.23,43
00009_28-04-2025-09.57,IRYO,2025,4,0,9.95,172.0,39.83,142
00011_28-04-2025-10.02,OUIGO,2025,4,0,10.03,182.0,47.85,16
00012_28-04-2025-10.27,AVLO,2025,4,0,10.45,172.0,36.28,238
00009_28-04-2025-11.22,IRYO,2025,4,0,11.37,172.0,23.17,637
00006_28-04-2025-11.27,AVE,2025,4,0,11.45,199.0,45.18,226
00009_28-04-2025-12.22,IRYO,2025,4,0,12.37,172.0,23.01,506
00013_28-04-2025-12.27,AVE,2025,4,0,12.45,197.0,62.68,18
00004_28-04-2025-12.57,AVE,2025,4,0,12.95,157.0,40.47,441
00014_28-04-2025-13.18,AVE,2025,4,0,13.3,184.0,68.94,2
00009_28-04-2025-14.02,IRYO,2025,4,0,14.03,172.0,30.18,138
00015_28-04-2025-14.12,OUIGO,2025,4,0,14.2,157.0,28.5,88
00016_28-04-2025-14.27,AVE,2025,4,0,14.45,177.0,35.55,495
00017_28-04-2025-14.42,IRYO,2025,4,0,14.7,179.0,25.98,215
00004_28-04-2025-14.57,AVE,2025,4,0,14.95,157.0,40.78,520
00018_28-04-2025-15.27,AVLO,2025,4,0,15.45,199.0,34.7,63
00004_28-04-2025-15.57,AVE,2025,4,0,15.95,157.0,36.32,1323
00007_28-04-2025-16.27,AVE,2025,4,0,16.45,172.0,67.1,88
00002_28-04-2025-16.37,IRYO,2025,4,0,16.62,157.0,27.95,756
00004_28-04-2025-16.57,AVE,2025,4,0,16.95,157.0,54.76,487
00015_28-04-2025-17.17,OUIGO,2025,4,0,17.28,157.0,54.35,22
00009_28-04-2025-17.22,IRYO,2025,4,0,17.37,172.0,45.61,99
00006_28-04-2025-17.27,AVE,2025,4,0,17.45,199.0,66.62,32
00004_28-04-2025-17.57,AVE,2025,4,0,17.95,157.0,41.08,690
00016_28-04-2025-18.27,AVE,2025,4,0,18.45,177.0,59.82,38
00002_28-04-2025-18.32,IRYO,2025,4,0,18.53,157.0,33.48,111
00004_28-04-2025-18.57,AVE,2025,4,0,18.95,157.0,39.7,309
00009_28-04-2025-19.29,IRYO,2025,4,0,19.48,172.0,59.07,1
00019_28-04-2025-19.34,AVLO,2025,4,0,19.57,201.0,19.47,142
00004_28-04-2025-20.05,AVE,2025,4,0,20.08,157.0,33.14,109
00009_28-04-2025-20.22,IRYO,2025,4,0,20.37,172.0,20.79,83
00020_28-04-2025-20.27,AVE,2025,4,0,20.45,201.0,13.0,3114
00005_28-04-2025-21.02,OUIGO,2025,4,0,21.03,172.0,24.95,2
00007_28-04-2025-21.07,AVE,2025,4,0,21.12,172.0,28.52,30
00001_29-04-2025-06.12,AVLO,2025,4,1,6.2,157.0,35.34,1021
00002_29-04-2025-06.22,IRYO,2025,4,1,6.37,157.0,29.96,1266
00003_29-04-2025-06.27,AVE,2025,4,1,6.45,178.0,33.4,1994
00004_29-04-2025-06.57,AVE,2025,4,1,6.95,157.0,104.29,0
00005_29-04-2025-07.02,OUIGO,2025,4,1,7.03,172.0,60.1,3
00002_29-04-2025-07.22,IRYO,2025,4,1,7.37,157.0,49.37,51
00006_29-04-2025-07.27,AVE,2025,4,1,7.45,199.0,27.74,1144
00004_29-04-2025-07.57,AVE,2025,4,1,7.95,157.0,44.23,363
00007_29-04-2025-08.27,AVE,2025,4,1,8.45,172.0,69.45,8
00002_29-04-2025-08.32,IRYO,2025,4,1,8.53,157.0,41.27,53
00008_29-04-2025-08.57,AVE,2025,4,1,8.95,164.0,37.59,454
00009_29-04-2025-09.22,IRYO,2025,4,1,9.37,172.0,38.2,104
00010_29-04-2025-09.27,AVE,2025,4,1,9.45,194.0,85.65,1
00009_29-04-2025-09.57,IRYO,2025,4,1,9.95,172.0,35.95,155
00011_29-04-2025-10.02,OUIGO,2025,4,1,10.03,182.0,24.6,336
00012_29-04-2025-10.27,AVLO,2025,4,1,10.45,172.0,35.49,203
00009_29-04-2025-11.22,IRYO,2025,4,1,11.37,172.0,51.4,36
00006_29-04-2025-11.27,AVE,2025,4,1,11.45,199.0,32.73,809
00009_29-04-2025-12.22,IRYO,2025,4,1,12.37,172.0,35.47,162
00013_29-04-2025-12.27,AVE,2025,4,1,12.45,197.0,41.16,239
00004_29-04-2025-12.57,AVE,2025,4,1,12.95,157.0,42.09,441
00014_29-04-2025-13.18,AVE,2025,4,1,13.3,184.0,48.24,56
00009_29-04-2025-14.02,IRYO,2025,4,1,14.03,172.0,40.67,67
00015_29-04-2025-14.12,OUIGO,2025,4,1,14.2,157.0,31.97,99
00016_29-04-2025-14.27,AVE,2025,4,1,14.45,177.0,56.18,90
00017_29-04-2025-14.42,IRYO,2025,4,1,14.7,179.0,49.89,26
00004_29-04-2025-14.57,AVE,2025,4,1,14.95,157.0,49.86,302
00018_29-04-2025-15.27,AVLO,2025,4,1,15.45,199.0,30.14,137
00004_29-04-2025-15.57,AVE,2025,4,1,15.95,157.0,33.97,1483
00007_29-04-2025-16.27,AVE,2025,4,1,16.45,172.0,40.38,850
00002_29-04-2025-16.37,IRYO,2025,4,1,16.62,157.0,28.77,743
00004_29-04-2025-16.57,AVE,2025,4,1,16.95,157.0,56.79,389
00015_29-04-2025-17.17,OUIGO,2025,4,1,17.28,157.0,26.37,571
00009_29-04-2025-17.22,IRYO,2025,4,1,17.37,172.0,38.26,154
00006_29-04-2025-17.27,AVE,2025,4,1,17.45,199.0,45.26,237
00004_29-04-2025-17.57,AVE,2025,4,1,17.95,157.0,78.45,15
00016_29-04-2025-18.27,AVE,2025,4,1,18.45,177.0,64.91,23
00002_29-04-2025-18.32,IRYO,2025,4,1,18.53,157.0,36.62,88
00004_29-04-2025-18.57,AVE,2025,4,1,18.95,157.0,25.76,1190
00009_29-04-2025-19.29,IRYO,2025,4,1,19.48,172.0,21.46,1909
00019_29-04-2025-19.34,AVLO,2025,4,1,19.57,201.0,29.89,8
00004_29-04-2025-20.05,AVE,2025,4,1,20.08,157.0,29.06,227
00009_29-04-2025-20.22,IRYO,2025,4,1,20.37,172.0,62.66,0
00020_29-04-2025-20.27,AVE,2025,4,1,20.45,201.0,48.96,1
00005_29-04-2025-21.02,OUIGO,2025,4,1,21.03,172.0,23.19,529
00007_29-04-2025-21.07,AVE,2025,4,1,21.12,172.0,39.07,3
00001_30-04-2025-06.12,AVLO,2025,4,2,6.2,157.0,36.59,1221
00002_30-04-2025-06.22,IRYO,2025,4,2,6.37,157.0,34.49,1154
00003_30-04-2025-06.27,AVE,2025,4,2,6.45,178.0,44.19,1358
00004_30-04-2025-06.57,AVE,2025,4,2,6.95,157.0,102.53,2
00005_30-04-2025-07.02,OUIGO,2025,4,2,7.03,172.0,53.96,11
00002_30-04-2025-07.22,IRYO,2025,4,2,7.37,157.0,31.18,611
00006_30-04-2025-07.27,AVE,2025,4,2,7.45,199.0,38.06,477
00004_30-04-2025-07.57,AVE,2025,4,2,7.95,157.0,64.0,55
00007_30-04-2025-08.27,AVE,2025,4,2,8.45,172.0,70.61,19
00002_30-04-2025-08.32,IRYO,2025,4,2,8.53,157.0,38.22,103
00008_30-04-2025-08.57,AVE,2025,4,2,8.95,164.0,35.37,931
00009_30-04-2025-09.22,IRYO,2025,4,2,9.37,172.0,51.52,36
00010_30-04-2025-09.27,AVE,2025,4,2,9.45,194.0,72.72,15
00009_30-04-2025-09.57,IRYO,2025,4,2,9.95,172.0,32.69,407
00011_30-04-2025-10.02,OUIGO,2025,4,2,10.03,182.0,47.34,33
00012_30-04-2025-10.27,AVLO,2025,4,2,10.45,172.0,45.95,125
00009_30-04-2025-11.22,IRYO,2025,4,2,11.37,172.0,55.66,30
00006_30-04-2025-11.27,AVE,2025,4,2,11.45,199.0,44.3,430
00009_30-04-2025-12.22,IRYO,2025,4,2,12.37,172.0,41.08,124
00013_30-04-2025-12.27,AVE,2025,4,2,12.45,197.0,41.65,367
00004_30-04-2025-12.57,AVE,2025,4,2,12.95,157.0,50.81,268
00014_30-04-2025-13.18,AVE,2025,4,2,13.3,184.0,48.24,75
00009_30-04-2025-14.02,IRYO,2025,4,2,14.03,172.0,37.69,104
00015_30-04-2025-14.12,OUIGO,2025,4,2,14.2,157.0,29.49,332
00016_30-04-2025-14.27,AVE,2025,4,2,14.45,177.0,30.51,1276
00017_30-04-2025-14.42,IRYO,2025,4,2,14.7,179.0,54.48,10
00004_30-04-2025-14.57,AVE,2025,4,2,14.95,157.0,47.52,424
00018_30-04-2025-15.27,AVLO,2025,4,2,15.45,199.0,26.91,759
00004_30-04-2025-15.57,AVE,2025,4,2,15.95,157.0,37.57,1485
00007_30-04-2025-16.27,AVE,2025,4,2,16.45,172.0,56.95,298
00002_30-04-2025-16.37,IRYO,2025,4,2,16.62,157.0,47.68,200
00004_30-04-2025-16.57,AVE,2025,4,2,16.95,157.0,137.47,0
00015_30-04-2025-17.17,OUIGO,2025,4,2,17.28,157.0,24.51,2495
00009_30-04-2025-17.22,IRYO,2025,4,2,17.37,172.0,36.08,315
00006_30-04-2025-17.27,AVE,2025,4,2,17.45,199.0,52.18,198
00004_30-04-2025-17.57,AVE,2025,4,2,17.95,157.0,49.39,475
00016_30-04-2025-18.27,AVE,2025,4,2,18.45,177.0,58.93,79
00002_30-04-2025-18.32,IRYO,2025,4,2,18.53,157.0,30.73,299
00004_30-04-2025-18.57,AVE,2025,4,2,18.95,157.0,115.66,0
00009_30-04-2025-19.29,IRYO,2025,4,2,19.48,172.0,34.43,35
00019_30-04-2025-19.34,AVLO,2025,4,2,19.57,201.0,28.6,97
00004_30-04-2025-20.05,AVE,2025,4,2,20.08,157.0,34.02,179
00009_30-04-2025-20.22,IRYO,2025,4,2,20.37,172.0,43.73,2
00020_30-04-2025-20.27,AVE,2025,4,2,20.45,201.0,52.28,3
00005_30-04-2025-21.02,OUIGO,2025,4,2,21.03,172.0,26.57,256
00007_30-04-2025-21.07,AVE,2025,4,2,21.12,172.0,69.89,0
00001_01-05-2025-06.12,AVLO,2025,5,3,6.2,157.0,36.67,545
00002_01-05-2025-06.22,IRYO,2025,5,3,6.37,157.0,34.95,561
00003_01-05-2025-06.27,AVE,2025,5,3,6.45,178.0,49.6,368
00004_01-05-2025-06.57,AVE,2025,5,3,6.95,157.0,64.29,80
00005_01-05-2025-07.02,OUIGO,2025,5,3,7.03,172.0,48.91,10
00002_01-05-2025-07.22,IRYO,2025,5,3,7.37,157.0,38.3,157
00006_01-05-2025-07.27,AVE,2025,5,3,7.45,199.0,43.54,167
00004_01-05-2025-07.57,AVE,2025,5,3,7.95,157.0,38.94,716
00007_01-05-2025-08.27,AVE,2025,5,3,8.45,172.0,32.99,2591
00002_01-05-2025-08.32,IRYO,2025,5,3,8.53,157.0,43.16,34
00008_01-05-2025-08.57,AVE,2025,5,3,8.95,164.0,54.81,67
00009_01-05-2025-09.22,IRYO,2025,5,3,9.37,172.0,51.41,17
00010_01-05-2025-09.27,AVE,2025,5,3,9.45,194.0,26.93,10337
00009_01-05-2025-09.57,IRYO,2025,5,3,9.95,172.0,64.58,7
00011_01-05-2025-10.02,OUIGO,2025,5,3,10.03,182.0,49.14,13
00012_01-05-2025-10.27,AVLO,2025,5,3,10.45,172.0,53.2,41
00009_01-05-2025-11.22,IRYO,2025,5,3,11.37,172.0,58.61,42
00006_01-05-2025-11.27,AVE,2025,5,3,11.45,199.0,54.91,292
00009_01-05-2025-12.22,IRYO,2025,5,3,12.37,172.0,68.78,21
00013_01-05-2025-12.27,AVE,2025,5,3,12.45,197.0,66.09,99
00004_01-05-2025-12.57,AVE,2025,5,3,12.95,157.0,55.17,464
00014_01-05-2025-13.18,AVE,2025,5,3,13.3,184.0,55.14,179
00004_01-05-2025-13.57,AVE,2025,5,3,13.95,157.0,,0
00009_01-05-2025-14.02,IRYO,2025,5,3,14.03,172.0,,0
00015_01-05-2025-14.12,OUIGO,2025,5,3,14.2,157.0,,0
00016_01-05-2025-14.27,AVE,2025,5,3,14.45,177.0,82.0,52
00017_01-05-2025-14.42,IRYO,2025,5,3,14.7,179.0,50.24,187
00004_01-05-2025-14.57,AVE,2025,5,3,14.95,157.0,88.45,52
00018_01-05-2025-15.27,AVLO,2025,5,3,15.45,199.0,43.56,217
00004_01-05-2025-15.57,AVE,2025,5,3,15.95,157.0,105.53,10
00007_01-05-2025-16.27,AVE,2025,5,3,16.45,172.0,70.21,286
00002_01-05-2025-16.37,IRYO,2025,5,3,16.62,157.0,57.2,240
00004_01-05-2025-16.57,AVE,2025,5,3,16.95,157.0,150.25,0
00015_01-05-2025-17.17,OUIGO,2025,5,3,17.28,157.0,49.81,138
00009_01-05-2025-17.22,IRYO,2025,5,3,17.37,172.0,60.08,92
00006_01-05-2025-17.27,AVE,2025,5,3,17.45,199.0,85.63,23
00004_01-05-2025-17.57,AVE,2025,5,3,17.95,157.0,55.96,503
00016_01-05-2025-18.27,AVE,2025,5,3,18.45,177.0,74.29,27
00002_01-05-2025-18.32,IRYO,2025,5,3,18.53,157.0,39.26,263
00004_01-05-2025-18.57,AVE,2025,5,3,18.95,157.0,87.89,9
00009_01-05-2025-19.29,IRYO,2025,5,3,19.48,172.0,33.47,497
00019_01-05-2025-19.34,AVLO,2025,5,3,19.57,201.0,30.68,1118
00004_01-05-2025-20.05,AVE,2025,5,3,20.08,157.0,67.41,13
00009_01-05-2025-20.22,IRYO,2025,5,3,20.37,172.0,30.79,1363
00020_01-05-2025-20.27,AVE,2025,5,3,20.45,201.0,56.51,4
00005_01-05-2025-21.02,OUIGO,2025,5,3,21.03,172.0,40.09,4
00007_01-05-2025-21.07,AVE,2025,5,3,21.12,172.0,54.54,6
00002_02-05-2025-06.22,IRYO,2025,5,4,6.37,157.0,31.73,555
00021_02-05-2025-06.27,AVLO,2025,5,4,6.45,178.0,19.43,10113
00004_02-05-2025-06.57,AVE,2025,5,4,6.95,157.0,49.49,198
00005_02-05-2025-07.02,OUIGO,2025,5,4,7.03,172.0,60.38,3
00002_02-05-2025-07.22,IRYO,2025,5,4,7.37,157.0,44.77,38
00006_02-05-2025-07.27,AVE,2025,5,4,7.45,199.0,64.62,15
00004_02-05-2025-07.57,AVE,2025,5,4,7.95,157.0,52.18,106
00002_02-05-2025-08.32,IRYO,2025,5,4,8.53,157.0,31.55,857
00008_02-05-2025-08.57,AVE,2025,5,4,8.95,164.0,107.29,0
00009_02-05-2025-09.22,IRYO,2025,5,4,9.37,172.0,52.28,41
00010_02-05-2025-09.27,AVE,2025,5,4,9.45,194.0,60.79,112
00009_02-05-2025-09.57,IRYO,2025,5,4,9.95,172.0,54.66,57
00011_02-05-2025-10.02,OUIGO,2025,5,4,10.03,182.0,54.73,26
00012_02-05-2025-10.27,AVLO,2025,5,4,10.45,172.0,48.6,163
00009_02-05-2025-11.22,IRYO,2025,5,4,11.37,172.0,60.36,63
00006_02-05-2025-11.27,AVE,2025,5,4,11.45,199.0,120.99,0
00009_02-05-2025-12.22,IRYO,2025,5,4,12.37,172.0,48.31,111
00013_02-05-2025-12.27,AVE,2025,5,4,12.45,197.0,46.21,427
00004_02-05-2025-12.57,AVE,2025,5,4,12.95,157.0,88.57,7
00014_02-05-2025-13.18,AVE,2025,5,4,13.3,184.0,55.14,87
00004_02-05-2025-13.57,AVE,2025,5,4,13.95,157.0,84.25,22
00009_02-05-2025-14.02,IRYO,2025,5,4,14.03,172.0,58.26,36
00015_02-05-2025-14.12,OUIGO,2025,5,4,14.2,157.0,74.01,2
00016_02-05-2025-14.27,AVE,2025,5,4,14.45,177.0,93.23,6
00017_02-05-2025-14.42,IRYO,2025,5,4,14.7,179.0,90.31,0
00004_02-05-2025-14.57,AVE,2025,5,4,14.95,157.0,94.04,16
00018_02-05-2025-15.27,AVLO,2025,5,4,15.45,199.0,73.79,3
00004_02-05-2025-15.57,AVE,2025,5,4,15.95,157.0,70.82,128
00007_02-05-2025-16.27,AVE,2025,5,4,16.45,172.0,101.58,5
00002_02-05-2025-16.37,IRYO,2025,5,4,16.62,157.0,52.29,139
00004_02-05-2025-16.57,AVE,2025,5,4,16.95,157.0,104.62,6
00015_02-05-2025-17.17,OUIGO,2025,5,4,17.28,157.0,35.61,218
00009_02-05-2025-17.22,IRYO,2025,5,4,17.37,172.0,66.38,12
00018_02-05-2025-17.27,AVLO,2025,5,4,17.45,199.0,41.83,72
00004_02-05-2025-17.57,AVE,2025,5,4,17.95,157.0,63.45,112
00016_02-05-2025-18.27,AVE,2025,5,4,18.45,177.0,89.54,2
00002_02-05-2025-18.32,IRYO,2025,5,4,18.53,157.0,54.8,25
00004_02-05-2025-18.57,AVE,2025,5,4,18.95,157.0,66.81,31
00009_02-05-2025-19.29,IRYO,2025,5,4,19.48,172.0,62.3,0
00019_02-05-2025-19.34,AVLO,2025,5,4,19.57,201.0,30.34,458
00004_02-05-2025-20.05,AVE,2025,5,4,20.08,157.0,52.94,20
00009_02-05-2025-20.22,IRYO,2025,5,4,20.37,172.0,35.99,32
00020_02-05-2025-20.27,AVE,2025,5,4,20.45,201.0,39.69,49
00005_02-05-2025-21.02,OUIGO,2025,5,4,21.03,172.0,27.58,1407
00007_02-05-2025-21.07,AVE,2025,5,4,21.12,172.0,78.28,0
00021_03-05-2025-06.27,AVLO,2025,5,5,6.45,178.0,35.48,553
00005_03-05-2025-07.02,OUIGO,2025,5,5,7.03,172.0,46.2,65
00006_03-05-2025-07.27,AVE,2025,5,5,7.45,199.0,51.53,189
00009_03-05-2025-08.07,IRYO,2025,5,5,8.12,172.0,24.3,1347
00007_03-05-2025-08.27,AVE,2025,5,5,8.45,172.0,59.33,107
00008_03-05-2025-08.57,AVE,2025,5,5,8.95,164.0,71.94,25
00009_03-05-2025-09.22,IRYO,2025,5,5,9.37,172.0,46.15,66
00010_03-05-2025-09.27,AVE,2025,5,5,9.45,194.0,54.79,155
00009_03-05-2025-09.57,IRYO,2025,5,5,9.95,172.0,40.64,164
00011_03-05-2025-10.02,OUIGO,2025,5,5,10.03,182.0,35.22,134
00012_03-05-2025-10.27,AVLO,2025,5,5,10.45,172.0,47.4,105
00009_03-05-2025-11.22,IRYO,2025,5,5,11.37,172.0,34.89,348
00006_03-05-2025-11.27,AVE,2025,5,5,11.45,199.0,51.33,293
00009_03-05-2025-12.22,IRYO,2025,5,5,12.37,172.0,51.32,59
00013_03-05-2025-12.27,AVE,2025,5,5,12.45,197.0,61.25,77
00014_03-05-2025-13.18,AVE,2025,5,5,13.3,184.0,82.74,1
00015_03-05-2025-14.12,OUIGO,2025,5,5,14.2,157.0,22.09,902
00017_03-05-2025-14.42,IRYO,2025,5,5,14.7,179.0,14.6,9452
00018_03-05-2025-15.27,AVLO,2025,5,5,15.45,199.0,34.1,130
00007_03-05-2025-16.27,AVE,2025,5,5,16.45,172.0,100.17,3
00002_03-05-2025-16.37,IRYO,2025,5,5,16.62,157.0,33.34,516
00015_03-05-2025-17.17,OUIGO,2025,5,5,17.28,157.0,36.34,200
00018_03-05-2025-17.27,AVLO,2025,5,5,17.45,199.0,21.46,1034
00016_03-05-2025-18.27,AVE,2025,5,5,18.45,177.0,86.06,6
00009_03-05-2025-19.29,IRYO,2025,5,5,19.48,172.0,44.78,16
00019_03-05-2025-19.34,AVLO,2025,5,5,19.57,201.0,34.53,11
00009_03-05-2025-20.22,IRYO,2025,5,5,20.37,172.0,37.1,11
00020_03-05-2025-20.27,AVE,2025,5,5,20.45,201.0,27.49,257
00005_03-05-2025-21.02,OUIGO,2025,5,5,21.03,172.0,37.62,0
00021_04-05-2025-06.27,AVLO,2025,5,6,6.45,178.0,54.77,189
00005_04-05-2025-07.02,OUIGO,2025,5,6,7.03,172.0,21.19,12781
00006_04-05-2025-07.27,AVE,2025,5,6,7.45,199.0,53.96,228
00009_04-05-2025-08.07,IRYO,2025,5,6,8.12,172.0,62.21,26
00007_04-05-2025-08.27,AVE,2025,5,6,8.45,172.0,79.93,21
00009_04-05-2025-09.22,IRYO,2025,5,6,9.37,172.0,43.14,175
00010_04-05-2025-09.27,AVE,2025,5,6,9.45,194.0,40.12,1457
00009_04-05-2025-09.57,IRYO,2025,5,6,9.95,172.0,62.88,17
00011_04-05-2025-10.02,OUIGO,2025,5,6,10.03,182.0,32.79,935
00012_04-05-2025-10.27,AVLO,2025,5,6,10.45,172.0,44.24,251
00009_04-05-2025-11.22,IRYO,2025,5,6,11.37,172.0,81.06,7
00006_04-05-2025-11.27,AVE,2025,5,6,11.45,199.0,149.04,0
00009_04-05-2025-12.22,IRYO,2025,5,6,12.37,172.0,40.12,470
00013_04-05-2025-12.27,AVE,2025,5,6,12.45,197.0,47.25,697
00014_04-05-2025-13.18,AVE,2025,5,6,13.3,184.0,55.14,202
00009_04-05-2025-14.02,IRYO,2025,5,6,14.03,172.0,85.08,5
00015_04-05-2025-14.12,OUIGO,2025,5,6,14.2,157.0,56.45,74
00016_04-05-2025-14.27,AVE,2025,5,6,14.45,177.0,83.47,74
00017_04-05-2025-14.42,IRYO,2025,5,6,14.7,179.0,79.51,22
00018_04-05-2025-15.27,AVLO,2025,5,6,15.45,199.0,67.54,56
00007_04-05-2025-16.27,AVE,2025,5,6,16.45,172.0,84.22,212
00002_04-05-2025-16.37,IRYO,2025,5,6,16.62,157.0,93.37,6
00004_04-05-2025-16.57,AVE,2025,5,6,16.95,157.0,83.42,302
00015_04-05-2025-17.17,OUIGO,2025,5,6,17.28,157.0,54.88,250
00009_04-05-2025-17.22,IRYO,2025,5,6,17.37,172.0,89.95,7
00018_04-05-2025-17.27,AVLO,2025,5,6,17.45,199.0,64.79,58
00004_04-05-2025-17.57,AVE,2025,5,6,17.95,157.0,57.39,879
00016_04-05-2025-18.27,AVE,2025,5,6,18.45,177.0,104.32,8
00002_04-05-2025-18.32,IRYO,2025,5,6,18.53,157.0,88.19,7
00004_04-05-2025-18.57,AVE,2025,5,6,18.95,157.0,115.23,1
00009_04-05-2025-19.29,IRYO,2025,5,6,19.48,172.0,93.38,0
00019_04-05-2025-19.34,AVLO,2025,5,6,19.57,201.0,83.01,1
00004_04-05-2025-20.05,AVE,2025,5,6,20.08,157.0,83.05,8
00009_04-05-2025-20.22,IRYO,2025,5,6,20.37,172.0,77.85,1
00020_04-05-2025-20.27,AVE,2025,5,6,20.45,201.0,55.6,15
00005_04-05-2025-21.02,OUIGO,2025,5,6,21.03,172.0,49.62,1
00007_04-05-2025-21.07,AVE,2025,5,6,21.12,172.0,122.26,0
00001_05-05-2025-06.12,AVLO,2025,5,0,6.2,157.0,34.1,1059
00002_05-05-2025-06.22,IRYO,2025,5,0,6.37,157.0,22.18,2026
00003_05-05-2025-06.27,AVE,2025,5,0,6.45,178.0,52.66,477
00004_05-05-2025-06.57,AVE,2025,5,0,6.95,157.0,56.34,356
00005_05-05-2025-07.02,OUIGO,2025,5,0,7.03,172.0,38.7,71
00002_05-05-2025-07.22,IRYO,2025,5,0,7.37,157.0,25.73,633
00006_05-05-2025-07.27,AVE,2025,5,0,7.45,199.0,53.98,90
00004_05-05-2025-07.57,AVE,2025,5,0,7.95,157.0,58.71,103
00007_05-05-2025-08.27,AVE,2025,5,0,8.45,172.0,66.23,35
00002_05-05-2025-08.32,IRYO,2025,5,0,8.53,157.0,36.74,133
00008_05-05-2025-08.57,AVE,2025,5,0,8.95,164.0,61.89,71
00009_05-05-2025-09.22,IRYO,2025,5,0,9.37,172.0,41.36,126
00010_05-05-2025-09.27,AVE,2025,5,0,9.45,194.0,70.99,20
00009_05-05-2025-09.57,IRYO,2025,5,0,9.95,172.0,40.88,143
00011_05-05-2025-10.02,OUIGO,2025,5,0,10.03,182.0,38.11,66
00012_05-05-2025-10.27,AVLO,2025,5,0,10.45,172.0,34.73,241
00009_05-05-2025-11.22,IRYO,2025,5,0,11.37,172.0,25.56,469
00006_05-05-2025-11.27,AVE,2025,5,0,11.45,199.0,37.79,452
00009_05-05-2025-12.22,IRYO,2025,5,0,12.37,172.0,30.26,211
00013_05-05-2025-12.27,AVE,2025,5,0,12.45,197.0,43.44,179
00004_05-05-2025-12.57,AVE,2025,5,0,12.95,157.0,49.59,217
00014_05-05-2025-13.18,AVE,2025,5,0,13.3,184.0,68.94,2
00009_05-05-2025-14.02,IRYO,2025,5,0,14.03,172.0,20.97,419
00015_05-05-2025-14.12,OUIGO,2025,5,0,14.2,157.0,42.24,23
00016_05-05-2025-14.27,AVE,2025,5,0,14.45,177.0,48.27,143
00017_05-05-2025-14.42,IRYO,2025,5,0,14.7,179.0,47.21,23
00004_05-05-2025-14.57,AVE,2025,5,0,14.95,157.0,31.5,1090
00018_05-05-2025-15.27,AVLO,2025,5,0,15.45,199.0,32.71,115
00004_05-05-2025-15.57,AVE,2025,5,0,15.95,157.0,42.24,849
00007_05-05-2025-16.27,AVE,2025,5,0,16.45,172.0,73.56,42
00002_05-05-2025-16.37,IRYO,2025,5,0,16.62,157.0,37.2,327
00004_05-05-2025-16.57,AVE,2025,5,0,16.95,157.0,46.17,939
00015_05-05-2025-17.17,OUIGO,2025,5,0,17.28,157.0,43.2,76
00009_05-05-2025-17.22,IRYO,2025,5,0,17.37,172.0,40.18,165
00006_05-05-2025-17.27,AVE,2025,5,0,17.45,199.0,69.18,16
00004_05-05-2025-17.57,AVE,2025,5,0,17.95,157.0,43.5,524
00016_05-05-2025-18.27,AVE,2025,5,0,18.45,177.0,56.64,45
00002_05-05-2025-18.32,IRYO,2025,5,0,18.53,157.0,43.37,63
00004_05-05-2025-18.57,AVE,2025,5,0,18.95,157.0,37.15,312
00009_05-05-2025-19.29,IRYO,2025,5,0,19.48,172.0,30.59,24
00019_05-05-2025-19.34,AVLO,2025,5,0,19.57,201.0,25.01,11
00004_05-05-2025-20.05,AVE,2025,5,0,20.08,157.0,25.17,245
00009_05-05-2025-20.22,IRYO,2025,5,0,20.37,172.0,18.34,138
00020_05-05-2025-20.27,AVE,2025,5,0,20.45,201.0,12.14,2251
00005_05-05-2025-21.02,OUIGO,2025,5,0,21.03,172.0,14.31,835
00007_05-05-2025-21.07,AVE,2025,5,0,21.12,172.0,33.58,12
00001_06-05-2025-06.12,AVLO,2025,5,1,6.2,157.0,35.64,454
00002_06-05-2025-06.22,IRYO,2025,5,1,6.37,157.0,23.13,968
00003_06-05-2025-06.27,AVE,2025,5,1,6.45,178.0,36.78,749
00004_06-05-2025-06.57,AVE,2025,5,1,6.95,157.0,108.13,0
00005_06-05-2025-07.02,OUIGO,2025,5,1,7.03,172.0,34.31,54
00002_06-05-2025-07.22,IRYO,2025,5,1,7.37,157.0,14.2,966
00006_06-05-2025-07.27,AVE,2025,5,1,7.45,199.0,44.53,100
00004_06-05-2025-07.57,AVE,2025,5,1,7.95,157.0,53.21,54
00007_06-05-2025-08.27,AVE,2025,5,1,8.45,172.0,77.61,1
00002_06-05-2025-08.32,IRYO,2025,5,1,8.53,157.0,38.77,47
00008_06-05-2025-08.57,AVE,2025,5,1,8.95,164.0,39.85,203
00009_06-05-2025-09.22,IRYO,2025,5,1,9.37,172.0,49.43,22
00010_06-05-2025-09.27,AVE,2025,5,1,9.45,194.0,70.0,3
00009_06-05-2025-09.57,IRYO,2025,5,1,9.95,172.0,30.25,199
00011_06-05-2025-10.02,OUIGO,2025,5,1,10.03,182.0,34.69,40
00012_06-05-2025-10.27,AVLO,2025,5,1,10.45,172.0,35.82,90
00009_06-05-2025-11.22,IRYO,2025,5,1,11.37,172.0,24.81,233
00006_06-05-2025-11.27,AVE,2025,5,1,11.45,199.0,31.56,380
00009_06-05-2025-12.22,IRYO,2025,5,1,12.37,172.0,24.63,188
00013_06-05-2025-12.27,AVE,2025,5,1,12.45,197.0,33.23,223
00004_06-05-2025-12.57,AVE,2025,5,1,12.95,157.0,57.25,44
00014_06-05-2025-13.18,AVE,2025,5,1,13.3,184.0,48.24,17
00009_06-05-2025-14.02,IRYO,2025,5,1,14.03,172.0,28.78,79
00015_06-05-2025-14.12,OUIGO,2025,5,1,14.2,157.0,48.19,1
00016_06-05-2025-14.27,AVE,2025,5,1,14.45,177.0,69.54,4
00017_06-05-2025-14.42,IRYO,2025,5,1,14.7,179.0,23.91,128
00004_06-05-2025-14.57,AVE,2025,5,1,14.95,157.0,39.32,265
00018_06-05-2025-15.27,AVLO,2025,5,1,15.45,199.0,30.34,35
00004_06-05-2025-15.57,AVE,2025,5,1,15.95,157.0,29.49,847
00007_06-05-2025-16.27,AVE,2025,5,1,16.45,172.0,46.84,191
00002_06-05-2025-16.37,IRYO,2025,5,1,16.62,157.0,12.85,2625
00004_06-05-2025-16.57,AVE,2025,5,1,16.95,157.0,50.4,252
00015_06-05-2025-17.17,OUIGO,2025,5,1,17.28,157.0,22.97,189
00009_06-05-2025-17.22,IRYO,2025,5,1,17.37,172.0,28.37,166
00006_06-05-2025-17.27,AVE,2025,5,1,17.45,199.0,50.4,62
00004_06-05-2025-17.57,AVE,2025,5,1,17.95,157.0,73.11,15
00016_06-05-2025-18.27,AVE,2025,5,1,18.45,177.0,49.57,49
00002_06-05-2025-18.32,IRYO,2025,5,1,18.53,157.0,43.85,25
00004_06-05-2025-18.57,AVE,2025,5,1,18.95,157.0,39.51,156
00009_06-05-2025-19.29,IRYO,2025,5,1,19.48,172.0,34.9,9
00019_06-05-2025-19.34,AVLO,2025,5,1,19.57,201.0,27.22,5
00004_06-05-2025-20.05,AVE,2025,5,1,20.08,157.0,52.45,11
00009_06-05-2025-20.22,IRYO,2025,5,1,20.37,172.0,28.26,9
00020_06-05-2025-20.27,AVE,2025,5,1,20.45,201.0,38.89,5
00005_06-05-2025-21.02,OUIGO,2025,5,1,21.03,172.0,29.99,0
00007_06-05-2025-21.07,AVE,2025,5,1,21.12,172.0,31.08,11
00001_07-05-2025-06.12,AVLO,2025,5,2,6.2,157.0,37.49,1365
00002_07-05-2025-06.22,IRYO,2025,5,2,6.37,157.0,46.29,552
00003_07-05-2025-06.27,AVE,2025,5,2,6.45,178.0,49.65,984
00004_07-05-2025-06.57,AVE,2025,5,2,6.95,157.0,95.44,7
00005_07-05-2025-07.02,OUIGO,2025,5,2,7.03,172.0,68.62,3
00002_07-05-2025-07.22,IRYO,2025,5,2,7.37,157.0,39.78,276
00006_07-05-2025-07.27,AVE,2025,5,2,7.45,199.0,52.21,131
00004_07-05-2025-07.57,AVE,2025,5,2,7.95,157.0,37.01,1072
00007_07-05-2025-08.27,AVE,2025,5,2,8.45,172.0,74.45,3
00002_07-05-2025-08.32,IRYO,2025,5,2,8.53,157.0,35.95,137
00008_07-05-2025-08.57,AVE,2025,5,2,8.95,164.0,37.05,545
00009_07-05-2025-09.22,IRYO,2025,5,2,9.37,172.0,47.99,33
00010_07-05-2025-09.27,AVE,2025,5,2,9.45,194.0,55.95,70
00009_07-05-2025-09.57,IRYO,2025,5,2,9.95,172.0,32.25,166
00011_07-05-2025-10.02,OUIGO,2025,5,2,10.03,182.0,40.62,26
00012_07-05-2025-10.27,AVLO,2025,5,2,10.45,172.0,50.17,16
00009_07-05-2025-11.22,IRYO,2025,5,2,11.37,172.0,18.21,3446
00006_07-05-2025-11.27,AVE,2025,5,2,11.45,199.0,30.85,566
00009_07-05-2025-12.22,IRYO,2025,5,2,12.37,172.0,44.63,21
00013_07-05-2025-12.27,AVE,2025,5,2,12.45,197.0,49.15,75
00004_07-05-2025-12.57,AVE,2025,5,2,12.95,157.0,25.82,1473
00014_07-05-2025-13.18,AVE,2025,5,2,13.3,184.0,48.24,35
00009_07-05-2025-14.02,IRYO,2025,5,2,14.03,172.0,51.98,17
00015_07-05-2025-14.12,OUIGO,2025,5,2,14.2,157.0,39.38,27
00016_07-05-2025-14.27,AVE,2025,5,2,14.45,177.0,31.39,950
00017_07-05-2025-14.42,IRYO,2025,5,2,14.7,179.0,45.52,46
00004_07-05-2025-14.57,AVE,2025,5,2,14.95,157.0,38.69,916
00018_07-05-2025-15.27,AVLO,2025,5,2,15.45,199.0,38.28,141
00004_07-05-2025-15.57,AVE,2025,5,2,15.95,157.0,55.4,593
00007_07-05-2025-16.27,AVE,2025,5,2,16.45,172.0,53.48,749
00002_07-05-2025-16.37,IRYO,2025,5,2,16.62,157.0,38.29,666
00004_07-05-2025-16.57,AVE,2025,5,2,16.95,157.0,116.53,1
00015_07-05-2025-17.17,OUIGO,2025,5,2,17.28,157.0,54.71,59
00009_07-05-2025-17.22,IRYO,2025,5,2,17.37,172.0,44.38,293
00006_07-05-2025-17.27,AVE,2025,5,2,17.45,199.0,58.69,236
00004_07-05-2025-17.57,AVE,2025,5,2,17.95,157.0,64.91,280
00016_07-05-2025-18.27,AVE,2025,5,2,18.45,177.0,52.42,261
00002_07-05-2025-18.32,IRYO,2025,5,2,18.53,157.0,45.25,119
00004_07-05-2025-18.57,AVE,2025,5,2,18.95,157.0,121.43,0
00009_07-05-2025-19.29,IRYO,2025,5,2,19.48,172.0,50.03,18
00019_07-05-2025-19.34,AVLO,2025,5,2,19.57,201.0,32.0,29
00004_07-05-2025-20.05,AVE,2025,5,2,20.08,157.0,66.43,16
00009_07-05-2025-20.22,IRYO,2025,5,2,20.37,172.0,29.76,42
00020_07-05-2025-20.27,AVE,2025,5,2,20.45,201.0,31.91,56
00005_07-05-2025-21.02,OUIGO,2025,5,2,21.03,172.0,34.55,4
00007_07-05-2025-21.07,AVE,2025,5,2,21.12,172.0,55.98,3
00001_08-05-2025-06.12,AVLO,2025,5,3,6.2,157.0,30.43,533
00002_08-05-2025-06.22,IRYO,2025,5,3,6.37,157.0,15.96,2685
00003_08-05-2025-06.27,AVE,2025,5,3,6.45,178.0,29.48,1173
00004_08-05-2025-06.57,AVE,2025,5,3,6.95,157.0,59.15,90
00005_08-05-2025-07.02,OUIGO,2025,5,3,7.03,172.0,37.35,21
00002_08-05-2025-07.22,IRYO,2025,5,3,7.37,157.0,47.09,21
00006_08-05-2025-07.27,AVE,2025,5,3,7.45,199.0,42.78,150
00004_08-05-2025-07.57,AVE,2025,5,3,7.95,157.0,47.09,137
00007_08-05-2025-08.27,AVE,2025,5,3,8.45,172.0,54.0,78
00002_08-05-2025-08.32,IRYO,2025,5,3,8.53,157.0,45.52,27
00008_08-05-2025-08.57,AVE,2025,5,3,8.95,164.0,73.5,15
00009_08-05-2025-09.22,IRYO,2025,5,3,9.37,172.0,34.62,236
00010_08-05-2025-09.27,AVE,2025,5,3,9.45,194.0,58.45,138
00009_08-05-2025-09.57,IRYO,2025,5,3,9.95,172.0,59.27,23
00011_08-05-2025-10.02,OUIGO,2025,5,3,10.03,182.0,61.8,5
00012_08-05-2025-10.27,AVLO,2025,5,3,10.45,172.0,48.06,124
00009_08-05-2025-11.22,IRYO,2025,5,3,11.37,172.0,62.93,38
00006_08-05-2025-11.27,AVE,2025,5,3,11.45,199.0,51.73,358
00009_08-05-2025-12.22,IRYO,2025,5,3,12.37,172.0,44.21,209
00013_08-05-2025-12.27,AVE,2025,5,3,12.45,197.0,67.48,73
00004_08-05-2025-12.57,AVE,2025,5,3,12.95,157.0,64.31,182
00014_08-05-2025-13.18,AVE,2025,5,3,13.3,184.0,55.14,149
00004_08-05-2025-13.57,AVE,2025,5,3,13.95,157.0,,0
00009_08-05-2025-14.02,IRYO,2025,5,3,14.03,172.0,,0
00015_08-05-2025-14.12,OUIGO,2025,5,3,14.2,157.0,,0
00016_08-05-2025-14.27,AVE,2025,5,3,14.45,177.0,73.91,103
00017_08-05-2025-14.42,IRYO,2025,5,3,14.7,179.0,40.88,378
00004_08-05-2025-14.57,AVE,2025,5,3,14.95,157.0,87.54,52
00018_08-05-2025-15.27,AVLO,2025,5,3,15.45,199.0,45.44,232
00004_08-05-2025-15.57,AVE,2025,5,3,15.95,157.0,98.42,35
00007_08-05-2025-16.27,AVE,2025,5,3,16.45,172.0,65.73,524
00002_08-05-2025-16.37,IRYO,2025,5,3,16.62,157.0,53.06,451
00004_08-05-2025-16.57,AVE,2025,5,3,16.95,157.0,153.02,0
00015_08-05-2025-17.17,OUIGO,2025,5,3,17.28,157.0,58.47,82
00009_08-05-2025-17.22,IRYO,2025,5,3,17.37,172.0,77.16,15
00006_08-05-2025-17.27,AVE,2025,5,3,17.45,199.0,85.65,14
00004_08-05-2025-17.57,AVE,2025,5,3,17.95,157.0,60.34,530
00016_08-05-2025-18.27,AVE,2025,5,3,18.45,177.0,68.82,77
00002_08-05-2025-18.32,IRYO,2025,5,3,18.53,157.0,34.49,490
00004_08-05-2025-18.57,AVE,2025,5,3,18.95,157.0,88.15,8
00009_08-05-2025-19.29,IRYO,2025,5,3,19.48,172.0,40.01,54
00019_08-05-2025-19.34,AVLO,2025,5,3,19.57,201.0,27.33,358
00004_08-05-2025-20.05,AVE,2025,5,3,20.08,157.0,65.37,23
00009_08-05-2025-20.22,IRYO,2025,5,3,20.37,172.0,37.66,18
00020_08-05-2025-20.27,AVE,2025,5,3,20.45,201.0,51.18,6
00005_08-05-2025-21.02,OUIGO,2025,5,3,21.03,172.0,28.57,188
00007_08-05-2025-21.07,AVE,2025,5,3,21.12,172.0,52.19,11
00002_09-05-2025-06.22,IRYO,2025,5,4,6.37,157.0,32.27,702
00021_09-05-2025-06.27,AVLO,2025,5,4,6.45,178.0,23.41,5055
00004_09-05-2025-06.57,AVE,2025,5,4,6.95,157.0,36.35,1383
00005_09-05-2025-07.02,OUIGO,2025,5,4,7.03,172.0,34.79,97
00002_09-05-2025-07.22,IRYO,2025,5,4,7.37,157.0,49.05,40
00006_09-05-2025-07.27,AVE,2025,5,4,7.45,199.0,69.43,7
00004_09-05-2025-07.57,AVE,2025,5,4,7.95,157.0,62.55,54
00002_09-05-2025-08.32,IRYO,2025,5,4,8.53,157.0,47.43,69
00008_09-05-2025-08.57,AVE,2025,5,4,8.95,164.0,122.73,0
00009_09-05-2025-09.22,IRYO,2025,5,4,9.37,172.0,53.26,67
00010_09-05-2025-09.27,AVE,2025,5,4,9.45,194.0,68.16,85
00009_09-05-2025-09.57,IRYO,2025,5,4,9.95,172.0,59.14,65
00011_09-05-2025-10.02,OUIGO,2025,5,4,10.03,182.0,32.56,598
00012_09-05-2025-10.27,AVLO,2025,5,4,10.45,172.0,54.97,127
00009_09-05-2025-11.22,IRYO,2025,5,4,11.37,172.0,71.18,24
00006_09-05-2025-11.27,AVE,2025,5,4,11.45,199.0,100.44,1
00009_09-05-2025-12.22,IRYO,2025,5,4,12.37,172.0,45.7,267
00013_09-05-2025-12.27,AVE,2025,5,4,12.45,197.0,59.05,215
00004_09-05-2025-12.57,AVE,2025,5,4,12.95,157.0,69.95,150
00014_09-05-2025-13.18,AVE,2025,5,4,13.3,184.0,55.14,149
00004_09-05-2025-13.57,AVE,2025,5,4,13.95,157.0,82.76,45
00009_09-05-2025-14.02,IRYO,2025,5,4,14.03,172.0,60.03,57
00015_09-05-2025-14.12,OUIGO,2025,5,4,14.2,157.0,63.51,25
00016_09-05-2025-14.27,AVE,2025,5,4,14.45,177.0,83.29,22
00017_09-05-2025-14.42,IRYO,2025,5,4,14.7,179.0,74.05,14
00004_09-05-2025-14.57,AVE,2025,5,4,14.95,157.0,107.02,6
00018_09-05-2025-15.27,AVLO,2025,5,4,15.45,199.0,56.26,37
00004_09-05-2025-15.57,AVE,2025,5,4,15.95,157.0,96.4,24
00007_09-05-2025-16.27,AVE,2025,5,4,16.45,172.0,70.2,201
00002_09-05-2025-16.37,IRYO,2025,5,4,16.62,157.0,74.46,32
00004_09-05-2025-16.57,AVE,2025,5,4,16.95,157.0,97.46,27
00015_09-05-2025-17.17,OUIGO,2025,5,4,17.28,157.0,31.52,1394
00009_09-05-2025-17.22,IRYO,2025,5,4,17.37,172.0,61.67,49
00018_09-05-2025-17.27,AVLO,2025,5,4,17.45,199.0,53.98,37
00004_09-05-2025-17.57,AVE,2025,5,4,17.95,157.0,63.48,185
00016_09-05-2025-18.27,AVE,2025,5,4,18.45,177.0,100.26,2
00002_09-05-2025-18.32,IRYO,2025,5,4,18.53,157.0,54.2,40
00004_09-05-2025-18.57,AVE,2025,5,4,18.95,157.0,56.57,118
00009_09-05-2025-19.29,IRYO,2025,5,4,19.48,172.0,44.03,14
00019_09-05-2025-19.34,AVLO,2025,5,4,19.57,201.0,32.29,332
00004_09-05-2025-20.05,AVE,2025,5,4,20.08,157.0,64.62,5
00009_09-05-2025-20.22,IRYO,2025,5,4,20.37,172.0,30.15,1054
00020_09-05-2025-20.27,AVE,2025,5,4,20.45,201.0,42.81,24
00005_09-05-2025-21.02,OUIGO,2025,5,4,21.03,172.0,35.72,17
00007_09-05-2025-21.07,AVE,2025,5,4,21.12,172.0,83.56,0
00021_10-05-2025-06.27,AVLO,2025,5,5,6.45,178.0,26.61,844
00005_10-05-2025-07.02,OUIGO,2025,5,5,7.03,172.0,16.0,1117
00006_10-05-2025-07.27,AVE,2025,5,5,7.45,199.0,60.89,44
00009_10-05-2025-08.07,IRYO,2025,5,5,8.12,172.0,34.71,163
00007_10-05-2025-08.27,AVE,2025,5,5,8.45,172.0,65.22,30
00008_10-05-2025-08.57,AVE,2025,5,5,8.95,164.0,58.59,62
00009_10-05-2025-09.22,IRYO,2025,5,5,9.37,172.0,15.56,2628
00010_10-05-2025-09.27,AVE,2025,5,5,9.45,194.0,49.91,126
00009_10-05-2025-09.57,IRYO,2025,5,5,9.95,172.0,45.35,56
00011_10-05-2025-10.02,OUIGO,2025,5,5,10.03,182.0,38.33,41
00012_10-05-2025-10.27,AVLO,2025,5,5,10.45,172.0,46.07,63
00009_10-05-2025-11.22,IRYO,2025,5,5,11.37,172.0,46.91,37
00006_10-05-2025-11.27,AVE,2025,5,5,11.45,199.0,38.92,362
00009_10-05-2025-12.22,IRYO,2025,5,5,12.37,172.0,10.0,9523
00013_10-05-2025-12.27,AVE,2025,5,5,12.45,197.0,53.72,57
00014_10-05-2025-13.18,AVE,2025,5,5,13.3,184.0,82.74,0
00015_10-05-2025-14.12,OUIGO,2025,5,5,14.2,157.0,15.74,1291
00017_10-05-2025-14.42,IRYO,2025,5,5,14.7,179.0,32.25,131
00018_10-05-2025-15.27,AVLO,2025,5,5,15.45,199.0,32.72,104
00007_10-05-2025-16.27,AVE,2025,5,5,16.45,172.0,90.46,6
00002_10-05-2025-16.37,IRYO,2025,5,5,16.62,157.0,15.95,2359
00015_10-05-2025-17.17,OUIGO,2025,5,5,17.28,157.0,29.12,237
00018_10-05-2025-17.27,AVLO,2025,5,5,17.45,199.0,19.28,435
00016_10-05-2025-18.27,AVE,2025,5,5,18.45,177.0,107.27,0
00009_10-05-2025-19.29,IRYO,2025,5,5,19.48,172.0,16.33,675
00019_10-05-2025-19.34,AVLO,2025,5,5,19.57,201.0,30.93,11
00009_10-05-2025-20.22,IRYO,2025,5,5,20.37,172.0,27.25,10
00020_10-05-2025-20.27,AVE,2025,5,5,20.45,201.0,52.63,0
00005_10-05-2025-21.02,OUIGO,2025,5,5,21.03,172.0,23.22,6
00021_11-05-2025-06.27,AVLO,2025,5,6,6.45,178.0,54.63,250
00005_11-05-2025-07.02,OUIGO,2025,5,6,7.03,172.0,41.3,1187
00006_11-05-2025-07.27,AVE,2025,5,6,7.45,199.0,71.86,70
00009_11-05-2025-08.07,IRYO,2025,5,6,8.12,172.0,53.87,115
00007_11-05-2025-08.27,AVE,2025,5,6,8.45,172.0,100.04,3
00009_11-05-2025-09.22,IRYO,2025,5,6,9.37,172.0,45.23,1114
00010_11-05-2025-09.27,AVE,2025,5,6,9.45,194.0,53.28,613
00009_11-05-2025-09.57,IRYO,2025,5,6,9.95,172.0,59.15,54
00011_11-05-2025-10.02,OUIGO,2025,5,6,10.03,182.0,39.2,3824
00012_11-05-2025-10.27,AVLO,2025,5,6,10.45,172.0,40.81,4375
00009_11-05-2025-11.22,IRYO,2025,5,6,11.37,172.0,69.44,32
00006_11-05-2025-11.27,AVE,2025,5,6,11.45,199.0,142.54,0
00009_11-05-2025-12.22,IRYO,2025,5,6,12.37,172.0,74.63,41
00013_11-05-2025-12.27,AVE,2025,5,6,12.45,197.0,62.83,309
00014_11-05-2025-13.18,AVE,2025,5,6,13.3,184.0,55.14,338
00009_11-05-2025-14.02,IRYO,2025,5,6,14.03,172.0,86.49,6
00015_11-05-2025-14.12,OUIGO,2025,5,6,14.2,157.0,56.83,84
00016_11-05-2025-14.27,AVE,2025,5,6,14.45,177.0,84.41,64
00017_11-05-2025-14.42,IRYO,2025,5,6,14.7,179.0,66.05,84
00018_11-05-2025-15.27,AVLO,2025,5,6,15.45,199.0,62.3,67
00007_11-05-2025-16.27,AVE,2025,5,6,16.45,172.0,70.85,459
00002_11-05-2025-16.37,IRYO,2025,5,6,16.62,157.0,104.75,2
00004_11-05-2025-16.57,AVE,2025,5,6,16.95,157.0,92.33,152
00015_11-05-2025-17.17,OUIGO,2025,5,6,17.28,157.0,57.56,146
00009_11-05-2025-17.22,IRYO,2025,5,6,17.37,172.0,76.16,32
00018_11-05-2025-17.27,AVLO,2025,5,6,17.45,199.0,58.83,95
00004_11-05-2025-17.57,AVE,2025,5,6,17.95,157.0,74.15,239
00016_11-05-2025-18.27,AVE,2025,5,6,18.45,177.0,82.6,44
00002_11-05-2025-18.32,IRYO,2025,5,6,18.53,157.0,89.55,3
00004_11-05-2025-18.57,AVE,2025,5,6,18.95,157.0,110.17,1
00009_11-05-2025-19.29,IRYO,2025,5,6,19.48,172.0,91.05,0
00019_11-05-2025-19.34,AVLO,2025,5,6,19.57,201.0,75.58,0
00004_11-05-2025-20.05,AVE,2025,5,6,20.08,157.0,56.38,99
00009_11-05-2025-20.22,IRYO,2025,5,6,20.37,172.0,78.44,0
00020_11-05-2025-20.27,AVE,2025,5,6,20.45,201.0,79.83,1
00005_11-05-2025-21.02,OUIGO,2025,5,6,21.03,172.0,58.85,0
00007_11-05-2025-21.07,AVE,2025,5,6,21.12,172.0,119.53,0
00001_12-05-2025-06.12,AVLO,2025,5,0,6.2,157.0,34.32,746
00002_12-05-2025-06.22,IRYO,2025,5,0,6.37,157.0,28.27,996
00003_12-05-2025-06.27,AVE,2025,5,0,6.45,178.0,40.31,948
00004_12-05-2025-06.57,AVE,2025,5,0,6.95,157.0,62.22,178
00005_12-05-2025-07.02,OUIGO,2025,5,0,7.03,172.0,37.0,55
00002_12-05-2025-07.22,IRYO,2025,5,0,7.37,157.0,60.31,14
00006_12-05-2025-07.27,AVE,2025,5,0,7.45,199.0,60.22,38
00004_12-05-2025-07.57,AVE,2025,5,0,7.95,157.0,73.81,17
00007_12-05-2025-08.27,AVE,2025,5,0,8.45,172.0,67.77,21
00002_12-05-2025-08.32,IRYO,2025,5,0,8.53,157.0,36.9,106
00008_12-05-2025-08.57,AVE,2025,5,0,8.95,164.0,51.18,169
00009_12-05-2025-09.22,IRYO,2025,5,0,9.37,172.0,60.66,10
00010_12-05-2025-09.27,AVE,2025,5,0,9.45,194.0,83.48,5
00009_12-05-2025-09.57,IRYO,2025,5,0,9.95,172.0,31.5,231
00011_12-05-2025-10.02,OUIGO,2025,5,0,10.03,182.0,45.61,18
00012_12-05-2025-10.27,AVLO,2025,5,0,10.45,172.0,34.95,179
00009_12-05-2025-11.22,IRYO,2025,5,0,11.37,172.0,27.5,335
00006_12-05-2025-11.27,AVE,2025,5,0,11.45,199.0,40.67,321
00009_12-05-2025-12.22,IRYO,2025,5,0,12.37,172.0,55.99,10
00013_12-05-2025-12.27,AVE,2025,5,0,12.45,197.0,49.5,100
00004_12-05-2025-12.57,AVE,2025,5,0,12.95,157.0,43.5,238
00014_12-05-2025-13.18,AVE,2025,5,0,13.3,184.0,68.94,4
00009_12-05-2025-14.02,IRYO,2025,5,0,14.03,172.0,38.42,48
00015_12-05-2025-14.12,OUIGO,2025,5,0,14.2,157.0,26.58,112
00016_12-05-2025-14.27,AVE,2025,5,0,14.45,177.0,40.54,246
00017_12-05-2025-14.42,IRYO,2025,5,0,14.7,179.0,48.4,18
00004_12-05-2025-14.57,AVE,2025,5,0,14.95,157.0,37.81,494
00018_12-05-2025-15.27,AVLO,2025,5,0,15.45,199.0,34.44,60
00004_12-05-2025-15.57,AVE,2025,5,0,15.95,157.0,51.57,277
00007_12-05-2025-16.27,AVE,2025,5,0,16.45,172.0,56.38,164
00002_12-05-2025-16.37,IRYO,2025,5,0,16.62,157.0,35.58,286
00004_12-05-2025-16.57,AVE,2025,5,0,16.95,157.0,40.47,944
00015_12-05-2025-17.17,OUIGO,2025,5,0,17.28,157.0,33.31,112
00009_12-05-2025-17.22,IRYO,2025,5,0,17.37,172.0,51.36,25
00006_12-05-2025-17.27,AVE,2025,5,0,17.45,199.0,70.1,9
00004_12-05-2025-17.57,AVE,2025,5,0,17.95,157.0,47.39,210
00016_12-05-2025-18.27,AVE,2025,5,0,18.45,177.0,57.01,25
00002_12-05-2025-18.32,IRYO,2025,5,0,18.53,157.0,28.89,121
00004_12-05-2025-18.57,AVE,2025,5,0,18.95,157.0,49.14,61
00009_12-05-2025-19.29,IRYO,2025,5,0,19.48,172.0,46.96,3
00019_12-05-2025-19.34,AVLO,2025,5,0,19.57,201.0,21.76,143
00004_12-05-2025-20.05,AVE,2025,5,0,20.08,157.0,19.49,1233
00009_12-05-2025-20.22,IRYO,2025,5,0,20.37,172.0,21.67,188
00020_12-05-2025-20.27,AVE,2025,5,0,20.45,201.0,18.75,702
00005_12-05-2025-21.02,OUIGO,2025,5,0,21.03,172.0,25.58,7
00007_12-05-2025-21.07,AVE,2025,5,0,21.12,172.0,36.76,7
00001_13-05-2025-06.12,AVLO,2025,5,1,6.2,157.0,35.23,697
00002_13-05-2025-06.22,IRYO,2025,5,1,6.37,157.0,13.55,3088
00003_13-05-2025-06.27,AVE,2025,5,1,6.45,178.0,31.57,1725
00004_13-05-2025-06.57,AVE,2025,5,1,6.95,157.0,97.48,0
00005_13-05-2025-07.02,OUIGO,2025,5,1,7.03,172.0,41.57,20
00002_13-05-2025-07.22,IRYO,2025,5,1,7.37,157.0,23.6,549
00006_13-05-2025-07.27,AVE,2025,5,1,7.45,199.0,36.99,336
00004_13-05-2025-07.57,AVE,2025,5,1,7.95,157.0,53.38,119
00007_13-05-2025-08.27,AVE,2025,5,1,8.45,172.0,69.12,13
00002_13-05-2025-08.32,IRYO,2025,5,1,8.53,157.0,31.74,150
00008_13-05-2025-08.57,AVE,2025,5,1,8.95,164.0,49.09,198
00009_13-05-2025-09.22,IRYO,2025,5,1,9.37,172.0,48.1,47
00010_13-05-2025-09.27,AVE,2025,5,1,9.45,194.0,67.43,32
00009_13-05-2025-09.57,IRYO,2025,5,1,9.95,172.0,32.69,301
00011_13-05-2025-10.02,OUIGO,2025,5,1,10.03,182.0,40.02,47
00012_13-05-2025-10.27,AVLO,2025,5,1,10.45,172.0,33.69,266
00009_13-05-2025-11.22,IRYO,2025,5,1,11.37,172.0,44.39,99
00006_13-05-2025-11.27,AVE,2025,5,1,11.45,199.0,46.03,240
00009_13-05-2025-12.22,IRYO,2025,5,1,12.37,172.0,32.55,185
00013_13-05-2025-12.27,AVE,2025,5,1,12.45,197.0,48.13,111
00004_13-05-2025-12.57,AVE,2025,5,1,12.95,157.0,31.68,945
00014_13-05-2025-13.18,AVE,2025,5,1,13.3,184.0,48.24,32
00009_13-05-2025-14.02,IRYO,2025,5,1,14.03,172.0,21.74,438
00015_13-05-2025-14.12,OUIGO,2025,5,1,14.2,157.0,40.65,9
00016_13-05-2025-14.27,AVE,2025,5,1,14.45,177.0,80.9,1
00017_13-05-2025-14.42,IRYO,2025,5,1,14.7,179.0,31.54,81
00004_13-05-2025-14.57,AVE,2025,5,1,14.95,157.0,30.89,805
00018_13-05-2025-15.27,AVLO,2025,5,1,15.45,199.0,28.56,79
00004_13-05-2025-15.57,AVE,2025,5,1,15.95,157.0,25.05,1890
00007_13-05-2025-16.27,AVE,2025,5,1,16.45,172.0,32.44,1062
00002_13-05-2025-16.37,IRYO,2025,5,1,16.62,157.0,41.48,134
00004_13-05-2025-16.57,AVE,2025,5,1,16.95,157.0,51.09,399
00015_13-05-2025-17.17,OUIGO,2025,5,1,17.28,157.0,63.69,3
00009_13-05-2025-17.22,IRYO,2025,5,1,17.37,172.0,39.74,83
00006_13-05-2025-17.27,AVE,2025,5,1,17.45,199.0,67.58,15
00004_13-05-2025-17.57,AVE,2025,5,1,17.95,157.0,72.58,13
00016_13-05-2025-18.27,AVE,2025,5,1,18.45,177.0,41.26,146
00002_13-05-2025-18.32,IRYO,2025,5,1,18.53,157.0,31.71,88
00004_13-05-2025-18.57,AVE,2025,5,1,18.95,157.0,16.04,3593
00009_13-05-2025-19.29,IRYO,2025,5,1,19.48,172.0,37.46,4
00019_13-05-2025-19.34,AVLO,2025,5,1,19.57,201.0,31.6,6
00004_13-05-2025-20.05,AVE,2025,5,1,20.08,157.0,27.84,100
00009_13-05-2025-20.22,IRYO,2025,5,1,20.37,172.0,30.38,3
00020_13-05-2025-20.27,AVE,2025,5,1,20.45,201.0,17.31,591
00005_13-05-2025-21.02,OUIGO,2025,5,1,21.03,172.0,56.22,0
00007_13-05-2025-21.07,AVE,2025,5,1,21.12,172.0,39.49,3
00001_14-05-2025-06.12,AVLO,2025,5,2,6.2,157.0,35.91,558
00002_14-05-2025-06.22,IRYO,2025,5,2,6.37,157.0,25.95,1072
00003_14-05-2025-06.27,AVE,2025,5,2,6.45,178.0,32.65,1354
00004_14-05-2025-06.57,AVE,2025,5,2,6.95,157.0,100.91,0
00005_14-05-2025-07.02,OUIGO,2025,5,2,7.03,172.0,42.01,22
00002_14-05-2025-07.22,IRYO,2025,5,2,7.37,157.0,38.04,108
00006_14-05-2025-07.27,AVE,2025,5,2,7.45,199.0,26.21,935
00004_14-05-2025-07.57,AVE,2025,5,2,7.95,157.0,49.15,147
00007_14-05-2025-08.27,AVE,2025,5,2,8.45,172.0,89.88,0
00002_14-05-2025-08.32,IRYO,2025,5,2,8.53,157.0,39.67,57
00008_14-05-2025-08.57,AVE,2025,5,2,8.95,164.0,55.0,81
00009_14-05-2025-09.22,IRYO,2025,5,2,9.37,172.0,37.04,138
00010_14-05-2025-09.27,AVE,2025,5,2,9.45,194.0,63.72,53
00009_14-05-2025-09.57,IRYO,2025,5,2,9.95,172.0,44.65,84
00011_14-05-2025-10.02,OUIGO,2025,5,2,10.03,182.0,55.96,7
00012_14-05-2025-10.27,AVLO,2025,5,2,10.45,172.0,46.9,88
00009_14-05-2025-11.22,IRYO,2025,5,2,11.37,172.0,72.06,3
00006_14-05-2025-11.27,AVE,2025,5,2,11.45,199.0,52.78,140
00009_14-05-2025-12.22,IRYO,2025,5,2,12.37,172.0,20.52,1787
00013_14-05-2025-12.27,AVE,2025,5,2,12.45,197.0,62.89,35
00004_14-05-2025-12.57,AVE,2025,5,2,12.95,157.0,49.26,265
00014_14-05-2025-13.18,AVE,2025,5,2,13.3,184.0,48.24,66
00009_14-05-2025-14.02,IRYO,2025,5,2,14.03,172.0,34.62,138
00015_14-05-2025-14.12,OUIGO,2025,5,2,14.2,157.0,36.1,66
00016_14-05-2025-14.27,AVE,2025,5,2,14.45,177.0,32.56,909
00017_14-05-2025-14.42,IRYO,2025,5,2,14.7,179.0,41.47,84
00004_14-05-2025-14.57,AVE,2025,5,2,14.95,157.0,58.16,191
00018_14-05-2025-15.27,AVLO,2025,5,2,15.45,199.0,36.03,171
00004_14-05-2025-15.57,AVE,2025,5,2,15.95,157.0,70.57,128
00007_14-05-2025-16.27,AVE,2025,5,2,16.45,172.0,51.95,669
00002_14-05-2025-16.37,IRYO,2025,5,2,16.62,157.0,51.05,230
00004_14-05-2025-16.57,AVE,2025,5,2,16.95,157.0,113.83,2
00015_14-05-2025-17.17,OUIGO,2025,5,2,17.28,157.0,56.5,49
00009_14-05-2025-17.22,IRYO,2025,5,2,17.37,172.0,43.6,256
00006_14-05-2025-17.27,AVE,2025,5,2,17.45,199.0,58.1,164
00004_14-05-2025-17.57,AVE,2025,5,2,17.95,157.0,47.75,733
00016_14-05-2025-18.27,AVE,2025,5,2,18.45,177.0,75.09,18
00002_14-05-2025-18.32,IRYO,2025,5,2,18.53,157.0,62.89,16
00004_14-05-2025-18.57,AVE,2025,5,2,18.95,157.0,98.7,1
00009_14-05-2025-19.29,IRYO,2025,5,2,19.48,172.0,51.51,9
00019_14-05-2025-19.34,AVLO,2025,5,2,19.57,201.0,29.06,32
00004_14-05-2025-20.05,AVE,2025,5,2,20.08,157.0,46.76,77
00009_14-05-2025-20.22,IRYO,2025,5,2,20.37,172.0,20.92,1046
00020_14-05-2025-20.27,AVE,2025,5,2,20.45,201.0,46.15,10
00005_14-05-2025-21.02,OUIGO,2025,5,2,21.03,172.0,52.48,1
00007_14-05-2025-21.07,AVE,2025,5,2,21.12,172.0,62.86,3
00001_15-05-2025-06.12,AVLO,2025,5,3,6.2,157.0,27.85,6385
00002_15-05-2025-06.22,IRYO,2025,5,3,6.37,157.0,35.19,690
00003_15-05-2025-06.27,AVE,2025,5,3,6.45,178.0,36.3,2471
00004_15-05-2025-06.57,AVE,2025,5,3,6.95,157.0,59.85,47
00005_15-05-2025-07.02,OUIGO,2025,5,3,7.03,172.0,36.0,211
00002_15-05-2025-07.22,IRYO,2025,5,3,7.37,157.0,30.81,4061
00006_15-05-2025-07.27,AVE,2025,5,3,7.45,199.0,45.75,167
00004_15-05-2025-07.57,AVE,2025,5,3,7.95,157.0,52.62,93
00007_15-05-2025-08.27,AVE,2025,5,3,8.45,172.0,48.62,148
00002_15-05-2025-08.32,IRYO,2025,5,3,8.53,157.0,51.29,16
00008_15-05-2025-08.57,AVE,2025,5,3,8.95,164.0,61.34,57
00009_15-05-2025-09.22,IRYO,2025,5,3,9.37,172.0,50.68,38
00010_15-05-2025-09.27,AVE,2025,5,3,9.45,194.0,62.32,55
00009_15-05-2025-09.57,IRYO,2025,5,3,9.95,172.0,35.51,1363
00011_15-05-2025-10.02,OUIGO,2025,5,3,10.03,182.0,41.38,75
00012_15-05-2025-10.27,AVLO,2025,5,3,10.45,172.0,50.71,55
00009_15-05-2025-11.22,IRYO,2025,5,3,11.37,172.0,51.0,57
00006_15-05-2025-11.27,AVE,2025,5,3,11.45,199.0,43.46,663
00009_15-05-2025-12.22,IRYO,2025,5,3,12.37,172.0,46.51,72
00013_15-05-2025-12.27,AVE,2025,5,3,12.45,197.0,51.68,168
00004_15-05-2025-12.57,AVE,2025,5,3,12.95,157.0,47.66,409
00014_15-05-2025-13.18,AVE,2025,5,3,13.3,184.0,55.14,50
00004_15-05-2025-13.57,AVE,2025,5,3,13.95,157.0,,0
00009_15-05-2025-14.02,IRYO,2025,5,3,14.03,172.0,,0
00015_15-05-2025-14.12,OUIGO,2025,5,3,14.2,157.0,,0
00016_15-05-2025-14.27,AVE,2025,5,3,14.45,177.0,62.99,99
00017_15-05-2025-14.42,IRYO,2025,5,3,14.7,179.0,44.52,79
00004_15-05-2025-14.57,AVE,2025,5,3,14.95,157.0,81.06,30
00018_15-05-2025-15.27,AVLO,2025,5,3,15.45,199.0,45.6,53
00004_15-05-2025-15.57,AVE,2025,5,3,15.95,157.0,81.4,47
00007_15-05-2025-16.27,AVE,2025,5,3,16.45,172.0,55.85,274
00002_15-05-2025-16.37,IRYO,2025,5,3,16.62,157.0,53.03,103
00004_15-05-2025-16.57,AVE,2025,5,3,16.95,157.0,137.68,0
00015_15-05-2025-17.17,OUIGO,2025,5,3,17.28,157.0,58.74,17
00009_15-05-2025-17.22,IRYO,2025,5,3,17.37,172.0,82.99,2
00006_15-05-2025-17.27,AVE,2025,5,3,17.45,199.0,86.79,3
00004_15-05-2025-17.57,AVE,2025,5,3,17.95,157.0,45.15,406
00016_15-05-2025-18.27,AVE,2025,5,3,18.45,177.0,63.4,30
00002_15-05-2025-18.32,IRYO,2025,5,3,18.53,157.0,48.32,30
00004_15-05-2025-18.57,AVE,2025,5,3,18.95,157.0,90.83,0
00009_15-05-2025-19.29,IRYO,2025,5,3,19.48,172.0,36.07,862
00019_15-05-2025-19.34,AVLO,2025,5,3,19.57,201.0,34.64,1159
00004_15-05-2025-20.05,AVE,2025,5,3,20.08,157.0,45.09,75
00009_15-05-2025-20.22,IRYO,2025,5,3,20.37,172.0,43.76,4
00020_15-05-2025-20.27,AVE,2025,5,3,20.45,201.0,48.88,2
00005_15-05-2025-21.02,OUIGO,2025,5,3,21.03,172.0,34.51,1117
00007_15-05-2025-21.07,AVE,2025,5,3,21.12,172.0,58.37,0
00002_16-05-2025-06.22,IRYO,2025,5,4,6.37,157.0,18.52,4826
00021_16-05-2025-06.27,AVLO,2025,5,4,6.45,178.0,20.28,2786
00004_16-05-2025-06.57,AVE,2025,5,4,6.95,157.0,48.43,195
00005_16-05-2025-07.02,OUIGO,2025,5,4,7.03,172.0,46.48,5
00002_16-05-2025-07.22,IRYO,2025,5,4,7.37,157.0,36.71,88
00006_16-05-2025-07.27,AVE,2025,5,4,7.45,199.0,65.7,8
00004_16-05-2025-07.57,AVE,2025,5,4,7.95,157.0,50.97,84
00002_16-05-2025-08.32,IRYO,2025,5,4,8.53,157.0,28.75,580
00008_16-05-2025-08.57,AVE,2025,5,4,8.95,164.0,103.96,0
00009_16-05-2025-09.22,IRYO,2025,5,4,9.37,172.0,57.2,16
00010_16-05-2025-09.27,AVE,2025,5,4,9.45,194.0,54.51,131
00009_16-05-2025-09.57,IRYO,2025,5,4,9.95,172.0,32.62,346
00011_16-05-2025-10.02,OUIGO,2025,5,4,10.03,182.0,41.62,44
00012_16-05-2025-10.27,AVLO,2025,5,4,10.45,172.0,56.47,28
00009_16-05-2025-11.22,IRYO,2025,5,4,11.37,172.0,63.94,13
00006_16-05-2025-11.27,AVE,2025,5,4,11.45,199.0,107.21,1
00009_16-05-2025-12.22,IRYO,2025,5,4,12.37,172.0,34.81,269
00013_16-05-2025-12.27,AVE,2025,5,4,12.45,197.0,36.92,685
00004_16-05-2025-12.57,AVE,2025,5,4,12.95,157.0,74.62,33
00014_16-05-2025-13.18,AVE,2025,5,4,13.3,184.0,55.14,77
00004_16-05-2025-13.57,AVE,2025,5,4,13.95,157.0,93.75,7
00009_16-05-2025-14.02,IRYO,2025,5,4,14.03,172.0,65.82,20
00015_16-05-2025-14.12,OUIGO,2025,5,4,14.2,157.0,61.32,13
00016_16-05-2025-14.27,AVE,2025,5,4,14.45,177.0,93.1,21
00017_16-05-2025-14.42,IRYO,2025,5,4,14.7,179.0,75.82,12
00004_16-05-2025-14.57,AVE,2025,5,4,14.95,157.0,103.09,8
00018_16-05-2025-15.27,AVLO,2025,5,4,15.45,199.0,62.33,35
00004_16-05-2025-15.57,AVE,2025,5,4,15.95,157.0,106.73,9
00007_16-05-2025-16.27,AVE,2025,5,4,16.45,172.0,80.33,128
00002_16-05-2025-16.37,IRYO,2025,5,4,16.62,157.0,60.15,178
00004_16-05-2025-16.57,AVE,2025,5,4,16.95,157.0,107.43,13
00015_16-05-2025-17.17,OUIGO,2025,5,4,17.28,157.0,46.11,194
00009_16-05-2025-17.22,IRYO,2025,5,4,17.37,172.0,66.88,40
00018_16-05-2025-17.27,AVLO,2025,5,4,17.45,199.0,58.45,31
00004_16-05-2025-17.57,AVE,2025,5,4,17.95,157.0,63.46,222
00016_16-05-2025-18.27,AVE,2025,5,4,18.45,177.0,81.49,13
00002_16-05-2025-18.32,IRYO,2025,5,4,18.53,157.0,47.23,114
00004_16-05-2025-18.57,AVE,2025,5,4,18.95,157.0,74.48,33
00009_16-05-2025-19.29,IRYO,2025,5,4,19.48,172.0,67.68,2
00019_16-05-2025-19.34,AVLO,2025,5,4,19.57,201.0,36.52,21
00004_16-05-2025-20.05,AVE,2025,5,4,20.08,157.0,71.78,9
00009_16-05-2025-20.22,IRYO,2025,5,4,20.37,172.0,36.91,16
00020_16-05-2025-20.27,AVE,2025,5,4,20.45,201.0,42.1,18
00005_16-05-2025-21.02,OUIGO,2025,5,4,21.03,172.0,29.09,498
00007_16-05-2025-21.07,AVE,2025,5,4,21.12,172.0,73.9,0
00021_17-05-2025-06.27,AVLO,2025,5,5,6.45,178.0,35.42,524
00005_17-05-2025-07.02,OUIGO,2025,5,5,7.03,172.0,41.99,103
00006_17-05-2025-07.27,AVE,2025,5,5,7.45,199.0,50.35,204
00009_17-05-2025-08.07,IRYO,2025,5,5,8.12,172.0,56.6,25
00007_17-05-2025-08.27,AVE,2025,5,5,8.45,172.0,58.25,121
00008_17-05-2025-08.57,AVE,2025,5,5,8.95,164.0,74.54,23
00009_17-05-2025-09.22,IRYO,2025,5,5,9.37,172.0,38.02,193
00010_17-05-2025-09.27,AVE,2025,5,5,9.45,194.0,58.57,108
00009_17-05-2025-09.57,IRYO,2025,5,5,9.95,172.0,41.58,137
00011_17-05-2025-10.02,OUIGO,2025,5,5,10.03,182.0,38.98,76
00012_17-05-2025-10.27,AVLO,2025,5,5,10.45,172.0,50.01,80
00009_17-05-2025-11.22,IRYO,2025,5,5,11.37,172.0,30.06,407
00006_17-05-2025-11.27,AVE,2025,5,5,11.45,199.0,56.76,120
00009_17-05-2025-12.22,IRYO,2025,5,5,12.37,172.0,38.2,161
00013_17-05-2025-12.27,AVE,2025,5,5,12.45,197.0,55.37,96
00014_17-05-2025-13.18,AVE,2025,5,5,13.3,184.0,82.74,1
00015_17-05-2025-14.12,OUIGO,2025,5,5,14.2,157.0,10.0,5847
00017_17-05-2025-14.42,IRYO,2025,5,5,14.7,179.0,35.89,123
00018_17-05-2025-15.27,AVLO,2025,5,5,15.45,199.0,32.63,144
00007_17-05-2025-16.27,AVE,2025,5,5,16.45,172.0,104.76,1
00002_17-05-2025-16.37,IRYO,2025,5,5,16.62,157.0,46.1,157
00015_17-05-2025-17.17,OUIGO,2025,5,5,17.28,157.0,16.81,854
00018_17-05-2025-17.27,AVLO,2025,5,5,17.45,199.0,25.7,227
00016_17-05-2025-18.27,AVE,2025,5,5,18.45,177.0,89.27,2
00009_17-05-2025-19.29,IRYO,2025,5,5,19.48,172.0,45.33,9
00019_17-05-2025-19.34,AVLO,2025,5,5,19.57,201.0,32.89,11
00009_17-05-2025-20.22,IRYO,2025,5,5,20.37,172.0,28.42,11
00020_17-05-2025-20.27,AVE,2025,5,5,20.45,201.0,12.64,4161
00005_17-05-2025-21.02,OUIGO,2025,5,5,21.03,172.0,27.9,1
00021_18-05-2025-06.27,AVLO,2025,5,6,6.45,178.0,60.26,153
00005_18-05-2025-07.02,OUIGO,2025,5,6,7.03,172.0,45.7,244
00006_18-05-2025-07.27,AVE,2025,5,6,7.45,199.0,58.91,234
00009_18-05-2025-08.07,IRYO,2025,5,6,8.12,172.0,37.61,4320
00007_18-05-2025-08.27,AVE,2025,5,6,8.45,172.0,68.37,107
00009_18-05-2025-09.22,IRYO,2025,5,6,9.37,172.0,56.55,74
00010_18-05-2025-09.27,AVE,2025,5,6,9.45,194.0,56.73,361
00009_18-05-2025-09.57,IRYO,2025,5,6,9.95,172.0,58.85,79
00011_18-05-2025-10.02,OUIGO,2025,5,6,10.03,182.0,34.26,7345
00012_18-05-2025-10.27,AVLO,2025,5,6,10.45,172.0,45.13,777
00009_18-05-2025-11.22,IRYO,2025,5,6,11.37,172.0,79.51,12
00006_18-05-2025-11.27,AVE,2025,5,6,11.45,199.0,148.66,0
00009_18-05-2025-12.22,IRYO,2025,5,6,12.37,172.0,49.89,378
00013_18-05-2025-12.27,AVE,2025,5,6,12.45,197.0,60.58,381
00014_18-05-2025-13.18,AVE,2025,5,6,13.3,184.0,55.14,326
00009_18-05-2025-14.02,IRYO,2025,5,6,14.03,172.0,81.27,9
00015_18-05-2025-14.12,OUIGO,2025,5,6,14.2,157.0,55.53,115
00016_18-05-2025-14.27,AVE,2025,5,6,14.45,177.0,100.75,16
00017_18-05-2025-14.42,IRYO,2025,5,6,14.7,179.0,68.73,70
00018_18-05-2025-15.27,AVLO,2025,5,6,15.45,199.0,61.65,82
00007_18-05-2025-16.27,AVE,2025,5,6,16.45,172.0,96.72,43
00002_18-05-2025-16.37,IRYO,2025,5,6,16.62,157.0,99.9,8
00004_18-05-2025-16.57,AVE,2025,5,6,16.95,157.0,75.77,460
00015_18-05-2025-17.17,OUIGO,2025,5,6,17.28,157.0,61.72,95
00009_18-05-2025-17.22,IRYO,2025,5,6,17.37,172.0,95.23,2
00018_18-05-2025-17.27,AVLO,2025,5,6,17.45,199.0,71.97,17
00004_18-05-2025-17.57,AVE,2025,5,6,17.95,157.0,55.42,843
00016_18-05-2025-18.27,AVE,2025,5,6,18.45,177.0,69.98,99
00002_18-05-2025-18.32,IRYO,2025,5,6,18.53,157.0,76.78,7
00004_18-05-2025-18.57,AVE,2025,5,6,18.95,157.0,110.1,3
00009_18-05-2025-19.29,IRYO,2025,5,6,19.48,172.0,70.95,3
00019_18-05-2025-19.34,AVLO,2025,5,6,19.57,201.0,87.39,0
00004_18-05-2025-20.05,AVE,2025,5,6,20.08,157.0,59.27,66
00009_18-05-2025-20.22,IRYO,2025,5,6,20.37,172.0,78.6,0
00020_18-05-2025-20.27,AVE,2025,5,6,20.45,201.0,78.79,1
00005_18-05-2025-21.02,OUIGO,2025,5,6,21.03,172.0,78.03,0
00007_18-05-2025-21.07,AVE,2025,5,6,21.12,172.0,112.3,0
00001_19-05-2025-06.12,AVLO,2025,5,0,6.2,157.0,28.89,1228
00002_19-05-2025-06.22,IRYO,2025,5,0,6.37,157.0,28.13,1176
00003_19-05-2025-06.27,AVE,2025,5,0,6.45,178.0,43.66,828
00004_19-05-2025-06.57,AVE,2025,5,0,6.95,157.0,55.94,319
00005_19-05-2025-07.02,OUIGO,2025,5,0,7.03,172.0,27.64,175
00002_19-05-2025-07.22,IRYO,2025,5,0,7.37,157.0,44.54,72
00006_19-05-2025-07.27,AVE,2025,5,0,7.45,199.0,65.13,18
00004_19-05-2025-07.57,AVE,2025,5,0,7.95,157.0,62.17,57
00007_19-05-2025-08.27,AVE,2025,5,0,8.45,172.0,61.01,37
00002_19-05-2025-08.32,IRYO,2025,5,0,8.53,157.0,35.53,102
00008_19-05-2025-08.57,AVE,2025,5,0,8.95,164.0,37.06,506
00009_19-05-2025-09.22,IRYO,2025,5,0,9.37,172.0,53.32,22
00010_19-05-2025-09.27,AVE,2025,5,0,9.45,194.0,82.1,2
00009_19-05-2025-09.57,IRYO,2025,5,0,9.95,172.0,44.34,95
00011_19-05-2025-10.02,OUIGO,2025,5,0,10.03,182.0,33.64,81
00012_19-05-2025-10.27,AVLO,2025,5,0,10.45,172.0,37.85,152
00009_19-05-2025-11.22,IRYO,2025,5,0,11.37,172.0,39.4,118
00006_19-05-2025-11.27,AVE,2025,5,0,11.45,199.0,43.71,269
00009_19-05-2025-12.22,IRYO,2025,5,0,12.37,172.0,51.32,17
00013_19-05-2025-12.27,AVE,2025,5,0,12.45,197.0,56.98,40
00004_19-05-2025-12.57,AVE,2025,5,0,12.95,157.0,32.56,792
00014_19-05-2025-13.18,AVE,2025,5,0,13.3,184.0,68.94,2
00009_19-05-2025-14.02,IRYO,2025,5,0,14.03,172.0,29.15,136
00015_19-05-2025-14.12,OUIGO,2025,5,0,14.2,157.0,23.15,353
00016_19-05-2025-14.27,AVE,2025,5,0,14.45,177.0,37.56,354
00017_19-05-2025-14.42,IRYO,2025,5,0,14.7,179.0,30.41,123
00004_19-05-2025-14.57,AVE,2025,5,0,14.95,157.0,48.59,235
00018_19-05-2025-15.27,AVLO,2025,5,0,15.45,199.0,40.12,34
00004_19-05-2025-15.57,AVE,2025,5,0,15.95,157.0,38.55,890
00007_19-05-2025-16.27,AVE,2025,5,0,16.45,172.0,78.35,15
00002_19-05-2025-16.37,IRYO,2025,5,0,16.62,157.0,28.04,561
00004_19-05-2025-16.57,AVE,2025,5,0,16.95,157.0,50.21,487
00015_19-05-2025-17.17,OUIGO,2025,5,0,17.28,157.0,45.53,35
00009_19-05-2025-17.22,IRYO,2025,5,0,17.37,172.0,21.94,743
00006_19-05-2025-17.27,AVE,2025,5,0,17.45,199.0,71.35,10
00004_19-05-2025-17.57,AVE,2025,5,0,17.95,157.0,44.12,353
00016_19-05-2025-18.27,AVE,2025,5,0,18.45,177.0,52.87,38
00002_19-05-2025-18.32,IRYO,2025,5,0,18.53,157.0,31.26,123
00004_19-05-2025-18.57,AVE,2025,5,0,18.95,157.0,35.33,259
00009_19-05-2025-19.29,IRYO,2025,5,0,19.48,172.0,41.8,7
00019_19-05-2025-19.34,AVLO,2025,5,0,19.57,201.0,23.34,31
00004_19-05-2025-20.05,AVE,2025,5,0,20.08,157.0,31.09,75
00009_19-05-2025-20.22,IRYO,2025,5,0,20.37,172.0,27.28,9
00020_19-05-2025-20.27,AVE,2025,5,0,20.45,201.0,15.41,2127
00005_19-05-2025-21.02,OUIGO,2025,5,0,21.03,172.0,30.55,0
00007_19-05-2025-21.07,AVE,2025,5,0,21.12,172.0,43.69,5
00001_20-05-2025-06.12,AVLO,2025,5,1,6.2,157.0,36.09,588
00002_20-05-2025-06.22,IRYO,2025,5,1,6.37,157.0,22.92,1281
00003_20-05-2025-06.27,AVE,2025,5,1,6.45,178.0,44.29,598
00004_20-05-2025-06.57,AVE,2025,5,1,6.95,157.0,116.48,0
00005_20-05-2025-07.02,OUIGO,2025,5,1,7.03,172.0,68.51,0
00002_20-05-2025-07.22,IRYO,2025,5,1,7.37,157.0,24.34,486
00006_20-05-2025-07.27,AVE,2025,5,1,7.45,199.0,41.47,118
00004_20-05-2025-07.57,AVE,2025,5,1,7.95,157.0,41.8,285
00007_20-05-2025-08.27,AVE,2025,5,1,8.45,172.0,65.11,9
00002_20-05-2025-08.32,IRYO,2025,5,1,8.53,157.0,31.11,101
00008_20-05-2025-08.57,AVE,2025,5,1,8.95,164.0,27.79,725
00009_20-05-2025-09.22,IRYO,2025,5,1,9.37,172.0,40.16,39
00010_20-05-2025-09.27,AVE,2025,5,1,9.45,194.0,85.5,0
00009_20-05-2025-09.57,IRYO,2025,5,1,9.95,172.0,39.9,65
00011_20-05-2025-10.02,OUIGO,2025,5,1,10.03,182.0,25.49,124
00012_20-05-2025-10.27,AVLO,2025,5,1,10.45,172.0,33.01,141
00009_20-05-2025-11.22,IRYO,2025,5,1,11.37,172.0,48.47,28
00006_20-05-2025-11.27,AVE,2025,5,1,11.45,199.0,35.81,419
00009_20-05-2025-12.22,IRYO,2025,5,1,12.37,172.0,33.39,110
00013_20-05-2025-12.27,AVE,2025,5,1,12.45,197.0,63.41,11
00004_20-05-2025-12.57,AVE,2025,5,1,12.95,157.0,38.94,361
00014_20-05-2025-13.18,AVE,2025,5,1,13.3,184.0,48.24,24
00009_20-05-2025-14.02,IRYO,2025,5,1,14.03,172.0,28.33,115
00015_20-05-2025-14.12,OUIGO,2025,5,1,14.2,157.0,20.47,1058
00016_20-05-2025-14.27,AVE,2025,5,1,14.45,177.0,77.8,0
00017_20-05-2025-14.42,IRYO,2025,5,1,14.7,179.0,39.13,30
00004_20-05-2025-14.57,AVE,2025,5,1,14.95,157.0,51.1,126
00018_20-05-2025-15.27,AVLO,2025,5,1,15.45,199.0,26.66,105
00004_20-05-2025-15.57,AVE,2025,5,1,15.95,157.0,20.39,3093
00007_20-05-2025-16.27,AVE,2025,5,1,16.45,172.0,36.99,575
00002_20-05-2025-16.37,IRYO,2025,5,1,16.62,157.0,29.82,310
00004_20-05-2025-16.57,AVE,2025,5,1,16.95,157.0,62.9,132
00015_20-05-2025-17.17,OUIGO,2025,5,1,17.28,157.0,42.49,36
00009_20-05-2025-17.22,IRYO,2025,5,1,17.37,172.0,54.32,29
00006_20-05-2025-17.27,AVE,2025,5,1,17.45,199.0,55.2,62
00004_20-05-2025-17.57,AVE,2025,5,1,17.95,157.0,59.85,92
00016_20-05-2025-18.27,AVE,2025,5,1,18.45,177.0,55.81,58
00002_20-05-2025-18.32,IRYO,2025,5,1,18.53,157.0,25.88,240
00004_20-05-2025-18.57,AVE,2025,5,1,18.95,157.0,44.47,124
00009_20-05-2025-19.29,IRYO,2025,5,1,19.48,172.0,34.53,14
00019_20-05-2025-19.34,AVLO,2025,5,1,19.57,201.0,30.7,4
00004_20-05-2025-20.05,AVE,2025,5,1,20.08,157.0,49.62,27
00009_20-05-2025-20.22,IRYO,2025,5,1,20.37,172.0,29.62,11
00020_20-05-2025-20.27,AVE,2025,5,1,20.45,201.0,42.99,6
00005_20-05-2025-21.02,OUIGO,2025,5,1,21.03,172.0,30.43,0
00007_20-05-2025-21.07,AVE,2025,5,1,21.12,172.0,42.49,2
00001_21-05-2025-06.12,AVLO,2025,5,2,6.2,157.0,33.61,1004
00002_21-05-2025-06.22,IRYO,2025,5,2,6.37,157.0,36.54,690
00003_21-05-2025-06.27,AVE,2025,5,2,6.45,178.0,43.0,1014
00004_21-05-2025-06.57,AVE,2025,5,2,6.95,157.0,96.62,3
00005_21-05-2025-07.02,OUIGO,2025,5,2,7.03,172.0,43.35,29
00002_21-05-2025-07.22,IRYO,2025,5,2,7.37,157.0,38.49,206
00006_21-05-2025-07.27,AVE,2025,5,2,7.45,199.0,43.63,273
00004_21-05-2025-07.57,AVE,2025,5,2,7.95,157.0,42.08,504
00007_21-05-2025-08.27,AVE,2025,5,2,8.45,172.0,94.38,1
00002_21-05-2025-08.32,IRYO,2025,5,2,8.53,157.0,50.31,37
00008_21-05-2025-08.57,AVE,2025,5,2,8.95,164.0,76.76,10
00009_21-05-2025-09.22,IRYO,2025,5,2,9.37,172.0,57.06,21
00010_21-05-2025-09.27,AVE,2025,5,2,9.45,194.0,69.59,35
00009_21-05-2025-09.57,IRYO,2025,5,2,9.95,172.0,32.98,416
00011_21-05-2025-10.02,OUIGO,2025,5,2,10.03,182.0,53.18,24
00012_21-05-2025-10.27,AVLO,2025,5,2,10.45,172.0,45.29,113
00009_21-05-2025-11.22,IRYO,2025,5,2,11.37,172.0,34.32,369
00006_21-05-2025-11.27,AVE,2025,5,2,11.45,199.0,44.36,372
00009_21-05-2025-12.22,IRYO,2025,5,2,12.37,172.0,49.19,57
00013_21-05-2025-12.27,AVE,2025,5,2,12.45,197.0,60.37,56
00004_21-05-2025-12.57,AVE,2025,5,2,12.95,157.0,54.45,178
00014_21-05-2025-13.18,AVE,2025,5,2,13.3,184.0,48.24,61
00009_21-05-2025-14.02,IRYO,2025,5,2,14.03,172.0,34.8,147
00015_21-05-2025-14.12,OUIGO,2025,5,2,14.2,157.0,22.47,2424
00016_21-05-2025-14.27,AVE,2025,5,2,14.45,177.0,36.57,570
00017_21-05-2025-14.42,IRYO,2025,5,2,14.7,179.0,48.39,29
00004_21-05-2025-14.57,AVE,2025,5,2,14.95,157.0,57.57,155
00018_21-05-2025-15.27,AVLO,2025,5,2,15.45,199.0,33.57,138
00004_21-05-2025-15.57,AVE,2025,5,2,15.95,157.0,43.51,808
00007_21-05-2025-16.27,AVE,2025,5,2,16.45,172.0,41.56,924
00002_21-05-2025-16.37,IRYO,2025,5,2,16.62,157.0,38.25,378
00004_21-05-2025-16.57,AVE,2025,5,2,16.95,157.0,135.35,0
00015_21-05-2025-17.17,OUIGO,2025,5,2,17.28,157.0,41.17,127
00009_21-05-2025-17.22,IRYO,2025,5,2,17.37,172.0,46.33,144
00006_21-05-2025-17.27,AVE,2025,5,2,17.45,199.0,62.15,110
00004_21-05-2025-17.57,AVE,2025,5,2,17.95,157.0,59.09,236
00016_21-05-2025-18.27,AVE,2025,5,2,18.45,177.0,92.93,5
00002_21-05-2025-18.32,IRYO,2025,5,2,18.53,157.0,49.06,62
00004_21-05-2025-18.57,AVE,2025,5,2,18.95,157.0,123.52,0
00009_21-05-2025-19.29,IRYO,2025,5,2,19.48,172.0,34.86,64
00019_21-05-2025-19.34,AVLO,2025,5,2,19.57,201.0,31.05,44
00004_21-05-2025-20.05,AVE,2025,5,2,20.08,157.0,48.42,68
00009_21-05-2025-20.22,IRYO,2025,5,2,20.37,172.0,30.24,56
00020_21-05-2025-20.27,AVE,2025,5,2,20.45,201.0,44.0,12
00005_21-05-2025-21.02,OUIGO,2025,5,2,21.03,172.0,30.16,26
00007_21-05-2025-21.07,AVE,2025,5,2,21.12,172.0,64.98,3
00001_22-05-2025-06.12,AVLO,2025,5,3,6.2,157.0,34.02,206
00002_22-05-2025-06.22,IRYO,2025,5,3,6.37,157.0,11.38,2025
00003_22-05-2025-06.27,AVE,2025,5,3,6.45,178.0,10.0,4521
00004_22-05-2025-06.57,AVE,2025,5,3,6.95,157.0,42.82,266
00005_22-05-2025-07.02,OUIGO,2025,5,3,7.03,172.0,33.02,14
00002_22-05-2025-07.22,IRYO,2025,5,3,7.37,157.0,26.18,124
00006_22-05-2025-07.27,AVE,2025,5,3,7.45,199.0,47.2,55
00004_22-05-2025-07.57,AVE,2025,5,3,7.95,157.0,64.21,17
00007_22-05-2025-08.27,AVE,2025,5,3,8.45,172.0,51.1,92
00002_22-05-2025-08.32,IRYO,2025,5,3,8.53,157.0,53.74,8
00008_22-05-2025-08.57,AVE,2025,5,3,8.95,164.0,68.55,14
00009_22-05-2025-09.22,IRYO,2025,5,3,9.37,172.0,54.88,26
00010_22-05-2025-09.27,AVE,2025,5,3,9.45,194.0,44.68,385
00009_22-05-2025-09.57,IRYO,2025,5,3,9.95,172.0,48.28,65
00011_22-05-2025-10.02,OUIGO,2025,5,3,10.03,182.0,47.27,35
00012_22-05-2025-10.27,AVLO,2025,5,3,10.45,172.0,51.29,69
00009_22-05-2025-11.22,IRYO,2025,5,3,11.37,172.0,38.03,345
00006_22-05-2025-11.27,AVE,2025,5,3,11.45,199.0,68.09,61
00009_22-05-2025-12.22,IRYO,2025,5,3,12.37,172.0,46.38,178
00013_22-05-2025-12.27,AVE,2025,5,3,12.45,197.0,51.22,369
00004_22-05-2025-12.57,AVE,2025,5,3,12.95,157.0,62.96,208
00014_22-05-2025-13.18,AVE,2025,5,3,13.3,184.0,55.14,175
00004_22-05-2025-13.57,AVE,2025,5,3,13.95,157.0,,0
00009_22-05-2025-14.02,IRYO,2025,5,3,14.03,172.0,,0
00015_22-05-2025-14.12,OUIGO,2025,5,3,14.2,157.0,,0
00016_22-05-2025-14.27,AVE,2025,5,3,14.45,177.0,82.37,52
00017_22-05-2025-14.42,IRYO,2025,5,3,14.7,179.0,52.01,224
00004_22-05-2025-14.57,AVE,2025,5,3,14.95,157.0,89.47,74
00018_22-05-2025-15.27,AVLO,2025,5,3,15.45,199.0,42.35,356
00004_22-05-2025-15.57,AVE,2025,5,3,15.95,157.0,94.07,61
00007_22-05-2025-16.27,AVE,2025,5,3,16.45,172.0,78.43,241
00002_22-05-2025-16.37,IRYO,2025,5,3,16.62,157.0,47.18,879
00004_22-05-2025-16.57,AVE,2025,5,3,16.95,157.0,136.05,0
00015_22-05-2025-17.17,OUIGO,2025,5,3,17.28,157.0,42.58,485
00009_22-05-2025-17.22,IRYO,2025,5,3,17.37,172.0,80.07,11
00006_22-05-2025-17.27,AVE,2025,5,3,17.45,199.0,110.69,1
00004_22-05-2025-17.57,AVE,2025,5,3,17.95,157.0,69.94,339
00016_22-05-2025-18.27,AVE,2025,5,3,18.45,177.0,63.76,124
00002_22-05-2025-18.32,IRYO,2025,5,3,18.53,157.0,29.82,855
00004_22-05-2025-18.57,AVE,2025,5,3,18.95,157.0,75.56,40
00009_22-05-2025-19.29,IRYO,2025,5,3,19.48,172.0,42.34,54
00019_22-05-2025-19.34,AVLO,2025,5,3,19.57,201.0,31.28,43
00004_22-05-2025-20.05,AVE,2025,5,3,20.08,157.0,56.32,51
00009_22-05-2025-20.22,IRYO,2025,5,3,20.37,172.0,36.7,20
00020_22-05-2025-20.27,AVE,2025,5,3,20.45,201.0,53.72,10
00005_22-05-2025-21.02,OUIGO,2025,5,3,21.03,172.0,28.96,22
00007_22-05-2025-21.07,AVE,2025,5,3,21.12,172.0,59.32,1
00002_23-05-2025-06.22,IRYO,2025,5,4,6.37,157.0,32.27,522
00021_23-05-2025-06.27,AVLO,2025,5,4,6.45,178.0,18.93,9672
00004_23-05-2025-06.57,AVE,2025,5,4,6.95,157.0,30.7,3091
00005_23-05-2025-07.02,OUIGO,2025,5,4,7.03,172.0,37.63,37
00002_23-05-2025-07.22,IRYO,2025,5,4,7.37,157.0,44.64,64
00006_23-05-2025-07.27,AVE,2025,5,4,7.45,199.0,76.13,9
00004_23-05-2025-07.57,AVE,2025,5,4,7.95,157.0,52.75,202
00002_23-05-2025-08.32,IRYO,2025,5,4,8.53,157.0,53.61,54
00008_23-05-2025-08.57,AVE,2025,5,4,8.95,164.0,126.17,0
00009_23-05-2025-09.22,IRYO,2025,5,4,9.37,172.0,72.5,14
00010_23-05-2025-09.27,AVE,2025,5,4,9.45,194.0,78.1,64
00009_23-05-2025-09.57,IRYO,2025,5,4,9.95,172.0,66.41,59
00011_23-05-2025-10.02,OUIGO,2025,5,4,10.03,182.0,43.77,227
00012_23-05-2025-10.27,AVLO,2025,5,4,10.45,172.0,53.01,215
00009_23-05-2025-11.22,IRYO,2025,5,4,11.37,172.0,68.62,55
00006_23-05-2025-11.27,AVE,2025,5,4,11.45,199.0,109.91,2
00009_23-05-2025-12.22,IRYO,2025,5,4,12.37,172.0,55.19,157
00013_23-05-2025-12.27,AVE,2025,5,4,12.45,197.0,49.04,720
00004_23-05-2025-12.57,AVE,2025,5,4,12.95,157.0,69.47,199
00014_23-05-2025-13.18,AVE,2025,5,4,13.3,184.0,55.14,173
00004_23-05-2025-13.57,AVE,2025,5,4,13.95,157.0,87.41,22
00009_23-05-2025-14.02,IRYO,2025,5,4,14.03,172.0,56.32,72
00015_23-05-2025-14.12,OUIGO,2025,5,4,14.2,157.0,49.15,94
00016_23-05-2025-14.27,AVE,2025,5,4,14.45,177.0,107.05,1
00017_23-05-2025-14.42,IRYO,2025,5,4,14.7,179.0,67.23,34
00004_23-05-2025-14.57,AVE,2025,5,4,14.95,157.0,101.02,14
00018_23-05-2025-15.27,AVLO,2025,5,4,15.45,199.0,45.39,154
00004_23-05-2025-15.57,AVE,2025,5,4,15.95,157.0,104.62,10
00007_23-05-2025-16.27,AVE,2025,5,4,16.45,172.0,91.01,25
00002_23-05-2025-16.37,IRYO,2025,5,4,16.62,157.0,50.82,292
00004_23-05-2025-16.57,AVE,2025,5,4,16.95,157.0,105.15,13
00015_23-05-2025-17.17,OUIGO,2025,5,4,17.28,157.0,34.0,737
00009_23-05-2025-17.22,IRYO,2025,5,4,17.37,172.0,69.48,30
00018_23-05-2025-17.27,AVLO,2025,5,4,17.45,199.0,44.98,99
00004_23-05-2025-17.57,AVE,2025,5,4,17.95,157.0,54.62,481
00016_23-05-2025-18.27,AVE,2025,5,4,18.45,177.0,86.98,2
00002_23-05-2025-18.32,IRYO,2025,5,4,18.53,157.0,44.61,134
00004_23-05-2025-18.57,AVE,2025,5,4,18.95,157.0,77.33,23
00009_23-05-2025-19.29,IRYO,2025,5,4,19.48,172.0,45.47,21
00019_23-05-2025-19.34,AVLO,2025,5,4,19.57,201.0,29.55,1095
00004_23-05-2025-20.05,AVE,2025,5,4,20.08,157.0,68.44,11
00009_23-05-2025-20.22,IRYO,2025,5,4,20.37,172.0,40.4,11
00020_23-05-2025-20.27,AVE,2025,5,4,20.45,201.0,72.85,0
00005_23-05-2025-21.02,OUIGO,2025,5,4,21.03,172.0,44.04,0
00007_23-05-2025-21.07,AVE,2025,5,4,21.12,172.0,91.94,0
00021_24-05-2025-06.27,AVLO,2025,5,5,6.45,178.0,31.85,498
00005_24-05-2025-07.02,OUIGO,2025,5,5,7.03,172.0,39.75,87
00006_24-05-2025-07.27,AVE,2025,5,5,7.45,199.0,64.53,27
00009_24-05-2025-08.07,IRYO,2025,5,5,8.12,172.0,58.09,12
00007_24-05-2025-08.27,AVE,2025,5,5,8.45,172.0,60.53,61
00008_24-05-2025-08.57,AVE,2025,5,5,8.95,164.0,59.83,71
00009_24-05-2025-09.22,IRYO,2025,5,5,9.37,172.0,32.11,290
00010_24-05-2025-09.27,AVE,2025,5,5,9.45,194.0,50.31,167
00009_24-05-2025-09.57,IRYO,2025,5,5,9.95,172.0,50.55,36
00011_24-05-2025-10.02,OUIGO,2025,5,5,10.03,182.0,42.81,40
00012_24-05-2025-10.27,AVLO,2025,5,5,10.45,172.0,41.94,117
00009_24-05-2025-11.22,IRYO,2025,5,5,11.37,172.0,40.79,142
00006_24-05-2025-11.27,AVE,2025,5,5,11.45,199.0,60.1,77
00009_24-05-2025-12.22,IRYO,2025,5,5,12.37,172.0,37.8,183
00013_24-05-2025-12.27,AVE,2025,5,5,12.45,197.0,56.03,85
00014_24-05-2025-13.18,AVE,2025,5,5,13.3,184.0,82.74,1
00015_24-05-2025-14.12,OUIGO,2025,5,5,14.2,157.0,26.0,584
00017_24-05-2025-14.42,IRYO,2025,5,5,14.7,179.0,41.06,87
00018_24-05-2025-15.27,AVLO,2025,5,5,15.45,199.0,30.98,190
00007_24-05-2025-16.27,AVE,2025,5,5,16.45,172.0,99.32,4
00002_24-05-2025-16.37,IRYO,2025,5,5,16.62,157.0,38.72,235
00015_24-05-2025-17.17,OUIGO,2025,5,5,17.28,157.0,30.61,219
00018_24-05-2025-17.27,AVLO,2025,5,5,17.45,199.0,25.3,527
00016_24-05-2025-18.27,AVE,2025,5,5,18.45,177.0,103.96,0
00009_24-05-2025-19.29,IRYO,2025,5,5,19.48,172.0,30.38,49
00019_24-05-2025-19.34,AVLO,2025,5,5,19.57,201.0,27.68,96
00009_24-05-2025-20.22,IRYO,2025,5,5,20.37,172.0,23.07,682
00020_24-05-2025-20.27,AVE,2025,5,5,20.45,201.0,20.81,3283
00005_24-05-2025-21.02,OUIGO,2025,5,5,21.03,172.0,20.17,1281
00021_25-05-2025-06.27,AVLO,2025,5,6,6.45,178.0,51.91,96
00005_25-05-2025-07.02,OUIGO,2025,5,6,7.03,172.0,25.51,550
00006_25-05-2025-07.27,AVE,2025,5,6,7.45,199.0,46.99,174
00009_25-05-2025-08.07,IRYO,2025,5,6,8.12,172.0,49.15,36
00007_25-05-2025-08.27,AVE,2025,5,6,8.45,172.0,92.27,1
00009_25-05-2025-09.22,IRYO,2025,5,6,9.37,172.0,58.42,15
00010_25-05-2025-09.27,AVE,2025,5,6,9.45,194.0,45.38,209
00009_25-05-2025-09.57,IRYO,2025,5,6,9.95,172.0,76.07,1
00011_25-05-2025-10.02,OUIGO,2025,5,6,10.03,182.0,18.9,3798
00012_25-05-2025-10.27,AVLO,2025,5,6,10.45,172.0,46.11,46
00009_25-05-2025-11.22,IRYO,2025,5,6,11.37,172.0,56.98,23
00006_25-05-2025-11.27,AVE,2025,5,6,11.45,199.0,124.47,0
00009_25-05-2025-12.22,IRYO,2025,5,6,12.37,172.0,60.9,13
00013_25-05-2025-12.27,AVE,2025,5,6,12.45,197.0,27.4,2222
00014_25-05-2025-13.18,AVE,2025,5,6,13.3,184.0,55.14,37
00009_25-05-2025-14.02,IRYO,2025,5,6,14.03,172.0,86.18,0
00015_25-05-2025-14.12,OUIGO,2025,5,6,14.2,157.0,64.14,6
00016_25-05-2025-14.27,AVE,2025,5,6,14.45,177.0,114.46,0
00017_25-05-2025-14.42,IRYO,2025,5,6,14.7,179.0,71.93,12
00018_25-05-2025-15.27,AVLO,2025,5,6,15.45,199.0,64.86,25
00007_25-05-2025-16.27,AVE,2025,5,6,16.45,172.0,87.99,55
00002_25-05-2025-16.37,IRYO,2025,5,6,16.62,157.0,95.13,6
00004_25-05-2025-16.57,AVE,2025,5,6,16.95,157.0,88.88,88
00015_25-05-2025-17.17,OUIGO,2025,5,6,17.28,157.0,51.54,88
00009_25-05-2025-17.22,IRYO,2025,5,6,17.37,172.0,81.95,6
00018_25-05-2025-17.27,AVLO,2025,5,6,17.45,199.0,67.27,5
00004_25-05-2025-17.57,AVE,2025,5,6,17.95,157.0,49.75,471
00016_25-05-2025-18.27,AVE,2025,5,6,18.45,177.0,99.56,1
00002_25-05-2025-18.32,IRYO,2025,5,6,18.53,157.0,87.75,2
00004_25-05-2025-18.57,AVE,2025,5,6,18.95,157.0,118.41,0
00009_25-05-2025-19.29,IRYO,2025,5,6,19.48,172.0,89.79,0
00019_25-05-2025-19.34,AVLO,2025,5,6,19.57,201.0,82.5,0
00004_25-05-2025-20.05,AVE,2025,5,6,20.08,157.0,61.27,25
00009_25-05-2025-20.22,IRYO,2025,5,6,20.37,172.0,73.47,0
00020_25-05-2025-20.27,AVE,2025,5,6,20.45,201.0,80.84,1
00005_25-05-2025-21.02,OUIGO,2025,5,6,21.03,172.0,56.01,0
00007_25-05-2025-21.07,AVE,2025,5,6,21.12,172.0,109.15,0
00001_26-05-2025-06.12,AVLO,2025,5,0,6.2,157.0,28.67,2001
00002_26-05-2025-06.22,IRYO,2025,5,0,6.37,157.0,36.15,1016
00003_26-05-2025-06.27,AVE,2025,5,0,6.45,178.0,56.49,515
00004_26-05-2025-06.57,AVE,2025,5,0,6.95,157.0,52.79,674
00005_26-05-2025-07.02,OUIGO,2025,5,0,7.03,172.0,32.67,143
00002_26-05-2025-07.22,IRYO,2025,5,0,7.37,157.0,39.31,255
00006_26-05-2025-07.27,AVE,2025,5,0,7.45,199.0,58.71,50
00004_26-05-2025-07.57,AVE,2025,5,0,7.95,157.0,61.76,83
00007_26-05-2025-08.27,AVE,2025,5,0,8.45,172.0,70.92,17
00002_26-05-2025-08.32,IRYO,2025,5,0,8.53,157.0,32.03,235
00008_26-05-2025-08.57,AVE,2025,5,0,8.95,164.0,50.56,241
00009_26-05-2025-09.22,IRYO,2025,5,0,9.37,172.0,43.82,87
00010_26-05-2025-09.27,AVE,2025,5,0,9.45,194.0,71.93,13
00009_26-05-2025-09.57,IRYO,2025,5,0,9.95,172.0,38.35,167
00011_26-05-2025-10.02,OUIGO,2025,5,0,10.03,182.0,34.73,78
00012_26-05-2025-10.27,AVLO,2025,5,0,10.45,172.0,34.84,180
00009_26-05-2025-11.22,IRYO,2025,5,0,11.37,172.0,39.38,75
00006_26-05-2025-11.27,AVE,2025,5,0,11.45,199.0,40.4,213
00009_26-05-2025-12.22,IRYO,2025,5,0,12.37,172.0,10.0,3715
00013_26-05-2025-12.27,AVE,2025,5,0,12.45,197.0,48.95,47
00004_26-05-2025-12.57,AVE,2025,5,0,12.95,157.0,24.73,1029
00014_26-05-2025-13.18,AVE,2025,5,0,13.3,184.0,68.94,0
00009_26-05-2025-14.02,IRYO,2025,5,0,14.03,172.0,19.39,320
00015_26-05-2025-14.12,OUIGO,2025,5,0,14.2,157.0,31.24,41
00016_26-05-2025-14.27,AVE,2025,5,0,14.45,177.0,27.31,667
00017_26-05-2025-14.42,IRYO,2025,5,0,14.7,179.0,37.93,46
00004_26-05-2025-14.57,AVE,2025,5,0,14.95,157.0,44.7,260
00018_26-05-2025-15.27,AVLO,2025,5,0,15.45,199.0,30.8,79
00004_26-05-2025-15.57,AVE,2025,5,0,15.95,157.0,31.39,1399
00007_26-05-2025-16.27,AVE,2025,5,0,16.45,172.0,69.32,38
00002_26-05-2025-16.37,IRYO,2025,5,0,16.62,157.0,47.54,89
00004_26-05-2025-16.57,AVE,2025,5,0,16.95,157.0,49.86,511
00015_26-05-2025-17.17,OUIGO,2025,5,0,17.28,157.0,20.34,437
00009_26-05-2025-17.22,IRYO,2025,5,0,17.37,172.0,27.53,327
00006_26-05-2025-17.27,AVE,2025,5,0,17.45,199.0,69.86,13
00004_26-05-2025-17.57,AVE,2025,5,0,17.95,157.0,35.68,776
00016_26-05-2025-18.27,AVE,2025,5,0,18.45,177.0,45.5,102
00002_26-05-2025-18.32,IRYO,2025,5,0,18.53,157.0,32.95,66
00004_26-05-2025-18.57,AVE,2025,5,0,18.95,157.0,40.95,184
00009_26-05-2025-19.29,IRYO,2025,5,0,19.48,172.0,43.48,3
00019_26-05-2025-19.34,AVLO,2025,5,0,19.57,201.0,23.47,10
00004_26-05-2025-20.05,AVE,2025,5,0,20.08,157.0,21.94,254
00009_26-05-2025-20.22,IRYO,2025,5,0,20.37,172.0,29.23,4
00020_26-05-2025-20.27,AVE,2025,5,0,20.45,201.0,15.35,433
00005_26-05-2025-21.02,OUIGO,2025,5,0,21.03,172.0,49.88,0
00007_26-05-2025-21.07,AVE,2025,5,0,21.12,172.0,40.88,1
00001_27-05-2025-06.12,AVLO,2025,5,1,6.2,157.0,33.88,767
00002_27-05-2025-06.22,IRYO,2025,5,1,6.37,157.0,28.48,1003
00003_27-05-2025-06.27,AVE,2025,5,1,6.45,178.0,42.94,726
00004_27-05-2025-06.57,AVE,2025,5,1,6.95,157.0,128.54,0
00005_27-05-2025-07.02,OUIGO,2025,5,1,7.03,172.0,61.94,1
00002_27-05-2025-07.22,IRYO,2025,5,1,7.37,157.0,40.07,116
00006_27-05-2025-07.27,AVE,2025,5,1,7.45,199.0,43.02,122
00004_27-05-2025-07.57,AVE,2025,5,1,7.95,157.0,47.76,174
00007_27-05-2025-08.27,AVE,2025,5,1,8.45,172.0,60.61,16
00002_27-05-2025-08.32,IRYO,2025,5,1,8.53,157.0,15.32,1339
00008_27-05-2025-08.57,AVE,2025,5,1,8.95,164.0,53.45,40
00009_27-05-2025-09.22,IRYO,2025,5,1,9.37,172.0,21.64,305
00010_27-05-2025-09.27,AVE,2025,5,1,9.45,194.0,60.62,15
00009_27-05-2025-09.57,IRYO,2025,5,1,9.95,172.0,39.78,57
00011_27-05-2025-10.02,OUIGO,2025,5,1,10.03,182.0,24.59,93
00012_27-05-2025-10.27,AVLO,2025,5,1,10.45,172.0,34.35,89
00009_27-05-2025-11.22,IRYO,2025,5,1,11.37,172.0,27.56,179
00006_27-05-2025-11.27,AVE,2025,5,1,11.45,199.0,31.84,294
00009_27-05-2025-12.22,IRYO,2025,5,1,12.37,172.0,33.87,57
00013_27-05-2025-12.27,AVE,2025,5,1,12.45,197.0,37.34,165
00004_27-05-2025-12.57,AVE,2025,5,1,12.95,157.0,27.7,628
00014_27-05-2025-13.18,AVE,2025,5,1,13.3,184.0,48.24,39
00009_27-05-2025-14.02,IRYO,2025,5,1,14.03,172.0,41.3,27
00015_27-05-2025-14.12,OUIGO,2025,5,1,14.2,157.0,31.48,45
00016_27-05-2025-14.27,AVE,2025,5,1,14.45,177.0,70.39,10
00017_27-05-2025-14.42,IRYO,2025,5,1,14.7,179.0,35.79,73
00004_27-05-2025-14.57,AVE,2025,5,1,14.95,157.0,45.8,262
00018_27-05-2025-15.27,AVLO,2025,5,1,15.45,199.0,30.74,97
00004_27-05-2025-15.57,AVE,2025,5,1,15.95,157.0,46.38,429
00007_27-05-2025-16.27,AVE,2025,5,1,16.45,172.0,44.01,407
00002_27-05-2025-16.37,IRYO,2025,5,1,16.62,157.0,34.53,270
00004_27-05-2025-16.57,AVE,2025,5,1,16.95,157.0,53.3,377
00015_27-05-2025-17.17,OUIGO,2025,5,1,17.28,157.0,54.31,10
00009_27-05-2025-17.22,IRYO,2025,5,1,17.37,172.0,24.69,451
00006_27-05-2025-17.27,AVE,2025,5,1,17.45,199.0,56.54,29
00004_27-05-2025-17.57,AVE,2025,5,1,17.95,157.0,73.84,20
00016_27-05-2025-18.27,AVE,2025,5,1,18.45,177.0,35.96,188
00002_27-05-2025-18.32,IRYO,2025,5,1,18.53,157.0,30.03,76
00004_27-05-2025-18.57,AVE,2025,5,1,18.95,157.0,20.83,1634
00009_27-05-2025-19.29,IRYO,2025,5,1,19.48,172.0,46.21,0
00019_27-05-2025-19.34,AVLO,2025,5,1,19.57,201.0,31.88,3
00004_27-05-2025-20.05,AVE,2025,5,1,20.08,157.0,42.11,24
00009_27-05-2025-20.22,IRYO,2025,5,1,20.37,172.0,42.01,1
00020_27-05-2025-20.27,AVE,2025,5,1,20.45,201.0,29.52,8
00005_27-05-2025-21.02,OUIGO,2025,5,1,21.03,172.0,24.85,33
00007_27-05-2025-21.07,AVE,2025,5,1,21.12,172.0,37.25,5
00001_28-05-2025-06.12,AVLO,2025,5,2,6.2,157.0,34.76,627
00002_28-05-2025-06.22,IRYO,2025,5,2,6.37,157.0,20.11,1820
00003_28-05-2025-06.27,AVE,2025,5,2,6.45,178.0,38.95,909
00004_28-05-2025-06.57,AVE,2025,5,2,6.95,157.0,88.57,3
00005_28-05-2025-07.02,OUIGO,2025,5,2,7.03,172.0,38.99,29
00002_28-05-2025-07.22,IRYO,2025,5,2,7.37,157.0,37.76,121
00006_28-05-2025-07.27,AVE,2025,5,2,7.45,199.0,31.23,503
00004_28-05-2025-07.57,AVE,2025,5,2,7.95,157.0,48.28,169
00007_28-05-2025-08.27,AVE,2025,5,2,8.45,172.0,78.27,1
00002_28-05-2025-08.32,IRYO,2025,5,2,8.53,157.0,69.85,2
00008_28-05-2025-08.57,AVE,2025,5,2,8.95,164.0,58.65,48
00009_28-05-2025-09.22,IRYO,2025,5,2,9.37,172.0,24.54,404
00010_28-05-2025-09.27,AVE,2025,5,2,9.45,194.0,70.44,9
00009_28-05-2025-09.57,IRYO,2025,5,2,9.95,172.0,33.37,151
00011_28-05-2025-10.02,OUIGO,2025,5,2,10.03,182.0,37.39,46
00012_28-05-2025-10.27,AVLO,2025,5,2,10.45,172.0,42.65,75
00009_28-05-2025-11.22,IRYO,2025,5,2,11.37,172.0,30.41,198
00006_28-05-2025-11.27,AVE,2025,5,2,11.45,199.0,33.29,513
00009_28-05-2025-12.22,IRYO,2025,5,2,12.37,172.0,37.59,63
00013_28-05-2025-12.27,AVE,2025,5,2,12.45,197.0,30.92,440
00004_28-05-2025-12.57,AVE,2025,5,2,12.95,157.0,44.5,214
00014_28-05-2025-13.18,AVE,2025,5,2,13.3,184.0,48.24,46
00009_28-05-2025-14.02,IRYO,2025,5,2,14.03,172.0,22.04,1315
00015_28-05-2025-14.12,OUIGO,2025,5,2,14.2,157.0,24.94,395
00016_28-05-2025-14.27,AVE,2025,5,2,14.45,177.0,52.79,174
00017_28-05-2025-14.42,IRYO,2025,5,2,14.7,179.0,75.88,1
00004_28-05-2025-14.57,AVE,2025,5,2,14.95,157.0,53.96,303
00018_28-05-2025-15.27,AVLO,2025,5,2,15.45,199.0,34.59,197
00004_28-05-2025-15.57,AVE,2025,5,2,15.95,157.0,61.26,319
00007_28-05-2025-16.27,AVE,2025,5,2,16.45,172.0,40.46,1451
00002_28-05-2025-16.37,IRYO,2025,5,2,16.62,157.0,54.01,152
00004_28-05-2025-16.57,AVE,2025,5,2,16.95,157.0,133.55,0
00015_28-05-2025-17.17,OUIGO,2025,5,2,17.28,157.0,69.16,13
00009_28-05-2025-17.22,IRYO,2025,5,2,17.37,172.0,61.36,47
00006_28-05-2025-17.27,AVE,2025,5,2,17.45,199.0,72.17,51
00004_28-05-2025-17.57,AVE,2025,5,2,17.95,157.0,61.39,269
00016_28-05-2025-18.27,AVE,2025,5,2,18.45,177.0,57.39,129
00002_28-05-2025-18.32,IRYO,2025,5,2,18.53,157.0,38.93,176
00004_28-05-2025-18.57,AVE,2025,5,2,18.95,157.0,132.92,0
00009_28-05-2025-19.29,IRYO,2025,5,2,19.48,172.0,20.5,1143
00019_28-05-2025-19.34,AVLO,2025,5,2,19.57,201.0,28.2,37
00004_28-05-2025-20.05,AVE,2025,5,2,20.08,157.0,45.99,67
00009_28-05-2025-20.22,IRYO,2025,5,2,20.37,172.0,32.84,15
00020_28-05-2025-20.27,AVE,2025,5,2,20.45,201.0,39.89,12
00005_28-05-2025-21.02,OUIGO,2025,5,2,21.03,172.0,44.74,1
00007_28-05-2025-21.07,AVE,2025,5,2,21.12,172.0,60.1,1
00001_29-05-2025-06.12,AVLO,2025,5,3,6.2,157.0,30.51,995
00002_29-05-2025-06.22,IRYO,2025,5,3,6.37,157.0,15.29,5651
00003_29-05-2025-06.27,AVE,2025,5,3,6.45,178.0,39.78,931
00004_29-05-2025-06.57,AVE,2025,5,3,6.95,157.0,57.64,196
00005_29-05-2025-07.02,OUIGO,2025,5,3,7.03,172.0,44.92,10
00002_29-05-2025-07.22,IRYO,2025,5,3,7.37,157.0,25.37,518
00006_29-05-2025-07.27,AVE,2025,5,3,7.45,199.0,25.97,1109
00004_29-05-2025-07.57,AVE,2025,5,3,7.95,157.0,45.87,240
00007_29-05-2025-08.27,AVE,2025,5,3,8.45,172.0,68.2,17
00002_29-05-2025-08.32,IRYO,2025,5,3,8.53,157.0,44.48,47
00008_29-05-2025-08.57,AVE,2025,5,3,8.95,164.0,66.59,30
00009_29-05-2025-09.22,IRYO,2025,5,3,9.37,172.0,56.87,16
00010_29-05-2025-09.27,AVE,2025,5,3,9.45,194.0,41.36,658
00009_29-05-2025-09.57,IRYO,2025,5,3,9.95,172.0,36.62,292
00011_29-05-2025-10.02,OUIGO,2025,5,3,10.03,182.0,45.58,48
00012_29-05-2025-10.27,AVLO,2025,5,3,10.45,172.0,52.24,95
00009_29-05-2025-11.22,IRYO,2025,5,3,11.37,172.0,62.36,40
00006_29-05-2025-11.27,AVE,2025,5,3,11.45,199.0,66.92,121
00009_29-05-2025-12.22,IRYO,2025,5,3,12.37,172.0,43.66,341
00013_29-05-2025-12.27,AVE,2025,5,3,12.45,197.0,55.24,368
00004_29-05-2025-12.57,AVE,2025,5,3,12.95,157.0,60.74,391
00014_29-05-2025-13.18,AVE,2025,5,3,13.3,184.0,55.14,230
00004_29-05-2025-13.57,AVE,2025,5,3,13.95,157.0,,0
00009_29-05-2025-14.02,IRYO,2025,5,3,14.03,172.0,,0
00015_29-05-2025-14.12,OUIGO,2025,5,3,14.2,157.0,,0
00016_29-05-2025-14.27,AVE,2025,5,3,14.45,177.0,89.1,39
00017_29-05-2025-14.42,IRYO,2025,5,3,14.7,179.0,56.81,165
00004_29-05-2025-14.57,AVE,2025,5,3,14.95,157.0,81.99,156
00018_29-05-2025-15.27,AVLO,2025,5,3,15.45,199.0,39.85,480
00004_29-05-2025-15.57,AVE,2025,5,3,15.95,157.0,91.93,86
00007_29-05-2025-16.27,AVE,2025,5,3,16.45,172.0,67.88,586
00002_29-05-2025-16.37,IRYO,2025,5,3,16.62,157.0,58.68,401
00004_29-05-2025-16.57,AVE,2025,5,3,16.95,157.0,142.33,0
00015_29-05-2025-17.17,OUIGO,2025,5,3,17.28,157.0,55.41,168
00009_29-05-2025-17.22,IRYO,2025,5,3,17.37,172.0,71.39,49
00006_29-05-2025-17.27,AVE,2025,5,3,17.45,199.0,89.47,20
00004_29-05-2025-17.57,AVE,2025,5,3,17.95,157.0,40.13,2752
00016_29-05-2025-18.27,AVE,2025,5,3,18.45,177.0,99.63,4
00002_29-05-2025-18.32,IRYO,2025,5,3,18.53,157.0,59.08,51
00004_29-05-2025-18.57,AVE,2025,5,3,18.95,157.0,63.03,214
00009_29-05-2025-19.29,IRYO,2025,5,3,19.48,172.0,48.19,39
00019_29-05-2025-19.34,AVLO,2025,5,3,19.57,201.0,39.38,29
00004_29-05-2025-20.05,AVE,2025,5,3,20.08,157.0,71.15,23
00009_29-05-2025-20.22,IRYO,2025,5,3,20.37,172.0,41.98,12
00020_29-05-2025-20.27,AVE,2025,5,3,20.45,201.0,52.24,12
00005_29-05-2025-21.02,OUIGO,2025,5,3,21.03,172.0,52.61,1
00007_29-05-2025-21.07,AVE,2025,5,3,21.12,172.0,65.54,2
00002_30-05-2025-06.22,IRYO,2025,5,4,6.37,157.0,46.1,167
00021_30-05-2025-06.27,AVLO,2025,5,4,6.45,178.0,20.66,6036
00004_30-05-2025-06.57,AVE,2025,5,4,6.95,157.0,42.48,657
00005_30-05-2025-07.02,OUIGO,2025,5,4,7.03,172.0,45.02,14
00002_30-05-2025-07.22,IRYO,2025,5,4,7.37,157.0,34.75,260
00006_30-05-2025-07.27,AVE,2025,5,4,7.45,199.0,56.67,65
00004_30-05-2025-07.57,AVE,2025,5,4,7.95,157.0,43.94,392
00002_30-05-2025-08.32,IRYO,2025,5,4,8.53,157.0,46.98,81
00008_30-05-2025-08.57,AVE,2025,5,4,8.95,164.0,108.35,0
00009_30-05-2025-09.22,IRYO,2025,5,4,9.37,172.0,49.83,89
00010_30-05-2025-09.27,AVE,2025,5,4,9.45,194.0,71.44,55
00009_30-05-2025-09.57,IRYO,2025,5,4,9.95,172.0,50.06,157
00011_30-05-2025-10.02,OUIGO,2025,5,4,10.03,182.0,61.12,16
00012_30-05-2025-10.27,AVLO,2025,5,4,10.45,172.0,58.37,78
00009_30-05-2025-11.22,IRYO,2025,5,4,11.37,172.0,47.75,229
00006_30-05-2025-11.27,AVE,2025,5,4,11.45,199.0,123.27,0
00009_30-05-2025-12.22,IRYO,2025,5,4,12.37,172.0,29.56,1452
00013_30-05-2025-12.27,AVE,2025,5,4,12.45,197.0,53.02,304
00004_30-05-2025-12.57,AVE,2025,5,4,12.95,157.0,79.85,26
00014_30-05-2025-13.18,AVE,2025,5,4,13.3,184.0,55.14,120
00004_30-05-2025-13.57,AVE,2025,5,4,13.95,157.0,82.35,19
00009_30-05-2025-14.02,IRYO,2025,5,4,14.03,172.0,72.86,6
00015_30-05-2025-14.12,OUIGO,2025,5,4,14.2,157.0,45.85,77
00016_30-05-2025-14.27,AVE,2025,5,4,14.45,177.0,97.08,3
00017_30-05-2025-14.42,IRYO,2025,5,4,14.7,179.0,75.93,9
00004_30-05-2025-14.57,AVE,2025,5,4,14.95,157.0,88.24,13
00018_30-05-2025-15.27,AVLO,2025,5,4,15.45,199.0,42.8,87
00004_30-05-2025-15.57,AVE,2025,5,4,15.95,157.0,89.66,26
00007_30-05-2025-16.27,AVE,2025,5,4,16.45,172.0,93.15,9
00002_30-05-2025-16.37,IRYO,2025,5,4,16.62,157.0,51.87,153
00004_30-05-2025-16.57,AVE,2025,5,4,16.95,157.0,94.82,8
00015_30-05-2025-17.17,OUIGO,2025,5,4,17.28,157.0,20.89,5807
00009_30-05-2025-17.22,IRYO,2025,5,4,17.37,172.0,61.22,19
00018_30-05-2025-17.27,AVLO,2025,5,4,17.45,199.0,52.68,10
00004_30-05-2025-17.57,AVE,2025,5,4,17.95,157.0,35.33,1127
00016_30-05-2025-18.27,AVE,2025,5,4,18.45,177.0,82.08,5
00002_30-05-2025-18.32,IRYO,2025,5,4,18.53,157.0,43.06,66
00004_30-05-2025-18.57,AVE,2025,5,4,18.95,157.0,73.79,14
00009_30-05-2025-19.29,IRYO,2025,5,4,19.48,172.0,49.76,8
00019_30-05-2025-19.34,AVLO,2025,5,4,19.57,201.0,41.76,5
00004_30-05-2025-20.05,AVE,2025,5,4,20.08,157.0,72.02,3
00009_30-05-2025-20.22,IRYO,2025,5,4,20.37,172.0,46.22,6
00020_30-05-2025-20.27,AVE,2025,5,4,20.45,201.0,49.98,8
00005_30-05-2025-21.02,OUIGO,2025,5,4,21.03,172.0,33.56,6
00007_30-05-2025-21.07,AVE,2025,5,4,21.12,172.0,82.54,1
00021_31-05-2025-06.27,AVLO,2025,5,5,6.45,178.0,23.62,1065
00005_31-05-2025-07.02,OUIGO,2025,5,5,7.03,172.0,36.45,137
00006_31-05-2025-07.27,AVE,2025,5,5,7.45,199.0,58.76,81
00009_31-05-2025-08.07,IRYO,2025,5,5,8.12,172.0,46.91,61
00007_31-05-2025-08.27,AVE,2025,5,5,8.45,172.0,70.73,25
00008_31-05-2025-08.57,AVE,2025,5,5,8.95,164.0,59.71,120
00009_31-05-2025-09.22,IRYO,2025,5,5,9.37,172.0,42.15,103
00010_31-05-2025-09.27,AVE,2025,5,5,9.45,194.0,57.51,119
00009_31-05-2025-09.57,IRYO,2025,5,5,9.95,172.0,33.09,331
00011_31-05-2025-10.02,OUIGO,2025,5,5,10.03,182.0,37.4,98
00012_31-05-2025-10.27,AVLO,2025,5,5,10.45,172.0,45.91,104
00009_31-05-2025-11.22,IRYO,2025,5,5,11.37,172.0,43.49,172
00006_31-05-2025-11.27,AVE,2025,5,5,11.45,199.0,57.67,119
00009_31-05-2025-12.22,IRYO,2025,5,5,12.37,172.0,36.52,232
00013_31-05-2025-12.27,AVE,2025,5,5,12.45,197.0,55.66,132
00014_31-05-2025-13.18,AVE,2025,5,5,13.3,184.0,82.74,1
00015_31-05-2025-14.12,OUIGO,2025,5,5,14.2,157.0,12.04,4398
00017_31-05-2025-14.42,IRYO,2025,5,5,14.7,179.0,33.77,125
00018_31-05-2025-15.27,AVLO,2025,5,5,15.45,199.0,31.77,78
00007_31-05-2025-16.27,AVE,2025,5,5,16.45,172.0,84.47,6
00002_31-05-2025-16.37,IRYO,2025,5,5,16.62,157.0,28.28,426
00015_31-05-2025-17.17,OUIGO,2025,5,5,17.28,157.0,10.0,5682
00018_31-05-2025-17.27,AVLO,2025,5,5,17.45,199.0,25.53,179
00016_31-05-2025-18.27,AVE,2025,5,5,18.45,177.0,90.82,0
00009_31-05-2025-19.29,IRYO,2025,5,5,19.48,172.0,25.9,47
00019_31-05-2025-19.34,AVLO,2025,5,5,19.57,201.0,24.25,44
00009_31-05-2025-20.22,IRYO,2025,5,5,20.37,172.0,18.55,363
00020_31-05-2025-20.27,AVE,2025,5,5,20.45,201.0,23.17,307
00005_31-05-2025-21.02,OUIGO,2025,5,5,21.03,172.0,24.58,5
00021_01-06-2025-06.27,AVLO,2025,6,6,6.45,178.0,54.41,106
00005_01-06-2025-07.02,OUIGO,2025,6,6,7.03,172.0,43.97,62
00006_01-06-2025-07.27,AVE,2025,6,6,7.45,199.0,42.61,798
00009_01-06-2025-08.07,IRYO,2025,6,6,8.12,172.0,31.13,5421
00007_01-06-2025-08.27,AVE,2025,6,6,8.45,172.0,96.56,0
00009_01-06-2025-09.22,IRYO,2025,6,6,9.37,172.0,48.82,53
00010_01-06-2025-09.27,AVE,2025,6,6,9.45,194.0,54.31,190
00009_01-06-2025-09.57,IRYO,2025,6,6,9.95,172.0,64.9,10
00011_01-06-2025-10.02,OUIGO,2025,6,6,10.03,182.0,36.83,1003
00012_01-06-2025-10.27,AVLO,2025,6,6,10.45,172.0,42.46,335
00009_01-06-2025-11.22,IRYO,2025,6,6,11.37,172.0,61.35,50
00006_01-06-2025-11.27,AVE,2025,6,6,11.45,199.0,122.64,0
00009_01-06-2025-12.22,IRYO,2025,6,6,12.37,172.0,84.72,3
00013_01-06-2025-12.27,AVE,2025,6,6,12.45,197.0,49.82,424
00014_01-06-2025-13.18,AVE,2025,6,6,13.3,184.0,55.14,129
00009_01-06-2025-14.02,IRYO,2025,6,6,14.03,172.0,83.11,6
00015_01-06-2025-14.12,OUIGO,2025,6,6,14.2,157.0,46.99,128
00016_01-06-2025-14.27,AVE,2025,6,6,14.45,177.0,92.42,15
00017_01-06-2025-14.42,IRYO,2025,6,6,14.7,179.0,83.62,6
00018_01-06-2025-15.27,AVLO,2025,6,6,15.45,199.0,67.89,13
00007_01-06-2025-16.27,AVE,2025,6,6,16.45,172.0,77.56,87
00002_01-06-2025-16.37,IRYO,2025,6,6,16.62,157.0,80.3,6
00004_01-06-2025-16.57,AVE,2025,6,6,16.95,157.0,62.92,440
00015_01-06-2025-17.17,OUIGO,2025,6,6,17.28,157.0,55.72,57
00009_01-06-2025-17.22,IRYO,2025,6,6,17.37,172.0,100.84,1
00018_01-06-2025-17.27,AVLO,2025,6,6,17.45,199.0,61.52,23
00004_01-06-2025-17.57,AVE,2025,6,6,17.95,157.0,63.17,255
00016_01-06-2025-18.27,AVE,2025,6,6,18.45,177.0,120.38,0
00002_01-06-2025-18.32,IRYO,2025,6,6,18.53,157.0,80.19,4
00004_01-06-2025-18.57,AVE,2025,6,6,18.95,157.0,132.04,0
00009_01-06-2025-19.29,IRYO,2025,6,6,19.48,172.0,80.72,1
00019_01-06-2025-19.34,AVLO,2025,6,6,19.57,201.0,85.49,0
00004_01-06-2025-20.05,AVE,2025,6,6,20.08,157.0,53.41,54
00009_01-06-2025-20.22,IRYO,2025,6,6,20.37,172.0,72.64,1
00020_01-06-2025-20.27,AVE,2025,6,6,20.45,201.0,56.93,3
00005_01-06-2025-21.02,OUIGO,2025,6,6,21.03,172.0,58.92,1
00007_01-06-2025-21.07,AVE,2025,6,6,21.12,172.0,113.34,0
00001_02-06-2025-06.12,AVLO,2025,6,0,6.2,157.0,29.05,669
00002_02-06-2025-06.22,IRYO,2025,6,0,6.37,157.0,51.94,102
00003_02-06-2025-06.27,AVE,2025,6,0,6.45,178.0,60.32,106
00004_02-06-2025-06.57,AVE,2025,6,0,6.95,157.0,49.64,309
00005_02-06-2025-07.02,OUIGO,2025,6,0,7.03,172.0,29.17,81
00002_02-06-2025-07.22,IRYO,2025,6,0,7.37,157.0,22.3,358
00006_02-06-2025-07.27,AVE,2025,6,0,7.45,199.0,50.33,64
00004_02-06-2025-07.57,AVE,2025,6,0,7.95,157.0,62.43,29
00007_02-06-2025-08.27,AVE,2025,6,0,8.45,172.0,65.62,12
00002_02-06-2025-08.32,IRYO,2025,6,0,8.53,157.0,39.61,40
00008_02-06-2025-08.57,AVE,2025,6,0,8.95,164.0,58.01,46
00009_02-06-2025-09.22,IRYO,2025,6,0,9.37,172.0,65.9,2
00010_02-06-2025-09.27,AVE,2025,6,0,9.45,194.0,70.63,2
00009_02-06-2025-09.57,IRYO,2025,6,0,9.95,172.0,25.74,158
00011_02-06-2025-10.02,OUIGO,2025,6,0,10.03,182.0,15.07,353
00012_02-06-2025-10.27,AVLO,2025,6,0,10.45,172.0,35.68,87
00009_02-06-2025-11.22,IRYO,2025,6,0,11.37,172.0,37.82,46
00006_02-06-2025-11.27,AVE,2025,6,0,11.45,199.0,49.07,63
00009_02-06-2025-12.22,IRYO,2025,6,0,12.37,172.0,38.2,27
00013_02-06-2025-12.27,AVE,2025,6,0,12.45,197.0,49.07,37
00004_02-06-2025-12.57,AVE,2025,6,0,12.95,157.0,37.93,206
00014_02-06-2025-13.18,AVE,2025,6,0,13.3,184.0,68.94,0
00009_02-06-2025-14.02,IRYO,2025,6,0,14.03,172.0,33.04,47
00015_02-06-2025-14.12,OUIGO,2025,6,0,14.2,157.0,36.06,12
00016_02-06-2025-14.27,AVE,2025,6,0,14.45,177.0,31.98,211
00017_02-06-2025-14.42,IRYO,2025,6,0,14.7,179.0,43.97,8
00004_02-06-2025-14.57,AVE,2025,6,0,14.95,157.0,36.27,278
00018_02-06-2025-15.27,AVLO,2025,6,0,15.45,199.0,33.18,25
00004_02-06-2025-15.57,AVE,2025,6,0,15.95,157.0,41.88,258
00007_02-06-2025-16.27,AVE,2025,6,0,16.45,172.0,76.79,11
00002_02-06-2025-16.37,IRYO,2025,6,0,16.62,157.0,27.16,217
00004_02-06-2025-16.57,AVE,2025,6,0,16.95,157.0,45.99,312
00015_02-06-2025-17.17,OUIGO,2025,6,0,17.28,157.0,19.61,339
00009_02-06-2025-17.22,IRYO,2025,6,0,17.37,172.0,40.64,54
00006_02-06-2025-17.27,AVE,2025,6,0,17.45,199.0,68.49,6
00004_02-06-2025-17.57,AVE,2025,6,0,17.95,157.0,47.21,143
00016_02-06-2025-18.27,AVE,2025,6,0,18.45,177.0,52.78,24
00002_02-06-2025-18.32,IRYO,2025,6,0,18.53,157.0,45.13,17
00004_02-06-2025-18.57,AVE,2025,6,0,18.95,157.0,48.67,49
00009_02-06-2025-19.29,IRYO,2025,6,0,19.48,172.0,46.08,2
00019_02-06-2025-19.34,AVLO,2025,6,0,19.57,201.0,24.73,6
00004_02-06-2025-20.05,AVE,2025,6,0,20.08,157.0,28.9,60
00009_02-06-2025-20.22,IRYO,2025,6,0,20.37,172.0,20.01,35
00020_02-06-2025-20.27,AVE,2025,6,0,20.45,201.0,20.62,43
00005_02-06-2025-21.02,OUIGO,2025,6,0,21.03,172.0,13.89,779
00007_02-06-2025-21.07,AVE,2025,6,0,21.12,172.0,29.67,8
00001_03-06-2025-06.12,AVLO,2025,6,1,6.2,157.0,34.81,647
00002_03-06-2025-06.22,IRYO,2025,6,1,6.37,157.0,44.56,255
00003_03-06-2025-06.27,AVE,2025,6,1,6.45,178.0,35.11,1125
00004_03-06-2025-06.57,AVE,2025,6,1,6.95,157.0,113.58,0
00005_03-06-2025-07.02,OUIGO,2025,6,1,7.03,172.0,48.22,6
00002_03-06-2025-07.22,IRYO,2025,6,1,7.37,157.0,32.07,212
00006_03-06-2025-07.27,AVE,2025,6,1,7.45,199.0,32.11,454
00004_03-06-2025-07.57,AVE,2025,6,1,7.95,157.0,51.52,121
00007_03-06-2025-08.27,AVE,2025,6,1,8.45,172.0,71.36,10
00002_03-06-2025-08.32,IRYO,2025,6,1,8.53,157.0,46.9,19
00008_03-06-2025-08.57,AVE,2025,6,1,8.95,164.0,57.72,78
00009_03-06-2025-09.22,IRYO,2025,6,1,9.37,172.0,58.71,5
00010_03-06-2025-09.27,AVE,2025,6,1,9.45,194.0,64.9,31
00009_03-06-2025-09.57,IRYO,2025,6,1,9.95,172.0,48.19,31
00011_03-06-2025-10.02,OUIGO,2025,6,1,10.03,182.0,33.11,65
00012_03-06-2025-10.27,AVLO,2025,6,1,10.45,172.0,35.16,125
00009_03-06-2025-11.22,IRYO,2025,6,1,11.37,172.0,42.67,46
00006_03-06-2025-11.27,AVE,2025,6,1,11.45,199.0,33.39,371
00009_03-06-2025-12.22,IRYO,2025,6,1,12.37,172.0,36.85,61
00013_03-06-2025-12.27,AVE,2025,6,1,12.45,197.0,50.29,47
00004_03-06-2025-12.57,AVE,2025,6,1,12.95,157.0,36.98,320
00014_03-06-2025-13.18,AVE,2025,6,1,13.3,184.0,48.24,27
00009_03-06-2025-14.02,IRYO,2025,6,1,14.03,172.0,29.79,457
00015_03-06-2025-14.12,OUIGO,2025,6,1,14.2,157.0,42.21,9
00016_03-06-2025-14.27,AVE,2025,6,1,14.45,177.0,64.63,8
00017_03-06-2025-14.42,IRYO,2025,6,1,14.7,179.0,34.72,58
00004_03-06-2025-14.57,AVE,2025,6,1,14.95,157.0,28.27,1658
00018_03-06-2025-15.27,AVLO,2025,6,1,15.45,199.0,30.93,195
00004_03-06-2025-15.57,AVE,2025,6,1,15.95,157.0,36.24,667
00007_03-06-2025-16.27,AVE,2025,6,1,16.45,172.0,48.51,293
00002_03-06-2025-16.37,IRYO,2025,6,1,16.62,157.0,44.39,119
00004_03-06-2025-16.57,AVE,2025,6,1,16.95,157.0,54.43,311
00015_03-06-2025-17.17,OUIGO,2025,6,1,17.28,157.0,46.11,38
00009_03-06-2025-17.22,IRYO,2025,6,1,17.37,172.0,47.22,65
00006_03-06-2025-17.27,AVE,2025,6,1,17.45,199.0,68.84,22
00004_03-06-2025-17.57,AVE,2025,6,1,17.95,157.0,81.42,12
00016_03-06-2025-18.27,AVE,2025,6,1,18.45,177.0,48.63,79
00002_03-06-2025-18.32,IRYO,2025,6,1,18.53,157.0,37.79,62
00004_03-06-2025-18.57,AVE,2025,6,1,18.95,157.0,30.81,528
00009_03-06-2025-19.29,IRYO,2025,6,1,19.48,172.0,33.9,17
00019_03-06-2025-19.34,AVLO,2025,6,1,19.57,201.0,29.62,162
00004_03-06-2025-20.05,AVE,2025,6,1,20.08,157.0,62.81,3
00009_03-06-2025-20.22,IRYO,2025,6,1,20.37,172.0,39.1,4
00020_03-06-2025-20.27,AVE,2025,6,1,20.45,201.0,44.95,1
00005_03-06-2025-21.02,OUIGO,2025,6,1,21.03,172.0,39.95,1
00007_03-06-2025-21.07,AVE,2025,6,1,21.12,172.0,39.26,6
00001_04-06-2025-06.12,AVLO,2025,6,2,6.2,157.0,35.56,352
00002_04-06-2025-06.22,IRYO,2025,6,2,6.37,157.0,26.56,582
00003_04-06-2025-06.27,AVE,2025,6,2,6.45,178.0,53.06,170
00004_04-06-2025-06.57,AVE,2025,6,2,6.95,157.0,99.28,0
00005_04-06-2025-07.02,OUIGO,2025,6,2,7.03,172.0,56.88,1
00002_04-06-2025-07.22,IRYO,2025,6,2,7.37,157.0,12.65,1251
00006_04-06-2025-07.27,AVE,2025,6,2,7.45,199.0,16.48,865
00004_04-06-2025-07.57,AVE,2025,6,2,7.95,157.0,40.2,161
00007_04-06-2025-08.27,AVE,2025,6,2,8.45,172.0,61.94,5
00002_04-06-2025-08.32,IRYO,2025,6,2,8.53,157.0,42.96,8
00008_04-06-2025-08.57,AVE,2025,6,2,8.95,164.0,32.33,224
00009_04-06-2025-09.22,IRYO,2025,6,2,9.37,172.0,40.99,28
00010_04-06-2025-09.27,AVE,2025,6,2,9.45,194.0,77.77,0
00009_04-06-2025-09.57,IRYO,2025,6,2,9.95,172.0,29.28,134
00011_04-06-2025-10.02,OUIGO,2025,6,2,10.03,182.0,42.67,20
00012_04-06-2025-10.27,AVLO,2025,6,2,10.45,172.0,45.6,28
00009_04-06-2025-11.22,IRYO,2025,6,2,11.37,172.0,40.63,90
00006_04-06-2025-11.27,AVE,2025,6,2,11.45,199.0,47.24,149
00009_04-06-2025-12.22,IRYO,2025,6,2,12.37,172.0,44.74,55
00013_04-06-2025-12.27,AVE,2025,6,2,12.45,197.0,62.75,26
00004_04-06-2025-12.57,AVE,2025,6,2,12.95,157.0,49.09,198
00014_04-06-2025-13.18,AVE,2025,6,2,13.3,184.0,48.24,53
00009_04-06-2025-14.02,IRYO,2025,6,2,14.03,172.0,32.39,133
00015_04-06-2025-14.12,OUIGO,2025,6,2,14.2,157.0,42.18,22
00016_04-06-2025-14.27,AVE,2025,6,2,14.45,177.0,41.37,298
00017_04-06-2025-14.42,IRYO,2025,6,2,14.7,179.0,61.4,8
00004_04-06-2025-14.57,AVE,2025,6,2,14.95,157.0,54.15,175
00018_04-06-2025-15.27,AVLO,2025,6,2,15.45,199.0,31.98,141
00004_04-06-2025-15.57,AVE,2025,6,2,15.95,157.0,41.82,783
00007_04-06-2025-16.27,AVE,2025,6,2,16.45,172.0,65.37,151
00002_04-06-2025-16.37,IRYO,2025,6,2,16.62,157.0,50.04,152
00004_04-06-2025-16.57,AVE,2025,6,2,16.95,157.0,132.73,0
00015_04-06-2025-17.17,OUIGO,2025,6,2,17.28,157.0,43.73,93
00009_04-06-2025-17.22,IRYO,2025,6,2,17.37,172.0,43.38,161
00006_04-06-2025-17.27,AVE,2025,6,2,17.45,199.0,64.09,77
00004_04-06-2025-17.57,AVE,2025,6,2,17.95,157.0,68.47,110
00016_04-06-2025-18.27,AVE,2025,6,2,18.45,177.0,81.65,6
00002_04-06-2025-18.32,IRYO,2025,6,2,18.53,157.0,43.32,87
00004_04-06-2025-18.57,AVE,2025,6,2,18.95,157.0,112.47,0
00009_04-06-2025-19.29,IRYO,2025,6,2,19.48,172.0,34.01,57
00019_04-06-2025-19.34,AVLO,2025,6,2,19.57,201.0,34.09,7
00004_04-06-2025-20.05,AVE,2025,6,2,20.08,157.0,60.76,18
00009_04-06-2025-20.22,IRYO,2025,6,2,20.37,172.0,18.99,829
00020_04-06-2025-20.27,AVE,2025,6,2,20.45,201.0,38.97,16
00005_04-06-2025-21.02,OUIGO,2025,6,2,21.03,172.0,23.74,47
00007_04-06-2025-21.07,AVE,2025,6,2,21.12,172.0,41.18,9
00001_05-06-2025-06.12,AVLO,2025,6,3,6.2,157.0,27.21,654
00002_05-06-2025-06.22,IRYO,2025,6,3,6.37,157.0,29.62,512
00003_05-06-2025-06.27,AVE,2025,6,3,6.45,178.0,50.39,267
00004_05-06-2025-06.57,AVE,2025,6,3,6.95,157.0,67.25,43
00005_05-06-2025-07.02,OUIGO,2025,6,3,7.03,172.0,37.89,27
00002_05-06-2025-07.22,IRYO,2025,6,3,7.37,157.0,36.79,92
00006_05-06-2025-07.27,AVE,2025,6,3,7.45,199.0,32.27,304
00004_05-06-2025-07.57,AVE,2025,6,3,7.95,157.0,60.06,30
00007_05-06-2025-08.27,AVE,2025,6,3,8.45,172.0,57.28,40
00002_05-06-2025-08.32,IRYO,2025,6,3,8.53,157.0,46.83,17
00008_05-06-2025-08.57,AVE,2025,6,3,8.95,164.0,65.34,21
00009_05-06-2025-09.22,IRYO,2025,6,3,9.37,172.0,38.61,95
00010_05-06-2025-09.27,AVE,2025,6,3,9.45,194.0,63.12,37
00009_05-06-2025-09.57,IRYO,2025,6,3,9.95,172.0,36.63,155
00011_05-06-2025-10.02,OUIGO,2025,6,3,10.03,182.0,62.15,2
00012_05-06-2025-10.27,AVLO,2025,6,3,10.45,172.0,51.95,46
00009_05-06-2025-11.22,IRYO,2025,6,3,11.37,172.0,49.62,60
00006_05-06-2025-11.27,AVE,2025,6,3,11.45,199.0,53.75,147
00009_05-06-2025-12.22,IRYO,2025,6,3,12.37,172.0,62.09,12
00013_05-06-2025-12.27,AVE,2025,6,3,12.45,197.0,47.39,225
00004_05-06-2025-12.57,AVE,2025,6,3,12.95,157.0,64.06,78
00014_05-06-2025-13.18,AVE,2025,6,3,13.3,184.0,55.14,70
00004_05-06-2025-13.57,AVE,2025,6,3,13.95,157.0,,0
00009_05-06-2025-14.02,IRYO,2025,6,3,14.03,172.0,,0
00015_05-06-2025-14.12,OUIGO,2025,6,3,14.2,157.0,,0
00016_05-06-2025-14.27,AVE,2025,6,3,14.45,177.0,87.81,6
00017_05-06-2025-14.42,IRYO,2025,6,3,14.7,179.0,55.47,53
00004_05-06-2025-14.57,AVE,2025,6,3,14.95,157.0,89.57,14
00018_05-06-2025-15.27,AVLO,2025,6,3,15.45,199.0,39.04,78
00004_05-06-2025-15.57,AVE,2025,6,3,15.95,157.0,115.74,0
00007_05-06-2025-16.27,AVE,2025,6,3,16.45,172.0,65.2,162
00002_05-06-2025-16.37,IRYO,2025,6,3,16.62,157.0,27.48,900
00004_05-06-2025-16.57,AVE,2025,6,3,16.95,157.0,143.0,0
00015_05-06-2025-17.17,OUIGO,2025,6,3,17.28,157.0,42.27,114
00009_05-06-2025-17.22,IRYO,2025,6,3,17.37,172.0,67.47,15
00006_05-06-2025-17.27,AVE,2025,6,3,17.45,199.0,86.37,3
00004_05-06-2025-17.57,AVE,2025,6,3,17.95,157.0,50.13,364
00016_05-06-2025-18.27,AVE,2025,6,3,18.45,177.0,76.98,6
00002_05-06-2025-18.32,IRYO,2025,6,3,18.53,157.0,27.12,328
00004_05-06-2025-18.57,AVE,2025,6,3,18.95,157.0,81.67,2
00009_05-06-2025-19.29,IRYO,2025,6,3,19.48,172.0,34.64,16
00019_05-06-2025-19.34,AVLO,2025,6,3,19.57,201.0,22.14,557
00004_05-06-2025-20.05,AVE,2025,6,3,20.08,157.0,54.7,14
00009_05-06-2025-20.22,IRYO,2025,6,3,20.37,172.0,22.59,576
00020_05-06-2025-20.27,AVE,2025,6,3,20.45,201.0,37.47,14
00005_05-06-2025-21.02,OUIGO,2025,6,3,21.03,172.0,41.35,0
00007_05-06-2025-21.07,AVE,2025,6,3,21.12,172.0,61.5,1
00002_06-06-2025-06.22,IRYO,2025,6,4,6.37,157.0,24.87,552
00021_06-06-2025-06.27,AVLO,2025,6,4,6.45,178.0,29.62,147
00004_06-06-2025-06.57,AVE,2025,6,4,6.95,157.0,48.66,140
00005_06-06-2025-07.02,OUIGO,2025,6,4,7.03,172.0,34.9,18
00002_06-06-2025-07.22,IRYO,2025,6,4,7.37,157.0,44.59,21
00006_06-06-2025-07.27,AVE,2025,6,4,7.45,199.0,72.8,4
00004_06-06-2025-07.57,AVE,2025,6,4,7.95,157.0,33.07,490
00002_06-06-2025-08.32,IRYO,2025,6,4,8.53,157.0,39.19,68
00008_06-06-2025-08.57,AVE,2025,6,4,8.95,164.0,116.89,0
00009_06-06-2025-09.22,IRYO,2025,6,4,9.37,172.0,61.64,11
00010_06-06-2025-09.27,AVE,2025,6,4,9.45,194.0,63.12,68
00009_06-06-2025-09.57,IRYO,2025,6,4,9.95,172.0,71.71,3
00011_06-06-2025-10.02,OUIGO,2025,6,4,10.03,182.0,59.75,10
00012_06-06-2025-10.27,AVLO,2025,6,4,10.45,172.0,66.52,12
00009_06-06-2025-11.22,IRYO,2025,6,4,11.37,172.0,61.04,29
00006_06-06-2025-11.27,AVE,2025,6,4,11.45,199.0,117.12,0
00009_06-06-2025-12.22,IRYO,2025,6,4,12.37,172.0,27.98,447
00013_06-06-2025-12.27,AVE,2025,6,4,12.45,197.0,49.02,171
00004_06-06-2025-12.57,AVE,2025,6,4,12.95,157.0,86.42,5
00014_06-06-2025-13.18,AVE,2025,6,4,13.3,184.0,55.14,52
00004_06-06-2025-13.57,AVE,2025,6,4,13.95,157.0,77.62,21
00009_06-06-2025-14.02,IRYO,2025,6,4,14.03,172.0,66.42,9
00015_06-06-2025-14.12,OUIGO,2025,6,4,14.2,157.0,54.02,15
00016_06-06-2025-14.27,AVE,2025,6,4,14.45,177.0,90.24,3
00017_06-06-2025-14.42,IRYO,2025,6,4,14.7,179.0,77.28,1
00004_06-06-2025-14.57,AVE,2025,6,4,14.95,157.0,111.42,1
00018_06-06-2025-15.27,AVLO,2025,6,4,15.45,199.0,46.39,40
00004_06-06-2025-15.57,AVE,2025,6,4,15.95,157.0,108.45,1
00007_06-06-2025-16.27,AVE,2025,6,4,16.45,172.0,81.3,27
00002_06-06-2025-16.37,IRYO,2025,6,4,16.62,157.0,72.17,9
00004_06-06-2025-16.57,AVE,2025,6,4,16.95,157.0,98.85,11
00015_06-06-2025-17.17,OUIGO,2025,6,4,17.28,157.0,22.4,444
00009_06-06-2025-17.22,IRYO,2025,6,4,17.37,172.0,68.73,8
00018_06-06-2025-17.27,AVLO,2025,6,4,17.45,199.0,51.84,14
00004_06-06-2025-17.57,AVE,2025,6,4,17.95,157.0,48.91,217
00016_06-06-2025-18.27,AVE,2025,6,4,18.45,177.0,89.57,3
00002_06-06-2025-18.32,IRYO,2025,6,4,18.53,157.0,40.74,54
00004_06-06-2025-18.57,AVE,2025,6,4,18.95,157.0,73.82,5
00009_06-06-2025-19.29,IRYO,2025,6,4,19.48,172.0,41.14,4
00019_06-06-2025-19.34,AVLO,2025,6,4,19.57,201.0,35.39,2
00004_06-06-2025-20.05,AVE,2025,6,4,20.08,157.0,63.29,7
00009_06-06-2025-20.22,IRYO,2025,6,4,20.37,172.0,12.98,3893
00020_06-06-2025-20.27,AVE,2025,6,4,20.45,201.0,37.19,5
00005_06-06-2025-21.02,OUIGO,2025,6,4,21.03,172.0,16.19,813
00007_06-06-2025-21.07,AVE,2025,6,4,21.12,172.0,67.97,0
00021_07-06-2025-06.27,AVLO,2025,6,5,6.45,178.0,28.54,675
00005_07-06-2025-07.02,OUIGO,2025,6,5,7.03,172.0,57.49,12
00006_07-06-2025-07.27,AVE,2025,6,5,7.45,199.0,66.72,33
00009_07-06-2025-08.07,IRYO,2025,6,5,8.12,172.0,36.04,143
00007_07-06-2025-08.27,AVE,2025,6,5,8.45,172.0,81.71,7
00008_07-06-2025-08.57,AVE,2025,6,5,8.95,164.0,55.71,136
00009_07-06-2025-09.22,IRYO,2025,6,5,9.37,172.0,61.54,15
00010_07-06-2025-09.27,AVE,2025,6,5,9.45,194.0,51.03,163
00009_07-06-2025-09.57,IRYO,2025,6,5,9.95,172.0,47.29,64
00011_07-06-2025-10.02,OUIGO,2025,6,5,10.03,182.0,39.36,48
00012_07-06-2025-10.27,AVLO,2025,6,5,10.45,172.0,37.92,140
00009_07-06-2025-11.22,IRYO,2025,6,5,11.37,172.0,45.3,64
00006_07-06-2025-11.27,AVE,2025,6,5,11.45,199.0,46.64,225
00009_07-06-2025-12.22,IRYO,2025,6,5,12.37,172.0,26.56,588
00013_07-06-2025-12.27,AVE,2025,6,5,12.45,197.0,66.97,31
00014_07-06-2025-13.18,AVE,2025,6,5,13.3,184.0,82.74,2
00015_07-06-2025-14.12,OUIGO,2025,6,5,14.2,157.0,26.63,278
00017_07-06-2025-14.42,IRYO,2025,6,5,14.7,179.0,43.91,64
00018_07-06-2025-15.27,AVLO,2025,6,5,15.45,199.0,23.56,680
00007_07-06-2025-16.27,AVE,2025,6,5,16.45,172.0,105.48,0
00002_07-06-2025-16.37,IRYO,2025,6,5,16.62,157.0,38.21,247
00015_07-06-2025-17.17,OUIGO,2025,6,5,17.28,157.0,32.55,155
00018_07-06-2025-17.27,AVLO,2025,6,5,17.45,199.0,18.61,3019
00016_07-06-2025-18.27,AVE,2025,6,5,18.45,177.0,95.26,2
00009_07-06-2025-19.29,IRYO,2025,6,5,19.48,172.0,24.98,173
00019_07-06-2025-19.34,AVLO,2025,6,5,19.57,201.0,31.12,10
00009_07-06-2025-20.22,IRYO,2025,6,5,20.37,172.0,22.62,404
00020_07-06-2025-20.27,AVE,2025,6,5,20.45,201.0,19.94,2353
00005_07-06-2025-21.02,OUIGO,2025,6,5,21.03,172.0,46.53,0
00021_08-06-2025-06.27,AVLO,2025,6,6,6.45,178.0,53.63,59
00005_08-06-2025-07.02,OUIGO,2025,6,6,7.03,172.0,38.35,87
00006_08-06-2025-07.27,AVE,2025,6,6,7.45,199.0,38.86,520
00009_08-06-2025-08.07,IRYO,2025,6,6,8.12,172.0,25.18,4312
00007_08-06-2025-08.27,AVE,2025,6,6,8.45,172.0,65.14,42
00009_08-06-2025-09.22,IRYO,2025,6,6,9.37,172.0,65.58,9
00010_08-06-2025-09.27,AVE,2025,6,6,9.45,194.0,72.4,33
00009_08-06-2025-09.57,IRYO,2025,6,6,9.95,172.0,65.56,24
00011_08-06-2025-10.02,OUIGO,2025,6,6,10.03,182.0,44.62,82
00012_08-06-2025-10.27,AVLO,2025,6,6,10.45,172.0,53.16,74
00009_08-06-2025-11.22,IRYO,2025,6,6,11.37,172.0,80.25,5
00006_08-06-2025-11.27,AVE,2025,6,6,11.45,199.0,141.31,0
00009_08-06-2025-12.22,IRYO,2025,6,6,12.37,172.0,60.32,46
00013_08-06-2025-12.27,AVE,2025,6,6,12.45,197.0,54.58,235
00014_08-06-2025-13.18,AVE,2025,6,6,13.3,184.0,55.14,135
00009_08-06-2025-14.02,IRYO,2025,6,6,14.03,172.0,85.48,2
00015_08-06-2025-14.12,OUIGO,2025,6,6,14.2,157.0,52.22,47
00016_08-06-2025-14.27,AVE,2025,6,6,14.45,177.0,99.93,9
00017_08-06-2025-14.42,IRYO,2025,6,6,14.7,179.0,76.93,9
00018_08-06-2025-15.27,AVLO,2025,6,6,15.45,199.0,65.83,17
00007_08-06-2025-16.27,AVE,2025,6,6,16.45,172.0,82.98,64
00002_08-06-2025-16.37,IRYO,2025,6,6,16.62,157.0,84.95,14
00004_08-06-2025-16.57,AVE,2025,6,6,16.95,157.0,77.56,171
00015_08-06-2025-17.17,OUIGO,2025,6,6,17.28,157.0,54.07,75
00009_08-06-2025-17.22,IRYO,2025,6,6,17.37,172.0,63.99,53
00018_08-06-2025-17.27,AVLO,2025,6,6,17.45,199.0,61.11,25
00004_08-06-2025-17.57,AVE,2025,6,6,17.95,157.0,69.31,151
00016_08-06-2025-18.27,AVE,2025,6,6,18.45,177.0,92.69,10
00002_08-06-2025-18.32,IRYO,2025,6,6,18.53,157.0,79.64,6
00004_08-06-2025-18.57,AVE,2025,6,6,18.95,157.0,103.45,2
00009_08-06-2025-19.29,IRYO,2025,6,6,19.48,172.0,89.72,0
00019_08-06-2025-19.34,AVLO,2025,6,6,19.57,201.0,84.01,0
00004_08-06-2025-20.05,AVE,2025,6,6,20.08,157.0,64.99,20
00009_08-06-2025-20.22,IRYO,2025,6,6,20.37,172.0,72.15,0
00020_08-06-2025-20.27,AVE,2025,6,6,20.45,201.0,60.78,3
00005_08-06-2025-21.02,OUIGO,2025,6,6,21.03,172.0,56.01,1
00007_08-06-2025-21.07,AVE,2025,6,6,21.12,172.0,122.63,0
00001_09-06-2025-06.12,AVLO,2025,6,0,6.2,157.0,35.38,530
00002_09-06-2025-06.22,IRYO,2025,6,0,6.37,157.0,39.18,349
00003_09-06-2025-06.27,AVE,2025,6,0,6.45,178.0,37.53,873
00004_09-06-2025-06.57,AVE,2025,6,0,6.95,157.0,52.77,264
00005_09-06-2025-07.02,OUIGO,2025,6,0,7.03,172.0,37.68,34
00002_09-06-2025-07.22,IRYO,2025,6,0,7.37,157.0,43.7,61
00006_09-06-2025-07.27,AVE,2025,6,0,7.45,199.0,46.57,82
00004_09-06-2025-07.57,AVE,2025,6,0,7.95,157.0,69.65,17
00007_09-06-2025-08.27,AVE,2025,6,0,8.45,172.0,66.83,8
00002_09-06-2025-08.32,IRYO,2025,6,0,8.53,157.0,25.32,166
00008_09-06-2025-08.57,AVE,2025,6,0,8.95,164.0,48.94,92
00009_09-06-2025-09.22,IRYO,2025,6,0,9.37,172.0,55.82,10
00010_09-06-2025-09.27,AVE,2025,6,0,9.45,194.0,69.1,16
00009_09-06-2025-09.57,IRYO,2025,6,0,9.95,172.0,32.95,104
00011_09-06-2025-10.02,OUIGO,2025,6,0,10.03,182.0,41.0,15
00012_09-06-2025-10.27,AVLO,2025,6,0,10.45,172.0,32.29,115
00009_09-06-2025-11.22,IRYO,2025,6,0,11.37,172.0,22.34,256
00006_09-06-2025-11.27,AVE,2025,6,0,11.45,199.0,36.27,232
00009_09-06-2025-12.22,IRYO,2025,6,0,12.37,172.0,25.78,147
00013_09-06-2025-12.27,AVE,2025,6,0,12.45,197.0,46.64,76
00004_09-06-2025-12.57,AVE,2025,6,0,12.95,157.0,47.02,127
00014_09-06-2025-13.18,AVE,2025,6,0,13.3,184.0,68.94,2
00009_09-06-2025-14.02,IRYO,2025,6,0,14.03,172.0,26.7,149
00015_09-06-2025-14.12,OUIGO,2025,6,0,14.2,157.0,34.75,43
00016_09-06-2025-14.27,AVE,2025,6,0,14.45,177.0,36.94,268
00017_09-06-2025-14.42,IRYO,2025,6,0,14.7,179.0,48.52,18
00004_09-06-2025-14.57,AVE,2025,6,0,14.95,157.0,50.18,202
00018_09-06-2025-15.27,AVLO,2025,6,0,15.45,199.0,38.38,41
00004_09-06-2025-15.57,AVE,2025,6,0,15.95,157.0,42.3,508
00007_09-06-2025-16.27,AVE,2025,6,0,16.45,172.0,63.87,69
00002_09-06-2025-16.37,IRYO,2025,6,0,16.62,157.0,40.63,158
00004_09-06-2025-16.57,AVE,2025,6,0,16.95,157.0,54.59,311
00015_09-06-2025-17.17,OUIGO,2025,6,0,17.28,157.0,36.67,71
00009_09-06-2025-17.22,IRYO,2025,6,0,17.37,172.0,48.71,30
00006_09-06-2025-17.27,AVE,2025,6,0,17.45,199.0,80.35,4
00004_09-06-2025-17.57,AVE,2025,6,0,17.95,157.0,47.57,218
00016_09-06-2025-18.27,AVE,2025,6,0,18.45,177.0,47.16,67
00002_09-06-2025-18.32,IRYO,2025,6,0,18.53,157.0,23.42,154
00004_09-06-2025-18.57,AVE,2025,6,0,18.95,157.0,36.66,181
00009_09-06-2025-19.29,IRYO,2025,6,0,19.48,172.0,57.96,0
00019_09-06-2025-19.34,AVLO,2025,6,0,19.57,201.0,21.26,10
00004_09-06-2025-20.05,AVE,2025,6,0,20.08,157.0,31.73,58
00009_09-06-2025-20.22,IRYO,2025,6,0,20.37,172.0,12.48,986
00020_09-06-2025-20.27,AVE,2025,6,0,20.45,201.0,12.62,679
00005_09-06-2025-21.02,OUIGO,2025,6,0,21.03,172.0,19.63,10
00007_09-06-2025-21.07,AVE,2025,6,0,21.12,172.0,46.92,2
00001_10-06-2025-06.12,AVLO,2025,6,1,6.2,157.0,36.59,318
00002_10-06-2025-06.22,IRYO,2025,6,1,6.37,157.0,11.98,1747
00003_10-06-2025-06.27,AVE,2025,6,1,6.45,178.0,35.85,612
00004_10-06-2025-06.57,AVE,2025,6,1,6.95,157.0,108.89,0
00005_10-06-2025-07.02,OUIGO,2025,6,1,7.03,172.0,33.28,37
00002_10-06-2025-07.22,IRYO,2025,6,1,7.37,157.0,24.7,222
00006_10-06-2025-07.27,AVE,2025,6,1,7.45,199.0,34.34,172
00004_10-06-2025-07.57,AVE,2025,6,1,7.95,157.0,33.31,393
00007_10-06-2025-08.27,AVE,2025,6,1,8.45,172.0,75.57,0
00002_10-06-2025-08.32,IRYO,2025,6,1,8.53,157.0,60.73,2
00008_10-06-2025-08.57,AVE,2025,6,1,8.95,164.0,43.93,158
00009_10-06-2025-09.22,IRYO,2025,6,1,9.37,172.0,48.85,23
00010_10-06-2025-09.27,AVE,2025,6,1,9.45,194.0,72.97,2
00009_10-06-2025-09.57,IRYO,2025,6,1,9.95,172.0,49.35,25
00011_10-06-2025-10.02,OUIGO,2025,6,1,10.03,182.0,36.76,43
00012_10-06-2025-10.27,AVLO,2025,6,1,10.45,172.0,37.43,117
00009_10-06-2025-11.22,IRYO,2025,6,1,11.37,172.0,25.72,298
00006_10-06-2025-11.27,AVE,2025,6,1,11.45,199.0,41.81,157
00009_10-06-2025-12.22,IRYO,2025,6,1,12.37,172.0,25.18,200
00013_10-06-2025-12.27,AVE,2025,6,1,12.45,197.0,37.51,170
00004_10-06-2025-12.57,AVE,2025,6,1,12.95,157.0,43.52,172
00014_10-06-2025-13.18,AVE,2025,6,1,13.3,184.0,48.24,22
00009_10-06-2025-14.02,IRYO,2025,6,1,14.03,172.0,32.0,54
00015_10-06-2025-14.12,OUIGO,2025,6,1,14.2,157.0,49.25,2
00016_10-06-2025-14.27,AVE,2025,6,1,14.45,177.0,64.27,9
00017_10-06-2025-14.42,IRYO,2025,6,1,14.7,179.0,32.54,53
00004_10-06-2025-14.57,AVE,2025,6,1,14.95,157.0,37.13,284
00018_10-06-2025-15.27,AVLO,2025,6,1,15.45,199.0,29.49,37
00004_10-06-2025-15.57,AVE,2025,6,1,15.95,157.0,28.29,816
00007_10-06-2025-16.27,AVE,2025,6,1,16.45,172.0,41.67,283
00002_10-06-2025-16.37,IRYO,2025,6,1,16.62,157.0,21.46,659
00004_10-06-2025-16.57,AVE,2025,6,1,16.95,157.0,56.38,122
00015_10-06-2025-17.17,OUIGO,2025,6,1,17.28,157.0,47.45,11
00009_10-06-2025-17.22,IRYO,2025,6,1,17.37,172.0,17.47,1596
00006_10-06-2025-17.27,AVE,2025,6,1,17.45,199.0,46.02,64
00004_10-06-2025-17.57,AVE,2025,6,1,17.95,157.0,63.76,25
00016_10-06-2025-18.27,AVE,2025,6,1,18.45,177.0,52.02,14
00002_10-06-2025-18.32,IRYO,2025,6,1,18.53,157.0,24.04,132
00004_10-06-2025-18.57,AVE,2025,6,1,18.95,157.0,23.96,345
00009_10-06-2025-19.29,IRYO,2025,6,1,19.48,172.0,45.61,2
00019_10-06-2025-19.34,AVLO,2025,6,1,19.57,201.0,30.84,2
00004_10-06-2025-20.05,AVE,2025,6,1,20.08,157.0,32.49,47
00009_10-06-2025-20.22,IRYO,2025,6,1,20.37,172.0,33.64,1
00020_10-06-2025-20.27,AVE,2025,6,1,20.45,201.0,42.48,3
00005_10-06-2025-21.02,OUIGO,2025,6,1,21.03,172.0,23.55,13
00007_10-06-2025-21.07,AVE,2025,6,1,21.12,172.0,50.79,1
00001_11-06-2025-06.12,AVLO,2025,6,2,6.2,157.0,32.57,522
00002_11-06-2025-06.22,IRYO,2025,6,2,6.37,157.0,21.19,1231
00003_11-06-2025-06.27,AVE,2025,6,2,6.45,178.0,39.21,644
00004_11-06-2025-06.57,AVE,2025,6,2,6.95,157.0,107.91,0
00005_11-06-2025-07.02,OUIGO,2025,6,2,7.03,172.0,46.74,7
00002_11-06-2025-07.22,IRYO,2025,6,2,7.37,157.0,46.34,48
00006_11-06-2025-07.27,AVE,2025,6,2,7.45,199.0,55.22,55
00004_11-06-2025-07.57,AVE,2025,6,2,7.95,157.0,61.54,44
00007_11-06-2025-08.27,AVE,2025,6,2,8.45,172.0,82.94,3
00002_11-06-2025-08.32,IRYO,2025,6,2,8.53,157.0,51.31,27
00008_11-06-2025-08.57,AVE,2025,6,2,8.95,164.0,55.32,93
00009_11-06-2025-09.22,IRYO,2025,6,2,9.37,172.0,53.29,24
00010_11-06-2025-09.27,AVE,2025,6,2,9.45,194.0,89.98,1
00009_11-06-2025-09.57,IRYO,2025,6,2,9.95,172.0,35.9,144
00011_11-06-2025-10.02,OUIGO,2025,6,2,10.03,182.0,44.51,25
00012_11-06-2025-10.27,AVLO,2025,6,2,10.45,172.0,44.52,88
00009_11-06-2025-11.22,IRYO,2025,6,2,11.37,172.0,28.0,412
00006_11-06-2025-11.27,AVE,2025,6,2,11.45,199.0,39.66,269
00009_11-06-2025-12.22,IRYO,2025,6,2,12.37,172.0,34.77,129
00013_11-06-2025-12.27,AVE,2025,6,2,12.45,197.0,62.85,28
00004_11-06-2025-12.57,AVE,2025,6,2,12.95,157.0,55.92,96
00014_11-06-2025-13.18,AVE,2025,6,2,13.3,184.0,48.24,62
00009_11-06-2025-14.02,IRYO,2025,6,2,14.03,172.0,45.96,15
00015_11-06-2025-14.12,OUIGO,2025,6,2,14.2,157.0,37.86,41
00016_11-06-2025-14.27,AVE,2025,6,2,14.45,177.0,47.53,137
00017_11-06-2025-14.42,IRYO,2025,6,2,14.7,179.0,49.8,13
00004_11-06-2025-14.57,AVE,2025,6,2,14.95,157.0,42.47,418
00018_11-06-2025-15.27,AVLO,2025,6,2,15.45,199.0,30.34,233
00004_11-06-2025-15.57,AVE,2025,6,2,15.95,157.0,41.63,769
00007_11-06-2025-16.27,AVE,2025,6,2,16.45,172.0,56.53,283
00002_11-06-2025-16.37,IRYO,2025,6,2,16.62,157.0,45.94,186
00004_11-06-2025-16.57,AVE,2025,6,2,16.95,157.0,137.25,0
00015_11-06-2025-17.17,OUIGO,2025,6,2,17.28,157.0,58.93,18
00009_11-06-2025-17.22,IRYO,2025,6,2,17.37,172.0,51.57,62
00006_11-06-2025-17.27,AVE,2025,6,2,17.45,199.0,57.25,117
00004_11-06-2025-17.57,AVE,2025,6,2,17.95,157.0,62.97,135
00016_11-06-2025-18.27,AVE,2025,6,2,18.45,177.0,69.32,24
00002_11-06-2025-18.32,IRYO,2025,6,2,18.53,157.0,37.2,125
00004_11-06-2025-18.57,AVE,2025,6,2,18.95,157.0,119.52,0
00009_11-06-2025-19.29,IRYO,2025,6,2,19.48,172.0,44.89,13
00019_11-06-2025-19.34,AVLO,2025,6,2,19.57,201.0,29.68,43
00004_11-06-2025-20.05,AVE,2025,6,2,20.08,157.0,49.54,60
00009_11-06-2025-20.22,IRYO,2025,6,2,20.37,172.0,34.76,9
00020_11-06-2025-20.27,AVE,2025,6,2,20.45,201.0,35.76,18
00005_11-06-2025-21.02,OUIGO,2025,6,2,21.03,172.0,23.97,1187
00007_11-06-2025-21.07,AVE,2025,6,2,21.12,172.0,53.6,2
00001_12-06-2025-06.12,AVLO,2025,6,3,6.2,157.0,23.74,1234
00002_12-06-2025-06.22,IRYO,2025,6,3,6.37,157.0,42.91,275
00003_12-06-2025-06.27,AVE,2025,6,3,6.45,178.0,56.79,216
00004_12-06-2025-06.57,AVE,2025,6,3,6.95,157.0,77.83,22
00005_12-06-2025-07.02,OUIGO,2025,6,3,7.03,172.0,58.87,3
00002_12-06-2025-07.22,IRYO,2025,6,3,7.37,157.0,42.65,76
00006_12-06-2025-07.27,AVE,2025,6,3,7.45,199.0,44.93,145
00004_12-06-2025-07.57,AVE,2025,6,3,7.95,157.0,36.03,588
00007_12-06-2025-08.27,AVE,2025,6,3,8.45,172.0,60.95,41
00002_12-06-2025-08.32,IRYO,2025,6,3,8.53,157.0,52.16,15
00008_12-06-2025-08.57,AVE,2025,6,3,8.95,164.0,71.07,32
00009_12-06-2025-09.22,IRYO,2025,6,3,9.37,172.0,68.96,1
00010_12-06-2025-09.27,AVE,2025,6,3,9.45,194.0,82.85,6
00009_12-06-2025-09.57,IRYO,2025,6,3,9.95,172.0,37.87,229
00011_12-06-2025-10.02,OUIGO,2025,6,3,10.03,182.0,63.55,3
00012_12-06-2025-10.27,AVLO,2025,6,3,10.45,172.0,57.73,42
00009_12-06-2025-11.22,IRYO,2025,6,3,11.37,172.0,46.22,122
00006_12-06-2025-11.27,AVE,2025,6,3,11.45,199.0,54.03,180
00009_12-06-2025-12.22,IRYO,2025,6,3,12.37,172.0,48.96,72
00013_12-06-2025-12.27,AVE,2025,6,3,12.45,197.0,42.43,364
00004_12-06-2025-12.57,AVE,2025,6,3,12.95,157.0,56.93,177
00014_12-06-2025-13.18,AVE,2025,6,3,13.3,184.0,55.14,76
00004_12-06-2025-13.57,AVE,2025,6,3,13.95,157.0,,0
00009_12-06-2025-14.02,IRYO,2025,6,3,14.03,172.0,,0
00015_12-06-2025-14.12,OUIGO,2025,6,3,14.2,157.0,,0
00016_12-06-2025-14.27,AVE,2025,6,3,14.45,177.0,92.86,3
00017_12-06-2025-14.42,IRYO,2025,6,3,14.7,179.0,44.81,94
00004_12-06-2025-14.57,AVE,2025,6,3,14.95,157.0,72.45,85
00018_12-06-2025-15.27,AVLO,2025,6,3,15.45,199.0,38.81,104
00004_12-06-2025-15.57,AVE,2025,6,3,15.95,157.0,101.31,7
00007_12-06-2025-16.27,AVE,2025,6,3,16.45,172.0,86.04,17
00002_12-06-2025-16.37,IRYO,2025,6,3,16.62,157.0,32.01,671
00004_12-06-2025-16.57,AVE,2025,6,3,16.95,157.0,145.63,0
00015_12-06-2025-17.17,OUIGO,2025,6,3,17.28,157.0,41.63,130
00009_12-06-2025-17.22,IRYO,2025,6,3,17.37,172.0,94.7,0
00006_12-06-2025-17.27,AVE,2025,6,3,17.45,199.0,97.52,0
00004_12-06-2025-17.57,AVE,2025,6,3,17.95,157.0,36.19,878
00016_12-06-2025-18.27,AVE,2025,6,3,18.45,177.0,66.02,22
00002_12-06-2025-18.32,IRYO,2025,6,3,18.53,157.0,33.64,158
00004_12-06-2025-18.57,AVE,2025,6,3,18.95,157.0,72.23,14
00009_12-06-2025-19.29,IRYO,2025,6,3,19.48,172.0,23.85,81
00019_12-06-2025-19.34,AVLO,2025,6,3,19.57,201.0,23.54,27
00004_12-06-2025-20.05,AVE,2025,6,3,20.08,157.0,51.33,30
00009_12-06-2025-20.22,IRYO,2025,6,3,20.37,172.0,13.18,1664
00020_12-06-2025-20.27,AVE,2025,6,3,20.45,201.0,29.25,29
00005_12-06-2025-21.02,OUIGO,2025,6,3,21.03,172.0,38.13,0
00007_12-06-2025-21.07,AVE,2025,6,3,21.12,172.0,48.85,2
00002_13-06-2025-06.22,IRYO,2025,6,4,6.37,157.0,34.76,201
00021_13-06-2025-06.27,AVLO,2025,6,4,6.45,178.0,21.06,1260
00004_13-06-2025-06.57,AVE,2025,6,4,6.95,157.0,49.23,173
00005_13-06-2025-07.02,OUIGO,2025,6,4,7.03,172.0,19.15,1144
00002_13-06-2025-07.22,IRYO,2025,6,4,7.37,157.0,28.51,226
00006_13-06-2025-07.27,AVE,2025,6,4,7.45,199.0,48.68,74
00004_13-06-2025-07.57,AVE,2025,6,4,7.95,157.0,54.75,57
00002_13-06-2025-08.32,IRYO,2025,6,4,8.53,157.0,22.92,1229
00008_13-06-2025-08.57,AVE,2025,6,4,8.95,164.0,121.11,0
00009_13-06-2025-09.22,IRYO,2025,6,4,9.37,172.0,50.45,45
00010_13-06-2025-09.27,AVE,2025,6,4,9.45,194.0,57.4,120
00009_13-06-2025-09.57,IRYO,2025,6,4,9.95,172.0,47.12,82
00011_13-06-2025-10.02,OUIGO,2025,6,4,10.03,182.0,37.89,93
00012_13-06-2025-10.27,AVLO,2025,6,4,10.45,172.0,54.72,56
00009_13-06-2025-11.22,IRYO,2025,6,4,11.37,172.0,77.48,3
00006_13-06-2025-11.27,AVE,2025,6,4,11.45,199.0,113.31,0
00009_13-06-2025-12.22,IRYO,2025,6,4,12.37,172.0,46.97,123
00013_13-06-2025-12.27,AVE,2025,6,4,12.45,197.0,52.74,212
00004_13-06-2025-12.57,AVE,2025,6,4,12.95,157.0,68.88,88
00014_13-06-2025-13.18,AVE,2025,6,4,13.3,184.0,55.14,78
00004_13-06-2025-13.57,AVE,2025,6,4,13.95,157.0,77.59,41
00009_13-06-2025-14.02,IRYO,2025,6,4,14.03,172.0,70.53,8
00015_13-06-2025-14.12,OUIGO,2025,6,4,14.2,157.0,30.77,249
00016_13-06-2025-14.27,AVE,2025,6,4,14.45,177.0,98.8,2
00017_13-06-2025-14.42,IRYO,2025,6,4,14.7,179.0,79.59,4
00004_13-06-2025-14.57,AVE,2025,6,4,14.95,157.0,79.87,49
00018_13-06-2025-15.27,AVLO,2025,6,4,15.45,199.0,61.74,16
00004_13-06-2025-15.57,AVE,2025,6,4,15.95,157.0,85.53,40
00007_13-06-2025-16.27,AVE,2025,6,4,16.45,172.0,80.42,59
00002_13-06-2025-16.37,IRYO,2025,6,4,16.62,157.0,75.53,23
00004_13-06-2025-16.57,AVE,2025,6,4,16.95,157.0,112.36,2
00015_13-06-2025-17.17,OUIGO,2025,6,4,17.28,157.0,40.61,161
00009_13-06-2025-17.22,IRYO,2025,6,4,17.37,172.0,65.02,37
00018_13-06-2025-17.27,AVLO,2025,6,4,17.45,199.0,53.18,27
00004_13-06-2025-17.57,AVE,2025,6,4,17.95,157.0,52.42,346
00016_13-06-2025-18.27,AVE,2025,6,4,18.45,177.0,83.95,7
00002_13-06-2025-18.32,IRYO,2025,6,4,18.53,157.0,60.13,16
00004_13-06-2025-18.57,AVE,2025,6,4,18.95,157.0,66.72,32
00009_13-06-2025-19.29,IRYO,2025,6,4,19.48,172.0,64.05,0
00019_13-06-2025-19.34,AVLO,2025,6,4,19.57,201.0,40.18,6
00004_13-06-2025-20.05,AVE,2025,6,4,20.08,157.0,48.04,44
00009_13-06-2025-20.22,IRYO,2025,6,4,20.37,172.0,17.75,3625
00020_13-06-2025-20.27,AVE,2025,6,4,20.45,201.0,34.52,27
00005_13-06-2025-21.02,OUIGO,2025,6,4,21.03,172.0,29.31,7
00007_13-06-2025-21.07,AVE,2025,6,4,21.12,172.0,91.36,0
00021_14-06-2025-06.27,AVLO,2025,6,5,6.45,178.0,30.9,461
00005_14-06-2025-07.02,OUIGO,2025,6,5,7.03,172.0,33.62,121
00006_14-06-2025-07.27,AVE,2025,6,5,7.45,199.0,52.06,91
00009_14-06-2025-08.07,IRYO,2025,6,5,8.12,172.0,27.41,514
00007_14-06-2025-08.27,AVE,2025,6,5,8.45,172.0,46.57,172
00008_14-06-2025-08.57,AVE,2025,6,5,8.95,164.0,69.77,19
00009_14-06-2025-09.22,IRYO,2025,6,5,9.37,172.0,43.79,39
00010_14-06-2025-09.27,AVE,2025,6,5,9.45,194.0,54.29,96
00009_14-06-2025-09.57,IRYO,2025,6,5,9.95,172.0,43.12,80
00011_14-06-2025-10.02,OUIGO,2025,6,5,10.03,182.0,26.14,356
00012_14-06-2025-10.27,AVLO,2025,6,5,10.45,172.0,54.35,34
00009_14-06-2025-11.22,IRYO,2025,6,5,11.37,172.0,48.26,57
00006_14-06-2025-11.27,AVE,2025,6,5,11.45,199.0,47.69,242
00009_14-06-2025-12.22,IRYO,2025,6,5,12.37,172.0,41.69,93
00013_14-06-2025-12.27,AVE,2025,6,5,12.45,197.0,48.89,171
00014_14-06-2025-13.18,AVE,2025,6,5,13.3,184.0,82.74,3
00015_14-06-2025-14.12,OUIGO,2025,6,5,14.2,157.0,21.72,1432
00017_14-06-2025-14.42,IRYO,2025,6,5,14.7,179.0,56.15,14
00018_14-06-2025-15.27,AVLO,2025,6,5,15.45,199.0,33.42,102
00007_14-06-2025-16.27,AVE,2025,6,5,16.45,172.0,104.8,2
00002_14-06-2025-16.37,IRYO,2025,6,5,16.62,157.0,29.94,419
00015_14-06-2025-17.17,OUIGO,2025,6,5,17.28,157.0,20.6,1781
00018_14-06-2025-17.27,AVLO,2025,6,5,17.45,199.0,19.47,2192
00016_14-06-2025-18.27,AVE,2025,6,5,18.45,177.0,106.95,0
00009_14-06-2025-19.29,IRYO,2025,6,5,19.48,172.0,35.28,25
00019_14-06-2025-19.34,AVLO,2025,6,5,19.57,201.0,34.08,7
00009_14-06-2025-20.22,IRYO,2025,6,5,20.37,172.0,42.24,3
00020_14-06-2025-20.27,AVE,2025,6,5,20.45,201.0,21.13,1870
00005_14-06-2025-21.02,OUIGO,2025,6,5,21.03,172.0,24.02,87
00021_15-06-2025-06.27,AVLO,2025,6,6,6.45,178.0,54.1,91
00005_15-06-2025-07.02,OUIGO,2025,6,6,7.03,172.0,48.71,73
00006_15-06-2025-07.27,AVE,2025,6,6,7.45,199.0,68.6,45
00009_15-06-2025-08.07,IRYO,2025,6,6,8.12,172.0,55.28,28
00007_15-06-2025-08.27,AVE,2025,6,6,8.45,172.0,91.0,2
00009_15-06-2025-09.22,IRYO,2025,6,6,9.37,172.0,40.49,1474
00010_15-06-2025-09.27,AVE,2025,6,6,9.45,194.0,66.74,62
00009_15-06-2025-09.57,IRYO,2025,6,6,9.95,172.0,65.89,15
00011_15-06-2025-10.02,OUIGO,2025,6,6,10.03,182.0,49.9,37
00012_15-06-2025-10.27,AVLO,2025,6,6,10.45,172.0,39.64,2185
00009_15-06-2025-11.22,IRYO,2025,6,6,11.37,172.0,77.19,4
00006_15-06-2025-11.27,AVE,2025,6,6,11.45,199.0,131.26,0
00009_15-06-2025-12.22,IRYO,2025,6,6,12.37,172.0,62.15,36
00013_15-06-2025-12.27,AVE,2025,6,6,12.45,197.0,52.84,280
00014_15-06-2025-13.18,AVE,2025,6,6,13.3,184.0,55.14,100
00009_15-06-2025-14.02,IRYO,2025,6,6,14.03,172.0,74.58,3
00015_15-06-2025-14.12,OUIGO,2025,6,6,14.2,157.0,45.95,593
00016_15-06-2025-14.27,AVE,2025,6,6,14.45,177.0,95.44,6
00017_15-06-2025-14.42,IRYO,2025,6,6,14.7,179.0,72.06,15
00018_15-06-2025-15.27,AVLO,2025,6,6,15.45,199.0,67.06,23
00007_15-06-2025-16.27,AVE,2025,6,6,16.45,172.0,84.56,67
00002_15-06-2025-16.37,IRYO,2025,6,6,16.62,157.0,82.93,25
00004_15-06-2025-16.57,AVE,2025,6,6,16.95,157.0,89.66,63
00015_15-06-2025-17.17,OUIGO,2025,6,6,17.28,157.0,55.9,82
00009_15-06-2025-17.22,IRYO,2025,6,6,17.37,172.0,87.55,4
00018_15-06-2025-17.27,AVLO,2025,6,6,17.45,199.0,68.63,15
00004_15-06-2025-17.57,AVE,2025,6,6,17.95,157.0,61.09,236
00016_15-06-2025-18.27,AVE,2025,6,6,18.45,177.0,105.81,2
00002_15-06-2025-18.32,IRYO,2025,6,6,18.53,157.0,81.13,1
00004_15-06-2025-18.57,AVE,2025,6,6,18.95,157.0,120.86,0
00009_15-06-2025-19.29,IRYO,2025,6,6,19.48,172.0,84.66,0
00019_15-06-2025-19.34,AVLO,2025,6,6,19.57,201.0,87.61,0
00004_15-06-2025-20.05,AVE,2025,6,6,20.08,157.0,57.85,37
00009_15-06-2025-20.22,IRYO,2025,6,6,20.37,172.0,77.47,0
00020_15-06-2025-20.27,AVE,2025,6,6,20.45,201.0,64.11,1
00005_15-06-2025-21.02,OUIGO,2025,6,6,21.03,172.0,87.12,0
00007_15-06-2025-21.07,AVE,2025,6,6,21.12,172.0,130.17,0
00001_16-06-2025-06.12,AVLO,2025,6,0,6.2,157.0,28.52,622
00002_16-06-2025-06.22,IRYO,2025,6,0,6.37,157.0,24.47,735
00003_16-06-2025-06.27,AVE,2025,6,0,6.45,178.0,39.55,532
00004_16-06-2025-06.57,AVE,2025,6,0,6.95,157.0,53.07,214
00005_16-06-2025-07.02,OUIGO,2025,6,0,7.03,172.0,38.56,32
00002_16-06-2025-07.22,IRYO,2025,6,0,7.37,157.0,37.53,92
00006_16-06-2025-07.27,AVE,2025,6,0,7.45,199.0,60.17,16
00004_16-06-2025-07.57,AVE,2025,6,0,7.95,157.0,69.7,11
00007_16-06-2025-08.27,AVE,2025,6,0,8.45,172.0,77.09,5
00002_16-06-2025-08.32,IRYO,2025,6,0,8.53,157.0,43.08,40
00008_16-06-2025-08.57,AVE,2025,6,0,8.95,164.0,52.97,101
00009_16-06-2025-09.22,IRYO,2025,6,0,9.37,172.0,50.7,34
00010_16-06-2025-09.27,AVE,2025,6,0,9.45,194.0,72.04,20
00009_16-06-2025-09.57,IRYO,2025,6,0,9.95,172.0,42.0,81
00011_16-06-2025-10.02,OUIGO,2025,6,0,10.03,182.0,51.7,7
00012_16-06-2025-10.27,AVLO,2025,6,0,10.45,172.0,35.97,161
00009_16-06-2025-11.22,IRYO,2025,6,0,11.37,172.0,34.92,135
00006_16-06-2025-11.27,AVE,2025,6,0,11.45,199.0,40.42,221
00009_16-06-2025-12.22,IRYO,2025,6,0,12.37,172.0,30.32,130
00013_16-06-2025-12.27,AVE,2025,6,0,12.45,197.0,40.6,180
00004_16-06-2025-12.57,AVE,2025,6,0,12.95,157.0,47.94,123
00014_16-06-2025-13.18,AVE,2025,6,0,13.3,184.0,68.94,0
00009_16-06-2025-14.02,IRYO,2025,6,0,14.03,172.0,50.67,9
00015_16-06-2025-14.12,OUIGO,2025,6,0,14.2,157.0,48.25,8
00016_16-06-2025-14.27,AVE,2025,6,0,14.45,177.0,45.18,145
00017_16-06-2025-14.42,IRYO,2025,6,0,14.7,179.0,40.9,26
00004_16-06-2025-14.57,AVE,2025,6,0,14.95,157.0,46.7,187
00018_16-06-2025-15.27,AVLO,2025,6,0,15.45,199.0,31.49,53
00004_16-06-2025-15.57,AVE,2025,6,0,15.95,157.0,44.29,364
00007_16-06-2025-16.27,AVE,2025,6,0,16.45,172.0,69.38,18
00002_16-06-2025-16.37,IRYO,2025,6,0,16.62,157.0,22.77,1013
00004_16-06-2025-16.57,AVE,2025,6,0,16.95,157.0,49.08,362
00015_16-06-2025-17.17,OUIGO,2025,6,0,17.28,157.0,31.67,90
00009_16-06-2025-17.22,IRYO,2025,6,0,17.37,172.0,37.33,89
00006_16-06-2025-17.27,AVE,2025,6,0,17.45,199.0,64.59,8
00004_16-06-2025-17.57,AVE,2025,6,0,17.95,157.0,42.37,231
00016_16-06-2025-18.27,AVE,2025,6,0,18.45,177.0,66.05,6
00002_16-06-2025-18.32,IRYO,2025,6,0,18.53,157.0,41.16,23
00004_16-06-2025-18.57,AVE,2025,6,0,18.95,157.0,36.0,158
00009_16-06-2025-19.29,IRYO,2025,6,0,19.48,172.0,44.13,1
00019_16-06-2025-19.34,AVLO,2025,6,0,19.57,201.0,19.63,738
00004_16-06-2025-20.05,AVE,2025,6,0,20.08,157.0,23.2,374
00009_16-06-2025-20.22,IRYO,2025,6,0,20.37,172.0,33.84,2
00020_16-06-2025-20.27,AVE,2025,6,0,20.45,201.0,25.55,38
00005_16-06-2025-21.02,OUIGO,2025,6,0,21.03,172.0,47.97,0
00007_16-06-2025-21.07,AVE,2025,6,0,21.12,172.0,35.38,2
00001_17-06-2025-06.12,AVLO,2025,6,1,6.2,157.0,34.97,211
00002_17-06-2025-06.22,IRYO,2025,6,1,6.37,157.0,10.0,987
00003_17-06-2025-06.27,AVE,2025,6,1,6.45,178.0,46.02,168
00004_17-06-2025-06.57,AVE,2025,6,1,6.95,157.0,112.76,0
00005_17-06-2025-07.02,OUIGO,2025,6,1,7.03,172.0,44.22,4
00002_17-06-2025-07.22,IRYO,2025,6,1,7.37,157.0,17.47,237
00006_17-06-2025-07.27,AVE,2025,6,1,7.45,199.0,36.06,102
00004_17-06-2025-07.57,AVE,2025,6,1,7.95,157.0,37.84,166
00007_17-06-2025-08.27,AVE,2025,6,1,8.45,172.0,77.17,1
00002_17-06-2025-08.32,IRYO,2025,6,1,8.53,157.0,32.39,41
00008_17-06-2025-08.57,AVE,2025,6,1,8.95,164.0,55.76,18
00009_17-06-2025-09.22,IRYO,2025,6,1,9.37,172.0,43.14,18
00010_17-06-2025-09.27,AVE,2025,6,1,9.45,194.0,44.78,76
00009_17-06-2025-09.57,IRYO,2025,6,1,9.95,172.0,38.43,53
00011_17-06-2025-10.02,OUIGO,2025,6,1,10.03,182.0,24.83,51
00012_17-06-2025-10.27,AVLO,2025,6,1,10.45,172.0,34.72,65
00009_17-06-2025-11.22,IRYO,2025,6,1,11.37,172.0,33.15,90
00006_17-06-2025-11.27,AVE,2025,6,1,11.45,199.0,43.04,118
00009_17-06-2025-12.22,IRYO,2025,6,1,12.37,172.0,36.63,58
00013_17-06-2025-12.27,AVE,2025,6,1,12.45,197.0,42.31,78
00004_17-06-2025-12.57,AVE,2025,6,1,12.95,157.0,53.26,49
00014_17-06-2025-13.18,AVE,2025,6,1,13.3,184.0,48.24,17
00009_17-06-2025-14.02,IRYO,2025,6,1,14.03,172.0,38.85,27
00015_17-06-2025-14.12,OUIGO,2025,6,1,14.2,157.0,10.0,1234
00016_17-06-2025-14.27,AVE,2025,6,1,14.45,177.0,66.86,2
00017_17-06-2025-14.42,IRYO,2025,6,1,14.7,179.0,31.02,31
00004_17-06-2025-14.57,AVE,2025,6,1,14.95,157.0,57.32,39
00018_17-06-2025-15.27,AVLO,2025,6,1,15.45,199.0,30.46,22
00004_17-06-2025-15.57,AVE,2025,6,1,15.95,157.0,26.85,546
00007_17-06-2025-16.27,AVE,2025,6,1,16.45,172.0,37.94,234
00002_17-06-2025-16.37,IRYO,2025,6,1,16.62,157.0,25.95,193
00004_17-06-2025-16.57,AVE,2025,6,1,16.95,157.0,45.16,206
00015_17-06-2025-17.17,OUIGO,2025,6,1,17.28,157.0,40.38,20
00009_17-06-2025-17.22,IRYO,2025,6,1,17.37,172.0,24.92,129
00006_17-06-2025-17.27,AVE,2025,6,1,17.45,199.0,48.57,45
00004_17-06-2025-17.57,AVE,2025,6,1,17.95,157.0,75.17,7
00016_17-06-2025-18.27,AVE,2025,6,1,18.45,177.0,57.68,9
00002_17-06-2025-18.32,IRYO,2025,6,1,18.53,157.0,52.07,4
00004_17-06-2025-18.57,AVE,2025,6,1,18.95,157.0,28.12,163
00009_17-06-2025-19.29,IRYO,2025,6,1,19.48,172.0,29.96,7
00019_17-06-2025-19.34,AVLO,2025,6,1,19.57,201.0,30.52,7
00004_17-06-2025-20.05,AVE,2025,6,1,20.08,157.0,38.48,20
00009_17-06-2025-20.22,IRYO,2025,6,1,20.37,172.0,39.6,1
00020_17-06-2025-20.27,AVE,2025,6,1,20.45,201.0,35.79,1
00005_17-06-2025-21.02,OUIGO,2025,6,1,21.03,172.0,36.36,1
00007_17-06-2025-21.07,AVE,2025,6,1,21.12,172.0,52.92,0
00001_18-06-2025-06.12,AVLO,2025,6,2,6.2,157.0,35.78,809
00002_18-06-2025-06.22,IRYO,2025,6,2,6.37,157.0,47.58,256
00003_18-06-2025-06.27,AVE,2025,6,2,6.45,178.0,58.8,241
00004_18-06-2025-06.57,AVE,2025,6,2,6.95,157.0,105.47,1
00005_18-06-2025-07.02,OUIGO,2025,6,2,7.03,172.0,65.81,1
00002_18-06-2025-07.22,IRYO,2025,6,2,7.37,157.0,20.4,817
00006_18-06-2025-07.27,AVE,2025,6,2,7.45,199.0,40.58,247
00004_18-06-2025-07.57,AVE,2025,6,2,7.95,157.0,42.21,390
00007_18-06-2025-08.27,AVE,2025,6,2,8.45,172.0,87.13,0
00002_18-06-2025-08.32,IRYO,2025,6,2,8.53,157.0,46.9,21
00008_18-06-2025-08.57,AVE,2025,6,2,8.95,164.0,44.29,262
00009_18-06-2025-09.22,IRYO,2025,6,2,9.37,172.0,39.02,107
00010_18-06-2025-09.27,AVE,2025,6,2,9.45,194.0,78.33,5
00009_18-06-2025-09.57,IRYO,2025,6,2,9.95,172.0,45.23,94
00011_18-06-2025-10.02,OUIGO,2025,6,2,10.03,182.0,49.14,22
00012_18-06-2025-10.27,AVLO,2025,6,2,10.45,172.0,46.6,98
00009_18-06-2025-11.22,IRYO,2025,6,2,11.37,172.0,52.14,75
00006_18-06-2025-11.27,AVE,2025,6,2,11.45,199.0,59.93,85
00009_18-06-2025-12.22,IRYO,2025,6,2,12.37,172.0,56.14,24
00013_18-06-2025-12.27,AVE,2025,6,2,12.45,197.0,52.45,122
00004_18-06-2025-12.57,AVE,2025,6,2,12.95,157.0,68.4,53
00014_18-06-2025-13.18,AVE,2025,6,2,13.3,184.0,48.24,51
00009_18-06-2025-14.02,IRYO,2025,6,2,14.03,172.0,20.2,1333
00015_18-06-2025-14.12,OUIGO,2025,6,2,14.2,157.0,36.18,30
00016_18-06-2025-14.27,AVE,2025,6,2,14.45,177.0,36.69,357
00017_18-06-2025-14.42,IRYO,2025,6,2,14.7,179.0,47.23,26
00004_18-06-2025-14.57,AVE,2025,6,2,14.95,157.0,31.14,974
00018_18-06-2025-15.27,AVLO,2025,6,2,15.45,199.0,35.34,137
00004_18-06-2025-15.57,AVE,2025,6,2,15.95,157.0,53.17,401
00007_18-06-2025-16.27,AVE,2025,6,2,16.45,172.0,63.03,193
00002_18-06-2025-16.37,IRYO,2025,6,2,16.62,157.0,64.8,48
00004_18-06-2025-16.57,AVE,2025,6,2,16.95,157.0,133.15,0
00015_18-06-2025-17.17,OUIGO,2025,6,2,17.28,157.0,45.9,112
00009_18-06-2025-17.22,IRYO,2025,6,2,17.37,172.0,51.45,89
00006_18-06-2025-17.27,AVE,2025,6,2,17.45,199.0,58.8,138
00004_18-06-2025-17.57,AVE,2025,6,2,17.95,157.0,56.83,330
00016_18-06-2025-18.27,AVE,2025,6,2,18.45,177.0,87.39,3
00002_18-06-2025-18.32,IRYO,2025,6,2,18.53,157.0,51.92,48
00004_18-06-2025-18.57,AVE,2025,6,2,18.95,157.0,109.23,0
00009_18-06-2025-19.29,IRYO,2025,6,2,19.48,172.0,42.26,19
00019_18-06-2025-19.34,AVLO,2025,6,2,19.57,201.0,24.94,54
00004_18-06-2025-20.05,AVE,2025,6,2,20.08,157.0,49.88,36
00009_18-06-2025-20.22,IRYO,2025,6,2,20.37,172.0,18.9,845
00020_18-06-2025-20.27,AVE,2025,6,2,20.45,201.0,47.88,5
00005_18-06-2025-21.02,OUIGO,2025,6,2,21.03,172.0,50.76,0
00007_18-06-2025-21.07,AVE,2025,6,2,21.12,172.0,80.62,0
00001_19-06-2025-06.12,AVLO,2025,6,3,6.2,157.0,28.44,712
00002_19-06-2025-06.22,IRYO,2025,6,3,6.37,157.0,44.63,176
00003_19-06-2025-06.27,AVE,2025,6,3,6.45,178.0,50.81,276
00004_19-06-2025-06.57,AVE,2025,6,3,6.95,157.0,64.0,93
00005_19-06-2025-07.02,OUIGO,2025,6,3,7.03,172.0,25.92,160
00002_19-06-2025-07.22,IRYO,2025,6,3,7.37,157.0,39.97,94
00006_19-06-2025-07.27,AVE,2025,6,3,7.45,199.0,36.93,210
00004_19-06-2025-07.57,AVE,2025,6,3,7.95,157.0,59.88,39
00007_19-06-2025-08.27,AVE,2025,6,3,8.45,172.0,81.18,6
00002_19-06-2025-08.32,IRYO,2025,6,3,8.53,157.0,49.32,11
00008_19-06-2025-08.57,AVE,2025,6,3,8.95,164.0,51.57,102
00009_19-06-2025-09.22,IRYO,2025,6,3,9.37,172.0,58.4,3
00010_19-06-2025-09.27,AVE,2025,6,3,9.45,194.0,44.66,244
00009_19-06-2025-09.57,IRYO,2025,6,3,9.95,172.0,53.96,14
00011_19-06-2025-10.02,OUIGO,2025,6,3,10.03,182.0,35.73,53
00012_19-06-2025-10.27,AVLO,2025,6,3,10.45,172.0,52.88,35
00009_19-06-2025-11.22,IRYO,2025,6,3,11.37,172.0,62.87,12
00006_19-06-2025-11.27,AVE,2025,6,3,11.45,199.0,56.0,118
00009_19-06-2025-12.22,IRYO,2025,6,3,12.37,172.0,55.55,30
00013_19-06-2025-12.27,AVE,2025,6,3,12.45,197.0,47.92,248
00004_19-06-2025-12.57,AVE,2025,6,3,12.95,157.0,67.95,80
00014_19-06-2025-13.18,AVE,2025,6,3,13.3,184.0,55.14,98
00004_19-06-2025-13.57,AVE,2025,6,3,13.95,157.0,,0
00009_19-06-2025-14.02,IRYO,2025,6,3,14.03,172.0,,0
00015_19-06-2025-14.12,OUIGO,2025,6,3,14.2,157.0,,0
00016_19-06-2025-14.27,AVE,2025,6,3,14.45,177.0,89.81,23
00017_19-06-2025-14.42,IRYO,2025,6,3,14.7,179.0,55.95,69
00004_19-06-2025-14.57,AVE,2025,6,3,14.95,157.0,79.34,95
00018_19-06-2025-15.27,AVLO,2025,6,3,15.45,199.0,43.45,165
00004_19-06-2025-15.57,AVE,2025,6,3,15.95,157.0,93.99,35
00007_19-06-2025-16.27,AVE,2025,6,3,16.45,172.0,83.45,86
00002_19-06-2025-16.37,IRYO,2025,6,3,16.62,157.0,73.89,64
00004_19-06-2025-16.57,AVE,2025,6,3,16.95,157.0,150.93,0
00015_19-06-2025-17.17,OUIGO,2025,6,3,17.28,157.0,67.05,25
00009_19-06-2025-17.22,IRYO,2025,6,3,17.37,172.0,61.01,63
00006_19-06-2025-17.27,AVE,2025,6,3,17.45,199.0,99.39,3
00004_19-06-2025-17.57,AVE,2025,6,3,17.95,157.0,54.85,535
00016_19-06-2025-18.27,AVE,2025,6,3,18.45,177.0,64.66,88
00002_19-06-2025-18.32,IRYO,2025,6,3,18.53,157.0,39.06,203
00004_19-06-2025-18.57,AVE,2025,6,3,18.95,157.0,79.36,26
00009_19-06-2025-19.29,IRYO,2025,6,3,19.48,172.0,39.45,24
00019_19-06-2025-19.34,AVLO,2025,6,3,19.57,201.0,30.02,93
00004_19-06-2025-20.05,AVE,2025,6,3,20.08,157.0,52.59,44
00009_19-06-2025-20.22,IRYO,2025,6,3,20.37,172.0,25.2,1033
00020_19-06-2025-20.27,AVE,2025,6,3,20.45,201.0,39.92,12
00005_19-06-2025-21.02,OUIGO,2025,6,3,21.03,172.0,54.85,0
00007_19-06-2025-21.07,AVE,2025,6,3,21.12,172.0,54.8,3
00002_20-06-2025-06.22,IRYO,2025,6,4,6.37,157.0,32.57,234
00021_20-06-2025-06.27,AVLO,2025,6,4,6.45,178.0,19.69,2129
00004_20-06-2025-06.57,AVE,2025,6,4,6.95,157.0,31.94,852
00005_20-06-2025-07.02,OUIGO,2025,6,4,7.03,172.0,35.31,33
00002_20-06-2025-07.22,IRYO,2025,6,4,7.37,157.0,56.03,6
00006_20-06-2025-07.27,AVE,2025,6,4,7.45,199.0,73.35,6
00004_20-06-2025-07.57,AVE,2025,6,4,7.95,157.0,61.38,38
00002_20-06-2025-08.32,IRYO,2025,6,4,8.53,157.0,46.71,52
00008_20-06-2025-08.57,AVE,2025,6,4,8.95,164.0,129.52,0
00009_20-06-2025-09.22,IRYO,2025,6,4,9.37,172.0,58.06,34
00010_20-06-2025-09.27,AVE,2025,6,4,9.45,194.0,77.72,22
00009_20-06-2025-09.57,IRYO,2025,6,4,9.95,172.0,61.76,34
00011_20-06-2025-10.02,OUIGO,2025,6,4,10.03,182.0,45.57,63
00012_20-06-2025-10.27,AVLO,2025,6,4,10.45,172.0,61.19,32
00009_20-06-2025-11.22,IRYO,2025,6,4,11.37,172.0,65.6,15
00006_20-06-2025-11.27,AVE,2025,6,4,11.45,199.0,102.81,0
00009_20-06-2025-12.22,IRYO,2025,6,4,12.37,172.0,20.69,4653
00013_20-06-2025-12.27,AVE,2025,6,4,12.45,197.0,44.09,260
00004_20-06-2025-12.57,AVE,2025,6,4,12.95,157.0,98.93,1
00014_20-06-2025-13.18,AVE,2025,6,4,13.3,184.0,55.14,42
00004_20-06-2025-13.57,AVE,2025,6,4,13.95,157.0,88.1,10
00009_20-06-2025-14.02,IRYO,2025,6,4,14.03,172.0,56.43,31
00015_20-06-2025-14.12,OUIGO,2025,6,4,14.2,157.0,42.87,68
00016_20-06-2025-14.27,AVE,2025,6,4,14.45,177.0,102.67,2
00017_20-06-2025-14.42,IRYO,2025,6,4,14.7,179.0,76.91,4
00004_20-06-2025-14.57,AVE,2025,6,4,14.95,157.0,93.42,15
00018_20-06-2025-15.27,AVLO,2025,6,4,15.45,199.0,68.52,18
00004_20-06-2025-15.57,AVE,2025,6,4,15.95,157.0,90.19,36
00007_20-06-2025-16.27,AVE,2025,6,4,16.45,172.0,92.54,17
00002_20-06-2025-16.37,IRYO,2025,6,4,16.62,157.0,59.42,101
00004_20-06-2025-16.57,AVE,2025,6,4,16.95,157.0,91.86,34
00015_20-06-2025-17.17,OUIGO,2025,6,4,17.28,157.0,40.03,198
00009_20-06-2025-17.22,IRYO,2025,6,4,17.37,172.0,47.85,133
00018_20-06-2025-17.27,AVLO,2025,6,4,17.45,199.0,60.43,15
00004_20-06-2025-17.57,AVE,2025,6,4,17.95,157.0,72.2,68
00016_20-06-2025-18.27,AVE,2025,6,4,18.45,177.0,101.62,0
00002_20-06-2025-18.32,IRYO,2025,6,4,18.53,157.0,53.06,28
00004_20-06-2025-18.57,AVE,2025,6,4,18.95,157.0,45.6,196
00009_20-06-2025-19.29,IRYO,2025,6,4,19.48,172.0,51.06,8
00019_20-06-2025-19.34,AVLO,2025,6,4,19.57,201.0,35.34,10
00004_20-06-2025-20.05,AVE,2025,6,4,20.08,157.0,59.31,9
00009_20-06-2025-20.22,IRYO,2025,6,4,20.37,172.0,33.9,18
00020_20-06-2025-20.27,AVE,2025,6,4,20.45,201.0,49.47,3
00005_20-06-2025-21.02,OUIGO,2025,6,4,21.03,172.0,27.07,213
00007_20-06-2025-21.07,AVE,2025,6,4,21.12,172.0,90.39,0
00021_21-06-2025-06.27,AVLO,2025,6,5,6.45,178.0,33.74,253
00005_21-06-2025-07.02,OUIGO,2025,6,5,7.03,172.0,41.34,40
00006_21-06-2025-07.27,AVE,2025,6,5,7.45,199.0,56.41,42
00009_21-06-2025-08.07,IRYO,2025,6,5,8.12,172.0,25.91,377
00007_21-06-2025-08.27,AVE,2025,6,5,8.45,172.0,40.98,151
00008_21-06-2025-08.57,AVE,2025,6,5,8.95,164.0,61.97,22
00009_21-06-2025-09.22,IRYO,2025,6,5,9.37,172.0,22.42,953
00010_21-06-2025-09.27,AVE,2025,6,5,9.45,194.0,47.92,96
00009_21-06-2025-09.57,IRYO,2025,6,5,9.95,172.0,53.83,12
00011_21-06-2025-10.02,OUIGO,2025,6,5,10.03,182.0,40.61,15
00012_21-06-2025-10.27,AVLO,2025,6,5,10.45,172.0,50.59,24
00009_21-06-2025-11.22,IRYO,2025,6,5,11.37,172.0,53.37,24
00006_21-06-2025-11.27,AVE,2025,6,5,11.45,199.0,51.63,106
00009_21-06-2025-12.22,IRYO,2025,6,5,12.37,172.0,39.79,84
00013_21-06-2025-12.27,AVE,2025,6,5,12.45,197.0,45.07,130
00014_21-06-2025-13.18,AVE,2025,6,5,13.3,184.0,82.74,2
00015_21-06-2025-14.12,OUIGO,2025,6,5,14.2,157.0,18.51,1864
00017_21-06-2025-14.42,IRYO,2025,6,5,14.7,179.0,34.58,77
00018_21-06-2025-15.27,AVLO,2025,6,5,15.45,199.0,32.63,81
00007_21-06-2025-16.27,AVE,2025,6,5,16.45,172.0,95.81,4
00002_21-06-2025-16.37,IRYO,2025,6,5,16.62,157.0,47.55,87
00015_21-06-2025-17.17,OUIGO,2025,6,5,17.28,157.0,20.4,876
00018_21-06-2025-17.27,AVLO,2025,6,5,17.45,199.0,24.02,263
00016_21-06-2025-18.27,AVE,2025,6,5,18.45,177.0,85.55,2
00009_21-06-2025-19.29,IRYO,2025,6,5,19.48,172.0,39.11,10
00019_21-06-2025-19.34,AVLO,2025,6,5,19.57,201.0,29.58,8
00009_21-06-2025-20.22,IRYO,2025,6,5,20.37,172.0,23.46,140
00020_21-06-2025-20.27,AVE,2025,6,5,20.45,201.0,27.76,134
00005_21-06-2025-21.02,OUIGO,2025,6,5,21.03,172.0,17.15,1055
00021_22-06-2025-06.27,AVLO,2025,6,6,6.45,178.0,56.3,77
00005_22-06-2025-07.02,OUIGO,2025,6,6,7.03,172.0,41.93,90
00006_22-06-2025-07.27,AVE,2025,6,6,7.45,199.0,35.26,3069
00009_22-06-2025-08.07,IRYO,2025,6,6,8.12,172.0,52.12,22
00007_22-06-2025-08.27,AVE,2025,6,6,8.45,172.0,85.02,3
00009_22-06-2025-09.22,IRYO,2025,6,6,9.37,172.0,52.4,44
00010_22-06-2025-09.27,AVE,2025,6,6,9.45,194.0,69.36,45
00009_22-06-2025-09.57,IRYO,2025,6,6,9.95,172.0,46.31,138
00011_22-06-2025-10.02,OUIGO,2025,6,6,10.03,182.0,48.03,42
00012_22-06-2025-10.27,AVLO,2025,6,6,10.45,172.0,35.66,2934
00009_22-06-2025-11.22,IRYO,2025,6,6,11.37,172.0,66.06,30
00006_22-06-2025-11.27,AVE,2025,6,6,11.45,199.0,132.07,0
00009_22-06-2025-12.22,IRYO,2025,6,6,12.37,172.0,59.14,51
00013_22-06-2025-12.27,AVE,2025,6,6,12.45,197.0,65.48,130
00014_22-06-2025-13.18,AVE,2025,6,6,13.3,184.0,55.14,144
00009_22-06-2025-14.02,IRYO,2025,6,6,14.03,172.0,91.41,3
00015_22-06-2025-14.12,OUIGO,2025,6,6,14.2,157.0,44.48,425
00016_22-06-2025-14.27,AVE,2025,6,6,14.45,177.0,127.85,0
00017_22-06-2025-14.42,IRYO,2025,6,6,14.7,179.0,84.57,4
00018_22-06-2025-15.27,AVLO,2025,6,6,15.45,199.0,65.47,42
00007_22-06-2025-16.27,AVE,2025,6,6,16.45,172.0,96.11,33
00002_22-06-2025-16.37,IRYO,2025,6,6,16.62,157.0,82.68,24
00004_22-06-2025-16.57,AVE,2025,6,6,16.95,157.0,81.57,185
00015_22-06-2025-17.17,OUIGO,2025,6,6,17.28,157.0,61.86,60
00009_22-06-2025-17.22,IRYO,2025,6,6,17.37,172.0,82.15,20
00018_22-06-2025-17.27,AVLO,2025,6,6,17.45,199.0,57.94,47
00004_22-06-2025-17.57,AVE,2025,6,6,17.95,157.0,64.82,292
00016_22-06-2025-18.27,AVE,2025,6,6,18.45,177.0,95.87,2
00002_22-06-2025-18.32,IRYO,2025,6,6,18.53,157.0,97.03,0
00004_22-06-2025-18.57,AVE,2025,6,6,18.95,157.0,113.17,2
00009_22-06-2025-19.29,IRYO,2025,6,6,19.48,172.0,78.21,0
00019_22-06-2025-19.34,AVLO,2025,6,6,19.57,201.0,76.89,2
00004_22-06-2025-20.05,AVE,2025,6,6,20.08,157.0,67.19,25
00009_22-06-2025-20.22,IRYO,2025,6,6,20.37,172.0,74.12,1
00020_22-06-2025-20.27,AVE,2025,6,6,20.45,201.0,76.96,2
00005_22-06-2025-21.02,OUIGO,2025,6,6,21.03,172.0,68.86,0
00007_22-06-2025-21.07,AVE,2025,6,6,21.12,172.0,108.13,0
00001_23-06-2025-06.12,AVLO,2025,6,0,6.2,157.0,28.54,726
00002_23-06-2025-06.22,IRYO,2025,6,0,6.37,157.0,37.68,301
00003_23-06-2025-06.27,AVE,2025,6,0,6.45,178.0,49.88,278
00004_23-06-2025-06.57,AVE,2025,6,0,6.95,157.0,60.98,115
00005_23-06-2025-07.02,OUIGO,2025,6,0,7.03,172.0,48.97,9
00002_23-06-2025-07.22,IRYO,2025,6,0,7.37,157.0,35.77,138
00006_23-06-2025-07.27,AVE,2025,6,0,7.45,199.0,49.66,69
00004_23-06-2025-07.57,AVE,2025,6,0,7.95,157.0,68.39,16
00007_23-06-2025-08.27,AVE,2025,6,0,8.45,172.0,67.42,15
00002_23-06-2025-08.32,IRYO,2025,6,0,8.53,157.0,44.06,29
00008_23-06-2025-08.57,AVE,2025,6,0,8.95,164.0,60.69,27
00009_23-06-2025-09.22,IRYO,2025,6,0,9.37,172.0,44.87,18
00010_23-06-2025-09.27,AVE,2025,6,0,9.45,194.0,70.26,10
00009_23-06-2025-09.57,IRYO,2025,6,0,9.95,172.0,29.48,135
00011_23-06-2025-10.02,OUIGO,2025,6,0,10.03,182.0,24.05,87
00012_23-06-2025-10.27,AVLO,2025,6,0,10.45,172.0,35.33,92
00009_23-06-2025-11.22,IRYO,2025,6,0,11.37,172.0,36.75,68
00006_23-06-2025-11.27,AVE,2025,6,0,11.45,199.0,46.36,97
00009_23-06-2025-12.22,IRYO,2025,6,0,12.37,172.0,36.45,45
00013_23-06-2025-12.27,AVE,2025,6,0,12.45,197.0,52.0,33
00004_23-06-2025-12.57,AVE,2025,6,0,12.95,157.0,42.75,141
00014_23-06-2025-13.18,AVE,2025,6,0,13.3,184.0,68.94,1
00009_23-06-2025-14.02,IRYO,2025,6,0,14.03,172.0,28.02,50
00015_23-06-2025-14.12,OUIGO,2025,6,0,14.2,157.0,49.85,2
00016_23-06-2025-14.27,AVE,2025,6,0,14.45,177.0,28.98,221
00017_23-06-2025-14.42,IRYO,2025,6,0,14.7,179.0,35.38,15
00004_23-06-2025-14.57,AVE,2025,6,0,14.95,157.0,36.28,203
00018_23-06-2025-15.27,AVLO,2025,6,0,15.45,199.0,39.05,13
00004_23-06-2025-15.57,AVE,2025,6,0,15.95,157.0,33.89,347
00007_23-06-2025-16.27,AVE,2025,6,0,16.45,172.0,62.65,23
00002_23-06-2025-16.37,IRYO,2025,6,0,16.62,157.0,18.12,607
00004_23-06-2025-16.57,AVE,2025,6,0,16.95,157.0,50.73,134
00015_23-06-2025-17.17,OUIGO,2025,6,0,17.28,157.0,30.45,35
00009_23-06-2025-17.22,IRYO,2025,6,0,17.37,172.0,25.62,128
00006_23-06-2025-17.27,AVE,2025,6,0,17.45,199.0,57.46,9
00004_23-06-2025-17.57,AVE,2025,6,0,17.95,157.0,39.3,124
00016_23-06-2025-18.27,AVE,2025,6,0,18.45,177.0,62.02,1
00002_23-06-2025-18.32,IRYO,2025,6,0,18.53,157.0,21.88,74
00004_23-06-2025-18.57,AVE,2025,6,0,18.95,157.0,36.67,54
00009_23-06-2025-19.29,IRYO,2025,6,0,19.48,172.0,49.34,1
00019_23-06-2025-19.34,AVLO,2025,6,0,19.57,201.0,23.56,3
00004_23-06-2025-20.05,AVE,2025,6,0,20.08,157.0,14.48,895
00009_23-06-2025-20.22,IRYO,2025,6,0,20.37,172.0,19.7,23
00020_23-06-2025-20.27,AVE,2025,6,0,20.45,201.0,24.3,9
00005_23-06-2025-21.02,OUIGO,2025,6,0,21.03,172.0,18.54,50
00007_23-06-2025-21.07,AVE,2025,6,0,21.12,172.0,30.79,4
00001_24-06-2025-06.12,AVLO,2025,6,1,6.2,157.0,33.91,140
00002_24-06-2025-06.22,IRYO,2025,6,1,6.37,157.0,12.84,6400
00003_24-06-2025-06.27,AVE,2025,6,1,6.45,178.0,40.37,173
00004_24-06-2025-06.57,AVE,2025,6,1,6.95,157.0,105.28,0
00005_24-06-2025-07.02,OUIGO,2025,6,1,7.03,172.0,22.93,155
00002_24-06-2025-07.22,IRYO,2025,6,1,7.37,157.0,46.46,16
00006_24-06-2025-07.27,AVE,2025,6,1,7.45,199.0,48.8,27
00004_24-06-2025-07.57,AVE,2025,6,1,7.95,157.0,42.24,136
00007_24-06-2025-08.27,AVE,2025,6,1,8.45,172.0,83.13,2
00002_24-06-2025-08.32,IRYO,2025,6,1,8.53,157.0,46.46,11
00008_24-06-2025-08.57,AVE,2025,6,1,8.95,164.0,41.02,155
00009_24-06-2025-09.22,IRYO,2025,6,1,9.37,172.0,32.77,77
00010_24-06-2025-09.27,AVE,2025,6,1,9.45,194.0,72.86,3
00009_24-06-2025-09.57,IRYO,2025,6,1,9.95,172.0,33.75,85
00011_24-06-2025-10.02,OUIGO,2025,6,1,10.03,182.0,37.51,24
00012_24-06-2025-10.27,AVLO,2025,6,1,10.45,172.0,34.04,76
00009_24-06-2025-11.22,IRYO,2025,6,1,11.37,172.0,24.8,332
00006_24-06-2025-11.27,AVE,2025,6,1,11.45,199.0,23.97,1776
00009_24-06-2025-12.22,IRYO,2025,6,1,12.37,172.0,19.29,1648
00013_24-06-2025-12.27,AVE,2025,6,1,12.45,197.0,43.38,40
00004_24-06-2025-12.57,AVE,2025,6,1,12.95,157.0,27.1,953
00014_24-06-2025-13.18,AVE,2025,6,1,13.3,184.0,48.24,11
00009_24-06-2025-14.02,IRYO,2025,6,1,14.03,172.0,39.44,14
00015_24-06-2025-14.12,OUIGO,2025,6,1,14.2,157.0,31.58,25
00016_24-06-2025-14.27,AVE,2025,6,1,14.45,177.0,84.52,1
00017_24-06-2025-14.42,IRYO,2025,6,1,14.7,179.0,32.5,30
00004_24-06-2025-14.57,AVE,2025,6,1,14.95,157.0,36.65,171
00018_24-06-2025-15.27,AVLO,2025,6,1,15.45,199.0,30.98,29
00004_24-06-2025-15.57,AVE,2025,6,1,15.95,157.0,45.53,109
00007_24-06-2025-16.27,AVE,2025,6,1,16.45,172.0,41.76,141
00002_24-06-2025-16.37,IRYO,2025,6,1,16.62,157.0,30.85,102
00004_24-06-2025-16.57,AVE,2025,6,1,16.95,157.0,59.64,61
00015_24-06-2025-17.17,OUIGO,2025,6,1,17.28,157.0,27.36,54
00009_24-06-2025-17.22,IRYO,2025,6,1,17.37,172.0,15.59,4395
00006_24-06-2025-17.27,AVE,2025,6,1,17.45,199.0,60.58,3
00004_24-06-2025-17.57,AVE,2025,6,1,17.95,157.0,81.74,2
00016_24-06-2025-18.27,AVE,2025,6,1,18.45,177.0,64.06,1
00002_24-06-2025-18.32,IRYO,2025,6,1,18.53,157.0,44.73,8
00004_24-06-2025-18.57,AVE,2025,6,1,18.95,157.0,33.05,70
00009_24-06-2025-19.29,IRYO,2025,6,1,19.48,172.0,18.76,872
00019_24-06-2025-19.34,AVLO,2025,6,1,19.57,201.0,29.18,1
00004_24-06-2025-20.05,AVE,2025,6,1,20.08,157.0,35.14,15
00009_24-06-2025-20.22,IRYO,2025,6,1,20.37,172.0,24.38,38
00020_24-06-2025-20.27,AVE,2025,6,1,20.45,201.0,34.76,4
00005_24-06-2025-21.02,OUIGO,2025,6,1,21.03,172.0,41.74,1
00007_24-06-2025-21.07,AVE,2025,6,1,21.12,172.0,56.87,0
00001_25-06-2025-06.12,AVLO,2025,6,2,6.2,157.0,37.72,406
00002_25-06-2025-06.22,IRYO,2025,6,2,6.37,157.0,32.24,532
00003_25-06-2025-06.27,AVE,2025,6,2,6.45,178.0,45.25,456
00004_25-06-2025-06.57,AVE,2025,6,2,6.95,157.0,98.51,1
00005_25-06-2025-07.02,OUIGO,2025,6,2,7.03,172.0,53.44,7
00002_25-06-2025-07.22,IRYO,2025,6,2,7.37,157.0,52.31,22
00006_25-06-2025-07.27,AVE,2025,6,2,7.45,199.0,24.16,645
00004_25-06-2025-07.57,AVE,2025,6,2,7.95,157.0,65.26,28
00007_25-06-2025-08.27,AVE,2025,6,2,8.45,172.0,80.45,1
00002_25-06-2025-08.32,IRYO,2025,6,2,8.53,157.0,46.32,20
00008_25-06-2025-08.57,AVE,2025,6,2,8.95,164.0,77.76,2
00009_25-06-2025-09.22,IRYO,2025,6,2,9.37,172.0,46.77,15
00010_25-06-2025-09.27,AVE,2025,6,2,9.45,194.0,56.7,49
00009_25-06-2025-09.57,IRYO,2025,6,2,9.95,172.0,32.52,129
00011_25-06-2025-10.02,OUIGO,2025,6,2,10.03,182.0,42.25,13
00012_25-06-2025-10.27,AVLO,2025,6,2,10.45,172.0,49.79,20
00009_25-06-2025-11.22,IRYO,2025,6,2,11.37,172.0,32.79,100
00006_25-06-2025-11.27,AVE,2025,6,2,11.45,199.0,39.95,130
00009_25-06-2025-12.22,IRYO,2025,6,2,12.37,172.0,30.01,86
00013_25-06-2025-12.27,AVE,2025,6,2,12.45,197.0,41.21,81
00004_25-06-2025-12.57,AVE,2025,6,2,12.95,157.0,41.74,149
00014_25-06-2025-13.18,AVE,2025,6,2,13.3,184.0,48.24,14
00009_25-06-2025-14.02,IRYO,2025,6,2,14.03,172.0,16.14,1414
00015_25-06-2025-14.12,OUIGO,2025,6,2,14.2,157.0,35.28,15
00016_25-06-2025-14.27,AVE,2025,6,2,14.45,177.0,26.99,395
00017_25-06-2025-14.42,IRYO,2025,6,2,14.7,179.0,44.95,15
00004_25-06-2025-14.57,AVE,2025,6,2,14.95,157.0,44.86,150
00018_25-06-2025-15.27,AVLO,2025,6,2,15.45,199.0,36.97,33
00004_25-06-2025-15.57,AVE,2025,6,2,15.95,157.0,39.04,497
00007_25-06-2025-16.27,AVE,2025,6,2,16.45,172.0,68.19,51
00002_25-06-2025-16.37,IRYO,2025,6,2,16.62,157.0,50.69,63
00004_25-06-2025-16.57,AVE,2025,6,2,16.95,157.0,111.61,0
00015_25-06-2025-17.17,OUIGO,2025,6,2,17.28,157.0,28.67,200
00009_25-06-2025-17.22,IRYO,2025,6,2,17.37,172.0,46.05,71
00006_25-06-2025-17.27,AVE,2025,6,2,17.45,199.0,39.72,251
00004_25-06-2025-17.57,AVE,2025,6,2,17.95,157.0,54.49,145
00016_25-06-2025-18.27,AVE,2025,6,2,18.45,177.0,66.01,15
00002_25-06-2025-18.32,IRYO,2025,6,2,18.53,157.0,50.28,23
00004_25-06-2025-18.57,AVE,2025,6,2,18.95,157.0,106.67,0
00009_25-06-2025-19.29,IRYO,2025,6,2,19.48,172.0,44.57,3
00019_25-06-2025-19.34,AVLO,2025,6,2,19.57,201.0,30.33,9
00004_25-06-2025-20.05,AVE,2025,6,2,20.08,157.0,36.18,75
00009_25-06-2025-20.22,IRYO,2025,6,2,20.37,172.0,36.31,7
00020_25-06-2025-20.27,AVE,2025,6,2,20.45,201.0,39.31,5
00005_25-06-2025-21.02,OUIGO,2025,6,2,21.03,172.0,44.02,0
00007_25-06-2025-21.07,AVE,2025,6,2,21.12,172.0,55.83,1
00001_26-06-2025-06.12,AVLO,2025,6,3,6.2,157.0,23.55,1030
00002_26-06-2025-06.22,IRYO,2025,6,3,6.37,157.0,43.47,210
00003_26-06-2025-06.27,AVE,2025,6,3,6.45,178.0,44.33,455
00004_26-06-2025-06.57,AVE,2025,6,3,6.95,157.0,71.34,43
00005_26-06-2025-07.02,OUIGO,2025,6,3,7.03,172.0,50.04,7
00002_26-06-2025-07.22,IRYO,2025,6,3,7.37,157.0,48.91,37
00006_26-06-2025-07.27,AVE,2025,6,3,7.45,199.0,53.36,36
00004_26-06-2025-07.57,AVE,2025,6,3,7.95,157.0,30.49,689
00007_26-06-2025-08.27,AVE,2025,6,3,8.45,172.0,59.06,29
00002_26-06-2025-08.32,IRYO,2025,6,3,8.53,157.0,36.54,79
00008_26-06-2025-08.57,AVE,2025,6,3,8.95,164.0,74.32,7
00009_26-06-2025-09.22,IRYO,2025,6,3,9.37,172.0,57.73,7
00010_26-06-2025-09.27,AVE,2025,6,3,9.45,194.0,57.33,82
00009_26-06-2025-09.57,IRYO,2025,6,3,9.95,172.0,63.03,11
00011_26-06-2025-10.02,OUIGO,2025,6,3,10.03,182.0,34.8,73
00012_26-06-2025-10.27,AVLO,2025,6,3,10.45,172.0,58.73,19
00009_26-06-2025-11.22,IRYO,2025,6,3,11.37,172.0,65.38,7
00006_26-06-2025-11.27,AVE,2025,6,3,11.45,199.0,60.07,55
00009_26-06-2025-12.22,IRYO,2025,6,3,12.37,172.0,31.14,189
00013_26-06-2025-12.27,AVE,2025,6,3,12.45,197.0,26.51,1046
00004_26-06-2025-12.57,AVE,2025,6,3,12.95,157.0,69.19,36
00014_26-06-2025-13.18,AVE,2025,6,3,13.3,184.0,55.14,39
00004_26-06-2025-13.57,AVE,2025,6,3,13.95,157.0,,0
00009_26-06-2025-14.02,IRYO,2025,6,3,14.03,172.0,,0
00015_26-06-2025-14.12,OUIGO,2025,6,3,14.2,157.0,,0
00016_26-06-2025-14.27,AVE,2025,6,3,14.45,177.0,79.07,20
00017_26-06-2025-14.42,IRYO,2025,6,3,14.7,179.0,42.07,154
00004_26-06-2025-14.57,AVE,2025,6,3,14.95,157.0,71.57,139
00018_26-06-2025-15.27,AVLO,2025,6,3,15.45,199.0,45.89,117
00004_26-06-2025-15.57,AVE,2025,6,3,15.95,157.0,93.78,29
00007_26-06-2025-16.27,AVE,2025,6,3,16.45,172.0,80.7,76
00002_26-06-2025-16.37,IRYO,2025,6,3,16.62,157.0,39.85,671
00004_26-06-2025-16.57,AVE,2025,6,3,16.95,157.0,130.59,0
00015_26-06-2025-17.17,OUIGO,2025,6,3,17.28,157.0,54.47,78
00009_26-06-2025-17.22,IRYO,2025,6,3,17.37,172.0,62.24,53
00006_26-06-2025-17.27,AVE,2025,6,3,17.45,199.0,102.18,0
00004_26-06-2025-17.57,AVE,2025,6,3,17.95,157.0,65.28,203
00016_26-06-2025-18.27,AVE,2025,6,3,18.45,177.0,57.74,121
00002_26-06-2025-18.32,IRYO,2025,6,3,18.53,157.0,53.33,46
00004_26-06-2025-18.57,AVE,2025,6,3,18.95,157.0,64.25,57
00009_26-06-2025-19.29,IRYO,2025,6,3,19.48,172.0,35.12,46
00019_26-06-2025-19.34,AVLO,2025,6,3,19.57,201.0,37.09,15
00004_26-06-2025-20.05,AVE,2025,6,3,20.08,157.0,23.83,1703
00009_26-06-2025-20.22,IRYO,2025,6,3,20.37,172.0,44.26,2
00020_26-06-2025-20.27,AVE,2025,6,3,20.45,201.0,59.48,1
00005_26-06-2025-21.02,OUIGO,2025,6,3,21.03,172.0,38.82,0
00007_26-06-2025-21.07,AVE,2025,6,3,21.12,172.0,56.96,1
00002_27-06-2025-06.22,IRYO,2025,6,4,6.37,157.0,13.36,3441
00021_27-06-2025-06.27,AVLO,2025,6,4,6.45,178.0,23.05,361
00004_27-06-2025-06.57,AVE,2025,6,4,6.95,157.0,49.85,91
00005_27-06-2025-07.02,OUIGO,2025,6,4,7.03,172.0,38.99,9
00002_27-06-2025-07.22,IRYO,2025,6,4,7.37,157.0,35.81,44
00006_27-06-2025-07.27,AVE,2025,6,4,7.45,199.0,69.63,2
00004_27-06-2025-07.57,AVE,2025,6,4,7.95,157.0,49.94,81
00002_27-06-2025-08.32,IRYO,2025,6,4,8.53,157.0,46.54,30
00008_27-06-2025-08.57,AVE,2025,6,4,8.95,164.0,123.47,0
00009_27-06-2025-09.22,IRYO,2025,6,4,9.37,172.0,48.97,40
00010_27-06-2025-09.27,AVE,2025,6,4,9.45,194.0,67.67,47
00009_27-06-2025-09.57,IRYO,2025,6,4,9.95,172.0,44.94,101
00011_27-06-2025-10.02,OUIGO,2025,6,4,10.03,182.0,32.16,133
00012_27-06-2025-10.27,AVLO,2025,6,4,10.45,172.0,61.71,12
00009_27-06-2025-11.22,IRYO,2025,6,4,11.37,172.0,49.98,99
00006_27-06-2025-11.27,AVE,2025,6,4,11.45,199.0,105.78,0
00009_27-06-2025-12.22,IRYO,2025,6,4,12.37,172.0,51.86,46
00013_27-06-2025-12.27,AVE,2025,6,4,12.45,197.0,43.88,274
00004_27-06-2025-12.57,AVE,2025,6,4,12.95,157.0,79.99,19
00014_27-06-2025-13.18,AVE,2025,6,4,13.3,184.0,55.14,60
00004_27-06-2025-13.57,AVE,2025,6,4,13.95,157.0,76.1,32
00009_27-06-2025-14.02,IRYO,2025,6,4,14.03,172.0,63.31,15
00015_27-06-2025-14.12,OUIGO,2025,6,4,14.2,157.0,52.74,24
00016_27-06-2025-14.27,AVE,2025,6,4,14.45,177.0,103.13,1
00017_27-06-2025-14.42,IRYO,2025,6,4,14.7,179.0,94.87,0
00004_27-06-2025-14.57,AVE,2025,6,4,14.95,157.0,109.46,1
00018_27-06-2025-15.27,AVLO,2025,6,4,15.45,199.0,56.72,19
00004_27-06-2025-15.57,AVE,2025,6,4,15.95,157.0,109.48,5
00007_27-06-2025-16.27,AVE,2025,6,4,16.45,172.0,85.67,27
00002_27-06-2025-16.37,IRYO,2025,6,4,16.62,157.0,59.53,75
00004_27-06-2025-16.57,AVE,2025,6,4,16.95,157.0,95.55,17
00015_27-06-2025-17.17,OUIGO,2025,6,4,17.28,157.0,49.74,46
00009_27-06-2025-17.22,IRYO,2025,6,4,17.37,172.0,70.9,6
00018_27-06-2025-17.27,AVLO,2025,6,4,17.45,199.0,59.07,7
00004_27-06-2025-17.57,AVE,2025,6,4,17.95,157.0,46.92,308
00016_27-06-2025-18.27,AVE,2025,6,4,18.45,177.0,74.27,12
00002_27-06-2025-18.32,IRYO,2025,6,4,18.53,157.0,42.44,48
00004_27-06-2025-18.57,AVE,2025,6,4,18.95,157.0,51.59,73
00009_27-06-2025-19.29,IRYO,2025,6,4,19.48,172.0,54.16,1
00019_27-06-2025-19.34,AVLO,2025,6,4,19.57,201.0,19.97,1391
00004_27-06-2025-20.05,AVE,2025,6,4,20.08,157.0,58.89,7
00009_27-06-2025-20.22,IRYO,2025,6,4,20.37,172.0,25.88,110
00020_27-06-2025-20.27,AVE,2025,6,4,20.45,201.0,43.27,3
00005_27-06-2025-21.02,OUIGO,2025,6,4,21.03,172.0,32.57,0
00007_27-06-2025-21.07,AVE,2025,6,4,21.12,172.0,84.67,0
00021_28-06-2025-06.27,AVLO,2025,6,5,6.45,178.0,20.94,1339
00005_28-06-2025-07.02,OUIGO,2025,6,5,7.03,172.0,24.03,295
00006_28-06-2025-07.27,AVE,2025,6,5,7.45,199.0,56.43,47
00009_28-06-2025-08.07,IRYO,2025,6,5,8.12,172.0,47.45,10
00007_28-06-2025-08.27,AVE,2025,6,5,8.45,172.0,40.94,194
00008_28-06-2025-08.57,AVE,2025,6,5,8.95,164.0,46.08,129
00009_28-06-2025-09.22,IRYO,2025,6,5,9.37,172.0,28.54,258
00010_28-06-2025-09.27,AVE,2025,6,5,9.45,194.0,56.24,51
00009_28-06-2025-09.57,IRYO,2025,6,5,9.95,172.0,30.66,212
00011_28-06-2025-10.02,OUIGO,2025,6,5,10.03,182.0,35.19,49
00012_28-06-2025-10.27,AVLO,2025,6,5,10.45,172.0,47.14,33
00009_28-06-2025-11.22,IRYO,2025,6,5,11.37,172.0,49.49,46
00006_28-06-2025-11.27,AVE,2025,6,5,11.45,199.0,65.64,45
00009_28-06-2025-12.22,IRYO,2025,6,5,12.37,172.0,26.77,456
00013_28-06-2025-12.27,AVE,2025,6,5,12.45,197.0,55.55,83
00014_28-06-2025-13.18,AVE,2025,6,5,13.3,184.0,82.74,0
00015_28-06-2025-14.12,OUIGO,2025,6,5,14.2,157.0,15.21,4281
00017_28-06-2025-14.42,IRYO,2025,6,5,14.7,179.0,40.31,66
00018_28-06-2025-15.27,AVLO,2025,6,5,15.45,199.0,31.6,127
00007_28-06-2025-16.27,AVE,2025,6,5,16.45,172.0,106.8,2
00002_28-06-2025-16.37,IRYO,2025,6,5,16.62,157.0,45.26,146
00015_28-06-2025-17.17,OUIGO,2025,6,5,17.28,157.0,18.05,1609
00018_28-06-2025-17.27,AVLO,2025,6,5,17.45,199.0,26.91,182
00016_28-06-2025-18.27,AVE,2025,6,5,18.45,177.0,99.87,1
00009_28-06-2025-19.29,IRYO,2025,6,5,19.48,172.0,20.38,498
00019_28-06-2025-19.34,AVLO,2025,6,5,19.57,201.0,38.18,3
00009_28-06-2025-20.22,IRYO,2025,6,5,20.37,172.0,33.89,3
00020_28-06-2025-20.27,AVE,2025,6,5,20.45,201.0,32.89,32
00005_28-06-2025-21.02,OUIGO,2025,6,5,21.03,172.0,32.17,1
00021_29-06-2025-06.27,AVLO,2025,6,6,6.45,178.0,58.22,81
00005_29-06-2025-07.02,OUIGO,2025,6,6,7.03,172.0,42.54,84
00006_29-06-2025-07.27,AVE,2025,6,6,7.45,199.0,32.53,4451
00009_29-06-2025-08.07,IRYO,2025,6,6,8.12,172.0,45.62,76
00007_29-06-2025-08.27,AVE,2025,6,6,8.45,172.0,71.29,18
00009_29-06-2025-09.22,IRYO,2025,6,6,9.37,172.0,33.99,2636
00010_29-06-2025-09.27,AVE,2025,6,6,9.45,194.0,70.93,42
00009_29-06-2025-09.57,IRYO,2025,6,6,9.95,172.0,54.87,71
00011_29-06-2025-10.02,OUIGO,2025,6,6,10.03,182.0,37.38,730
00012_29-06-2025-10.27,AVLO,2025,6,6,10.45,172.0,57.85,57
00009_29-06-2025-11.22,IRYO,2025,6,6,11.37,172.0,58.84,96
00006_29-06-2025-11.27,AVE,2025,6,6,11.45,199.0,150.93,0
00009_29-06-2025-12.22,IRYO,2025,6,6,12.37,172.0,63.18,61
00013_29-06-2025-12.27,AVE,2025,6,6,12.45,197.0,58.26,285
00014_29-06-2025-13.18,AVE,2025,6,6,13.3,184.0,55.14,193
00009_29-06-2025-14.02,IRYO,2025,6,6,14.03,172.0,80.43,11
00015_29-06-2025-14.12,OUIGO,2025,6,6,14.2,157.0,49.52,135
00016_29-06-2025-14.27,AVE,2025,6,6,14.45,177.0,95.33,17
00017_29-06-2025-14.42,IRYO,2025,6,6,14.7,179.0,75.78,25
00018_29-06-2025-15.27,AVLO,2025,6,6,15.45,199.0,66.69,58
00007_29-06-2025-16.27,AVE,2025,6,6,16.45,172.0,90.51,108
00002_29-06-2025-16.37,IRYO,2025,6,6,16.62,157.0,104.3,2
00004_29-06-2025-16.57,AVE,2025,6,6,16.95,157.0,77.2,366
00015_29-06-2025-17.17,OUIGO,2025,6,6,17.28,157.0,74.58,28
00009_29-06-2025-17.22,IRYO,2025,6,6,17.37,172.0,85.65,15
00018_29-06-2025-17.27,AVLO,2025,6,6,17.45,199.0,72.66,19
00004_29-06-2025-17.57,AVE,2025,6,6,17.95,157.0,77.03,195
00016_29-06-2025-18.27,AVE,2025,6,6,18.45,177.0,95.06,10
00002_29-06-2025-18.32,IRYO,2025,6,6,18.53,157.0,76.96,12
00004_29-06-2025-18.57,AVE,2025,6,6,18.95,157.0,108.16,4
00009_29-06-2025-19.29,IRYO,2025,6,6,19.48,172.0,100.39,0
00019_29-06-2025-19.34,AVLO,2025,6,6,19.57,201.0,87.79,0
00004_29-06-2025-20.05,AVE,2025,6,6,20.08,157.0,55.21,110
00009_29-06-2025-20.22,IRYO,2025,6,6,20.37,172.0,76.89,1
00020_29-06-2025-20.27,AVE,2025,6,6,20.45,201.0,61.66,8
00005_29-06-2025-21.02,OUIGO,2025,6,6,21.03,172.0,58.42,0
00007_29-06-2025-21.07,AVE,2025,6,6,21.12,172.0,131.65,0
00001_30-06-2025-06.12,AVLO,2025,6,0,6.2,157.0,33.76,466
00002_30-06-2025-06.22,IRYO,2025,6,0,6.37,157.0,19.85,1128
00003_30-06-2025-06.27,AVE,2025,6,0,6.45,178.0,46.78,387
00004_30-06-2025-06.57,AVE,2025,6,0,6.95,157.0,51.6,230
00005_30-06-2025-07.02,OUIGO,2025,6,0,7.03,172.0,28.81,57
00002_30-06-2025-07.22,IRYO,2025,6,0,7.37,157.0,27.13,274
00006_30-06-2025-07.27,AVE,2025,6,0,7.45,199.0,44.27,97
00004_30-06-2025-07.57,AVE,2025,6,0,7.95,157.0,69.71,7
00007_30-06-2025-08.27,AVE,2025,6,0,8.45,172.0,59.66,27
00002_30-06-2025-08.32,IRYO,2025,6,0,8.53,157.0,37.26,52
00008_30-06-2025-08.57,AVE,2025,6,0,8.95,164.0,45.35,132
00009_30-06-2025-09.22,IRYO,2025,6,0,9.37,172.0,50.37,9
00010_30-06-2025-09.27,AVE,2025,6,0,9.45,194.0,68.13,11
00009_30-06-2025-09.57,IRYO,2025,6,0,9.95,172.0,26.63,214
00011_30-06-2025-10.02,OUIGO,2025,6,0,10.03,182.0,47.12,6
00012_30-06-2025-10.27,AVLO,2025,6,0,10.45,172.0,35.87,77
00009_30-06-2025-11.22,IRYO,2025,6,0,11.37,172.0,28.56,132
00006_30-06-2025-11.27,AVE,2025,6,0,11.45,199.0,36.74,211
00009_30-06-2025-12.22,IRYO,2025,6,0,12.37,172.0,43.91,26
00013_30-06-2025-12.27,AVE,2025,6,0,12.45,197.0,39.48,106
00004_30-06-2025-12.57,AVE,2025,6,0,12.95,157.0,30.36,384
00014_30-06-2025-13.18,AVE,2025,6,0,13.3,184.0,68.94,1
00009_30-06-2025-14.02,IRYO,2025,6,0,14.03,172.0,28.04,97
00015_30-06-2025-14.12,OUIGO,2025,6,0,14.2,157.0,40.21,9
00016_30-06-2025-14.27,AVE,2025,6,0,14.45,177.0,35.16,267
00017_30-06-2025-14.42,IRYO,2025,6,0,14.7,179.0,30.26,70
00004_30-06-2025-14.57,AVE,2025,6,0,14.95,157.0,46.35,169
00018_30-06-2025-15.27,AVLO,2025,6,0,15.45,199.0,33.1,45
00004_30-06-2025-15.57,AVE,2025,6,0,15.95,157.0,44.62,374
00007_30-06-2025-16.27,AVE,2025,6,0,16.45,172.0,73.34,11
00002_30-06-2025-16.37,IRYO,2025,6,0,16.62,157.0,31.21,270
00004_30-06-2025-16.57,AVE,2025,6,0,16.95,157.0,49.23,357
00015_30-06-2025-17.17,OUIGO,2025,6,0,17.28,157.0,18.12,1782
00009_30-06-2025-17.22,IRYO,2025,6,0,17.37,172.0,29.58,189
00006_30-06-2025-17.27,AVE,2025,6,0,17.45,199.0,65.35,8
00004_30-06-2025-17.57,AVE,2025,6,0,17.95,157.0,39.1,346
00016_30-06-2025-18.27,AVE,2025,6,0,18.45,177.0,52.12,35
00002_30-06-2025-18.32,IRYO,2025,6,0,18.53,157.0,46.22,15
00004_30-06-2025-18.57,AVE,2025,6,0,18.95,157.0,40.25,127
00009_30-06-2025-19.29,IRYO,2025,6,0,19.48,172.0,39.99,5
00019_30-06-2025-19.34,AVLO,2025,6,0,19.57,201.0,21.48,125
00004_30-06-2025-20.05,AVE,2025,6,0,20.08,157.0,28.07,107
00009_30-06-2025-20.22,IRYO,2025,6,0,20.37,172.0,33.65,1
00020_30-06-2025-20.27,AVE,2025,6,0,20.45,201.0,27.82,21
00005_30-06-2025-21.02,OUIGO,2025,6,0,21.03,172.0,26.77,2
00007_30-06-2025-21.07,AVE,2025,6,0,21.12,172.0,32.02,6
00001_01-07-2025-06.12,AVLO,2025,7,1,6.2,157.0,35.56,1533
00002_01-07-2025-06.22,IRYO,2025,7,1,6.37,157.0,33.48,1504
00003_01-07-2025-06.27,AVE,2025,7,1,6.45,178.0,53.6,761
00004_01-07-2025-06.57,AVE,2025,7,1,6.95,157.0,115.68,0
00005_01-07-2025-07.02,OUIGO,2025,7,1,7.03,172.0,52.34,17
00002_01-07-2025-07.22,IRYO,2025,7,1,7.37,157.0,33.9,482
00006_01-07-2025-07.27,AVE,2025,7,1,7.45,199.0,41.52,360
00004_01-07-2025-07.57,AVE,2025,7,1,7.95,157.0,44.95,519
00007_01-07-2025-08.27,AVE,2025,7,1,8.45,172.0,62.84,33
00002_01-07-2025-08.32,IRYO,2025,7,1,8.53,157.0,33.67,169
00008_01-07-2025-08.57,AVE,2025,7,1,8.95,164.0,44.61,308
00009_01-07-2025-09.22,IRYO,2025,7,1,9.37,172.0,33.51,159
00010_01-07-2025-09.27,AVE,2025,7,1,9.45,194.0,73.46,5
00009_01-07-2025-09.57,IRYO,2025,7,1,9.95,172.0,53.0,13
00011_01-07-2025-10.02,OUIGO,2025,7,1,10.03,182.0,13.21,2915
00012_01-07-2025-10.27,AVLO,2025,7,1,10.45,172.0,34.72,146
00009_01-07-2025-11.22,IRYO,2025,7,1,11.37,172.0,17.59,1593
00006_01-07-2025-11.27,AVE,2025,7,1,11.45,199.0,28.16,809
00009_01-07-2025-12.22,IRYO,2025,7,1,12.37,172.0,28.9,184
00013_01-07-2025-12.27,AVE,2025,7,1,12.45,197.0,48.81,79
00004_01-07-2025-12.57,AVE,2025,7,1,12.95,157.0,42.89,316
00014_01-07-2025-13.18,AVE,2025,7,1,13.3,184.0,48.24,49
00009_01-07-2025-14.02,IRYO,2025,7,1,14.03,172.0,36.58,93
00015_01-07-2025-14.12,OUIGO,2025,7,1,14.2,157.0,32.37,64
00016_01-07-2025-14.27,AVE,2025,7,1,14.45,177.0,62.98,29
00017_01-07-2025-14.42,IRYO,2025,7,1,14.7,179.0,36.66,71
00004_01-07-2025-14.57,AVE,2025,7,1,14.95,157.0,51.92,217
00018_01-07-2025-15.27,AVLO,2025,7,1,15.45,199.0,31.26,96
00004_01-07-2025-15.57,AVE,2025,7,1,15.95,157.0,25.91,2387
00007_01-07-2025-16.27,AVE,2025,7,1,16.45,172.0,39.42,845
00002_01-07-2025-16.37,IRYO,2025,7,1,16.62,157.0,35.78,334
00004_01-07-2025-16.57,AVE,2025,7,1,16.95,157.0,46.55,834
00015_01-07-2025-17.17,OUIGO,2025,7,1,17.28,157.0,48.8,30
00009_01-07-2025-17.22,IRYO,2025,7,1,17.37,172.0,30.41,363
00006_01-07-2025-17.27,AVE,2025,7,1,17.45,199.0,56.73,102
00004_01-07-2025-17.57,AVE,2025,7,1,17.95,157.0,64.56,95
00016_01-07-2025-18.27,AVE,2025,7,1,18.45,177.0,54.8,67
00002_01-07-2025-18.32,IRYO,2025,7,1,18.53,157.0,54.79,13
00004_01-07-2025-18.57,AVE,2025,7,1,18.95,157.0,41.48,275
00009_01-07-2025-19.29,IRYO,2025,7,1,19.48,172.0,32.48,22
00019_01-07-2025-19.34,AVLO,2025,7,1,19.57,201.0,31.62,12
00004_01-07-2025-20.05,AVE,2025,7,1,20.08,157.0,38.91,71
00009_01-07-2025-20.22,IRYO,2025,7,1,20.37,172.0,24.22,89
00020_01-07-2025-20.27,AVE,2025,7,1,20.45,201.0,25.28,86
00005_01-07-2025-21.02,OUIGO,2025,7,1,21.03,172.0,26.46,13
00007_01-07-2025-21.07,AVE,2025,7,1,21.12,172.0,27.15,55
00001_02-07-2025-06.12,AVLO,2025,7,2,6.2,157.0,39.09,944
00002_02-07-2025-06.22,IRYO,2025,7,2,6.37,157.0,42.67,622
00003_02-07-2025-06.27,AVE,2025,7,2,6.45,178.0,51.96,700
00004_02-07-2025-06.57,AVE,2025,7,2,6.95,157.0,106.04,1
00005_02-07-2025-07.02,OUIGO,2025,7,2,7.03,172.0,44.36,53
00002_02-07-2025-07.22,IRYO,2025,7,2,7.37,157.0,39.57,232
00006_02-07-2025-07.27,AVE,2025,7,2,7.45,199.0,35.68,573
00004_02-07-2025-07.57,AVE,2025,7,2,7.95,157.0,45.38,466
00007_02-07-2025-08.27,AVE,2025,7,2,8.45,172.0,85.51,1
00002_02-07-2025-08.32,IRYO,2025,7,2,8.53,157.0,42.01,62
00008_02-07-2025-08.57,AVE,2025,7,2,8.95,164.0,48.25,155
00009_02-07-2025-09.22,IRYO,2025,7,2,9.37,172.0,29.7,306
00010_02-07-2025-09.27,AVE,2025,7,2,9.45,194.0,60.1,52
00009_02-07-2025-09.57,IRYO,2025,7,2,9.95,172.0,26.93,498
00011_02-07-2025-10.02,OUIGO,2025,7,2,10.03,182.0,36.36,63
00012_02-07-2025-10.27,AVLO,2025,7,2,10.45,172.0,44.54,95
00009_02-07-2025-11.22,IRYO,2025,7,2,11.37,172.0,54.37,38
00006_02-07-2025-11.27,AVE,2025,7,2,11.45,199.0,67.04,40
00009_02-07-2025-12.22,IRYO,2025,7,2,12.37,172.0,51.05,42
00013_02-07-2025-12.27,AVE,2025,7,2,12.45,197.0,47.28,182
00004_02-07-2025-12.57,AVE,2025,7,2,12.95,157.0,46.65,318
00014_02-07-2025-13.18,AVE,2025,7,2,13.3,184.0,48.24,60
00009_02-07-2025-14.02,IRYO,2025,7,2,14.03,172.0,40.93,61
00015_02-07-2025-14.12,OUIGO,2025,7,2,14.2,157.0,21.5,2190
00016_02-07-2025-14.27,AVE,2025,7,2,14.45,177.0,26.78,1527
00017_02-07-2025-14.42,IRYO,2025,7,2,14.7,179.0,44.14,46
00004_02-07-2025-14.57,AVE,2025,7,2,14.95,157.0,48.98,371
00018_02-07-2025-15.27,AVLO,2025,7,2,15.45,199.0,30.69,230
00004_02-07-2025-15.57,AVE,2025,7,2,15.95,157.0,69.42,133
00007_02-07-2025-16.27,AVE,2025,7,2,16.45,172.0,50.31,598
00002_02-07-2025-16.37,IRYO,2025,7,2,16.62,157.0,59.68,70
00004_02-07-2025-16.57,AVE,2025,7,2,16.95,157.0,115.4,0
00015_02-07-2025-17.17,OUIGO,2025,7,2,17.28,157.0,53.81,45
00009_02-07-2025-17.22,IRYO,2025,7,2,17.37,172.0,39.74,267
00006_02-07-2025-17.27,AVE,2025,7,2,17.45,199.0,35.53,803
00004_02-07-2025-17.57,AVE,2025,7,2,17.95,157.0,55.24,317
00016_02-07-2025-18.27,AVE,2025,7,2,18.45,177.0,68.31,40
00002_02-07-2025-18.32,IRYO,2025,7,2,18.53,157.0,41.19,96
00004_02-07-2025-18.57,AVE,2025,7,2,18.95,157.0,106.92,0
00009_02-07-2025-19.29,IRYO,2025,7,2,19.48,172.0,57.37,2
00019_02-07-2025-19.34,AVLO,2025,7,2,19.57,201.0,27.06,78
00004_02-07-2025-20.05,AVE,2025,7,2,20.08,157.0,67.82,9
00009_02-07-2025-20.22,IRYO,2025,7,2,20.37,172.0,33.19,11
00020_02-07-2025-20.27,AVE,2025,7,2,20.45,201.0,44.4,6
00005_02-07-2025-21.02,OUIGO,2025,7,2,21.03,172.0,33.81,4
00007_02-07-2025-21.07,AVE,2025,7,2,21.12,172.0,73.0,0
00001_03-07-2025-06.12,AVLO,2025,7,3,6.2,157.0,21.5,2615
00002_03-07-2025-06.22,IRYO,2025,7,3,6.37,157.0,25.86,1200
00003_03-07-2025-06.27,AVE,2025,7,3,6.45,178.0,41.43,763
00004_03-07-2025-06.57,AVE,2025,7,3,6.95,157.0,73.89,29
00005_03-07-2025-07.02,OUIGO,2025,7,3,7.03,172.0,40.18,24
00002_03-07-2025-07.22,IRYO,2025,7,3,7.37,157.0,50.6,40
00006_03-07-2025-07.27,AVE,2025,7,3,7.45,199.0,53.36,84
00004_03-07-2025-07.57,AVE,2025,7,3,7.95,157.0,43.5,398
00007_03-07-2025-08.27,AVE,2025,7,3,8.45,172.0,67.88,26
00002_03-07-2025-08.32,IRYO,2025,7,3,8.53,157.0,50.44,37
00008_03-07-2025-08.57,AVE,2025,7,3,8.95,164.0,59.69,102
00009_03-07-2025-09.22,IRYO,2025,7,3,9.37,172.0,64.75,11
00010_03-07-2025-09.27,AVE,2025,7,3,9.45,194.0,64.37,84
00009_03-07-2025-09.57,IRYO,2025,7,3,9.95,172.0,47.09,119
00011_03-07-2025-10.02,OUIGO,2025,7,3,10.03,182.0,41.46,92
00012_03-07-2025-10.27,AVLO,2025,7,3,10.45,172.0,54.27,68
00009_03-07-2025-11.22,IRYO,2025,7,3,11.37,172.0,53.1,61
00006_03-07-2025-11.27,AVE,2025,7,3,11.45,199.0,52.71,231
00009_03-07-2025-12.22,IRYO,2025,7,3,12.37,172.0,34.45,362
00013_03-07-2025-12.27,AVE,2025,7,3,12.45,197.0,37.79,673
00004_03-07-2025-12.57,AVE,2025,7,3,12.95,157.0,56.32,246
00014_03-07-2025-13.18,AVE,2025,7,3,13.3,184.0,55.14,108
00004_03-07-2025-13.57,AVE,2025,7,3,13.95,157.0,,0
00009_03-07-2025-14.02,IRYO,2025,7,3,14.03,172.0,,0
00015_03-07-2025-14.12,OUIGO,2025,7,3,14.2,157.0,,0
00016_03-07-2025-14.27,AVE,2025,7,3,14.45,177.0,82.02,61
00017_03-07-2025-14.42,IRYO,2025,7,3,14.7,179.0,57.16,113
00004_03-07-2025-14.57,AVE,2025,7,3,14.95,157.0,74.82,233
00018_03-07-2025-15.27,AVLO,2025,7,3,15.45,199.0,45.09,280
00004_03-07-2025-15.57,AVE,2025,7,3,15.95,157.0,131.6,0
00007_03-07-2025-16.27,AVE,2025,7,3,16.45,172.0,83.72,151
00002_03-07-2025-16.37,IRYO,2025,7,3,16.62,157.0,62.59,274
00004_03-07-2025-16.57,AVE,2025,7,3,16.95,157.0,137.7,0
00015_03-07-2025-17.17,OUIGO,2025,7,3,17.28,157.0,45.91,393
00009_03-07-2025-17.22,IRYO,2025,7,3,17.37,172.0,86.34,6
00006_03-07-2025-17.27,AVE,2025,7,3,17.45,199.0,89.91,11
00004_03-07-2025-17.57,AVE,2025,7,3,17.95,157.0,55.11,952
00016_03-07-2025-18.27,AVE,2025,7,3,18.45,177.0,75.74,49
00002_03-07-2025-18.32,IRYO,2025,7,3,18.53,157.0,31.33,1627
00004_03-07-2025-18.57,AVE,2025,7,3,18.95,157.0,77.26,32
00009_03-07-2025-19.29,IRYO,2025,7,3,19.48,172.0,42.12,44
00019_03-07-2025-19.34,AVLO,2025,7,3,19.57,201.0,40.53,26
00004_03-07-2025-20.05,AVE,2025,7,3,20.08,157.0,52.34,91
00009_03-07-2025-20.22,IRYO,2025,7,3,20.37,172.0,35.91,45
00020_03-07-2025-20.27,AVE,2025,7,3,20.45,201.0,61.93,2
00005_03-07-2025-21.02,OUIGO,2025,7,3,21.03,172.0,46.26,0
00007_03-07-2025-21.07,AVE,2025,7,3,21.12,172.0,46.79,17
00002_04-07-2025-06.22,IRYO,2025,7,4,6.37,157.0,27.04,2150
00021_04-07-2025-06.27,AVLO,2025,7,4,6.45,178.0,27.79,1453
00004_04-07-2025-06.57,AVE,2025,7,4,6.95,157.0,42.75,503
00005_04-07-2025-07.02,OUIGO,2025,7,4,7.03,172.0,25.9,1403
00002_04-07-2025-07.22,IRYO,2025,7,4,7.37,157.0,40.14,105
00006_04-07-2025-07.27,AVE,2025,7,4,7.45,199.0,54.04,94
00004_04-07-2025-07.57,AVE,2025,7,4,7.95,157.0,51.87,146
00002_04-07-2025-08.32,IRYO,2025,7,4,8.53,157.0,54.9,23
00008_04-07-2025-08.57,AVE,2025,7,4,8.95,164.0,108.67,1
00009_04-07-2025-09.22,IRYO,2025,7,4,9.37,172.0,59.42,34
00010_04-07-2025-09.27,AVE,2025,7,4,9.45,194.0,62.04,172
00009_04-07-2025-09.57,IRYO,2025,7,4,9.95,172.0,65.49,26
00011_04-07-2025-10.02,OUIGO,2025,7,4,10.03,182.0,31.04,667
00012_04-07-2025-10.27,AVLO,2025,7,4,10.45,172.0,47.22,199
00009_04-07-2025-11.22,IRYO,2025,7,4,11.37,172.0,53.06,177
00006_04-07-2025-11.27,AVE,2025,7,4,11.45,199.0,113.54,0
00009_04-07-2025-12.22,IRYO,2025,7,4,12.37,172.0,52.88,150
00013_04-07-2025-12.27,AVE,2025,7,4,12.45,197.0,55.4,326
00004_04-07-2025-12.57,AVE,2025,7,4,12.95,157.0,79.93,47
00014_04-07-2025-13.18,AVE,2025,7,4,13.3,184.0,55.14,148
00004_04-07-2025-13.57,AVE,2025,7,4,13.95,157.0,78.28,59
00009_04-07-2025-14.02,IRYO,2025,7,4,14.03,172.0,70.69,14
00015_04-07-2025-14.12,OUIGO,2025,7,4,14.2,157.0,40.24,205
00016_04-07-2025-14.27,AVE,2025,7,4,14.45,177.0,104.79,1
00017_04-07-2025-14.42,IRYO,2025,7,4,14.7,179.0,85.29,2
00004_04-07-2025-14.57,AVE,2025,7,4,14.95,157.0,88.91,31
00018_04-07-2025-15.27,AVLO,2025,7,4,15.45,199.0,56.53,55
00004_04-07-2025-15.57,AVE,2025,7,4,15.95,157.0,94.92,32
00007_04-07-2025-16.27,AVE,2025,7,4,16.45,172.0,92.1,20
00002_04-07-2025-16.37,IRYO,2025,7,4,16.62,157.0,53.89,236
00004_04-07-2025-16.57,AVE,2025,7,4,16.95,157.0,106.21,6
00015_04-07-2025-17.17,OUIGO,2025,7,4,17.28,157.0,44.13,186
00009_04-07-2025-17.22,IRYO,2025,7,4,17.37,172.0,64.21,41
00018_04-07-2025-17.27,AVLO,2025,7,4,17.45,199.0,52.66,46
00004_04-07-2025-17.57,AVE,2025,7,4,17.95,157.0,48.44,568
00016_04-07-2025-18.27,AVE,2025,7,4,18.45,177.0,82.53,7
00002_04-07-2025-18.32,IRYO,2025,7,4,18.53,157.0,35.41,215
00004_04-07-2025-18.57,AVE,2025,7,4,18.95,157.0,62.66,65
00009_04-07-2025-19.29,IRYO,2025,7,4,19.48,172.0,53.04,2
00019_04-07-2025-19.34,AVLO,2025,7,4,19.57,201.0,27.44,644
00004_04-07-2025-20.05,AVE,2025,7,4,20.08,157.0,57.66,23
00009_04-07-2025-20.22,IRYO,2025,7,4,20.37,172.0,38.83,13
00020_04-07-2025-20.27,AVE,2025,7,4,20.45,201.0,49.28,1
00005_04-07-2025-21.02,OUIGO,2025,7,4,21.03,172.0,19.21,5477
00007_04-07-2025-21.07,AVE,2025,7,4,21.12,172.0,85.22,0
00021_05-07-2025-06.27,AVLO,2025,7,5,6.45,178.0,32.84,540
00005_05-07-2025-07.02,OUIGO,2025,7,5,7.03,172.0,31.76,173
00006_05-07-2025-07.27,AVE,2025,7,5,7.45,199.0,61.92,48
00009_05-07-2025-08.07,IRYO,2025,7,5,8.12,172.0,40.48,74
00007_05-07-2025-08.27,AVE,2025,7,5,8.45,172.0,52.36,112
00008_05-07-2025-08.57,AVE,2025,7,5,8.95,164.0,49.68,162
00009_05-07-2025-09.22,IRYO,2025,7,5,9.37,172.0,33.1,173
00010_05-07-2025-09.27,AVE,2025,7,5,9.45,194.0,49.33,159
00009_05-07-2025-09.57,IRYO,2025,7,5,9.95,172.0,45.25,77
00011_05-07-2025-10.02,OUIGO,2025,7,5,10.03,182.0,24.61,260
00012_05-07-2025-10.27,AVLO,2025,7,5,10.45,172.0,54.62,34
00009_05-07-2025-11.22,IRYO,2025,7,5,11.37,172.0,39.42,192
00006_05-07-2025-11.27,AVE,2025,7,5,11.45,199.0,52.21,174
00009_05-07-2025-12.22,IRYO,2025,7,5,12.37,172.0,45.18,90
00013_05-07-2025-12.27,AVE,2025,7,5,12.45,197.0,59.93,56
00014_05-07-2025-13.18,AVE,2025,7,5,13.3,184.0,82.74,0
00015_05-07-2025-14.12,OUIGO,2025,7,5,14.2,157.0,10.0,5902
00017_05-07-2025-14.42,IRYO,2025,7,5,14.7,179.0,25.37,299
00018_05-07-2025-15.27,AVLO,2025,7,5,15.45,199.0,26.77,203
00007_05-07-2025-16.27,AVE,2025,7,5,16.45,172.0,87.24,14
00002_05-07-2025-16.37,IRYO,2025,7,5,16.62,157.0,45.04,172
00015_05-07-2025-17.17,OUIGO,2025,7,5,17.28,157.0,26.88,278
00018_05-07-2025-17.27,AVLO,2025,7,5,17.45,199.0,26.89,200
00016_05-07-2025-18.27,AVE,2025,7,5,18.45,177.0,101.06,0
00009_05-07-2025-19.29,IRYO,2025,7,5,19.48,172.0,11.97,2618
00019_05-07-2025-19.34,AVLO,2025,7,5,19.57,201.0,33.16,8
00009_05-07-2025-20.22,IRYO,2025,7,5,20.37,172.0,38.49,2
00020_05-07-2025-20.27,AVE,2025,7,5,20.45,201.0,18.74,903
00005_05-07-2025-21.02,OUIGO,2025,7,5,21.03,172.0,26.16,0
00021_06-07-2025-06.27,AVLO,2025,7,6,6.45,178.0,54.35,99
00005_06-07-2025-07.02,OUIGO,2025,7,6,7.03,172.0,45.4,46
00006_06-07-2025-07.27,AVE,2025,7,6,7.45,199.0,31.85,6343
00009_06-07-2025-08.07,IRYO,2025,7,6,8.12,172.0,42.11,162
00007_06-07-2025-08.27,AVE,2025,7,6,8.45,172.0,81.51,9
00009_06-07-2025-09.22,IRYO,2025,7,6,9.37,172.0,44.58,155
00010_06-07-2025-09.27,AVE,2025,7,6,9.45,194.0,75.99,30
00009_06-07-2025-09.57,IRYO,2025,7,6,9.95,172.0,69.15,13
00011_06-07-2025-10.02,OUIGO,2025,7,6,10.03,182.0,37.24,954
00012_06-07-2025-10.27,AVLO,2025,7,6,10.45,172.0,50.6,137
00009_06-07-2025-11.22,IRYO,2025,7,6,11.37,172.0,71.61,18
00006_06-07-2025-11.27,AVE,2025,7,6,11.45,199.0,145.13,0
00009_06-07-2025-12.22,IRYO,2025,7,6,12.37,172.0,48.69,183
00013_06-07-2025-12.27,AVE,2025,7,6,12.45,197.0,56.92,281
00014_06-07-2025-13.18,AVE,2025,7,6,13.3,184.0,55.14,188
00009_06-07-2025-14.02,IRYO,2025,7,6,14.03,172.0,88.11,2
00015_06-07-2025-14.12,OUIGO,2025,7,6,14.2,157.0,64.66,22
00016_06-07-2025-14.27,AVE,2025,7,6,14.45,177.0,82.79,54
00017_06-07-2025-14.42,IRYO,2025,7,6,14.7,179.0,69.57,33
00018_06-07-2025-15.27,AVLO,2025,7,6,15.45,199.0,65.48,34
00007_06-07-2025-16.27,AVE,2025,7,6,16.45,172.0,84.29,90
00002_06-07-2025-16.37,IRYO,2025,7,6,16.62,157.0,95.34,6
00004_06-07-2025-16.57,AVE,2025,7,6,16.95,157.0,86.35,134
00015_06-07-2025-17.17,OUIGO,2025,7,6,17.28,157.0,52.33,168
00009_06-07-2025-17.22,IRYO,2025,7,6,17.37,172.0,104.54,0
00018_06-07-2025-17.27,AVLO,2025,7,6,17.45,199.0,71.35,14
00004_06-07-2025-17.57,AVE,2025,7,6,17.95,157.0,58.36,439
00016_06-07-2025-18.27,AVE,2025,7,6,18.45,177.0,100.19,5
00002_06-07-2025-18.32,IRYO,2025,7,6,18.53,157.0,94.06,1
00004_06-07-2025-18.57,AVE,2025,7,6,18.95,157.0,105.81,5
00009_06-07-2025-19.29,IRYO,2025,7,6,19.48,172.0,96.47,0
00019_06-07-2025-19.34,AVLO,2025,7,6,19.57,201.0,82.58,0
00004_06-07-2025-20.05,AVE,2025,7,6,20.08,157.0,68.57,21
00009_06-07-2025-20.22,IRYO,2025,7,6,20.37,172.0,95.45,0
00020_06-07-2025-20.27,AVE,2025,7,6,20.45,201.0,121.1,0
00005_06-07-2025-21.02,OUIGO,2025,7,6,21.03,172.0,86.64,0
00007_06-07-2025-21.07,AVE,2025,7,6,21.12,172.0,147.5,0
00001_07-07-2025-06.12,AVLO,2025,7,0,6.2,157.0,29.43,2028
00002_07-07-2025-06.22,IRYO,2025,7,0,6.37,157.0,38.78,992
00003_07-07-2025-06.27,AVE,2025,7,0,6.45,178.0,51.26,852
00004_07-07-2025-06.57,AVE,2025,7,0,6.95,157.0,64.19,290
00005_07-07-2025-07.02,OUIGO,2025,7,0,7.03,172.0,42.44,61
00002_07-07-2025-07.22,IRYO,2025,7,0,7.37,157.0,51.8,68
00006_07-07-2025-07.27,AVE,2025,7,0,7.45,199.0,58.27,84
00004_07-07-2025-07.57,AVE,2025,7,0,7.95,157.0,63.64,118
00007_07-07-2025-08.27,AVE,2025,7,0,8.45,172.0,70.36,24
00002_07-07-2025-08.32,IRYO,2025,7,0,8.53,157.0,36.67,207
00008_07-07-2025-08.57,AVE,2025,7,0,8.95,164.0,46.3,362
00009_07-07-2025-09.22,IRYO,2025,7,0,9.37,172.0,46.24,59
00010_07-07-2025-09.27,AVE,2025,7,0,9.45,194.0,73.55,15
00009_07-07-2025-09.57,IRYO,2025,7,0,9.95,172.0,36.18,192
00011_07-07-2025-10.02,OUIGO,2025,7,0,10.03,182.0,34.35,94
00012_07-07-2025-10.27,AVLO,2025,7,0,10.45,172.0,34.86,258
00009_07-07-2025-11.22,IRYO,2025,7,0,11.37,172.0,44.59,59
00006_07-07-2025-11.27,AVE,2025,7,0,11.45,199.0,37.67,406
00009_07-07-2025-12.22,IRYO,2025,7,0,12.37,172.0,15.66,801
00013_07-07-2025-12.27,AVE,2025,7,0,12.45,197.0,40.79,173
00004_07-07-2025-12.57,AVE,2025,7,0,12.95,157.0,38.23,467
00014_07-07-2025-13.18,AVE,2025,7,0,13.3,184.0,68.94,3
00009_07-07-2025-14.02,IRYO,2025,7,0,14.03,172.0,35.62,86
00015_07-07-2025-14.12,OUIGO,2025,7,0,14.2,157.0,49.17,6
00016_07-07-2025-14.27,AVE,2025,7,0,14.45,177.0,33.37,537
00017_07-07-2025-14.42,IRYO,2025,7,0,14.7,179.0,52.5,8
00004_07-07-2025-14.57,AVE,2025,7,0,14.95,157.0,43.65,353
00018_07-07-2025-15.27,AVLO,2025,7,0,15.45,199.0,40.58,27
00004_07-07-2025-15.57,AVE,2025,7,0,15.95,157.0,35.4,1124
00007_07-07-2025-16.27,AVE,2025,7,0,16.45,172.0,72.74,33
00002_07-07-2025-16.37,IRYO,2025,7,0,16.62,157.0,57.02,28
00004_07-07-2025-16.57,AVE,2025,7,0,16.95,157.0,40.22,1104
00015_07-07-2025-17.17,OUIGO,2025,7,0,17.28,157.0,35.38,88
00009_07-07-2025-17.22,IRYO,2025,7,0,17.37,172.0,32.15,196
00006_07-07-2025-17.27,AVE,2025,7,0,17.45,199.0,75.09,1
00004_07-07-2025-17.57,AVE,2025,7,0,17.95,157.0,36.41,651
00016_07-07-2025-18.27,AVE,2025,7,0,18.45,177.0,56.54,18
00002_07-07-2025-18.32,IRYO,2025,7,0,18.53,157.0,10.0,2252
00004_07-07-2025-18.57,AVE,2025,7,0,18.95,157.0,34.97,238
00009_07-07-2025-19.29,IRYO,2025,7,0,19.48,172.0,68.88,0
00019_07-07-2025-19.34,AVLO,2025,7,0,19.57,201.0,21.2,18
00004_07-07-2025-20.05,AVE,2025,7,0,20.08,157.0,19.82,254
00009_07-07-2025-20.22,IRYO,2025,7,0,20.37,172.0,13.46,150
00020_07-07-2025-20.27,AVE,2025,7,0,20.45,201.0,10.46,849
00005_07-07-2025-21.02,OUIGO,2025,7,0,21.03,172.0,10.0,747
00007_07-07-2025-21.07,AVE,2025,7,0,21.12,172.0,29.85,11
00001_08-07-2025-06.12,AVLO,2025,7,1,6.2,157.0,33.47,1177
00002_08-07-2025-06.22,IRYO,2025,7,1,6.37,157.0,39.17,614
00003_08-07-2025-06.27,AVE,2025,7,1,6.45,178.0,36.09,1797
00004_08-07-2025-06.57,AVE,2025,7,1,6.95,157.0,106.31,0
00005_08-07-2025-07.02,OUIGO,2025,7,1,7.03,172.0,22.5,304
00002_08-07-2025-07.22,IRYO,2025,7,1,7.37,157.0,25.3,580
00006_08-07-2025-07.27,AVE,2025,7,1,7.45,199.0,37.56,374
00004_08-07-2025-07.57,AVE,2025,7,1,7.95,157.0,43.18,396
00007_08-07-2025-08.27,AVE,2025,7,1,8.45,172.0,64.16,13
00002_08-07-2025-08.32,IRYO,2025,7,1,8.53,157.0,21.45,464
00008_08-07-2025-08.57,AVE,2025,7,1,8.95,164.0,51.81,89
00009_08-07-2025-09.22,IRYO,2025,7,1,9.37,172.0,38.36,65
00010_08-07-2025-09.27,AVE,2025,7,1,9.45,194.0,60.23,29
00009_08-07-2025-09.57,IRYO,2025,7,1,9.95,172.0,34.19,121
00011_08-07-2025-10.02,OUIGO,2025,7,1,10.03,182.0,10.0,2916
00012_08-07-2025-10.27,AVLO,2025,7,1,10.45,172.0,32.94,163
00009_08-07-2025-11.22,IRYO,2025,7,1,11.37,172.0,29.01,263
00006_08-07-2025-11.27,AVE,2025,7,1,11.45,199.0,27.09,880
00009_08-07-2025-12.22,IRYO,2025,7,1,12.37,172.0,32.34,147
00013_08-07-2025-12.27,AVE,2025,7,1,12.45,197.0,48.47,104
00004_08-07-2025-12.57,AVE,2025,7,1,12.95,157.0,50.75,169
00014_08-07-2025-13.18,AVE,2025,7,1,13.3,184.0,48.24,40
00009_08-07-2025-14.02,IRYO,2025,7,1,14.03,172.0,35.52,107
00015_08-07-2025-14.12,OUIGO,2025,7,1,14.2,157.0,17.66,1113
00016_08-07-2025-14.27,AVE,2025,7,1,14.45,177.0,69.37,22
00017_08-07-2025-14.42,IRYO,2025,7,1,14.7,179.0,41.86,37
00004_08-07-2025-14.57,AVE,2025,7,1,14.95,157.0,37.3,817
00018_08-07-2025-15.27,AVLO,2025,7,1,15.45,199.0,31.72,114
00004_08-07-2025-15.57,AVE,2025,7,1,15.95,157.0,32.92,1751
00007_08-07-2025-16.27,AVE,2025,7,1,16.45,172.0,42.73,812
00002_08-07-2025-16.37,IRYO,2025,7,1,16.62,157.0,45.2,166
00004_08-07-2025-16.57,AVE,2025,7,1,16.95,157.0,59.8,358
00015_08-07-2025-17.17,OUIGO,2025,7,1,17.28,157.0,45.08,65
00009_08-07-2025-17.22,IRYO,2025,7,1,17.37,172.0,26.42,609
00006_08-07-2025-17.27,AVE,2025,7,1,17.45,199.0,57.34,91
00004_08-07-2025-17.57,AVE,2025,7,1,17.95,157.0,87.93,9
00016_08-07-2025-18.27,AVE,2025,7,1,18.45,177.0,49.29,149
00002_08-07-2025-18.32,IRYO,2025,7,1,18.53,157.0,44.89,44
00004_08-07-2025-18.57,AVE,2025,7,1,18.95,157.0,35.06,476
00009_08-07-2025-19.29,IRYO,2025,7,1,19.48,172.0,49.37,4
00019_08-07-2025-19.34,AVLO,2025,7,1,19.57,201.0,28.78,18
00004_08-07-2025-20.05,AVE,2025,7,1,20.08,157.0,43.75,46
00009_08-07-2025-20.22,IRYO,2025,7,1,20.37,172.0,18.63,280
00020_08-07-2025-20.27,AVE,2025,7,1,20.45,201.0,24.07,53
00005_08-07-2025-21.02,OUIGO,2025,7,1,21.03,172.0,26.3,3
00007_08-07-2025-21.07,AVE,2025,7,1,21.12,172.0,49.49,0
00001_09-07-2025-06.12,AVLO,2025,7,2,6.2,157.0,35.32,983
00002_09-07-2025-06.22,IRYO,2025,7,2,6.37,157.0,50.75,276
00003_09-07-2025-06.27,AVE,2025,7,2,6.45,178.0,42.89,1084
00004_09-07-2025-06.57,AVE,2025,7,2,6.95,157.0,97.05,9
00005_09-07-2025-07.02,OUIGO,2025,7,2,7.03,172.0,43.19,49
00002_09-07-2025-07.22,IRYO,2025,7,2,7.37,157.0,40.45,181
00006_09-07-2025-07.27,AVE,2025,7,2,7.45,199.0,57.87,73
00004_09-07-2025-07.57,AVE,2025,7,2,7.95,157.0,31.5,1249
00007_09-07-2025-08.27,AVE,2025,7,2,8.45,172.0,88.78,2
00002_09-07-2025-08.32,IRYO,2025,7,2,8.53,157.0,57.17,16
00008_09-07-2025-08.57,AVE,2025,7,2,8.95,164.0,70.02,16
00009_09-07-2025-09.22,IRYO,2025,7,2,9.37,172.0,56.04,18
00010_09-07-2025-09.27,AVE,2025,7,2,9.45,194.0,62.19,28
00009_09-07-2025-09.57,IRYO,2025,7,2,9.95,172.0,20.8,1462
00011_09-07-2025-10.02,OUIGO,2025,7,2,10.03,182.0,39.45,37
00012_09-07-2025-10.27,AVLO,2025,7,2,10.45,172.0,40.86,118
00009_09-07-2025-11.22,IRYO,2025,7,2,11.37,172.0,47.64,51
00006_09-07-2025-11.27,AVE,2025,7,2,11.45,199.0,41.84,355
00009_09-07-2025-12.22,IRYO,2025,7,2,12.37,172.0,38.71,123
00013_09-07-2025-12.27,AVE,2025,7,2,12.45,197.0,37.27,398
00004_09-07-2025-12.57,AVE,2025,7,2,12.95,157.0,59.88,80
00014_09-07-2025-13.18,AVE,2025,7,2,13.3,184.0,48.24,61
00009_09-07-2025-14.02,IRYO,2025,7,2,14.03,172.0,31.09,154
00015_09-07-2025-14.12,OUIGO,2025,7,2,14.2,157.0,43.61,23
00016_09-07-2025-14.27,AVE,2025,7,2,14.45,177.0,56.66,40
00017_09-07-2025-14.42,IRYO,2025,7,2,14.7,179.0,42.42,37
00004_09-07-2025-14.57,AVE,2025,7,2,14.95,157.0,53.79,152
00018_09-07-2025-15.27,AVLO,2025,7,2,15.45,199.0,37.27,54
00004_09-07-2025-15.57,AVE,2025,7,2,15.95,157.0,24.65,3413
00007_09-07-2025-16.27,AVE,2025,7,2,16.45,172.0,49.75,381
00002_09-07-2025-16.37,IRYO,2025,7,2,16.62,157.0,34.82,377
00004_09-07-2025-16.57,AVE,2025,7,2,16.95,157.0,127.36,0
00015_09-07-2025-17.17,OUIGO,2025,7,2,17.28,157.0,40.4,91
00009_09-07-2025-17.22,IRYO,2025,7,2,17.37,172.0,46.68,114
00006_09-07-2025-17.27,AVE,2025,7,2,17.45,199.0,66.53,50
00004_09-07-2025-17.57,AVE,2025,7,2,17.95,157.0,55.01,267
00016_09-07-2025-18.27,AVE,2025,7,2,18.45,177.0,51.67,160
00002_09-07-2025-18.32,IRYO,2025,7,2,18.53,157.0,45.81,55
00004_09-07-2025-18.57,AVE,2025,7,2,18.95,157.0,117.93,0
00009_09-07-2025-19.29,IRYO,2025,7,2,19.48,172.0,34.69,32
00019_09-07-2025-19.34,AVLO,2025,7,2,19.57,201.0,26.36,195
00004_09-07-2025-20.05,AVE,2025,7,2,20.08,157.0,57.17,26
00009_09-07-2025-20.22,IRYO,2025,7,2,20.37,172.0,45.36,2
00020_09-07-2025-20.27,AVE,2025,7,2,20.45,201.0,44.21,8
00005_09-07-2025-21.02,OUIGO,2025,7,2,21.03,172.0,39.18,0
00007_09-07-2025-21.07,AVE,2025,7,2,21.12,172.0,49.87,4
00001_10-07-2025-06.12,AVLO,2025,7,3,6.2,157.0,33.08,996
00002_10-07-2025-06.22,IRYO,2025,7,3,6.37,157.0,35.21,689
00003_10-07-2025-06.27,AVE,2025,7,3,6.45,178.0,44.0,818
00004_10-07-2025-06.57,AVE,2025,7,3,6.95,157.0,54.87,388
00005_10-07-2025-07.02,OUIGO,2025,7,3,7.03,172.0,26.41,458
00002_10-07-2025-07.22,IRYO,2025,7,3,7.37,157.0,37.1,192
00006_10-07-2025-07.27,AVE,2025,7,3,7.45,199.0,41.79,266
00004_10-07-2025-07.57,AVE,2025,7,3,7.95,157.0,63.17,41
00007_10-07-2025-08.27,AVE,2025,7,3,8.45,172.0,73.44,12
00002_10-07-2025-08.32,IRYO,2025,7,3,8.53,157.0,50.58,22
00008_10-07-2025-08.57,AVE,2025,7,3,8.95,164.0,49.63,171
00009_10-07-2025-09.22,IRYO,2025,7,3,9.37,172.0,66.29,4
00010_10-07-2025-09.27,AVE,2025,7,3,9.45,194.0,41.58,414
00009_10-07-2025-09.57,IRYO,2025,7,3,9.95,172.0,62.04,18
00011_10-07-2025-10.02,OUIGO,2025,7,3,10.03,182.0,41.84,47
00012_10-07-2025-10.27,AVLO,2025,7,3,10.45,172.0,55.37,23
00009_10-07-2025-11.22,IRYO,2025,7,3,11.37,172.0,31.5,491
00006_10-07-2025-11.27,AVE,2025,7,3,11.45,199.0,46.27,241
00009_10-07-2025-12.22,IRYO,2025,7,3,12.37,172.0,33.03,382
00013_10-07-2025-12.27,AVE,2025,7,3,12.45,197.0,47.63,206
00004_10-07-2025-12.57,AVE,2025,7,3,12.95,157.0,45.62,401
00014_10-07-2025-13.18,AVE,2025,7,3,13.3,184.0,55.14,65
00004_10-07-2025-13.57,AVE,2025,7,3,13.95,157.0,,0
00009_10-07-2025-14.02,IRYO,2025,7,3,14.03,172.0,,0
00015_10-07-2025-14.12,OUIGO,2025,7,3,14.2,157.0,,0
00016_10-07-2025-14.27,AVE,2025,7,3,14.45,177.0,76.82,44
00017_10-07-2025-14.42,IRYO,2025,7,3,14.7,179.0,47.04,154
00004_10-07-2025-14.57,AVE,2025,7,3,14.95,157.0,80.26,85
00018_10-07-2025-15.27,AVLO,2025,7,3,15.45,199.0,38.55,294
00004_10-07-2025-15.57,AVE,2025,7,3,15.95,157.0,100.1,15
00007_10-07-2025-16.27,AVE,2025,7,3,16.45,172.0,67.89,364
00002_10-07-2025-16.37,IRYO,2025,7,3,16.62,157.0,43.35,773
00004_10-07-2025-16.57,AVE,2025,7,3,16.95,157.0,150.43,0
00015_10-07-2025-17.17,OUIGO,2025,7,3,17.28,157.0,59.82,48
00009_10-07-2025-17.22,IRYO,2025,7,3,17.37,172.0,91.55,3
00006_10-07-2025-17.27,AVE,2025,7,3,17.45,199.0,105.34,1
00004_10-07-2025-17.57,AVE,2025,7,3,17.95,157.0,42.71,1498
00016_10-07-2025-18.27,AVE,2025,7,3,18.45,177.0,87.12,9
00002_10-07-2025-18.32,IRYO,2025,7,3,18.53,157.0,67.38,19
00004_10-07-2025-18.57,AVE,2025,7,3,18.95,157.0,96.93,1
00009_10-07-2025-19.29,IRYO,2025,7,3,19.48,172.0,41.42,47
00019_10-07-2025-19.34,AVLO,2025,7,3,19.57,201.0,38.67,28
00004_10-07-2025-20.05,AVE,2025,7,3,20.08,157.0,64.28,25
00009_10-07-2025-20.22,IRYO,2025,7,3,20.37,172.0,28.23,1384
00020_10-07-2025-20.27,AVE,2025,7,3,20.45,201.0,61.07,2
00005_10-07-2025-21.02,OUIGO,2025,7,3,21.03,172.0,31.21,264
00007_10-07-2025-21.07,AVE,2025,7,3,21.12,172.0,66.06,1
00002_11-07-2025-06.22,IRYO,2025,7,4,6.37,157.0,12.85,8536
00021_11-07-2025-06.27,AVLO,2025,7,4,6.45,178.0,13.78,6213
00004_11-07-2025-06.57,AVE,2025,7,4,6.95,157.0,56.48,137
00005_11-07-2025-07.02,OUIGO,2025,7,4,7.03,172.0,48.7,5
00002_11-07-2025-07.22,IRYO,2025,7,4,7.37,157.0,47.66,32
00006_11-07-2025-07.27,AVE,2025,7,4,7.45,199.0,72.35,16
00004_11-07-2025-07.57,AVE,2025,7,4,7.95,157.0,47.54,302
00002_11-07-2025-08.32,IRYO,2025,7,4,8.53,157.0,47.83,74
00008_11-07-2025-08.57,AVE,2025,7,4,8.95,164.0,108.7,0
00009_11-07-2025-09.22,IRYO,2025,7,4,9.37,172.0,50.49,134
00010_11-07-2025-09.27,AVE,2025,7,4,9.45,194.0,63.24,240
00009_11-07-2025-09.57,IRYO,2025,7,4,9.95,172.0,78.59,12
00011_11-07-2025-10.02,OUIGO,2025,7,4,10.03,182.0,47.87,124
00012_11-07-2025-10.27,AVLO,2025,7,4,10.45,172.0,60.33,108
00009_11-07-2025-11.22,IRYO,2025,7,4,11.37,172.0,67.65,74
00006_11-07-2025-11.27,AVE,2025,7,4,11.45,199.0,104.58,2
00009_11-07-2025-12.22,IRYO,2025,7,4,12.37,172.0,47.39,319
00013_11-07-2025-12.27,AVE,2025,7,4,12.45,197.0,56.32,405
00004_11-07-2025-12.57,AVE,2025,7,4,12.95,157.0,72.27,129
00014_11-07-2025-13.18,AVE,2025,7,4,13.3,184.0,55.14,166
00004_11-07-2025-13.57,AVE,2025,7,4,13.95,157.0,85.18,29
00009_11-07-2025-14.02,IRYO,2025,7,4,14.03,172.0,81.23,1
00015_11-07-2025-14.12,OUIGO,2025,7,4,14.2,157.0,27.96,780
00016_11-07-2025-14.27,AVE,2025,7,4,14.45,177.0,95.72,6
00017_11-07-2025-14.42,IRYO,2025,7,4,14.7,179.0,66.26,26
00004_11-07-2025-14.57,AVE,2025,7,4,14.95,157.0,107.82,0
00018_11-07-2025-15.27,AVLO,2025,7,4,15.45,199.0,48.21,119
00004_11-07-2025-15.57,AVE,2025,7,4,15.95,157.0,94.68,37
00007_11-07-2025-16.27,AVE,2025,7,4,16.45,172.0,88.57,47
00002_11-07-2025-16.37,IRYO,2025,7,4,16.62,157.0,67.73,88
00004_11-07-2025-16.57,AVE,2025,7,4,16.95,157.0,101.13,27
00015_11-07-2025-17.17,OUIGO,2025,7,4,17.28,157.0,55.25,78
00009_11-07-2025-17.22,IRYO,2025,7,4,17.37,172.0,75.3,17
00018_11-07-2025-17.27,AVLO,2025,7,4,17.45,199.0,61.81,19
00004_11-07-2025-17.57,AVE,2025,7,4,17.95,157.0,44.4,938
00016_11-07-2025-18.27,AVE,2025,7,4,18.45,177.0,87.31,2
00002_11-07-2025-18.32,IRYO,2025,7,4,18.53,157.0,51.06,70
00004_11-07-2025-18.57,AVE,2025,7,4,18.95,157.0,49.3,270
00009_11-07-2025-19.29,IRYO,2025,7,4,19.48,172.0,45.74,15
00019_11-07-2025-19.34,AVLO,2025,7,4,19.57,201.0,40.25,10
00004_11-07-2025-20.05,AVE,2025,7,4,20.08,157.0,75.59,3
00009_11-07-2025-20.22,IRYO,2025,7,4,20.37,172.0,39.9,11
00020_11-07-2025-20.27,AVE,2025,7,4,20.45,201.0,62.96,1
00005_11-07-2025-21.02,OUIGO,2025,7,4,21.03,172.0,39.37,1
00007_11-07-2025-21.07,AVE,2025,7,4,21.12,172.0,92.86,0
00021_12-07-2025-06.27,AVLO,2025,7,5,6.45,178.0,27.55,887
00005_12-07-2025-07.02,OUIGO,2025,7,5,7.03,172.0,36.48,108
00006_12-07-2025-07.27,AVE,2025,7,5,7.45,199.0,43.98,300
00009_12-07-2025-08.07,IRYO,2025,7,5,8.12,172.0,25.74,610
00007_12-07-2025-08.27,AVE,2025,7,5,8.45,172.0,57.87,94
00008_12-07-2025-08.57,AVE,2025,7,5,8.95,164.0,58.7,87
00009_12-07-2025-09.22,IRYO,2025,7,5,9.37,172.0,35.57,220
00010_12-07-2025-09.27,AVE,2025,7,5,9.45,194.0,61.57,71
00009_12-07-2025-09.57,IRYO,2025,7,5,9.95,172.0,41.95,122
00011_12-07-2025-10.02,OUIGO,2025,7,5,10.03,182.0,52.24,16
00012_12-07-2025-10.27,AVLO,2025,7,5,10.45,172.0,44.91,117
00009_12-07-2025-11.22,IRYO,2025,7,5,11.37,172.0,34.31,308
00006_12-07-2025-11.27,AVE,2025,7,5,11.45,199.0,45.12,346
00009_12-07-2025-12.22,IRYO,2025,7,5,12.37,172.0,54.73,23
00013_12-07-2025-12.27,AVE,2025,7,5,12.45,197.0,33.55,757
00014_12-07-2025-13.18,AVE,2025,7,5,13.3,184.0,82.74,1
00015_12-07-2025-14.12,OUIGO,2025,7,5,14.2,157.0,20.54,1013
00017_12-07-2025-14.42,IRYO,2025,7,5,14.7,179.0,44.36,130
00018_12-07-2025-15.27,AVLO,2025,7,5,15.45,199.0,32.1,302
00007_12-07-2025-16.27,AVE,2025,7,5,16.45,172.0,91.21,26
00002_12-07-2025-16.37,IRYO,2025,7,5,16.62,157.0,47.39,340
00015_12-07-2025-17.17,OUIGO,2025,7,5,17.28,157.0,41.21,217
00018_12-07-2025-17.27,AVLO,2025,7,5,17.45,199.0,22.17,718
00016_12-07-2025-18.27,AVE,2025,7,5,18.45,177.0,82.84,4
00009_12-07-2025-19.29,IRYO,2025,7,5,19.48,172.0,27.67,85
00019_12-07-2025-19.34,AVLO,2025,7,5,19.57,201.0,23.63,86
00009_12-07-2025-20.22,IRYO,2025,7,5,20.37,172.0,29.02,18
00020_12-07-2025-20.27,AVE,2025,7,5,20.45,201.0,12.05,11074
00005_12-07-2025-21.02,OUIGO,2025,7,5,21.03,172.0,29.49,1
00021_13-07-2025-06.27,AVLO,2025,7,6,6.45,178.0,51.95,412
00005_13-07-2025-07.02,OUIGO,2025,7,6,7.03,172.0,41.89,1895
00006_13-07-2025-07.27,AVE,2025,7,6,7.45,199.0,68.33,118
00009_13-07-2025-08.07,IRYO,2025,7,6,8.12,172.0,44.99,2186
00007_13-07-2025-08.27,AVE,2025,7,6,8.45,172.0,74.54,72
00009_13-07-2025-09.22,IRYO,2025,7,6,9.37,172.0,56.79,127
00010_13-07-2025-09.27,AVE,2025,7,6,9.45,194.0,64.23,280
00009_13-07-2025-09.57,IRYO,2025,7,6,9.95,172.0,56.58,154
00011_13-07-2025-10.02,OUIGO,2025,7,6,10.03,182.0,46.15,677
00012_13-07-2025-10.27,AVLO,2025,7,6,10.45,172.0,42.78,4375
00009_13-07-2025-11.22,IRYO,2025,7,6,11.37,172.0,61.01,135
00006_13-07-2025-11.27,AVE,2025,7,6,11.45,199.0,145.33,0
00009_13-07-2025-12.22,IRYO,2025,7,6,12.37,172.0,76.75,15
00013_13-07-2025-12.27,AVE,2025,7,6,12.45,197.0,48.72,2929
00014_13-07-2025-13.18,AVE,2025,7,6,13.3,184.0,55.14,402
00009_13-07-2025-14.02,IRYO,2025,7,6,14.03,172.0,85.76,6
00015_13-07-2025-14.12,OUIGO,2025,7,6,14.2,157.0,66.46,41
00016_13-07-2025-14.27,AVE,2025,7,6,14.45,177.0,97.93,24
00017_13-07-2025-14.42,IRYO,2025,7,6,14.7,179.0,79.84,26
00018_13-07-2025-15.27,AVLO,2025,7,6,15.45,199.0,60.75,118
00007_13-07-2025-16.27,AVE,2025,7,6,16.45,172.0,94.21,96
00002_13-07-2025-16.37,IRYO,2025,7,6,16.62,157.0,93.61,22
00004_13-07-2025-16.57,AVE,2025,7,6,16.95,157.0,80.96,445
00015_13-07-2025-17.17,OUIGO,2025,7,6,17.28,157.0,42.21,4541
00009_13-07-2025-17.22,IRYO,2025,7,6,17.37,172.0,72.69,83
00018_13-07-2025-17.27,AVLO,2025,7,6,17.45,199.0,62.84,76
00004_13-07-2025-17.57,AVE,2025,7,6,17.95,157.0,74.83,339
00016_13-07-2025-18.27,AVE,2025,7,6,18.45,177.0,92.59,24
00002_13-07-2025-18.32,IRYO,2025,7,6,18.53,157.0,95.38,3
00004_13-07-2025-18.57,AVE,2025,7,6,18.95,157.0,113.12,5
00009_13-07-2025-19.29,IRYO,2025,7,6,19.48,172.0,88.53,0
00019_13-07-2025-19.34,AVLO,2025,7,6,19.57,201.0,79.76,2
00004_13-07-2025-20.05,AVE,2025,7,6,20.08,157.0,65.91,93
00009_13-07-2025-20.22,IRYO,2025,7,6,20.37,172.0,74.88,2
00020_13-07-2025-20.27,AVE,2025,7,6,20.45,201.0,82.22,2
00005_13-07-2025-21.02,OUIGO,2025,7,6,21.03,172.0,71.57,0
00007_13-07-2025-21.07,AVE,2025,7,6,21.12,172.0,109.96,0
00001_14-07-2025-06.12,AVLO,2025,7,0,6.2,157.0,33.74,686
00002_14-07-2025-06.22,IRYO,2025,7,0,6.37,157.0,18.1,1759
00003_14-07-2025-06.27,AVE,2025,7,0,6.45,178.0,41.92,711
00004_14-07-2025-06.57,AVE,2025,7,0,6.95,157.0,55.11,268
00005_14-07-2025-07.02,OUIGO,2025,7,0,7.03,172.0,29.8,106
00002_14-07-2025-07.22,IRYO,2025,7,0,7.37,157.0,41.16,87
00006_14-07-2025-07.27,AVE,2025,7,0,7.45,199.0,48.52,106
00004_14-07-2025-07.57,AVE,2025,7,0,7.95,157.0,64.63,48
00007_14-07-2025-08.27,AVE,2025,7,0,8.45,172.0,70.7,11
00002_14-07-2025-08.32,IRYO,2025,7,0,8.53,157.0,49.54,27
00008_14-07-2025-08.57,AVE,2025,7,0,8.95,164.0,49.99,181
00009_14-07-2025-09.22,IRYO,2025,7,0,9.37,172.0,57.17,14
00010_14-07-2025-09.27,AVE,2025,7,0,9.45,194.0,77.38,5
00009_14-07-2025-09.57,IRYO,2025,7,0,9.95,172.0,32.15,199
00011_14-07-2025-10.02,OUIGO,2025,7,0,10.03,182.0,29.3,91
00012_14-07-2025-10.27,AVLO,2025,7,0,10.45,172.0,34.34,186
00009_14-07-2025-11.22,IRYO,2025,7,0,11.37,172.0,26.15,348
00006_14-07-2025-11.27,AVE,2025,7,0,11.45,199.0,49.51,116
00009_14-07-2025-12.22,IRYO,2025,7,0,12.37,172.0,36.04,101
00013_14-07-2025-12.27,AVE,2025,7,0,12.45,197.0,53.42,42
00004_14-07-2025-12.57,AVE,2025,7,0,12.95,157.0,36.19,473
00014_14-07-2025-13.18,AVE,2025,7,0,13.3,184.0,68.94,2
00009_14-07-2025-14.02,IRYO,2025,7,0,14.03,172.0,52.66,10
00015_14-07-2025-14.12,OUIGO,2025,7,0,14.2,157.0,21.99,287
00016_14-07-2025-14.27,AVE,2025,7,0,14.45,177.0,33.61,421
00017_14-07-2025-14.42,IRYO,2025,7,0,14.7,179.0,38.49,31
00004_14-07-2025-14.57,AVE,2025,7,0,14.95,157.0,43.14,294
00018_14-07-2025-15.27,AVLO,2025,7,0,15.45,199.0,32.66,63
00004_14-07-2025-15.57,AVE,2025,7,0,15.95,157.0,45.97,415
00007_14-07-2025-16.27,AVE,2025,7,0,16.45,172.0,55.75,135
00002_14-07-2025-16.37,IRYO,2025,7,0,16.62,157.0,40.59,142
00004_14-07-2025-16.57,AVE,2025,7,0,16.95,157.0,44.98,580
00015_14-07-2025-17.17,OUIGO,2025,7,0,17.28,157.0,16.52,2060
00009_14-07-2025-17.22,IRYO,2025,7,0,17.37,172.0,31.76,159
00006_14-07-2025-17.27,AVE,2025,7,0,17.45,199.0,66.08,9
00004_14-07-2025-17.57,AVE,2025,7,0,17.95,157.0,32.5,650
00016_14-07-2025-18.27,AVE,2025,7,0,18.45,177.0,50.16,36
00002_14-07-2025-18.32,IRYO,2025,7,0,18.53,157.0,38.31,37
00004_14-07-2025-18.57,AVE,2025,7,0,18.95,157.0,49.63,42
00009_14-07-2025-19.29,IRYO,2025,7,0,19.48,172.0,72.56,0
00019_14-07-2025-19.34,AVLO,2025,7,0,19.57,201.0,27.49,4
00004_14-07-2025-20.05,AVE,2025,7,0,20.08,157.0,24.88,184
00009_14-07-2025-20.22,IRYO,2025,7,0,20.37,172.0,33.02,3
00020_14-07-2025-20.27,AVE,2025,7,0,20.45,201.0,19.64,277
00005_14-07-2025-21.02,OUIGO,2025,7,0,21.03,172.0,28.35,1
00007_14-07-2025-21.07,AVE,2025,7,0,21.12,172.0,28.25,24
00001_15-07-2025-06.12,AVLO,2025,7,1,6.2,157.0,32.79,1242
00002_15-07-2025-06.22,IRYO,2025,7,1,6.37,157.0,28.28,1471
00003_15-07-2025-06.27,AVE,2025,7,1,6.45,178.0,38.65,1524
00004_15-07-2025-06.57,AVE,2025,7,1,6.95,157.0,123.11,0
00005_15-07-2025-07.02,OUIGO,2025,7,1,7.03,172.0,58.55,3
00002_15-07-2025-07.22,IRYO,2025,7,1,7.37,157.0,41.34,133
00006_15-07-2025-07.27,AVE,2025,7,1,7.45,199.0,30.88,637
00004_15-07-2025-07.57,AVE,2025,7,1,7.95,157.0,32.06,1049
00007_15-07-2025-08.27,AVE,2025,7,1,8.45,172.0,66.6,7
00002_15-07-2025-08.32,IRYO,2025,7,1,8.53,157.0,36.97,73
00008_15-07-2025-08.57,AVE,2025,7,1,8.95,164.0,35.56,532
00009_15-07-2025-09.22,IRYO,2025,7,1,9.37,172.0,48.54,21
00010_15-07-2025-09.27,AVE,2025,7,1,9.45,194.0,87.23,0
00009_15-07-2025-09.57,IRYO,2025,7,1,9.95,172.0,30.24,280
00011_15-07-2025-10.02,OUIGO,2025,7,1,10.03,182.0,34.39,89
00012_15-07-2025-10.27,AVLO,2025,7,1,10.45,172.0,35.89,186
00009_15-07-2025-11.22,IRYO,2025,7,1,11.37,172.0,29.29,314
00006_15-07-2025-11.27,AVE,2025,7,1,11.45,199.0,33.23,682
00009_15-07-2025-12.22,IRYO,2025,7,1,12.37,172.0,40.12,74
00013_15-07-2025-12.27,AVE,2025,7,1,12.45,197.0,58.93,39
00004_15-07-2025-12.57,AVE,2025,7,1,12.95,157.0,40.47,461
00014_15-07-2025-13.18,AVE,2025,7,1,13.3,184.0,48.24,32
00009_15-07-2025-14.02,IRYO,2025,7,1,14.03,172.0,36.76,54
00015_15-07-2025-14.12,OUIGO,2025,7,1,14.2,157.0,24.31,141
00016_15-07-2025-14.27,AVE,2025,7,1,14.45,177.0,61.31,28
00017_15-07-2025-14.42,IRYO,2025,7,1,14.7,179.0,30.71,100
00004_15-07-2025-14.57,AVE,2025,7,1,14.95,157.0,24.07,1621
00018_15-07-2025-15.27,AVLO,2025,7,1,15.45,199.0,31.02,97
00004_15-07-2025-15.57,AVE,2025,7,1,15.95,157.0,24.65,2401
00007_15-07-2025-16.27,AVE,2025,7,1,16.45,172.0,46.3,484
00002_15-07-2025-16.37,IRYO,2025,7,1,16.62,157.0,49.81,97
00004_15-07-2025-16.57,AVE,2025,7,1,16.95,157.0,57.16,345
00015_15-07-2025-17.17,OUIGO,2025,7,1,17.28,157.0,28.3,311
00009_15-07-2025-17.22,IRYO,2025,7,1,17.37,172.0,33.25,313
00006_15-07-2025-17.27,AVE,2025,7,1,17.45,199.0,64.87,49
00004_15-07-2025-17.57,AVE,2025,7,1,17.95,157.0,61.83,113
00016_15-07-2025-18.27,AVE,2025,7,1,18.45,177.0,56.85,56
00002_15-07-2025-18.32,IRYO,2025,7,1,18.53,157.0,30.37,167
00004_15-07-2025-18.57,AVE,2025,7,1,18.95,157.0,43.48,211
00009_15-07-2025-19.29,IRYO,2025,7,1,19.48,172.0,31.81,46
00019_15-07-2025-19.34,AVLO,2025,7,1,19.57,201.0,30.31,5
00004_15-07-2025-20.05,AVE,2025,7,1,20.08,157.0,40.48,82
00009_15-07-2025-20.22,IRYO,2025,7,1,20.37,172.0,34.06,7
00020_15-07-2025-20.27,AVE,2025,7,1,20.45,201.0,15.5,667
00005_15-07-2025-21.02,OUIGO,2025,7,1,21.03,172.0,10.0,3201
00007_15-07-2025-21.07,AVE,2025,7,1,21.12,172.0,36.66,9
00001_16-07-2025-06.12,AVLO,2025,7,2,6.2,157.0,35.1,1680
00002_16-07-2025-06.22,IRYO,2025,7,2,6.37,157.0,41.6,814
00003_16-07-2025-06.27,AVE,2025,7,2,6.45,178.0,63.42,311
00004_16-07-2025-06.57,AVE,2025,7,2,6.95,157.0,106.63,2
00005_16-07-2025-07.02,OUIGO,2025,7,2,7.03,172.0,51.54,16
00002_16-07-2025-07.22,IRYO,2025,7,2,7.37,157.0,34.34,464
00006_16-07-2025-07.27,AVE,2025,7,2,7.45,199.0,22.41,2948
00004_16-07-2025-07.57,AVE,2025,7,2,7.95,157.0,45.0,561
00007_16-07-2025-08.27,AVE,2025,7,2,8.45,172.0,87.02,1
00002_16-07-2025-08.32,IRYO,2025,7,2,8.53,157.0,51.97,31
00008_16-07-2025-08.57,AVE,2025,7,2,8.95,164.0,53.25,192
00009_16-07-2025-09.22,IRYO,2025,7,2,9.37,172.0,50.45,48
00010_16-07-2025-09.27,AVE,2025,7,2,9.45,194.0,56.51,132
00009_16-07-2025-09.57,IRYO,2025,7,2,9.95,172.0,39.07,216
00011_16-07-2025-10.02,OUIGO,2025,7,2,10.03,182.0,42.94,59
00012_16-07-2025-10.27,AVLO,2025,7,2,10.45,172.0,46.86,133
00009_16-07-2025-11.22,IRYO,2025,7,2,11.37,172.0,37.95,363
00006_16-07-2025-11.27,AVE,2025,7,2,11.45,199.0,56.05,187
00009_16-07-2025-12.22,IRYO,2025,7,2,12.37,172.0,41.9,181
00013_16-07-2025-12.27,AVE,2025,7,2,12.45,197.0,60.67,91
00004_16-07-2025-12.57,AVE,2025,7,2,12.95,157.0,46.72,580
00014_16-07-2025-13.18,AVE,2025,7,2,13.3,184.0,48.24,133
00009_16-07-2025-14.02,IRYO,2025,7,2,14.03,172.0,45.02,72
00015_16-07-2025-14.12,OUIGO,2025,7,2,14.2,157.0,30.99,553
00016_16-07-2025-14.27,AVE,2025,7,2,14.45,177.0,43.24,555
00017_16-07-2025-14.42,IRYO,2025,7,2,14.7,179.0,57.35,21
00004_16-07-2025-14.57,AVE,2025,7,2,14.95,157.0,48.83,591
00018_16-07-2025-15.27,AVLO,2025,7,2,15.45,199.0,35.95,158
00004_16-07-2025-15.57,AVE,2025,7,2,15.95,157.0,58.72,448
00007_16-07-2025-16.27,AVE,2025,7,2,16.45,172.0,39.21,1860
00002_16-07-2025-16.37,IRYO,2025,7,2,16.62,157.0,46.93,292
00004_16-07-2025-16.57,AVE,2025,7,2,16.95,157.0,135.32,0
00015_16-07-2025-17.17,OUIGO,2025,7,2,17.28,157.0,37.94,276
00009_16-07-2025-17.22,IRYO,2025,7,2,17.37,172.0,45.9,206
00006_16-07-2025-17.27,AVE,2025,7,2,17.45,199.0,61.9,99
00004_16-07-2025-17.57,AVE,2025,7,2,17.95,157.0,49.12,736
00016_16-07-2025-18.27,AVE,2025,7,2,18.45,177.0,69.92,32
00002_16-07-2025-18.32,IRYO,2025,7,2,18.53,157.0,37.84,188
00004_16-07-2025-18.57,AVE,2025,7,2,18.95,157.0,118.3,0
00009_16-07-2025-19.29,IRYO,2025,7,2,19.48,172.0,28.21,759
00019_16-07-2025-19.34,AVLO,2025,7,2,19.57,201.0,35.02,11
00004_16-07-2025-20.05,AVE,2025,7,2,20.08,157.0,55.25,29
00009_16-07-2025-20.22,IRYO,2025,7,2,20.37,172.0,28.41,458
00020_16-07-2025-20.27,AVE,2025,7,2,20.45,201.0,26.51,886
00005_16-07-2025-21.02,OUIGO,2025,7,2,21.03,172.0,31.59,35
00007_16-07-2025-21.07,AVE,2025,7,2,21.12,172.0,28.72,368
00001_17-07-2025-06.12,AVLO,2025,7,3,6.2,157.0,34.94,705
00002_17-07-2025-06.22,IRYO,2025,7,3,6.37,157.0,22.05,1626
00003_17-07-2025-06.27,AVE,2025,7,3,6.45,178.0,47.22,528
00004_17-07-2025-06.57,AVE,2025,7,3,6.95,157.0,38.33,1092
00005_17-07-2025-07.02,OUIGO,2025,7,3,7.03,172.0,19.57,673
00002_17-07-2025-07.22,IRYO,2025,7,3,7.37,157.0,16.33,3720
00006_17-07-2025-07.27,AVE,2025,7,3,7.45,199.0,26.22,862
00004_17-07-2025-07.57,AVE,2025,7,3,7.95,157.0,57.98,37
00007_17-07-2025-08.27,AVE,2025,7,3,8.45,172.0,53.61,69
00002_17-07-2025-08.32,IRYO,2025,7,3,8.53,157.0,56.87,6
00008_17-07-2025-08.57,AVE,2025,7,3,8.95,164.0,75.75,2
00009_17-07-2025-09.22,IRYO,2025,7,3,9.37,172.0,53.88,10
00010_17-07-2025-09.27,AVE,2025,7,3,9.45,194.0,27.74,1241
00009_17-07-2025-09.57,IRYO,2025,7,3,9.95,172.0,60.74,7
00011_17-07-2025-10.02,OUIGO,2025,7,3,10.03,182.0,40.44,48
00012_17-07-2025-10.27,AVLO,2025,7,3,10.45,172.0,55.06,28
00009_17-07-2025-11.22,IRYO,2025,7,3,11.37,172.0,53.78,34
00006_17-07-2025-11.27,AVE,2025,7,3,11.45,199.0,45.21,425
00009_17-07-2025-12.22,IRYO,2025,7,3,12.37,172.0,62.07,16
00013_17-07-2025-12.27,AVE,2025,7,3,12.45,197.0,54.7,214
00004_17-07-2025-12.57,AVE,2025,7,3,12.95,157.0,41.25,1091
00014_17-07-2025-13.18,AVE,2025,7,3,13.3,184.0,55.14,158
00004_17-07-2025-13.57,AVE,2025,7,3,13.95,157.0,,0
00009_17-07-2025-14.02,IRYO,2025,7,3,14.03,172.0,,0
00015_17-07-2025-14.12,OUIGO,2025,7,3,14.2,157.0,,0
00016_17-07-2025-14.27,AVE,2025,7,3,14.45,177.0,84.08,60
00017_17-07-2025-14.42,IRYO,2025,7,3,14.7,179.0,70.32,39
00004_17-07-2025-14.57,AVE,2025,7,3,14.95,157.0,96.05,42
00018_17-07-2025-15.27,AVLO,2025,7,3,15.45,199.0,48.32,244
00004_17-07-2025-15.57,AVE,2025,7,3,15.95,157.0,86.71,172
00007_17-07-2025-16.27,AVE,2025,7,3,16.45,172.0,57.64,1543
00002_17-07-2025-16.37,IRYO,2025,7,3,16.62,157.0,43.8,1417
00004_17-07-2025-16.57,AVE,2025,7,3,16.95,157.0,139.35,0
00015_17-07-2025-17.17,OUIGO,2025,7,3,17.28,157.0,59.53,175
00009_17-07-2025-17.22,IRYO,2025,7,3,17.37,172.0,69.49,95
00006_17-07-2025-17.27,AVE,2025,7,3,17.45,199.0,72.06,195
00004_17-07-2025-17.57,AVE,2025,7,3,17.95,157.0,72.19,348
00016_17-07-2025-18.27,AVE,2025,7,3,18.45,177.0,87.54,22
00002_17-07-2025-18.32,IRYO,2025,7,3,18.53,157.0,48.16,304
00004_17-07-2025-18.57,AVE,2025,7,3,18.95,157.0,87.32,18
00009_17-07-2025-19.29,IRYO,2025,7,3,19.48,172.0,43.2,73
00019_17-07-2025-19.34,AVLO,2025,7,3,19.57,201.0,35.94,42
00004_17-07-2025-20.05,AVE,2025,7,3,20.08,157.0,50.17,202
00009_17-07-2025-20.22,IRYO,2025,7,3,20.37,172.0,33.99,64
00020_17-07-2025-20.27,AVE,2025,7,3,20.45,201.0,37.52,76
00005_17-07-2025-21.02,OUIGO,2025,7,3,21.03,172.0,41.37,0
00007_17-07-2025-21.07,AVE,2025,7,3,21.12,172.0,50.42,23
00002_18-07-2025-06.22,IRYO,2025,7,4,6.37,157.0,19.6,4408
00021_18-07-2025-06.27,AVLO,2025,7,4,6.45,178.0,20.49,3300
00004_18-07-2025-06.57,AVE,2025,7,4,6.95,157.0,50.9,161
00005_18-07-2025-07.02,OUIGO,2025,7,4,7.03,172.0,38.87,21
00002_18-07-2025-07.22,IRYO,2025,7,4,7.37,157.0,42.59,48
00006_18-07-2025-07.27,AVE,2025,7,4,7.45,199.0,65.9,14
00004_18-07-2025-07.57,AVE,2025,7,4,7.95,157.0,55.97,71
00002_18-07-2025-08.32,IRYO,2025,7,4,8.53,157.0,39.77,96
00008_18-07-2025-08.57,AVE,2025,7,4,8.95,164.0,112.89,0
00009_18-07-2025-09.22,IRYO,2025,7,4,9.37,172.0,37.66,219
00010_18-07-2025-09.27,AVE,2025,7,4,9.45,194.0,57.16,141
00009_18-07-2025-09.57,IRYO,2025,7,4,9.95,172.0,50.93,61
00011_18-07-2025-10.02,OUIGO,2025,7,4,10.03,182.0,39.69,108
00012_18-07-2025-10.27,AVLO,2025,7,4,10.45,172.0,58.73,43
00009_18-07-2025-11.22,IRYO,2025,7,4,11.37,172.0,56.59,61
00006_18-07-2025-11.27,AVE,2025,7,4,11.45,199.0,99.36,2
00009_18-07-2025-12.22,IRYO,2025,7,4,12.37,172.0,40.18,214
00013_18-07-2025-12.27,AVE,2025,7,4,12.45,197.0,45.62,389
00004_18-07-2025-12.57,AVE,2025,7,4,12.95,157.0,85.49,15
00014_18-07-2025-13.18,AVE,2025,7,4,13.3,184.0,55.14,104
00004_18-07-2025-13.57,AVE,2025,7,4,13.95,157.0,79.09,22
00009_18-07-2025-14.02,IRYO,2025,7,4,14.03,172.0,50.84,68
00015_18-07-2025-14.12,OUIGO,2025,7,4,14.2,157.0,52.04,32
00016_18-07-2025-14.27,AVE,2025,7,4,14.45,177.0,96.39,1
00017_18-07-2025-14.42,IRYO,2025,7,4,14.7,179.0,81.82,3
00004_18-07-2025-14.57,AVE,2025,7,4,14.95,157.0,107.54,1
00018_18-07-2025-15.27,AVLO,2025,7,4,15.45,199.0,49.25,40
00004_18-07-2025-15.57,AVE,2025,7,4,15.95,157.0,98.31,3
00007_18-07-2025-16.27,AVE,2025,7,4,16.45,172.0,83.28,25
00002_18-07-2025-16.37,IRYO,2025,7,4,16.62,157.0,67.96,30
00004_18-07-2025-16.57,AVE,2025,7,4,16.95,157.0,99.34,4
00015_18-07-2025-17.17,OUIGO,2025,7,4,17.28,157.0,34.03,232
00009_18-07-2025-17.22,IRYO,2025,7,4,17.37,172.0,70.49,7
00018_18-07-2025-17.27,AVLO,2025,7,4,17.45,199.0,48.22,31
00004_18-07-2025-17.57,AVE,2025,7,4,17.95,157.0,34.71,790
00016_18-07-2025-18.27,AVE,2025,7,4,18.45,177.0,72.64,4
00002_18-07-2025-18.32,IRYO,2025,7,4,18.53,157.0,30.69,581
00004_18-07-2025-18.57,AVE,2025,7,4,18.95,157.0,53.66,59
00009_18-07-2025-19.29,IRYO,2025,7,4,19.48,172.0,61.1,2
00019_18-07-2025-19.34,AVLO,2025,7,4,19.57,201.0,28.57,569
00004_18-07-2025-20.05,AVE,2025,7,4,20.08,157.0,83.64,0
00009_18-07-2025-20.22,IRYO,2025,7,4,20.37,172.0,37.79,7
00020_18-07-2025-20.27,AVE,2025,7,4,20.45,201.0,42.92,5
00005_18-07-2025-21.02,OUIGO,2025,7,4,21.03,172.0,41.99,0
00007_18-07-2025-21.07,AVE,2025,7,4,21.12,172.0,85.59,0
00021_19-07-2025-06.27,AVLO,2025,7,5,6.45,178.0,29.11,901
00005_19-07-2025-07.02,OUIGO,2025,7,5,7.03,172.0,43.09,96
00006_19-07-2025-07.27,AVE,2025,7,5,7.45,199.0,57.91,87
00009_19-07-2025-08.07,IRYO,2025,7,5,8.12,172.0,34.21,278
00007_19-07-2025-08.27,AVE,2025,7,5,8.45,172.0,69.21,41
00008_19-07-2025-08.57,AVE,2025,7,5,8.95,164.0,58.65,112
00009_19-07-2025-09.22,IRYO,2025,7,5,9.37,172.0,38.42,168
00010_19-07-2025-09.27,AVE,2025,7,5,9.45,194.0,51.88,239
00009_19-07-2025-09.57,IRYO,2025,7,5,9.95,172.0,50.08,70
00011_19-07-2025-10.02,OUIGO,2025,7,5,10.03,182.0,30.51,201
00012_19-07-2025-10.27,AVLO,2025,7,5,10.45,172.0,43.46,136
00009_19-07-2025-11.22,IRYO,2025,7,5,11.37,172.0,35.22,361
00006_19-07-2025-11.27,AVE,2025,7,5,11.45,199.0,45.38,462
00009_19-07-2025-12.22,IRYO,2025,7,5,12.37,172.0,53.83,54
00013_19-07-2025-12.27,AVE,2025,7,5,12.45,197.0,72.46,24
00014_19-07-2025-13.18,AVE,2025,7,5,13.3,184.0,82.74,4
00015_19-07-2025-14.12,OUIGO,2025,7,5,14.2,157.0,17.64,2615
00017_19-07-2025-14.42,IRYO,2025,7,5,14.7,179.0,32.65,254
00018_19-07-2025-15.27,AVLO,2025,7,5,15.45,199.0,30.14,204
00007_19-07-2025-16.27,AVE,2025,7,5,16.45,172.0,80.64,27
00002_19-07-2025-16.37,IRYO,2025,7,5,16.62,157.0,37.96,423
00015_19-07-2025-17.17,OUIGO,2025,7,5,17.28,157.0,30.09,312
00018_19-07-2025-17.27,AVLO,2025,7,5,17.45,199.0,18.92,1687
00016_19-07-2025-18.27,AVE,2025,7,5,18.45,177.0,106.77,0
00009_19-07-2025-19.29,IRYO,2025,7,5,19.48,172.0,26.35,107
00019_19-07-2025-19.34,AVLO,2025,7,5,19.57,201.0,26.53,51
00009_19-07-2025-20.22,IRYO,2025,7,5,20.37,172.0,54.99,0
00020_19-07-2025-20.27,AVE,2025,7,5,20.45,201.0,26.48,333
00005_19-07-2025-21.02,OUIGO,2025,7,5,21.03,172.0,10.0,7319
00021_20-07-2025-06.27,AVLO,2025,7,6,6.45,178.0,61.35,182
00005_20-07-2025-07.02,OUIGO,2025,7,6,7.03,172.0,40.77,1483
00006_20-07-2025-07.27,AVE,2025,7,6,7.45,199.0,56.99,418
00009_20-07-2025-08.07,IRYO,2025,7,6,8.12,172.0,45.89,992
00007_20-07-2025-08.27,AVE,2025,7,6,8.45,172.0,80.44,31
00009_20-07-2025-09.22,IRYO,2025,7,6,9.37,172.0,50.52,323
00010_20-07-2025-09.27,AVE,2025,7,6,9.45,194.0,59.17,402
00009_20-07-2025-09.57,IRYO,2025,7,6,9.95,172.0,73.56,23
00011_20-07-2025-10.02,OUIGO,2025,7,6,10.03,182.0,34.31,11627
00012_20-07-2025-10.27,AVLO,2025,7,6,10.45,172.0,49.03,599
00009_20-07-2025-11.22,IRYO,2025,7,6,11.37,172.0,76.22,34
00006_20-07-2025-11.27,AVE,2025,7,6,11.45,199.0,138.16,0
00009_20-07-2025-12.22,IRYO,2025,7,6,12.37,172.0,63.76,114
00013_20-07-2025-12.27,AVE,2025,7,6,12.45,197.0,58.79,569
00014_20-07-2025-13.18,AVE,2025,7,6,13.3,184.0,55.14,422
00009_20-07-2025-14.02,IRYO,2025,7,6,14.03,172.0,78.48,22
00015_20-07-2025-14.12,OUIGO,2025,7,6,14.2,157.0,51.24,204
00016_20-07-2025-14.27,AVE,2025,7,6,14.45,177.0,84.88,80
00017_20-07-2025-14.42,IRYO,2025,7,6,14.7,179.0,79.18,22
00018_20-07-2025-15.27,AVLO,2025,7,6,15.45,199.0,67.51,42
00007_20-07-2025-16.27,AVE,2025,7,6,16.45,172.0,87.13,148
00002_20-07-2025-16.37,IRYO,2025,7,6,16.62,157.0,77.22,88
00004_20-07-2025-16.57,AVE,2025,7,6,16.95,157.0,74.9,603
00015_20-07-2025-17.17,OUIGO,2025,7,6,17.28,157.0,56.38,199
00009_20-07-2025-17.22,IRYO,2025,7,6,17.37,172.0,87.0,13
00018_20-07-2025-17.27,AVLO,2025,7,6,17.45,199.0,61.25,80
00004_20-07-2025-17.57,AVE,2025,7,6,17.95,157.0,62.09,617
00016_20-07-2025-18.27,AVE,2025,7,6,18.45,177.0,89.81,17
00002_20-07-2025-18.32,IRYO,2025,7,6,18.53,157.0,76.08,22
00004_20-07-2025-18.57,AVE,2025,7,6,18.95,157.0,115.51,0
00009_20-07-2025-19.29,IRYO,2025,7,6,19.48,172.0,78.38,1
00019_20-07-2025-19.34,AVLO,2025,7,6,19.57,201.0,84.95,0
00004_20-07-2025-20.05,AVE,2025,7,6,20.08,157.0,67.24,55
00009_20-07-2025-20.22,IRYO,2025,7,6,20.37,172.0,99.57,0
00020_20-07-2025-20.27,AVE,2025,7,6,20.45,201.0,97.26,0
00005_20-07-2025-21.02,OUIGO,2025,7,6,21.03,172.0,65.96,0
00007_20-07-2025-21.07,AVE,2025,7,6,21.12,172.0,127.65,0
00001_21-07-2025-06.12,AVLO,2025,7,0,6.2,157.0,33.03,498
00002_21-07-2025-06.22,IRYO,2025,7,0,6.37,157.0,14.17,1695
00003_21-07-2025-06.27,AVE,2025,7,0,6.45,178.0,43.23,488
00004_21-07-2025-06.57,AVE,2025,7,0,6.95,157.0,56.04,194
00005_21-07-2025-07.02,OUIGO,2025,7,0,7.03,172.0,42.4,11
00002_21-07-2025-07.22,IRYO,2025,7,0,7.37,157.0,34.66,147
00006_21-07-2025-07.27,AVE,2025,7,0,7.45,199.0,57.0,29
00004_21-07-2025-07.57,AVE,2025,7,0,7.95,157.0,73.64,5
00007_21-07-2025-08.27,AVE,2025,7,0,8.45,172.0,71.85,4
00002_21-07-2025-08.32,IRYO,2025,7,0,8.53,157.0,54.17,9
00008_21-07-2025-08.57,AVE,2025,7,0,8.95,164.0,34.65,375
00009_21-07-2025-09.22,IRYO,2025,7,0,9.37,172.0,51.46,14
00010_21-07-2025-09.27,AVE,2025,7,0,9.45,194.0,74.83,3
00009_21-07-2025-09.57,IRYO,2025,7,0,9.95,172.0,59.49,5
00011_21-07-2025-10.02,OUIGO,2025,7,0,10.03,182.0,34.71,42
00012_21-07-2025-10.27,AVLO,2025,7,0,10.45,172.0,32.99,132
00009_21-07-2025-11.22,IRYO,2025,7,0,11.37,172.0,38.2,65
00006_21-07-2025-11.27,AVE,2025,7,0,11.45,199.0,24.41,605
00009_21-07-2025-12.22,IRYO,2025,7,0,12.37,172.0,35.27,56
00013_21-07-2025-12.27,AVE,2025,7,0,12.45,197.0,45.98,40
00004_21-07-2025-12.57,AVE,2025,7,0,12.95,157.0,36.39,283
00014_21-07-2025-13.18,AVE,2025,7,0,13.3,184.0,68.94,2
00009_21-07-2025-14.02,IRYO,2025,7,0,14.03,172.0,23.28,166
00015_21-07-2025-14.12,OUIGO,2025,7,0,14.2,157.0,10.98,1684
00016_21-07-2025-14.27,AVE,2025,7,0,14.45,177.0,38.14,205
00017_21-07-2025-14.42,IRYO,2025,7,0,14.7,179.0,41.29,24
00004_21-07-2025-14.57,AVE,2025,7,0,14.95,157.0,47.72,175
00018_21-07-2025-15.27,AVLO,2025,7,0,15.45,199.0,33.13,54
00004_21-07-2025-15.57,AVE,2025,7,0,15.95,157.0,38.71,657
00007_21-07-2025-16.27,AVE,2025,7,0,16.45,172.0,67.31,48
00002_21-07-2025-16.37,IRYO,2025,7,0,16.62,157.0,35.92,213
00004_21-07-2025-16.57,AVE,2025,7,0,16.95,157.0,51.26,379
00015_21-07-2025-17.17,OUIGO,2025,7,0,17.28,157.0,24.68,202
00009_21-07-2025-17.22,IRYO,2025,7,0,17.37,172.0,44.37,44
00006_21-07-2025-17.27,AVE,2025,7,0,17.45,199.0,69.75,5
00004_21-07-2025-17.57,AVE,2025,7,0,17.95,157.0,36.4,493
00016_21-07-2025-18.27,AVE,2025,7,0,18.45,177.0,57.3,24
00002_21-07-2025-18.32,IRYO,2025,7,0,18.53,157.0,32.34,80
00004_21-07-2025-18.57,AVE,2025,7,0,18.95,157.0,46.76,77
00009_21-07-2025-19.29,IRYO,2025,7,0,19.48,172.0,25.68,28
00019_21-07-2025-19.34,AVLO,2025,7,0,19.57,201.0,19.74,20
00004_21-07-2025-20.05,AVE,2025,7,0,20.08,157.0,25.97,111
00009_21-07-2025-20.22,IRYO,2025,7,0,20.37,172.0,33.37,3
00020_21-07-2025-20.27,AVE,2025,7,0,20.45,201.0,12.94,438
00005_21-07-2025-21.02,OUIGO,2025,7,0,21.03,172.0,29.47,0
00007_21-07-2025-21.07,AVE,2025,7,0,21.12,172.0,38.66,2
00001_22-07-2025-06.12,AVLO,2025,7,1,6.2,157.0,36.35,702
00002_22-07-2025-06.22,IRYO,2025,7,1,6.37,157.0,39.88,466
00003_22-07-2025-06.27,AVE,2025,7,1,6.45,178.0,50.35,467
00004_22-07-2025-06.57,AVE,2025,7,1,6.95,157.0,107.7,0
00005_22-07-2025-07.02,OUIGO,2025,7,1,7.03,172.0,52.25,10
00002_22-07-2025-07.22,IRYO,2025,7,1,7.37,157.0,34.12,238
00006_22-07-2025-07.27,AVE,2025,7,1,7.45,199.0,36.08,280
00004_22-07-2025-07.57,AVE,2025,7,1,7.95,157.0,29.93,875
00007_22-07-2025-08.27,AVE,2025,7,1,8.45,172.0,79.86,0
00002_22-07-2025-08.32,IRYO,2025,7,1,8.53,157.0,39.6,32
00008_22-07-2025-08.57,AVE,2025,7,1,8.95,164.0,53.23,55
00009_22-07-2025-09.22,IRYO,2025,7,1,9.37,172.0,37.05,52
00010_22-07-2025-09.27,AVE,2025,7,1,9.45,194.0,61.38,23
00009_22-07-2025-09.57,IRYO,2025,7,1,9.95,172.0,23.86,263
00011_22-07-2025-10.02,OUIGO,2025,7,1,10.03,182.0,28.8,62
00012_22-07-2025-10.27,AVLO,2025,7,1,10.45,172.0,34.68,102
00009_22-07-2025-11.22,IRYO,2025,7,1,11.37,172.0,34.73,97
00006_22-07-2025-11.27,AVE,2025,7,1,11.45,199.0,33.43,297
00009_22-07-2025-12.22,IRYO,2025,7,1,12.37,172.0,47.53,14
00013_22-07-2025-12.27,AVE,2025,7,1,12.45,197.0,56.17,25
00004_22-07-2025-12.57,AVE,2025,7,1,12.95,157.0,30.02,505
00014_22-07-2025-13.18,AVE,2025,7,1,13.3,184.0,48.24,27
00009_22-07-2025-14.02,IRYO,2025,7,1,14.03,172.0,35.65,26
00015_22-07-2025-14.12,OUIGO,2025,7,1,14.2,157.0,53.75,1
00016_22-07-2025-14.27,AVE,2025,7,1,14.45,177.0,70.42,2
00017_22-07-2025-14.42,IRYO,2025,7,1,14.7,179.0,26.02,105
00004_22-07-2025-14.57,AVE,2025,7,1,14.95,157.0,50.8,83
00018_22-07-2025-15.27,AVLO,2025,7,1,15.45,199.0,28.66,48
00004_22-07-2025-15.57,AVE,2025,7,1,15.95,157.0,28.77,752
00007_22-07-2025-16.27,AVE,2025,7,1,16.45,172.0,30.18,544
00002_22-07-2025-16.37,IRYO,2025,7,1,16.62,157.0,10.0,2679
00004_22-07-2025-16.57,AVE,2025,7,1,16.95,157.0,48.01,245
00015_22-07-2025-17.17,OUIGO,2025,7,1,17.28,157.0,24.98,110
00009_22-07-2025-17.22,IRYO,2025,7,1,17.37,172.0,57.56,2
00006_22-07-2025-17.27,AVE,2025,7,1,17.45,199.0,55.35,37
00004_22-07-2025-17.57,AVE,2025,7,1,17.95,157.0,76.6,4
00016_22-07-2025-18.27,AVE,2025,7,1,18.45,177.0,53.45,26
00002_22-07-2025-18.32,IRYO,2025,7,1,18.53,157.0,35.12,38
00004_22-07-2025-18.57,AVE,2025,7,1,18.95,157.0,19.9,513
00009_22-07-2025-19.29,IRYO,2025,7,1,19.48,172.0,32.4,13
00019_22-07-2025-19.34,AVLO,2025,7,1,19.57,201.0,30.81,2
00004_22-07-2025-20.05,AVE,2025,7,1,20.08,157.0,53.44,6
00009_22-07-2025-20.22,IRYO,2025,7,1,20.37,172.0,22.95,8
00020_22-07-2025-20.27,AVE,2025,7,1,20.45,201.0,36.51,2
00005_22-07-2025-21.02,OUIGO,2025,7,1,21.03,172.0,24.43,1
00007_22-07-2025-21.07,AVE,2025,7,1,21.12,172.0,42.4,2
00001_23-07-2025-06.12,AVLO,2025,7,2,6.2,157.0,34.12,423
00002_23-07-2025-06.22,IRYO,2025,7,2,6.37,157.0,19.24,1409
00003_23-07-2025-06.27,AVE,2025,7,2,6.45,178.0,16.52,4014
00004_23-07-2025-06.57,AVE,2025,7,2,6.95,157.0,98.95,1
00005_23-07-2025-07.02,OUIGO,2025,7,2,7.03,172.0,47.44,6
00002_23-07-2025-07.22,IRYO,2025,7,2,7.37,157.0,26.36,224
00006_23-07-2025-07.27,AVE,2025,7,2,7.45,199.0,23.99,694
00004_23-07-2025-07.57,AVE,2025,7,2,7.95,157.0,48.62,97
00007_23-07-2025-08.27,AVE,2025,7,2,8.45,172.0,69.1,3
00002_23-07-2025-08.32,IRYO,2025,7,2,8.53,157.0,35.04,53
00008_23-07-2025-08.57,AVE,2025,7,2,8.95,164.0,49.59,107
00009_23-07-2025-09.22,IRYO,2025,7,2,9.37,172.0,36.38,103
00010_23-07-2025-09.27,AVE,2025,7,2,9.45,194.0,60.39,47
00009_23-07-2025-09.57,IRYO,2025,7,2,9.95,172.0,25.44,497
00011_23-07-2025-10.02,OUIGO,2025,7,2,10.03,182.0,51.94,5
00012_23-07-2025-10.27,AVLO,2025,7,2,10.45,172.0,50.58,33
00009_23-07-2025-11.22,IRYO,2025,7,2,11.37,172.0,35.24,248
00006_23-07-2025-11.27,AVE,2025,7,2,11.45,199.0,53.6,126
00009_23-07-2025-12.22,IRYO,2025,7,2,12.37,172.0,60.11,4
00013_23-07-2025-12.27,AVE,2025,7,2,12.45,197.0,44.44,207
00004_23-07-2025-12.57,AVE,2025,7,2,12.95,157.0,33.1,918
00014_23-07-2025-13.18,AVE,2025,7,2,13.3,184.0,48.24,64
00009_23-07-2025-14.02,IRYO,2025,7,2,14.03,172.0,42.6,66
00015_23-07-2025-14.12,OUIGO,2025,7,2,14.2,157.0,28.58,505
00016_23-07-2025-14.27,AVE,2025,7,2,14.45,177.0,53.29,181
00017_23-07-2025-14.42,IRYO,2025,7,2,14.7,179.0,46.51,42
00004_23-07-2025-14.57,AVE,2025,7,2,14.95,157.0,57.28,197
00018_23-07-2025-15.27,AVLO,2025,7,2,15.45,199.0,29.37,338
00004_23-07-2025-15.57,AVE,2025,7,2,15.95,157.0,40.7,1355
00007_23-07-2025-16.27,AVE,2025,7,2,16.45,172.0,53.7,490
00002_23-07-2025-16.37,IRYO,2025,7,2,16.62,157.0,36.72,525
00004_23-07-2025-16.57,AVE,2025,7,2,16.95,157.0,133.2,0
00015_23-07-2025-17.17,OUIGO,2025,7,2,17.28,157.0,35.37,307
00009_23-07-2025-17.22,IRYO,2025,7,2,17.37,172.0,26.83,1530
00006_23-07-2025-17.27,AVE,2025,7,2,17.45,199.0,57.8,143
00004_23-07-2025-17.57,AVE,2025,7,2,17.95,157.0,69.88,88
00016_23-07-2025-18.27,AVE,2025,7,2,18.45,177.0,73.75,28
00002_23-07-2025-18.32,IRYO,2025,7,2,18.53,157.0,42.38,108
00004_23-07-2025-18.57,AVE,2025,7,2,18.95,157.0,113.0,0
00009_23-07-2025-19.29,IRYO,2025,7,2,19.48,172.0,31.85,85
00019_23-07-2025-19.34,AVLO,2025,7,2,19.57,201.0,27.19,278
00004_23-07-2025-20.05,AVE,2025,7,2,20.08,157.0,47.38,75
00009_23-07-2025-20.22,IRYO,2025,7,2,20.37,172.0,51.07,2
00020_23-07-2025-20.27,AVE,2025,7,2,20.45,201.0,46.05,7
00005_23-07-2025-21.02,OUIGO,2025,7,2,21.03,172.0,55.24,0
00007_23-07-2025-21.07,AVE,2025,7,2,21.12,172.0,57.42,4
00001_24-07-2025-06.12,AVLO,2025,7,3,6.2,157.0,19.54,3790
00002_24-07-2025-06.22,IRYO,2025,7,3,6.37,157.0,28.29,904
00003_24-07-2025-06.27,AVE,2025,7,3,6.45,178.0,33.67,1386
00004_24-07-2025-06.57,AVE,2025,7,3,6.95,157.0,43.78,691
00005_24-07-2025-07.02,OUIGO,2025,7,3,7.03,172.0,51.95,4
00002_24-07-2025-07.22,IRYO,2025,7,3,7.37,157.0,30.94,255
00006_24-07-2025-07.27,AVE,2025,7,3,7.45,199.0,40.85,249
00004_24-07-2025-07.57,AVE,2025,7,3,7.95,157.0,54.12,105
00007_24-07-2025-08.27,AVE,2025,7,3,8.45,172.0,26.27,1993
00002_24-07-2025-08.32,IRYO,2025,7,3,8.53,157.0,48.56,38
00008_24-07-2025-08.57,AVE,2025,7,3,8.95,164.0,73.26,19
00009_24-07-2025-09.22,IRYO,2025,7,3,9.37,172.0,67.93,3
00010_24-07-2025-09.27,AVE,2025,7,3,9.45,194.0,76.95,19
00009_24-07-2025-09.57,IRYO,2025,7,3,9.95,172.0,51.35,90
00011_24-07-2025-10.02,OUIGO,2025,7,3,10.03,182.0,47.26,60
00012_24-07-2025-10.27,AVLO,2025,7,3,10.45,172.0,55.61,85
00009_24-07-2025-11.22,IRYO,2025,7,3,11.37,172.0,56.5,102
00006_24-07-2025-11.27,AVE,2025,7,3,11.45,199.0,60.52,253
00009_24-07-2025-12.22,IRYO,2025,7,3,12.37,172.0,49.69,168
00013_24-07-2025-12.27,AVE,2025,7,3,12.45,197.0,49.67,560
00004_24-07-2025-12.57,AVE,2025,7,3,12.95,157.0,54.28,597
00014_24-07-2025-13.18,AVE,2025,7,3,13.3,184.0,55.14,200
00004_24-07-2025-13.57,AVE,2025,7,3,13.95,157.0,,0
00009_24-07-2025-14.02,IRYO,2025,7,3,14.03,172.0,,0
00015_24-07-2025-14.12,OUIGO,2025,7,3,14.2,157.0,,0
00016_24-07-2025-14.27,AVE,2025,7,3,14.45,177.0,72.41,191
00017_24-07-2025-14.42,IRYO,2025,7,3,14.7,179.0,49.46,270
00004_24-07-2025-14.57,AVE,2025,7,3,14.95,157.0,90.73,61
00018_24-07-2025-15.27,AVLO,2025,7,3,15.45,199.0,36.99,688
00004_24-07-2025-15.57,AVE,2025,7,3,15.95,157.0,90.46,114
00007_24-07-2025-16.27,AVE,2025,7,3,16.45,172.0,82.91,203
00002_24-07-2025-16.37,IRYO,2025,7,3,16.62,157.0,46.19,1207
00004_24-07-2025-16.57,AVE,2025,7,3,16.95,157.0,151.09,0
00015_24-07-2025-17.17,OUIGO,2025,7,3,17.28,157.0,49.49,367
00009_24-07-2025-17.22,IRYO,2025,7,3,17.37,172.0,73.98,46
00006_24-07-2025-17.27,AVE,2025,7,3,17.45,199.0,77.93,94
00004_24-07-2025-17.57,AVE,2025,7,3,17.95,157.0,57.03,1189
00016_24-07-2025-18.27,AVE,2025,7,3,18.45,177.0,77.39,52
00002_24-07-2025-18.32,IRYO,2025,7,3,18.53,157.0,34.26,897
00004_24-07-2025-18.57,AVE,2025,7,3,18.95,157.0,84.23,35
00009_24-07-2025-19.29,IRYO,2025,7,3,19.48,172.0,54.91,17
00019_24-07-2025-19.34,AVLO,2025,7,3,19.57,201.0,41.04,19
00004_24-07-2025-20.05,AVE,2025,7,3,20.08,157.0,58.21,63
00009_24-07-2025-20.22,IRYO,2025,7,3,20.37,172.0,33.5,136
00020_24-07-2025-20.27,AVE,2025,7,3,20.45,201.0,41.66,41
00005_24-07-2025-21.02,OUIGO,2025,7,3,21.03,172.0,29.38,915
00007_24-07-2025-21.07,AVE,2025,7,3,21.12,172.0,65.29,2
00002_25-07-2025-06.22,IRYO,2025,7,4,6.37,157.0,26.54,1481
00021_25-07-2025-06.27,AVLO,2025,7,4,6.45,178.0,24.53,1917
00004_25-07-2025-06.57,AVE,2025,7,4,6.95,157.0,51.8,266
00005_25-07-2025-07.02,OUIGO,2025,7,4,7.03,172.0,44.63,18
00002_25-07-2025-07.22,IRYO,2025,7,4,7.37,157.0,36.76,124
00006_25-07-2025-07.27,AVE,2025,7,4,7.45,199.0,63.92,13
00004_25-07-2025-07.57,AVE,2025,7,4,7.95,157.0,61.75,40
00002_25-07-2025-08.32,IRYO,2025,7,4,8.53,157.0,21.6,6840
00008_25-07-2025-08.57,AVE,2025,7,4,8.95,164.0,130.09,0
00009_25-07-2025-09.22,IRYO,2025,7,4,9.37,172.0,37.96,203
00010_25-07-2025-09.27,AVE,2025,7,4,9.45,194.0,51.98,247
00009_25-07-2025-09.57,IRYO,2025,7,4,9.95,172.0,56.87,33
00011_25-07-2025-10.02,OUIGO,2025,7,4,10.03,182.0,50.25,34
00012_25-07-2025-10.27,AVLO,2025,7,4,10.45,172.0,54.75,77
00009_25-07-2025-11.22,IRYO,2025,7,4,11.37,172.0,83.02,2
00006_25-07-2025-11.27,AVE,2025,7,4,11.45,199.0,100.72,0
00009_25-07-2025-12.22,IRYO,2025,7,4,12.37,172.0,36.07,384
00013_25-07-2025-12.27,AVE,2025,7,4,12.45,197.0,41.02,616
00004_25-07-2025-12.57,AVE,2025,7,4,12.95,157.0,79.73,24
00014_25-07-2025-13.18,AVE,2025,7,4,13.3,184.0,55.14,78
00004_25-07-2025-13.57,AVE,2025,7,4,13.95,157.0,94.91,6
00009_25-07-2025-14.02,IRYO,2025,7,4,14.03,172.0,78.39,4
00015_25-07-2025-14.12,OUIGO,2025,7,4,14.2,157.0,31.38,808
00016_25-07-2025-14.27,AVE,2025,7,4,14.45,177.0,95.63,6
00017_25-07-2025-14.42,IRYO,2025,7,4,14.7,179.0,89.97,2
00004_25-07-2025-14.57,AVE,2025,7,4,14.95,157.0,86.19,31
00018_25-07-2025-15.27,AVLO,2025,7,4,15.45,199.0,51.94,45
00004_25-07-2025-15.57,AVE,2025,7,4,15.95,157.0,93.36,24
00007_25-07-2025-16.27,AVE,2025,7,4,16.45,172.0,76.93,66
00002_25-07-2025-16.37,IRYO,2025,7,4,16.62,157.0,67.89,53
00004_25-07-2025-16.57,AVE,2025,7,4,16.95,157.0,103.18,4
00015_25-07-2025-17.17,OUIGO,2025,7,4,17.28,157.0,31.39,884
00009_25-07-2025-17.22,IRYO,2025,7,4,17.37,172.0,62.58,23
00018_25-07-2025-17.27,AVLO,2025,7,4,17.45,199.0,62.82,11
00004_25-07-2025-17.57,AVE,2025,7,4,17.95,157.0,43.2,687
00016_25-07-2025-18.27,AVE,2025,7,4,18.45,177.0,83.42,4
00002_25-07-2025-18.32,IRYO,2025,7,4,18.53,157.0,39.26,96
00004_25-07-2025-18.57,AVE,2025,7,4,18.95,157.0,79.9,7
00009_25-07-2025-19.29,IRYO,2025,7,4,19.48,172.0,53.12,5
00019_25-07-2025-19.34,AVLO,2025,7,4,19.57,201.0,39.54,10
00004_25-07-2025-20.05,AVE,2025,7,4,20.08,157.0,67.24,11
00009_25-07-2025-20.22,IRYO,2025,7,4,20.37,172.0,41.58,7
00020_25-07-2025-20.27,AVE,2025,7,4,20.45,201.0,57.09,0
00005_25-07-2025-21.02,OUIGO,2025,7,4,21.03,172.0,42.77,0
00007_25-07-2025-21.07,AVE,2025,7,4,21.12,172.0,84.03,0
00021_26-07-2025-06.27,AVLO,2025,7,5,6.45,178.0,27.92,1042
00005_26-07-2025-07.02,OUIGO,2025,7,5,7.03,172.0,27.76,399
00006_26-07-2025-07.27,AVE,2025,7,5,7.45,199.0,44.8,280
00009_26-07-2025-08.07,IRYO,2025,7,5,8.12,172.0,29.31,498
00007_26-07-2025-08.27,AVE,2025,7,5,8.45,172.0,55.33,98
00008_26-07-2025-08.57,AVE,2025,7,5,8.95,164.0,38.51,580
00009_26-07-2025-09.22,IRYO,2025,7,5,9.37,172.0,29.59,584
00010_26-07-2025-09.27,AVE,2025,7,5,9.45,194.0,59.4,70
00009_26-07-2025-09.57,IRYO,2025,7,5,9.95,172.0,52.64,44
00011_26-07-2025-10.02,OUIGO,2025,7,5,10.03,182.0,35.99,97
00012_26-07-2025-10.27,AVLO,2025,7,5,10.45,172.0,38.63,220
00009_26-07-2025-11.22,IRYO,2025,7,5,11.37,172.0,48.12,105
00006_26-07-2025-11.27,AVE,2025,7,5,11.45,199.0,41.43,630
00009_26-07-2025-12.22,IRYO,2025,7,5,12.37,172.0,34.42,359
00013_26-07-2025-12.27,AVE,2025,7,5,12.45,197.0,57.47,153
00014_26-07-2025-13.18,AVE,2025,7,5,13.3,184.0,82.74,1
00015_26-07-2025-14.12,OUIGO,2025,7,5,14.2,157.0,35.18,231
00017_26-07-2025-14.42,IRYO,2025,7,5,14.7,179.0,28.18,712
00018_26-07-2025-15.27,AVLO,2025,7,5,15.45,199.0,28.73,483
00007_26-07-2025-16.27,AVE,2025,7,5,16.45,172.0,106.71,4
00002_26-07-2025-16.37,IRYO,2025,7,5,16.62,157.0,56.71,153
00015_26-07-2025-17.17,OUIGO,2025,7,5,17.28,157.0,33.98,408
00018_26-07-2025-17.27,AVLO,2025,7,5,17.45,199.0,26.18,685
00016_26-07-2025-18.27,AVE,2025,7,5,18.45,177.0,87.76,6
00009_26-07-2025-19.29,IRYO,2025,7,5,19.48,172.0,32.07,68
00019_26-07-2025-19.34,AVLO,2025,7,5,19.57,201.0,31.06,24
00009_26-07-2025-20.22,IRYO,2025,7,5,20.37,172.0,41.22,7
00020_26-07-2025-20.27,AVE,2025,7,5,20.45,201.0,16.81,10098
00005_26-07-2025-21.02,OUIGO,2025,7,5,21.03,172.0,18.37,2133
00021_27-07-2025-06.27,AVLO,2025,7,6,6.45,178.0,48.06,460
00005_27-07-2025-07.02,OUIGO,2025,7,6,7.03,172.0,52.83,69
00006_27-07-2025-07.27,AVE,2025,7,6,7.45,199.0,48.21,1444
00009_27-07-2025-08.07,IRYO,2025,7,6,8.12,172.0,65.9,18
00007_27-07-2025-08.27,AVE,2025,7,6,8.45,172.0,78.92,31
00009_27-07-2025-09.22,IRYO,2025,7,6,9.37,172.0,52.21,163
00010_27-07-2025-09.27,AVE,2025,7,6,9.45,194.0,61.07,276
00009_27-07-2025-09.57,IRYO,2025,7,6,9.95,172.0,45.38,904
00011_27-07-2025-10.02,OUIGO,2025,7,6,10.03,182.0,46.22,295
00012_27-07-2025-10.27,AVLO,2025,7,6,10.45,172.0,48.8,466
00009_27-07-2025-11.22,IRYO,2025,7,6,11.37,172.0,70.5,47
00006_27-07-2025-11.27,AVE,2025,7,6,11.45,199.0,124.28,0
00009_27-07-2025-12.22,IRYO,2025,7,6,12.37,172.0,56.26,195
00013_27-07-2025-12.27,AVE,2025,7,6,12.45,197.0,63.55,307
00014_27-07-2025-13.18,AVE,2025,7,6,13.3,184.0,55.14,270
00009_27-07-2025-14.02,IRYO,2025,7,6,14.03,172.0,83.12,3
00015_27-07-2025-14.12,OUIGO,2025,7,6,14.2,157.0,41.36,986
00016_27-07-2025-14.27,AVE,2025,7,6,14.45,177.0,102.29,3
00017_27-07-2025-14.42,IRYO,2025,7,6,14.7,179.0,81.18,7
00018_27-07-2025-15.27,AVLO,2025,7,6,15.45,199.0,78.05,6
00007_27-07-2025-16.27,AVE,2025,7,6,16.45,172.0,74.32,199
00002_27-07-2025-16.37,IRYO,2025,7,6,16.62,157.0,100.72,5
00004_27-07-2025-16.57,AVE,2025,7,6,16.95,157.0,78.34,206
00015_27-07-2025-17.17,OUIGO,2025,7,6,17.28,157.0,32.06,8636
00009_27-07-2025-17.22,IRYO,2025,7,6,17.37,172.0,81.32,13
00018_27-07-2025-17.27,AVLO,2025,7,6,17.45,199.0,61.36,24
00004_27-07-2025-17.57,AVE,2025,7,6,17.95,157.0,56.34,478
00016_27-07-2025-18.27,AVE,2025,7,6,18.45,177.0,114.56,2
00002_27-07-2025-18.32,IRYO,2025,7,6,18.53,157.0,102.8,0
00004_27-07-2025-18.57,AVE,2025,7,6,18.95,157.0,95.69,6
00009_27-07-2025-19.29,IRYO,2025,7,6,19.48,172.0,90.42,0
00019_27-07-2025-19.34,AVLO,2025,7,6,19.57,201.0,82.04,0
00004_27-07-2025-20.05,AVE,2025,7,6,20.08,157.0,63.25,31
00009_27-07-2025-20.22,IRYO,2025,7,6,20.37,172.0,86.76,1
00020_27-07-2025-20.27,AVE,2025,7,6,20.45,201.0,78.39,1
00005_27-07-2025-21.02,OUIGO,2025,7,6,21.03,172.0,81.92,0
00007_27-07-2025-21.07,AVE,2025,7,6,21.12,172.0,121.75,0
00001_28-07-2025-06.12,AVLO,2025,7,0,6.2,157.0,29.54,1328
00002_28-07-2025-06.22,IRYO,2025,7,0,6.37,157.0,30.32,1080
00003_28-07-2025-06.27,AVE,2025,7,0,6.45,178.0,44.32,831
00004_28-07-2025-06.57,AVE,2025,7,0,6.95,157.0,51.06,573
00005_28-07-2025-07.02,OUIGO,2025,7,0,7.03,172.0,25.64,232
00002_28-07-2025-07.22,IRYO,2025,7,0,7.37,157.0,37.14,206
00006_28-07-2025-07.27,AVE,2025,7,0,7.45,199.0,49.73,138
00004_28-07-2025-07.57,AVE,2025,7,0,7.95,157.0,55.32,124
00007_28-07-2025-08.27,AVE,2025,7,0,8.45,172.0,63.44,40
00002_28-07-2025-08.32,IRYO,2025,7,0,8.53,157.0,33.15,196
00008_28-07-2025-08.57,AVE,2025,7,0,8.95,164.0,56.13,137
00009_28-07-2025-09.22,IRYO,2025,7,0,9.37,172.0,55.64,23
00010_28-07-2025-09.27,AVE,2025,7,0,9.45,194.0,73.12,9
00009_28-07-2025-09.57,IRYO,2025,7,0,9.95,172.0,42.91,115
00011_28-07-2025-10.02,OUIGO,2025,7,0,10.03,182.0,35.56,81
00012_28-07-2025-10.27,AVLO,2025,7,0,10.45,172.0,33.07,279
00009_28-07-2025-11.22,IRYO,2025,7,0,11.37,172.0,39.16,113
00006_28-07-2025-11.27,AVE,2025,7,0,11.45,199.0,37.73,379
00009_28-07-2025-12.22,IRYO,2025,7,0,12.37,172.0,18.32,1331
00013_28-07-2025-12.27,AVE,2025,7,0,12.45,197.0,52.18,53
00004_28-07-2025-12.57,AVE,2025,7,0,12.95,157.0,31.96,726
00014_28-07-2025-13.18,AVE,2025,7,0,13.3,184.0,68.94,0
00009_28-07-2025-14.02,IRYO,2025,7,0,14.03,172.0,34.8,87
00015_28-07-2025-14.12,OUIGO,2025,7,0,14.2,157.0,37.14,34
00016_28-07-2025-14.27,AVE,2025,7,0,14.45,177.0,30.63,761
00017_28-07-2025-14.42,IRYO,2025,7,0,14.7,179.0,54.62,10
00004_28-07-2025-14.57,AVE,2025,7,0,14.95,157.0,43.78,454
00018_28-07-2025-15.27,AVLO,2025,7,0,15.45,199.0,35.53,84
00004_28-07-2025-15.57,AVE,2025,7,0,15.95,157.0,50.61,462
00007_28-07-2025-16.27,AVE,2025,7,0,16.45,172.0,74.03,31
00002_28-07-2025-16.37,IRYO,2025,7,0,16.62,157.0,56.63,53
00004_28-07-2025-16.57,AVE,2025,7,0,16.95,157.0,45.09,1006
00015_28-07-2025-17.17,OUIGO,2025,7,0,17.28,157.0,22.15,638
00009_28-07-2025-17.22,IRYO,2025,7,0,17.37,172.0,35.93,164
00006_28-07-2025-17.27,AVE,2025,7,0,17.45,199.0,75.34,8
00004_28-07-2025-17.57,AVE,2025,7,0,17.95,157.0,38.87,717
00016_28-07-2025-18.27,AVE,2025,7,0,18.45,177.0,68.63,12
00002_28-07-2025-18.32,IRYO,2025,7,0,18.53,157.0,22.82,375
00004_28-07-2025-18.57,AVE,2025,7,0,18.95,157.0,39.53,249
00009_28-07-2025-19.29,IRYO,2025,7,0,19.48,172.0,59.02,1
00019_28-07-2025-19.34,AVLO,2025,7,0,19.57,201.0,15.0,1922
00004_28-07-2025-20.05,AVE,2025,7,0,20.08,157.0,29.55,156
00009_28-07-2025-20.22,IRYO,2025,7,0,20.37,172.0,37.36,1
00020_28-07-2025-20.27,AVE,2025,7,0,20.45,201.0,25.81,46
00005_28-07-2025-21.02,OUIGO,2025,7,0,21.03,172.0,31.9,1
00007_28-07-2025-21.07,AVE,2025,7,0,21.12,172.0,42.51,4
00001_29-07-2025-06.12,AVLO,2025,7,1,6.2,157.0,35.29,1310
00002_29-07-2025-06.22,IRYO,2025,7,1,6.37,157.0,43.9,570
00003_29-07-2025-06.27,AVE,2025,7,1,6.45,178.0,38.17,1927
00004_29-07-2025-06.57,AVE,2025,7,1,6.95,157.0,111.92,0
00005_29-07-2025-07.02,OUIGO,2025,7,1,7.03,172.0,68.41,1
00002_29-07-2025-07.22,IRYO,2025,7,1,7.37,157.0,68.59,3
00006_29-07-2025-07.27,AVE,2025,7,1,7.45,199.0,46.0,187
00004_29-07-2025-07.57,AVE,2025,7,1,7.95,157.0,26.56,2454
00007_29-07-2025-08.27,AVE,2025,7,1,8.45,172.0,68.67,11
00002_29-07-2025-08.32,IRYO,2025,7,1,8.53,157.0,37.52,93
00008_29-07-2025-08.57,AVE,2025,7,1,8.95,164.0,46.45,232
00009_29-07-2025-09.22,IRYO,2025,7,1,9.37,172.0,39.73,85
00010_29-07-2025-09.27,AVE,2025,7,1,9.45,194.0,72.04,13
00009_29-07-2025-09.57,IRYO,2025,7,1,9.95,172.0,30.8,319
00011_29-07-2025-10.02,OUIGO,2025,7,1,10.03,182.0,27.37,230
00012_29-07-2025-10.27,AVLO,2025,7,1,10.45,172.0,34.12,253
00009_29-07-2025-11.22,IRYO,2025,7,1,11.37,172.0,37.52,179
00006_29-07-2025-11.27,AVE,2025,7,1,11.45,199.0,45.03,246
00009_29-07-2025-12.22,IRYO,2025,7,1,12.37,172.0,24.09,1164
00013_29-07-2025-12.27,AVE,2025,7,1,12.45,197.0,34.67,550
00004_29-07-2025-12.57,AVE,2025,7,1,12.95,157.0,40.03,527
00014_29-07-2025-13.18,AVE,2025,7,1,13.3,184.0,48.24,62
00009_29-07-2025-14.02,IRYO,2025,7,1,14.03,172.0,30.66,236
00015_29-07-2025-14.12,OUIGO,2025,7,1,14.2,157.0,40.42,42
00016_29-07-2025-14.27,AVE,2025,7,1,14.45,177.0,69.31,14
00017_29-07-2025-14.42,IRYO,2025,7,1,14.7,179.0,48.39,28
00004_29-07-2025-14.57,AVE,2025,7,1,14.95,157.0,48.83,385
00018_29-07-2025-15.27,AVLO,2025,7,1,15.45,199.0,28.27,218
00004_29-07-2025-15.57,AVE,2025,7,1,15.95,157.0,33.58,1686
00007_29-07-2025-16.27,AVE,2025,7,1,16.45,172.0,39.26,1059
00002_29-07-2025-16.37,IRYO,2025,7,1,16.62,157.0,25.94,1510
00004_29-07-2025-16.57,AVE,2025,7,1,16.95,157.0,54.87,530
00015_29-07-2025-17.17,OUIGO,2025,7,1,17.28,157.0,34.09,187
00009_29-07-2025-17.22,IRYO,2025,7,1,17.37,172.0,52.92,46
00006_29-07-2025-17.27,AVE,2025,7,1,17.45,199.0,61.48,85
00004_29-07-2025-17.57,AVE,2025,7,1,17.95,157.0,57.43,213
00016_29-07-2025-18.27,AVE,2025,7,1,18.45,177.0,51.15,127
00002_29-07-2025-18.32,IRYO,2025,7,1,18.53,157.0,32.68,203
00004_29-07-2025-18.57,AVE,2025,7,1,18.95,157.0,49.15,165
00009_29-07-2025-19.29,IRYO,2025,7,1,19.48,172.0,26.7,214
00019_29-07-2025-19.34,AVLO,2025,7,1,19.57,201.0,28.29,42
00004_29-07-2025-20.05,AVE,2025,7,1,20.08,157.0,52.34,22
00009_29-07-2025-20.22,IRYO,2025,7,1,20.37,172.0,27.67,67
00020_29-07-2025-20.27,AVE,2025,7,1,20.45,201.0,27.45,130
00005_29-07-2025-21.02,OUIGO,2025,7,1,21.03,172.0,21.72,1652
00007_29-07-2025-21.07,AVE,2025,7,1,21.12,172.0,31.79,49
00001_30-07-2025-06.12,AVLO,2025,7,2,6.2,157.0,33.02,737
00002_30-07-2025-06.22,IRYO,2025,7,2,6.37,157.0,23.02,1425
00003_30-07-2025-06.27,AVE,2025,7,2,6.45,178.0,31.16,1612
00004_30-07-2025-06.57,AVE,2025,7,2,6.95,157.0,84.17,8
00005_30-07-2025-07.02,OUIGO,2025,7,2,7.03,172.0,57.29,2
00002_30-07-2025-07.22,IRYO,2025,7,2,7.37,157.0,27.21,385
00006_30-07-2025-07.27,AVE,2025,7,2,7.45,199.0,26.7,1008
00004_30-07-2025-07.57,AVE,2025,7,2,7.95,157.0,61.39,45
00007_30-07-2025-08.27,AVE,2025,7,2,8.45,172.0,79.25,0
00002_30-07-2025-08.32,IRYO,2025,7,2,8.53,157.0,33.34,133
00008_30-07-2025-08.57,AVE,2025,7,2,8.95,164.0,74.72,3
00009_30-07-2025-09.22,IRYO,2025,7,2,9.37,172.0,39.64,117
00010_30-07-2025-09.27,AVE,2025,7,2,9.45,194.0,79.97,6
00009_30-07-2025-09.57,IRYO,2025,7,2,9.95,172.0,41.01,136
00011_30-07-2025-10.02,OUIGO,2025,7,2,10.03,182.0,42.71,42
00012_30-07-2025-10.27,AVLO,2025,7,2,10.45,172.0,41.7,130
00009_30-07-2025-11.22,IRYO,2025,7,2,11.37,172.0,51.81,55
00006_30-07-2025-11.27,AVE,2025,7,2,11.45,199.0,40.24,469
00009_30-07-2025-12.22,IRYO,2025,7,2,12.37,172.0,40.66,110
00013_30-07-2025-12.27,AVE,2025,7,2,12.45,197.0,49.76,139
00004_30-07-2025-12.57,AVE,2025,7,2,12.95,157.0,46.84,379
00014_30-07-2025-13.18,AVE,2025,7,2,13.3,184.0,48.24,85
00009_30-07-2025-14.02,IRYO,2025,7,2,14.03,172.0,40.44,89
00015_30-07-2025-14.12,OUIGO,2025,7,2,14.2,157.0,43.33,23
00016_30-07-2025-14.27,AVE,2025,7,2,14.45,177.0,35.47,716
00017_30-07-2025-14.42,IRYO,2025,7,2,14.7,179.0,54.95,17
00004_30-07-2025-14.57,AVE,2025,7,2,14.95,157.0,62.18,135
00018_30-07-2025-15.27,AVLO,2025,7,2,15.45,199.0,32.3,221
00004_30-07-2025-15.57,AVE,2025,7,2,15.95,157.0,37.51,1482
00007_30-07-2025-16.27,AVE,2025,7,2,16.45,172.0,63.3,210
00002_30-07-2025-16.37,IRYO,2025,7,2,16.62,157.0,55.59,98
00004_30-07-2025-16.57,AVE,2025,7,2,16.95,157.0,131.88,0
00015_30-07-2025-17.17,OUIGO,2025,7,2,17.28,157.0,38.94,196
00009_30-07-2025-17.22,IRYO,2025,7,2,17.37,172.0,35.09,419
00006_30-07-2025-17.27,AVE,2025,7,2,17.45,199.0,45.85,387
00004_30-07-2025-17.57,AVE,2025,7,2,17.95,157.0,58.81,251
00016_30-07-2025-18.27,AVE,2025,7,2,18.45,177.0,69.81,30
00002_30-07-2025-18.32,IRYO,2025,7,2,18.53,157.0,45.33,84
00004_30-07-2025-18.57,AVE,2025,7,2,18.95,157.0,112.71,0
00009_30-07-2025-19.29,IRYO,2025,7,2,19.48,172.0,25.21,1927
00019_30-07-2025-19.34,AVLO,2025,7,2,19.57,201.0,29.53,122
00004_30-07-2025-20.05,AVE,2025,7,2,20.08,157.0,66.32,16
00009_30-07-2025-20.22,IRYO,2025,7,2,20.37,172.0,54.32,0
00020_30-07-2025-20.27,AVE,2025,7,2,20.45,201.0,55.14,5
00005_30-07-2025-21.02,OUIGO,2025,7,2,21.03,172.0,40.1,1
00007_30-07-2025-21.07,AVE,2025,7,2,21.12,172.0,61.87,4
00001_31-07-2025-06.12,AVLO,2025,7,3,6.2,157.0,35.6,739
00002_31-07-2025-06.22,IRYO,2025,7,3,6.37,157.0,31.78,795
00003_31-07-2025-06.27,AVE,2025,7,3,6.45,178.0,34.62,1410
00004_31-07-2025-06.57,AVE,2025,7,3,6.95,157.0,56.17,246
00005_31-07-2025-07.02,OUIGO,2025,7,3,7.03,172.0,60.14,2
00002_31-07-2025-07.22,IRYO,2025,7,3,7.37,157.0,33.53,206
00006_31-07-2025-07.27,AVE,2025,7,3,7.45,199.0,53.59,53
00004_31-07-2025-07.57,AVE,2025,7,3,7.95,157.0,21.8,4066
00007_31-07-2025-08.27,AVE,2025,7,3,8.45,172.0,48.86,141
00002_31-07-2025-08.32,IRYO,2025,7,3,8.53,157.0,46.78,26
00008_31-07-2025-08.57,AVE,2025,7,3,8.95,164.0,60.13,66
00009_31-07-2025-09.22,IRYO,2025,7,3,9.37,172.0,56.07,21
00010_31-07-2025-09.27,AVE,2025,7,3,9.45,194.0,53.95,233
00009_31-07-2025-09.57,IRYO,2025,7,3,9.95,172.0,39.58,232
00011_31-07-2025-10.02,OUIGO,2025,7,3,10.03,182.0,67.77,4
00012_31-07-2025-10.27,AVLO,2025,7,3,10.45,172.0,51.07,109
00009_31-07-2025-11.22,IRYO,2025,7,3,11.37,172.0,50.75,155
00006_31-07-2025-11.27,AVE,2025,7,3,11.45,199.0,73.58,47
00009_31-07-2025-12.22,IRYO,2025,7,3,12.37,172.0,51.57,116
00013_31-07-2025-12.27,AVE,2025,7,3,12.45,197.0,44.21,800
00004_31-07-2025-12.57,AVE,2025,7,3,12.95,157.0,72.51,81
00014_31-07-2025-13.18,AVE,2025,7,3,13.3,184.0,55.14,208
00004_31-07-2025-13.57,AVE,2025,7,3,13.95,157.0,,0
00009_31-07-2025-14.02,IRYO,2025,7,3,14.03,172.0,,0
00015_31-07-2025-14.12,OUIGO,2025,7,3,14.2,157.0,,0
00016_31-07-2025-14.27,AVE,2025,7,3,14.45,177.0,71.71,185
00017_31-07-2025-14.42,IRYO,2025,7,3,14.7,179.0,43.46,457
00004_31-07-2025-14.57,AVE,2025,7,3,14.95,157.0,73.66,278
00018_31-07-2025-15.27,AVLO,2025,7,3,15.45,199.0,38.01,695
00004_31-07-2025-15.57,AVE,2025,7,3,15.95,157.0,75.72,465
00007_31-07-2025-16.27,AVE,2025,7,3,16.45,172.0,82.08,241
00002_31-07-2025-16.37,IRYO,2025,7,3,16.62,157.0,54.53,699
00004_31-07-2025-16.57,AVE,2025,7,3,16.95,157.0,160.0,0
00015_31-07-2025-17.17,OUIGO,2025,7,3,17.28,157.0,53.05,324
00009_31-07-2025-17.22,IRYO,2025,7,3,17.37,172.0,75.67,71
00006_31-07-2025-17.27,AVE,2025,7,3,17.45,199.0,79.54,107
00004_31-07-2025-17.57,AVE,2025,7,3,17.95,157.0,69.82,519
00016_31-07-2025-18.27,AVE,2025,7,3,18.45,177.0,79.03,74
00002_31-07-2025-18.32,IRYO,2025,7,3,18.53,157.0,63.02,85
00004_31-07-2025-18.57,AVE,2025,7,3,18.95,157.0,84.99,45
00009_31-07-2025-19.29,IRYO,2025,7,3,19.48,172.0,45.64,69
00019_31-07-2025-19.34,AVLO,2025,7,3,19.57,201.0,29.77,770
00004_31-07-2025-20.05,AVE,2025,7,3,20.08,157.0,57.41,136
00009_31-07-2025-20.22,IRYO,2025,7,3,20.37,172.0,32.35,302
00020_31-07-2025-20.27,AVE,2025,7,3,20.45,201.0,66.43,5
00005_31-07-2025-21.02,OUIGO,2025,7,3,21.03,172.0,41.31,1
00007_31-07-2025-21.07,AVE,2025,7,3,21.12,172.0,57.69,15
00002_01-08-2025-06.22,IRYO,2025,8,4,6.37,157.0,20.79,1607
00021_01-08-2025-06.27,AVLO,2025,8,4,6.45,178.0,20.1,1370
00004_01-08-2025-06.57,AVE,2025,8,4,6.95,157.0,47.61,303
00005_01-08-2025-07.02,OUIGO,2025,8,4,7.03,172.0,49.42,10
00002_01-08-2025-07.22,IRYO,2025,8,4,7.37,157.0,40.88,62
00006_01-08-2025-07.27,AVE,2025,8,4,7.45,199.0,69.73,3
00004_01-08-2025-07.57,AVE,2025,8,4,7.95,157.0,44.01,215
00002_01-08-2025-08.32,IRYO,2025,8,4,8.53,157.0,15.65,6563
00008_01-08-2025-08.57,AVE,2025,8,4,8.95,164.0,108.83,0
00009_01-08-2025-09.22,IRYO,2025,8,4,9.37,172.0,57.55,21
00010_01-08-2025-09.27,AVE,2025,8,4,9.45,194.0,70.8,32
00009_01-08-2025-09.57,IRYO,2025,8,4,9.95,172.0,62.46,19
00011_01-08-2025-10.02,OUIGO,2025,8,4,10.03,182.0,55.19,12
00012_01-08-2025-10.27,AVLO,2025,8,4,10.45,172.0,75.51,3
00009_01-08-2025-11.22,IRYO,2025,8,4,11.37,172.0,28.13,560
00006_01-08-2025-11.27,AVE,2025,8,4,11.45,199.0,110.84,0
00009_01-08-2025-12.22,IRYO,2025,8,4,12.37,172.0,17.28,6371
00013_01-08-2025-12.27,AVE,2025,8,4,12.45,197.0,40.09,402
00004_01-08-2025-12.57,AVE,2025,8,4,12.95,157.0,78.41,12
00014_01-08-2025-13.18,AVE,2025,8,4,13.3,184.0,55.14,81
00004_01-08-2025-13.57,AVE,2025,8,4,13.95,157.0,72.85,71
00009_01-08-2025-14.02,IRYO,2025,8,4,14.03,172.0,50.82,94
00015_01-08-2025-14.12,OUIGO,2025,8,4,14.2,157.0,57.05,17
00016_01-08-2025-14.27,AVE,2025,8,4,14.45,177.0,95.43,9
00017_01-08-2025-14.42,IRYO,2025,8,4,14.7,179.0,93.87,0
00004_01-08-2025-14.57,AVE,2025,8,4,14.95,157.0,95.59,17
00018_01-08-2025-15.27,AVLO,2025,8,4,15.45,199.0,55.34,66
00004_01-08-2025-15.57,AVE,2025,8,4,15.95,157.0,89.91,61
00007_01-08-2025-16.27,AVE,2025,8,4,16.45,172.0,73.72,213
00002_01-08-2025-16.37,IRYO,2025,8,4,16.62,157.0,46.56,497
00004_01-08-2025-16.57,AVE,2025,8,4,16.95,157.0,96.72,39
00015_01-08-2025-17.17,OUIGO,2025,8,4,17.28,157.0,44.76,260
00009_01-08-2025-17.22,IRYO,2025,8,4,17.37,172.0,81.84,14
00018_01-08-2025-17.27,AVLO,2025,8,4,17.45,199.0,53.05,63
00004_01-08-2025-17.57,AVE,2025,8,4,17.95,157.0,66.18,241
00016_01-08-2025-18.27,AVE,2025,8,4,18.45,177.0,87.94,13
00002_01-08-2025-18.32,IRYO,2025,8,4,18.53,157.0,42.17,200
00004_01-08-2025-18.57,AVE,2025,8,4,18.95,157.0,80.43,18
00009_01-08-2025-19.29,IRYO,2025,8,4,19.48,172.0,43.56,26
00019_01-08-2025-19.34,AVLO,2025,8,4,19.57,201.0,30.39,25
00004_01-08-2025-20.05,AVE,2025,8,4,20.08,157.0,69.05,11
00009_01-08-2025-20.22,IRYO,2025,8,4,20.37,172.0,36.59,15
00020_01-08-2025-20.27,AVE,2025,8,4,20.45,201.0,52.26,3
00005_01-08-2025-21.02,OUIGO,2025,8,4,21.03,172.0,44.7,3
00007_01-08-2025-21.07,AVE,2025,8,4,21.12,172.0,95.32,0
00021_02-08-2025-06.27,AVLO,2025,8,5,6.45,178.0,26.23,1032
00005_02-08-2025-07.02,OUIGO,2025,8,5,7.03,172.0,48.3,32
00006_02-08-2025-07.27,AVE,2025,8,5,7.45,199.0,41.98,256
00009_02-08-2025-08.07,IRYO,2025,8,5,8.12,172.0,34.07,147
00007_02-08-2025-08.27,AVE,2025,8,5,8.45,172.0,34.93,649
00008_02-08-2025-08.57,AVE,2025,8,5,8.95,164.0,68.47,14
00009_02-08-2025-09.22,IRYO,2025,8,5,9.37,172.0,46.03,33
00010_02-08-2025-09.27,AVE,2025,8,5,9.45,194.0,49.27,165
00009_02-08-2025-09.57,IRYO,2025,8,5,9.95,172.0,46.1,50
00011_02-08-2025-10.02,OUIGO,2025,8,5,10.03,182.0,18.41,2864
00012_02-08-2025-10.27,AVLO,2025,8,5,10.45,172.0,47.23,58
00009_02-08-2025-11.22,IRYO,2025,8,5,11.37,172.0,49.73,64
00006_02-08-2025-11.27,AVE,2025,8,5,11.45,199.0,56.18,122
00009_02-08-2025-12.22,IRYO,2025,8,5,12.37,172.0,27.43,657
00013_02-08-2025-12.27,AVE,2025,8,5,12.45,197.0,42.87,321
00014_02-08-2025-13.18,AVE,2025,8,5,13.3,184.0,82.74,1
00015_02-08-2025-14.12,OUIGO,2025,8,5,14.2,157.0,18.7,3075
00017_02-08-2025-14.42,IRYO,2025,8,5,14.7,179.0,28.8,320
00018_02-08-2025-15.27,AVLO,2025,8,5,15.45,199.0,27.59,289
00007_02-08-2025-16.27,AVE,2025,8,5,16.45,172.0,82.01,27
00002_02-08-2025-16.37,IRYO,2025,8,5,16.62,157.0,34.8,410
00015_02-08-2025-17.17,OUIGO,2025,8,5,17.28,157.0,26.82,369
00018_02-08-2025-17.27,AVLO,2025,8,5,17.45,199.0,19.94,1705
00016_02-08-2025-18.27,AVE,2025,8,5,18.45,177.0,118.46,0
00009_02-08-2025-19.29,IRYO,2025,8,5,19.48,172.0,24.73,242
00019_02-08-2025-19.34,AVLO,2025,8,5,19.57,201.0,28.98,20
00009_02-08-2025-20.22,IRYO,2025,8,5,20.37,172.0,28.92,43
00020_02-08-2025-20.27,AVE,2025,8,5,20.45,201.0,33.4,27
00005_02-08-2025-21.02,OUIGO,2025,8,5,21.03,172.0,15.17,3158
00021_03-08-2025-06.27,AVLO,2025,8,6,6.45,178.0,53.66,296
00005_03-08-2025-07.02,OUIGO,2025,8,6,7.03,172.0,48.22,128
00006_03-08-2025-07.27,AVE,2025,8,6,7.45,199.0,65.76,142
00009_03-08-2025-08.07,IRYO,2025,8,6,8.12,172.0,67.46,19
00007_03-08-2025-08.27,AVE,2025,8,6,8.45,172.0,88.91,6
00009_03-08-2025-09.22,IRYO,2025,8,6,9.37,172.0,33.79,5457
00010_03-08-2025-09.27,AVE,2025,8,6,9.45,194.0,50.14,514
00009_03-08-2025-09.57,IRYO,2025,8,6,9.95,172.0,44.75,320
00011_03-08-2025-10.02,OUIGO,2025,8,6,10.03,182.0,31.07,7208
00012_03-08-2025-10.27,AVLO,2025,8,6,10.45,172.0,51.76,112
00009_03-08-2025-11.22,IRYO,2025,8,6,11.37,172.0,62.67,56
00006_03-08-2025-11.27,AVE,2025,8,6,11.45,199.0,127.44,0
00009_03-08-2025-12.22,IRYO,2025,8,6,12.37,172.0,49.45,238
00013_03-08-2025-12.27,AVE,2025,8,6,12.45,197.0,51.97,591
00014_03-08-2025-13.18,AVE,2025,8,6,13.3,184.0,55.14,212
00009_03-08-2025-14.02,IRYO,2025,8,6,14.03,172.0,86.35,2
00015_03-08-2025-14.12,OUIGO,2025,8,6,14.2,157.0,49.05,130
00016_03-08-2025-14.27,AVE,2025,8,6,14.45,177.0,86.93,30
00017_03-08-2025-14.42,IRYO,2025,8,6,14.7,179.0,65.21,49
00018_03-08-2025-15.27,AVLO,2025,8,6,15.45,199.0,56.48,79
00007_03-08-2025-16.27,AVE,2025,8,6,16.45,172.0,100.15,17
00002_03-08-2025-16.37,IRYO,2025,8,6,16.62,157.0,72.36,95
00004_03-08-2025-16.57,AVE,2025,8,6,16.95,157.0,57.54,1128
00015_03-08-2025-17.17,OUIGO,2025,8,6,17.28,157.0,51.31,167
00009_03-08-2025-17.22,IRYO,2025,8,6,17.37,172.0,91.44,3
00018_03-08-2025-17.27,AVLO,2025,8,6,17.45,199.0,61.36,57
00004_03-08-2025-17.57,AVE,2025,8,6,17.95,157.0,86.44,69
00016_03-08-2025-18.27,AVE,2025,8,6,18.45,177.0,81.55,36
00002_03-08-2025-18.32,IRYO,2025,8,6,18.53,157.0,78.62,3
00004_03-08-2025-18.57,AVE,2025,8,6,18.95,157.0,120.29,0
00009_03-08-2025-19.29,IRYO,2025,8,6,19.48,172.0,93.08,1
00019_03-08-2025-19.34,AVLO,2025,8,6,19.57,201.0,80.09,0
00004_03-08-2025-20.05,AVE,2025,8,6,20.08,157.0,55.3,100
00009_03-08-2025-20.22,IRYO,2025,8,6,20.37,172.0,89.95,0
00020_03-08-2025-20.27,AVE,2025,8,6,20.45,201.0,74.34,1
00005_03-08-2025-21.02,OUIGO,2025,8,6,21.03,172.0,63.49,0
00007_03-08-2025-21.07,AVE,2025,8,6,21.12,172.0,127.9,0
00001_04-08-2025-06.12,AVLO,2025,8,0,6.2,157.0,29.67,1779
00002_04-08-2025-06.22,IRYO,2025,8,0,6.37,157.0,27.56,1693
00003_04-08-2025-06.27,AVE,2025,8,0,6.45,178.0,51.44,711
00004_04-08-2025-06.57,AVE,2025,8,0,6.95,157.0,60.46,340
00005_04-08-2025-07.02,OUIGO,2025,8,0,7.03,172.0,36.85,96
00002_04-08-2025-07.22,IRYO,2025,8,0,7.37,157.0,37.88,282
00006_04-08-2025-07.27,AVE,2025,8,0,7.45,199.0,57.8,69
00004_04-08-2025-07.57,AVE,2025,8,0,7.95,157.0,79.13,8
00007_04-08-2025-08.27,AVE,2025,8,0,8.45,172.0,66.12,28
00002_04-08-2025-08.32,IRYO,2025,8,0,8.53,157.0,32.0,276
00008_04-08-2025-08.57,AVE,2025,8,0,8.95,164.0,47.14,325
00009_04-08-2025-09.22,IRYO,2025,8,0,9.37,172.0,63.69,6
00010_04-08-2025-09.27,AVE,2025,8,0,9.45,194.0,71.37,18
00009_04-08-2025-09.57,IRYO,2025,8,0,9.95,172.0,36.79,234
00011_04-08-2025-10.02,OUIGO,2025,8,0,10.03,182.0,27.9,204
00012_04-08-2025-10.27,AVLO,2025,8,0,10.45,172.0,33.12,334
00009_04-08-2025-11.22,IRYO,2025,8,0,11.37,172.0,39.61,159
00006_04-08-2025-11.27,AVE,2025,8,0,11.45,199.0,42.62,418
00009_04-08-2025-12.22,IRYO,2025,8,0,12.37,172.0,45.09,64
00013_04-08-2025-12.27,AVE,2025,8,0,12.45,197.0,50.9,118
00004_04-08-2025-12.57,AVE,2025,8,0,12.95,157.0,35.11,848
00014_04-08-2025-13.18,AVE,2025,8,0,13.3,184.0,68.94,8
00009_04-08-2025-14.02,IRYO,2025,8,0,14.03,172.0,52.99,14
00015_04-08-2025-14.12,OUIGO,2025,8,0,14.2,157.0,28.76,123
00016_04-08-2025-14.27,AVE,2025,8,0,14.45,177.0,34.48,678
00017_04-08-2025-14.42,IRYO,2025,8,0,14.7,179.0,58.34,7
00004_04-08-2025-14.57,AVE,2025,8,0,14.95,157.0,53.22,230
00018_04-08-2025-15.27,AVLO,2025,8,0,15.45,199.0,32.01,155
00004_04-08-2025-15.57,AVE,2025,8,0,15.95,157.0,39.51,1178
00007_04-08-2025-16.27,AVE,2025,8,0,16.45,172.0,81.01,16
00002_04-08-2025-16.37,IRYO,2025,8,0,16.62,157.0,37.64,370
00004_04-08-2025-16.57,AVE,2025,8,0,16.95,157.0,53.14,610
00015_04-08-2025-17.17,OUIGO,2025,8,0,17.28,157.0,17.15,1144
00009_04-08-2025-17.22,IRYO,2025,8,0,17.37,172.0,68.49,1
00006_04-08-2025-17.27,AVE,2025,8,0,17.45,199.0,73.53,7
00004_04-08-2025-17.57,AVE,2025,8,0,17.95,157.0,37.8,830
00016_04-08-2025-18.27,AVE,2025,8,0,18.45,177.0,53.55,52
00002_04-08-2025-18.32,IRYO,2025,8,0,18.53,157.0,36.56,89
00004_04-08-2025-18.57,AVE,2025,8,0,18.95,157.0,38.07,301
00009_04-08-2025-19.29,IRYO,2025,8,0,19.48,172.0,41.11,7
00019_04-08-2025-19.34,AVLO,2025,8,0,19.57,201.0,20.47,47
00004_04-08-2025-20.05,AVE,2025,8,0,20.08,157.0,20.66,534
00009_04-08-2025-20.22,IRYO,2025,8,0,20.37,172.0,10.86,3043
00020_04-08-2025-20.27,AVE,2025,8,0,20.45,201.0,25.67,38
00005_04-08-2025-21.02,OUIGO,2025,8,0,21.03,172.0,20.77,7
00007_04-08-2025-21.07,AVE,2025,8,0,21.12,172.0,37.04,3
00001_05-08-2025-06.12,AVLO,2025,8,1,6.2,157.0,34.96,815
00002_05-08-2025-06.22,IRYO,2025,8,1,6.37,157.0,39.8,414
00003_05-08-2025-06.27,AVE,2025,8,1,6.45,178.0,36.32,1515
00004_05-08-2025-06.57,AVE,2025,8,1,6.95,157.0,123.39,0
00005_05-08-2025-07.02,OUIGO,2025,8,1,7.03,172.0,46.17,9
00002_05-08-2025-07.22,IRYO,2025,8,1,7.37,157.0,12.18,2034
00006_05-08-2025-07.27,AVE,2025,8,1,7.45,199.0,35.39,308
00004_05-08-2025-07.57,AVE,2025,8,1,7.95,157.0,47.79,188
00007_05-08-2025-08.27,AVE,2025,8,1,8.45,172.0,58.57,26
00002_05-08-2025-08.32,IRYO,2025,8,1,8.53,157.0,38.46,48
00008_05-08-2025-08.57,AVE,2025,8,1,8.95,164.0,31.83,551
00009_05-08-2025-09.22,IRYO,2025,8,1,9.37,172.0,22.36,351
00010_05-08-2025-09.27,AVE,2025,8,1,9.45,194.0,60.85,27
00009_05-08-2025-09.57,IRYO,2025,8,1,9.95,172.0,33.33,169
00011_05-08-2025-10.02,OUIGO,2025,8,1,10.03,182.0,25.93,144
00012_05-08-2025-10.27,AVLO,2025,8,1,10.45,172.0,34.75,148
00009_05-08-2025-11.22,IRYO,2025,8,1,11.37,172.0,55.7,18
00006_05-08-2025-11.27,AVE,2025,8,1,11.45,199.0,39.06,417
00009_05-08-2025-12.22,IRYO,2025,8,1,12.37,172.0,32.53,169
00013_05-08-2025-12.27,AVE,2025,8,1,12.45,197.0,49.47,97
00004_05-08-2025-12.57,AVE,2025,8,1,12.95,157.0,40.95,467
00014_05-08-2025-13.18,AVE,2025,8,1,13.3,184.0,48.24,47
00009_05-08-2025-14.02,IRYO,2025,8,1,14.03,172.0,23.65,262
00015_05-08-2025-14.12,OUIGO,2025,8,1,14.2,157.0,33.99,40
00016_05-08-2025-14.27,AVE,2025,8,1,14.45,177.0,52.04,76
00017_05-08-2025-14.42,IRYO,2025,8,1,14.7,179.0,30.78,93
00004_05-08-2025-14.57,AVE,2025,8,1,14.95,157.0,42.51,363
00018_05-08-2025-15.27,AVLO,2025,8,1,15.45,199.0,31.01,57
00004_05-08-2025-15.57,AVE,2025,8,1,15.95,157.0,32.45,1123
00007_05-08-2025-16.27,AVE,2025,8,1,16.45,172.0,34.39,827
00002_05-08-2025-16.37,IRYO,2025,8,1,16.62,157.0,14.03,3645
00004_05-08-2025-16.57,AVE,2025,8,1,16.95,157.0,47.59,477
00015_05-08-2025-17.17,OUIGO,2025,8,1,17.28,157.0,44.25,30
00009_05-08-2025-17.22,IRYO,2025,8,1,17.37,172.0,41.71,69
00006_05-08-2025-17.27,AVE,2025,8,1,17.45,199.0,38.56,320
00004_05-08-2025-17.57,AVE,2025,8,1,17.95,157.0,72.21,28
00016_05-08-2025-18.27,AVE,2025,8,1,18.45,177.0,71.97,5
00002_05-08-2025-18.32,IRYO,2025,8,1,18.53,157.0,41.26,48
00004_05-08-2025-18.57,AVE,2025,8,1,18.95,157.0,41.61,191
00009_05-08-2025-19.29,IRYO,2025,8,1,19.48,172.0,21.26,103
00019_05-08-2025-19.34,AVLO,2025,8,1,19.57,201.0,32.51,7
00004_05-08-2025-20.05,AVE,2025,8,1,20.08,157.0,40.94,44
00009_05-08-2025-20.22,IRYO,2025,8,1,20.37,172.0,24.61,13
00020_05-08-2025-20.27,AVE,2025,8,1,20.45,201.0,50.32,2
00005_05-08-2025-21.02,OUIGO,2025,8,1,21.03,172.0,26.68,1
00007_05-08-2025-21.07,AVE,2025,8,1,21.12,172.0,36.71,11
00001_06-08-2025-06.12,AVLO,2025,8,2,6.2,157.0,40.09,1348
00002_06-08-2025-06.22,IRYO,2025,8,2,6.37,157.0,32.16,2023
00003_06-08-2025-06.27,AVE,2025,8,2,6.45,178.0,67.83,280
00004_06-08-2025-06.57,AVE,2025,8,2,6.95,157.0,98.34,6
00005_06-08-2025-07.02,OUIGO,2025,8,2,7.03,172.0,49.46,41
00002_06-08-2025-07.22,IRYO,2025,8,2,7.37,157.0,34.04,671
00006_06-08-2025-07.27,AVE,2025,8,2,7.45,199.0,56.58,118
00004_06-08-2025-07.57,AVE,2025,8,2,7.95,157.0,59.91,207
00007_06-08-2025-08.27,AVE,2025,8,2,8.45,172.0,77.54,9
00002_06-08-2025-08.32,IRYO,2025,8,2,8.53,157.0,36.32,254
00008_06-08-2025-08.57,AVE,2025,8,2,8.95,164.0,43.06,622
00009_06-08-2025-09.22,IRYO,2025,8,2,9.37,172.0,54.62,36
00010_06-08-2025-09.27,AVE,2025,8,2,9.45,194.0,61.92,100
00009_06-08-2025-09.57,IRYO,2025,8,2,9.95,172.0,35.33,314
00011_06-08-2025-10.02,OUIGO,2025,8,2,10.03,182.0,34.13,153
00012_06-08-2025-10.27,AVLO,2025,8,2,10.45,172.0,46.64,108
00009_06-08-2025-11.22,IRYO,2025,8,2,11.37,172.0,57.33,24
00006_06-08-2025-11.27,AVE,2025,8,2,11.45,199.0,35.95,807
00009_06-08-2025-12.22,IRYO,2025,8,2,12.37,172.0,55.51,22
00013_06-08-2025-12.27,AVE,2025,8,2,12.45,197.0,53.94,99
00004_06-08-2025-12.57,AVE,2025,8,2,12.95,157.0,37.63,827
00014_06-08-2025-13.18,AVE,2025,8,2,13.3,184.0,48.24,79
00009_06-08-2025-14.02,IRYO,2025,8,2,14.03,172.0,19.18,4282
00015_06-08-2025-14.12,OUIGO,2025,8,2,14.2,157.0,33.74,96
00016_06-08-2025-14.27,AVE,2025,8,2,14.45,177.0,46.83,313
00017_06-08-2025-14.42,IRYO,2025,8,2,14.7,179.0,44.84,66
00004_06-08-2025-14.57,AVE,2025,8,2,14.95,157.0,50.78,492
00018_06-08-2025-15.27,AVLO,2025,8,2,15.45,199.0,34.69,244
00004_06-08-2025-15.57,AVE,2025,8,2,15.95,157.0,39.82,2054
00007_06-08-2025-16.27,AVE,2025,8,2,16.45,172.0,80.43,78
00002_06-08-2025-16.37,IRYO,2025,8,2,16.62,157.0,59.65,117
00004_06-08-2025-16.57,AVE,2025,8,2,16.95,157.0,126.31,0
00015_06-08-2025-17.17,OUIGO,2025,8,2,17.28,157.0,40.49,309
00009_06-08-2025-17.22,IRYO,2025,8,2,17.37,172.0,47.39,241
00006_06-08-2025-17.27,AVE,2025,8,2,17.45,199.0,46.34,653
00004_06-08-2025-17.57,AVE,2025,8,2,17.95,157.0,57.9,487
00016_06-08-2025-18.27,AVE,2025,8,2,18.45,177.0,63.93,88
00002_06-08-2025-18.32,IRYO,2025,8,2,18.53,157.0,45.57,136
00004_06-08-2025-18.57,AVE,2025,8,2,18.95,157.0,122.18,0
00009_06-08-2025-19.29,IRYO,2025,8,2,19.48,172.0,29.96,147
00019_06-08-2025-19.34,AVLO,2025,8,2,19.57,201.0,32.94,31
00004_06-08-2025-20.05,AVE,2025,8,2,20.08,157.0,59.85,42
00009_06-08-2025-20.22,IRYO,2025,8,2,20.37,172.0,41.14,13
00020_06-08-2025-20.27,AVE,2025,8,2,20.45,201.0,65.73,1
00005_06-08-2025-21.02,OUIGO,2025,8,2,21.03,172.0,46.36,0
00007_06-08-2025-21.07,AVE,2025,8,2,21.12,172.0,57.9,5
00001_07-08-2025-06.12,AVLO,2025,8,3,6.2,157.0,25.77,1885
00002_07-08-2025-06.22,IRYO,2025,8,3,6.37,157.0,31.6,843
00003_07-08-2025-06.27,AVE,2025,8,3,6.45,178.0,41.6,870
00004_07-08-2025-06.57,AVE,2025,8,3,6.95,157.0,68.25,88
00005_07-08-2025-07.02,OUIGO,2025,8,3,7.03,172.0,51.34,10
00002_07-08-2025-07.22,IRYO,2025,8,3,7.37,157.0,39.41,124
00006_07-08-2025-07.27,AVE,2025,8,3,7.45,199.0,34.27,474
00004_07-08-2025-07.57,AVE,2025,8,3,7.95,157.0,49.61,173
00007_07-08-2025-08.27,AVE,2025,8,3,8.45,172.0,31.58,926
00002_07-08-2025-08.32,IRYO,2025,8,3,8.53,157.0,33.34,162
00008_07-08-2025-08.57,AVE,2025,8,3,8.95,164.0,58.37,74
00009_07-08-2025-09.22,IRYO,2025,8,3,9.37,172.0,52.55,19
00010_07-08-2025-09.27,AVE,2025,8,3,9.45,194.0,56.04,117
00009_07-08-2025-09.57,IRYO,2025,8,3,9.95,172.0,55.34,17
00011_07-08-2025-10.02,OUIGO,2025,8,3,10.03,182.0,55.22,5
00012_07-08-2025-10.27,AVLO,2025,8,3,10.45,172.0,47.11,81
00009_07-08-2025-11.22,IRYO,2025,8,3,11.37,172.0,46.52,84
00006_07-08-2025-11.27,AVE,2025,8,3,11.45,199.0,40.91,548
00009_07-08-2025-12.22,IRYO,2025,8,3,12.37,172.0,48.62,75
00013_07-08-2025-12.27,AVE,2025,8,3,12.45,197.0,43.25,491
00004_07-08-2025-12.57,AVE,2025,8,3,12.95,157.0,51.97,358
00014_07-08-2025-13.18,AVE,2025,8,3,13.3,184.0,55.14,110
00004_07-08-2025-13.57,AVE,2025,8,3,13.95,157.0,,0
00009_07-08-2025-14.02,IRYO,2025,8,3,14.03,172.0,,0
00015_07-08-2025-14.12,OUIGO,2025,8,3,14.2,157.0,,0
00016_07-08-2025-14.27,AVE,2025,8,3,14.45,177.0,69.07,173
00017_07-08-2025-14.42,IRYO,2025,8,3,14.7,179.0,57.65,101
00004_07-08-2025-14.57,AVE,2025,8,3,14.95,157.0,77.22,189
00018_07-08-2025-15.27,AVLO,2025,8,3,15.45,199.0,41.64,375
00004_07-08-2025-15.57,AVE,2025,8,3,15.95,157.0,111.24,8
00007_07-08-2025-16.27,AVE,2025,8,3,16.45,172.0,70.89,438
00002_07-08-2025-16.37,IRYO,2025,8,3,16.62,157.0,51.98,555
00004_07-08-2025-16.57,AVE,2025,8,3,16.95,157.0,139.98,0
00015_07-08-2025-17.17,OUIGO,2025,8,3,17.28,157.0,51.17,221
00009_07-08-2025-17.22,IRYO,2025,8,3,17.37,172.0,95.47,3
00006_07-08-2025-17.27,AVE,2025,8,3,17.45,199.0,118.34,0
00004_07-08-2025-17.57,AVE,2025,8,3,17.95,157.0,53.62,1037
00016_07-08-2025-18.27,AVE,2025,8,3,18.45,177.0,61.25,183
00002_07-08-2025-18.32,IRYO,2025,8,3,18.53,157.0,39.31,411
00004_07-08-2025-18.57,AVE,2025,8,3,18.95,157.0,87.33,22
00009_07-08-2025-19.29,IRYO,2025,8,3,19.48,172.0,35.43,210
00019_07-08-2025-19.34,AVLO,2025,8,3,19.57,201.0,35.06,135
00004_07-08-2025-20.05,AVE,2025,8,3,20.08,157.0,63.24,31
00009_07-08-2025-20.22,IRYO,2025,8,3,20.37,172.0,30.77,1378
00020_07-08-2025-20.27,AVE,2025,8,3,20.45,201.0,53.36,7
00005_07-08-2025-21.02,OUIGO,2025,8,3,21.03,172.0,50.28,0
00007_07-08-2025-21.07,AVE,2025,8,3,21.12,172.0,61.94,3
00002_08-08-2025-06.22,IRYO,2025,8,4,6.37,157.0,34.13,296
00021_08-08-2025-06.27,AVLO,2025,8,4,6.45,178.0,30.68,436
00004_08-08-2025-06.57,AVE,2025,8,4,6.95,157.0,35.73,913
00005_08-08-2025-07.02,OUIGO,2025,8,4,7.03,172.0,46.0,1
00002_08-08-2025-07.22,IRYO,2025,8,4,7.37,157.0,29.41,843
00006_08-08-2025-07.27,AVE,2025,8,4,7.45,199.0,75.23,2
00004_08-08-2025-07.57,AVE,2025,8,4,7.95,157.0,38.72,533
00002_08-08-2025-08.32,IRYO,2025,8,4,8.53,157.0,24.06,4274
00008_08-08-2025-08.57,AVE,2025,8,4,8.95,164.0,109.2,0
00009_08-08-2025-09.22,IRYO,2025,8,4,9.37,172.0,67.77,5
00010_08-08-2025-09.27,AVE,2025,8,4,9.45,194.0,71.45,40
00009_08-08-2025-09.57,IRYO,2025,8,4,9.95,172.0,52.76,58
00011_08-08-2025-10.02,OUIGO,2025,8,4,10.03,182.0,34.41,279
00012_08-08-2025-10.27,AVLO,2025,8,4,10.45,172.0,62.83,31
00009_08-08-2025-11.22,IRYO,2025,8,4,11.37,172.0,75.83,9
00006_08-08-2025-11.27,AVE,2025,8,4,11.45,199.0,121.5,0
00009_08-08-2025-12.22,IRYO,2025,8,4,12.37,172.0,49.01,118
00013_08-08-2025-12.27,AVE,2025,8,4,12.45,197.0,52.63,273
00004_08-08-2025-12.57,AVE,2025,8,4,12.95,157.0,83.13,30
00014_08-08-2025-13.18,AVE,2025,8,4,13.3,184.0,55.14,103
00004_08-08-2025-13.57,AVE,2025,8,4,13.95,157.0,96.21,5
00009_08-08-2025-14.02,IRYO,2025,8,4,14.03,172.0,59.93,24
00015_08-08-2025-14.12,OUIGO,2025,8,4,14.2,157.0,29.31,1772
00016_08-08-2025-14.27,AVE,2025,8,4,14.45,177.0,92.21,5
00017_08-08-2025-14.42,IRYO,2025,8,4,14.7,179.0,72.98,4
00004_08-08-2025-14.57,AVE,2025,8,4,14.95,157.0,105.12,5
00018_08-08-2025-15.27,AVLO,2025,8,4,15.45,199.0,49.27,57
00004_08-08-2025-15.57,AVE,2025,8,4,15.95,157.0,107.71,3
00007_08-08-2025-16.27,AVE,2025,8,4,16.45,172.0,80.12,61
00002_08-08-2025-16.37,IRYO,2025,8,4,16.62,157.0,50.21,223
00004_08-08-2025-16.57,AVE,2025,8,4,16.95,157.0,91.42,33
00015_08-08-2025-17.17,OUIGO,2025,8,4,17.28,157.0,52.35,67
00009_08-08-2025-17.22,IRYO,2025,8,4,17.37,172.0,65.72,27
00018_08-08-2025-17.27,AVLO,2025,8,4,17.45,199.0,44.81,57
00004_08-08-2025-17.57,AVE,2025,8,4,17.95,157.0,56.96,241
00016_08-08-2025-18.27,AVE,2025,8,4,18.45,177.0,97.61,3
00002_08-08-2025-18.32,IRYO,2025,8,4,18.53,157.0,39.54,114
00004_08-08-2025-18.57,AVE,2025,8,4,18.95,157.0,72.01,21
00009_08-08-2025-19.29,IRYO,2025,8,4,19.48,172.0,57.02,4
00019_08-08-2025-19.34,AVLO,2025,8,4,19.57,201.0,42.96,6
00004_08-08-2025-20.05,AVE,2025,8,4,20.08,157.0,72.17,4
00009_08-08-2025-20.22,IRYO,2025,8,4,20.37,172.0,35.56,59
00020_08-08-2025-20.27,AVE,2025,8,4,20.45,201.0,50.29,1
00005_08-08-2025-21.02,OUIGO,2025,8,4,21.03,172.0,43.55,0
00007_08-08-2025-21.07,AVE,2025,8,4,21.12,172.0,87.89,0
00021_09-08-2025-06.27,AVLO,2025,8,5,6.45,178.0,26.0,810
00005_09-08-2025-07.02,OUIGO,2025,8,5,7.03,172.0,12.94,5597
00006_09-08-2025-07.27,AVE,2025,8,5,7.45,199.0,58.18,69
00009_09-08-2025-08.07,IRYO,2025,8,5,8.12,172.0,49.47,32
00007_09-08-2025-08.27,AVE,2025,8,5,8.45,172.0,67.71,44
00008_09-08-2025-08.57,AVE,2025,8,5,8.95,164.0,53.54,195
00009_09-08-2025-09.22,IRYO,2025,8,5,9.37,172.0,50.94,55
00010_09-08-2025-09.27,AVE,2025,8,5,9.45,194.0,64.44,85
00009_09-08-2025-09.57,IRYO,2025,8,5,9.95,172.0,51.61,77
00011_09-08-2025-10.02,OUIGO,2025,8,5,10.03,182.0,44.01,72
00012_09-08-2025-10.27,AVLO,2025,8,5,10.45,172.0,51.16,100
00009_09-08-2025-11.22,IRYO,2025,8,5,11.37,172.0,56.31,72
00006_09-08-2025-11.27,AVE,2025,8,5,11.45,199.0,58.14,191
00009_09-08-2025-12.22,IRYO,2025,8,5,12.37,172.0,32.18,528
00013_09-08-2025-12.27,AVE,2025,8,5,12.45,197.0,74.31,32
00014_09-08-2025-13.18,AVE,2025,8,5,13.3,184.0,82.74,5
00015_09-08-2025-14.12,OUIGO,2025,8,5,14.2,157.0,32.94,217
00017_09-08-2025-14.42,IRYO,2025,8,5,14.7,179.0,49.28,81
00018_09-08-2025-15.27,AVLO,2025,8,5,15.45,199.0,33.15,207
00007_09-08-2025-16.27,AVE,2025,8,5,16.45,172.0,98.68,8
00002_09-08-2025-16.37,IRYO,2025,8,5,16.62,157.0,48.63,194
00015_09-08-2025-17.17,OUIGO,2025,8,5,17.28,157.0,28.51,355
00018_09-08-2025-17.27,AVLO,2025,8,5,17.45,199.0,18.27,3146
00016_09-08-2025-18.27,AVE,2025,8,5,18.45,177.0,87.02,1
00009_09-08-2025-19.29,IRYO,2025,8,5,19.48,172.0,36.03,20
00019_09-08-2025-19.34,AVLO,2025,8,5,19.57,201.0,29.65,23
00009_09-08-2025-20.22,IRYO,2025,8,5,20.37,172.0,23.65,262
00020_09-08-2025-20.27,AVE,2025,8,5,20.45,201.0,27.45,228
00005_09-08-2025-21.02,OUIGO,2025,8,5,21.03,172.0,21.95,236
00021_10-08-2025-06.27,AVLO,2025,8,6,6.45,178.0,55.72,247
00005_10-08-2025-07.02,OUIGO,2025,8,6,7.03,172.0,29.39,11247
00006_10-08-2025-07.27,AVE,2025,8,6,7.45,199.0,61.78,176
00009_10-08-2025-08.07,IRYO,2025,8,6,8.12,172.0,38.86,2201
00007_10-08-2025-08.27,AVE,2025,8,6,8.45,172.0,78.14,24
00009_10-08-2025-09.22,IRYO,2025,8,6,9.37,172.0,55.21,76
00010_10-08-2025-09.27,AVE,2025,8,6,9.45,194.0,44.5,2474
00009_10-08-2025-09.57,IRYO,2025,8,6,9.95,172.0,59.59,84
00011_10-08-2025-10.02,OUIGO,2025,8,6,10.03,182.0,46.8,152
00012_10-08-2025-10.27,AVLO,2025,8,6,10.45,172.0,47.57,411
00009_10-08-2025-11.22,IRYO,2025,8,6,11.37,172.0,73.81,42
00006_10-08-2025-11.27,AVE,2025,8,6,11.45,199.0,154.78,0
00009_10-08-2025-12.22,IRYO,2025,8,6,12.37,172.0,69.16,62
00013_10-08-2025-12.27,AVE,2025,8,6,12.45,197.0,61.4,485
00014_10-08-2025-13.18,AVE,2025,8,6,13.3,184.0,55.14,457
00009_10-08-2025-14.02,IRYO,2025,8,6,14.03,172.0,86.14,12
00015_10-08-2025-14.12,OUIGO,2025,8,6,14.2,157.0,48.4,324
00016_10-08-2025-14.27,AVE,2025,8,6,14.45,177.0,97.52,24
00017_10-08-2025-14.42,IRYO,2025,8,6,14.7,179.0,88.48,11
00018_10-08-2025-15.27,AVLO,2025,8,6,15.45,199.0,55.24,265
00007_10-08-2025-16.27,AVE,2025,8,6,16.45,172.0,88.73,211
00002_10-08-2025-16.37,IRYO,2025,8,6,16.62,157.0,93.58,50
00004_10-08-2025-16.57,AVE,2025,8,6,16.95,157.0,79.01,716
00015_10-08-2025-17.17,OUIGO,2025,8,6,17.28,157.0,62.84,220
00009_10-08-2025-17.22,IRYO,2025,8,6,17.37,172.0,72.78,129
00018_10-08-2025-17.27,AVLO,2025,8,6,17.45,199.0,72.77,51
00004_10-08-2025-17.57,AVE,2025,8,6,17.95,157.0,93.35,105
00016_10-08-2025-18.27,AVE,2025,8,6,18.45,177.0,89.71,55
00002_10-08-2025-18.32,IRYO,2025,8,6,18.53,157.0,97.73,4
00004_10-08-2025-18.57,AVE,2025,8,6,18.95,157.0,113.69,3
00009_10-08-2025-19.29,IRYO,2025,8,6,19.48,172.0,79.75,4
00019_10-08-2025-19.34,AVLO,2025,8,6,19.57,201.0,83.18,1
00004_10-08-2025-20.05,AVE,2025,8,6,20.08,157.0,62.4,154
00009_10-08-2025-20.22,IRYO,2025,8,6,20.37,172.0,93.72,0
00020_10-08-2025-20.27,AVE,2025,8,6,20.45,201.0,77.99,8
00005_10-08-2025-21.02,OUIGO,2025,8,6,21.03,172.0,65.4,1
00007_10-08-2025-21.07,AVE,2025,8,6,21.12,172.0,134.45,0
00001_11-08-2025-06.12,AVLO,2025,8,0,6.2,157.0,31.03,1084
00002_11-08-2025-06.22,IRYO,2025,8,0,6.37,157.0,19.88,2256
00003_11-08-2025-06.27,AVE,2025,8,0,6.45,178.0,35.86,1530
00004_11-08-2025-06.57,AVE,2025,8,0,6.95,157.0,54.76,308
00005_11-08-2025-07.02,OUIGO,2025,8,0,7.03,172.0,47.32,15
00002_11-08-2025-07.22,IRYO,2025,8,0,7.37,157.0,53.73,25
00006_11-08-2025-07.27,AVE,2025,8,0,7.45,199.0,55.84,62
00004_11-08-2025-07.57,AVE,2025,8,0,7.95,157.0,56.96,102
00007_11-08-2025-08.27,AVE,2025,8,0,8.45,172.0,66.91,19
00002_11-08-2025-08.32,IRYO,2025,8,0,8.53,157.0,32.07,185
00008_11-08-2025-08.57,AVE,2025,8,0,8.95,164.0,45.94,278
00009_11-08-2025-09.22,IRYO,2025,8,0,9.37,172.0,76.47,0
00010_11-08-2025-09.27,AVE,2025,8,0,9.45,194.0,75.22,6
00009_11-08-2025-09.57,IRYO,2025,8,0,9.95,172.0,44.84,67
00011_11-08-2025-10.02,OUIGO,2025,8,0,10.03,182.0,18.17,1077
00012_11-08-2025-10.27,AVLO,2025,8,0,10.45,172.0,33.88,218
00009_11-08-2025-11.22,IRYO,2025,8,0,11.37,172.0,21.53,961
00006_11-08-2025-11.27,AVE,2025,8,0,11.45,199.0,34.39,612
00009_11-08-2025-12.22,IRYO,2025,8,0,12.37,172.0,50.8,24
00013_11-08-2025-12.27,AVE,2025,8,0,12.45,197.0,46.16,179
00004_11-08-2025-12.57,AVE,2025,8,0,12.95,157.0,50.04,207
00014_11-08-2025-13.18,AVE,2025,8,0,13.3,184.0,68.94,2
00009_11-08-2025-14.02,IRYO,2025,8,0,14.03,172.0,28.9,206
00015_11-08-2025-14.12,OUIGO,2025,8,0,14.2,157.0,21.21,1766
00016_11-08-2025-14.27,AVE,2025,8,0,14.45,177.0,47.6,167
00017_11-08-2025-14.42,IRYO,2025,8,0,14.7,179.0,35.25,102
00004_11-08-2025-14.57,AVE,2025,8,0,14.95,157.0,33.41,1076
00018_11-08-2025-15.27,AVLO,2025,8,0,15.45,199.0,30.5,148
00004_11-08-2025-15.57,AVE,2025,8,0,15.95,157.0,43.5,872
00007_11-08-2025-16.27,AVE,2025,8,0,16.45,172.0,74.14,48
00002_11-08-2025-16.37,IRYO,2025,8,0,16.62,157.0,26.11,1095
00004_11-08-2025-16.57,AVE,2025,8,0,16.95,157.0,55.88,505
00015_11-08-2025-17.17,OUIGO,2025,8,0,17.28,157.0,42.15,99
00009_11-08-2025-17.22,IRYO,2025,8,0,17.37,172.0,34.39,264
00006_11-08-2025-17.27,AVE,2025,8,0,17.45,199.0,67.53,32
00004_11-08-2025-17.57,AVE,2025,8,0,17.95,157.0,47.1,511
00016_11-08-2025-18.27,AVE,2025,8,0,18.45,177.0,49.8,135
00002_11-08-2025-18.32,IRYO,2025,8,0,18.53,157.0,34.38,122
00004_11-08-2025-18.57,AVE,2025,8,0,18.95,157.0,45.28,188
00009_11-08-2025-19.29,IRYO,2025,8,0,19.48,172.0,35.83,20
00019_11-08-2025-19.34,AVLO,2025,8,0,19.57,201.0,22.39,294
00004_11-08-2025-20.05,AVE,2025,8,0,20.08,157.0,26.66,345
00009_11-08-2025-20.22,IRYO,2025,8,0,20.37,172.0,32.95,3
00020_11-08-2025-20.27,AVE,2025,8,0,20.45,201.0,27.87,45
00005_11-08-2025-21.02,OUIGO,2025,8,0,21.03,172.0,22.95,246
00007_11-08-2025-21.07,AVE,2025,8,0,21.12,172.0,46.25,1
00001_12-08-2025-06.12,AVLO,2025,8,1,6.2,157.0,34.52,881
00002_12-08-2025-06.22,IRYO,2025,8,1,6.37,157.0,23.78,1573
00003_12-08-2025-06.27,AVE,2025,8,1,6.45,178.0,39.4,1172
00004_12-08-2025-06.57,AVE,2025,8,1,6.95,157.0,113.2,0
00005_12-08-2025-07.02,OUIGO,2025,8,1,7.03,172.0,39.96,35
00002_12-08-2025-07.22,IRYO,2025,8,1,7.37,157.0,32.27,290
00006_12-08-2025-07.27,AVE,2025,8,1,7.45,199.0,23.96,966
00004_12-08-2025-07.57,AVE,2025,8,1,7.95,157.0,53.82,111
00007_12-08-2025-08.27,AVE,2025,8,1,8.45,172.0,68.84,11
00002_12-08-2025-08.32,IRYO,2025,8,1,8.53,157.0,40.72,29
00008_12-08-2025-08.57,AVE,2025,8,1,8.95,164.0,43.16,199
00009_12-08-2025-09.22,IRYO,2025,8,1,9.37,172.0,49.28,17
00010_12-08-2025-09.27,AVE,2025,8,1,9.45,194.0,65.26,19
00009_12-08-2025-09.57,IRYO,2025,8,1,9.95,172.0,47.4,36
00011_12-08-2025-10.02,OUIGO,2025,8,1,10.03,182.0,10.0,2042
00012_12-08-2025-10.27,AVLO,2025,8,1,10.45,172.0,32.72,128
00009_12-08-2025-11.22,IRYO,2025,8,1,11.37,172.0,22.32,417
00006_12-08-2025-11.27,AVE,2025,8,1,11.45,199.0,37.64,293
00009_12-08-2025-12.22,IRYO,2025,8,1,12.37,172.0,30.41,135
00013_12-08-2025-12.27,AVE,2025,8,1,12.45,197.0,54.86,25
00004_12-08-2025-12.57,AVE,2025,8,1,12.95,157.0,30.68,721
00014_12-08-2025-13.18,AVE,2025,8,1,13.3,184.0,48.24,19
00009_12-08-2025-14.02,IRYO,2025,8,1,14.03,172.0,34.3,64
00015_12-08-2025-14.12,OUIGO,2025,8,1,14.2,157.0,30.05,55
00016_12-08-2025-14.27,AVE,2025,8,1,14.45,177.0,76.32,1
00017_12-08-2025-14.42,IRYO,2025,8,1,14.7,179.0,40.85,23
00004_12-08-2025-14.57,AVE,2025,8,1,14.95,157.0,29.09,842
00018_12-08-2025-15.27,AVLO,2025,8,1,15.45,199.0,29.49,60
00004_12-08-2025-15.57,AVE,2025,8,1,15.95,157.0,29.28,1179
00007_12-08-2025-16.27,AVE,2025,8,1,16.45,172.0,29.23,1056
00002_12-08-2025-16.37,IRYO,2025,8,1,16.62,157.0,20.98,705
00004_12-08-2025-16.57,AVE,2025,8,1,16.95,157.0,52.11,292
00015_12-08-2025-17.17,OUIGO,2025,8,1,17.28,157.0,46.86,20
00009_12-08-2025-17.22,IRYO,2025,8,1,17.37,172.0,30.94,180
00006_12-08-2025-17.27,AVE,2025,8,1,17.45,199.0,58.29,39
00004_12-08-2025-17.57,AVE,2025,8,1,17.95,157.0,53.75,128
00016_12-08-2025-18.27,AVE,2025,8,1,18.45,177.0,56.43,37
00002_12-08-2025-18.32,IRYO,2025,8,1,18.53,157.0,33.48,83
00004_12-08-2025-18.57,AVE,2025,8,1,18.95,157.0,25.71,532
00009_12-08-2025-19.29,IRYO,2025,8,1,19.48,172.0,45.36,4
00019_12-08-2025-19.34,AVLO,2025,8,1,19.57,201.0,30.62,3
00004_12-08-2025-20.05,AVE,2025,8,1,20.08,157.0,50.11,19
00009_12-08-2025-20.22,IRYO,2025,8,1,20.37,172.0,13.45,1425
00020_12-08-2025-20.27,AVE,2025,8,1,20.45,201.0,48.61,0
00005_12-08-2025-21.02,OUIGO,2025,8,1,21.03,172.0,37.3,1
00007_12-08-2025-21.07,AVE,2025,8,1,21.12,172.0,39.93,7
00001_13-08-2025-06.12,AVLO,2025,8,2,6.2,157.0,33.97,1103
00002_13-08-2025-06.22,IRYO,2025,8,2,6.37,157.0,37.5,729
00003_13-08-2025-06.27,AVE,2025,8,2,6.45,178.0,39.92,1370
00004_13-08-2025-06.57,AVE,2025,8,2,6.95,157.0,112.01,1
00005_13-08-2025-07.02,OUIGO,2025,8,2,7.03,172.0,31.79,104
00002_13-08-2025-07.22,IRYO,2025,8,2,7.37,157.0,27.22,530
00006_13-08-2025-07.27,AVE,2025,8,2,7.45,199.0,29.92,755
00004_13-08-2025-07.57,AVE,2025,8,2,7.95,157.0,52.49,150
00007_13-08-2025-08.27,AVE,2025,8,2,8.45,172.0,80.85,0
00002_13-08-2025-08.32,IRYO,2025,8,2,8.53,157.0,30.29,166
00008_13-08-2025-08.57,AVE,2025,8,2,8.95,164.0,41.06,285
00009_13-08-2025-09.22,IRYO,2025,8,2,9.37,172.0,31.03,176
00010_13-08-2025-09.27,AVE,2025,8,2,9.45,194.0,61.17,31
00009_13-08-2025-09.57,IRYO,2025,8,2,9.95,172.0,28.87,260
00011_13-08-2025-10.02,OUIGO,2025,8,2,10.03,182.0,25.14,155
00012_13-08-2025-10.27,AVLO,2025,8,2,10.45,172.0,47.25,32
00009_13-08-2025-11.22,IRYO,2025,8,2,11.37,172.0,15.91,3947
00006_13-08-2025-11.27,AVE,2025,8,2,11.45,199.0,56.42,83
00009_13-08-2025-12.22,IRYO,2025,8,2,12.37,172.0,39.75,89
00013_13-08-2025-12.27,AVE,2025,8,2,12.45,197.0,64.39,33
00004_13-08-2025-12.57,AVE,2025,8,2,12.95,157.0,54.2,195
00014_13-08-2025-13.18,AVE,2025,8,2,13.3,184.0,48.24,86
00009_13-08-2025-14.02,IRYO,2025,8,2,14.03,172.0,31.97,201
00015_13-08-2025-14.12,OUIGO,2025,8,2,14.2,157.0,37.46,75
00016_13-08-2025-14.27,AVE,2025,8,2,14.45,177.0,36.5,855
00017_13-08-2025-14.42,IRYO,2025,8,2,14.7,179.0,39.14,145
00004_13-08-2025-14.57,AVE,2025,8,2,14.95,157.0,46.11,724
00018_13-08-2025-15.27,AVLO,2025,8,2,15.45,199.0,39.65,166
00004_13-08-2025-15.57,AVE,2025,8,2,15.95,157.0,62.51,389
00007_13-08-2025-16.27,AVE,2025,8,2,16.45,172.0,68.24,246
00002_13-08-2025-16.37,IRYO,2025,8,2,16.62,157.0,45.39,483
00004_13-08-2025-16.57,AVE,2025,8,2,16.95,157.0,129.39,0
00015_13-08-2025-17.17,OUIGO,2025,8,2,17.28,157.0,29.27,749
00009_13-08-2025-17.22,IRYO,2025,8,2,17.37,172.0,52.47,143
00006_13-08-2025-17.27,AVE,2025,8,2,17.45,199.0,53.59,354
00004_13-08-2025-17.57,AVE,2025,8,2,17.95,157.0,67.64,237
00016_13-08-2025-18.27,AVE,2025,8,2,18.45,177.0,65.15,75
00002_13-08-2025-18.32,IRYO,2025,8,2,18.53,157.0,40.93,190
00004_13-08-2025-18.57,AVE,2025,8,2,18.95,157.0,98.53,3
00009_13-08-2025-19.29,IRYO,2025,8,2,19.48,172.0,37.03,52
00019_13-08-2025-19.34,AVLO,2025,8,2,19.57,201.0,30.29,45
00004_13-08-2025-20.05,AVE,2025,8,2,20.08,157.0,45.99,116
00009_13-08-2025-20.22,IRYO,2025,8,2,20.37,172.0,46.53,3
00020_13-08-2025-20.27,AVE,2025,8,2,20.45,201.0,60.35,3
00005_13-08-2025-21.02,OUIGO,2025,8,2,21.03,172.0,39.22,0
00007_13-08-2025-21.07,AVE,2025,8,2,21.12,172.0,46.7,10
00001_14-08-2025-06.12,AVLO,2025,8,3,6.2,157.0,25.15,1921
00002_14-08-2025-06.22,IRYO,2025,8,3,6.37,157.0,42.83,382
00003_14-08-2025-06.27,AVE,2025,8,3,6.45,178.0,43.49,870
00004_14-08-2025-06.57,AVE,2025,8,3,6.95,157.0,66.71,108
00005_14-08-2025-07.02,OUIGO,2025,8,3,7.03,172.0,39.73,53
00002_14-08-2025-07.22,IRYO,2025,8,3,7.37,157.0,46.13,63
00006_14-08-2025-07.27,AVE,2025,8,3,7.45,199.0,44.11,211
00004_14-08-2025-07.57,AVE,2025,8,3,7.95,157.0,37.78,718
00007_14-08-2025-08.27,AVE,2025,8,3,8.45,172.0,48.53,193
00002_14-08-2025-08.32,IRYO,2025,8,3,8.53,157.0,46.65,30
00008_14-08-2025-08.57,AVE,2025,8,3,8.95,164.0,75.35,12
00009_14-08-2025-09.22,IRYO,2025,8,3,9.37,172.0,59.56,20
00010_14-08-2025-09.27,AVE,2025,8,3,9.45,194.0,64.19,51
00009_14-08-2025-09.57,IRYO,2025,8,3,9.95,172.0,40.34,219
00011_14-08-2025-10.02,OUIGO,2025,8,3,10.03,182.0,37.99,100
00012_14-08-2025-10.27,AVLO,2025,8,3,10.45,172.0,60.17,28
00009_14-08-2025-11.22,IRYO,2025,8,3,11.37,172.0,34.6,420
00006_14-08-2025-11.27,AVE,2025,8,3,11.45,199.0,54.08,253
00009_14-08-2025-12.22,IRYO,2025,8,3,12.37,172.0,48.65,106
00013_14-08-2025-12.27,AVE,2025,8,3,12.45,197.0,60.82,121
00004_14-08-2025-12.57,AVE,2025,8,3,12.95,157.0,51.34,461
00014_14-08-2025-13.18,AVE,2025,8,3,13.3,184.0,55.14,103
00004_14-08-2025-13.57,AVE,2025,8,3,13.95,157.0,,0
00009_14-08-2025-14.02,IRYO,2025,8,3,14.03,172.0,,0
00015_14-08-2025-14.12,OUIGO,2025,8,3,14.2,157.0,,0
00016_14-08-2025-14.27,AVE,2025,8,3,14.45,177.0,103.1,2
00017_14-08-2025-14.42,IRYO,2025,8,3,14.7,179.0,42.37,262
00004_14-08-2025-14.57,AVE,2025,8,3,14.95,157.0,78.21,99
00018_14-08-2025-15.27,AVLO,2025,8,3,15.45,199.0,41.02,245
00004_14-08-2025-15.57,AVE,2025,8,3,15.95,157.0,84.08,79
00007_14-08-2025-16.27,AVE,2025,8,3,16.45,172.0,60.4,558
00002_14-08-2025-16.37,IRYO,2025,8,3,16.62,157.0,54.17,278
00004_14-08-2025-16.57,AVE,2025,8,3,16.95,157.0,145.07,0
00015_14-08-2025-17.17,OUIGO,2025,8,3,17.28,157.0,58.68,44
00009_14-08-2025-17.22,IRYO,2025,8,3,17.37,172.0,62.57,54
00006_14-08-2025-17.27,AVE,2025,8,3,17.45,199.0,94.93,2
00004_14-08-2025-17.57,AVE,2025,8,3,17.95,157.0,40.38,1442
00016_14-08-2025-18.27,AVE,2025,8,3,18.45,177.0,61.85,75
00002_14-08-2025-18.32,IRYO,2025,8,3,18.53,157.0,27.07,1314
00004_14-08-2025-18.57,AVE,2025,8,3,18.95,157.0,75.61,21
00009_14-08-2025-19.29,IRYO,2025,8,3,19.48,172.0,49.22,8
00019_14-08-2025-19.34,AVLO,2025,8,3,19.57,201.0,23.96,1409
00004_14-08-2025-20.05,AVE,2025,8,3,20.08,157.0,41.38,153
00009_14-08-2025-20.22,IRYO,2025,8,3,20.37,172.0,46.68,5
00020_14-08-2025-20.27,AVE,2025,8,3,20.45,201.0,37.43,18
00005_14-08-2025-21.02,OUIGO,2025,8,3,21.03,172.0,37.4,0
00007_14-08-2025-21.07,AVE,2025,8,3,21.12,172.0,48.16,8
00002_15-08-2025-06.22,IRYO,2025,8,4,6.37,157.0,13.8,3009
00021_15-08-2025-06.27,AVLO,2025,8,4,6.45,178.0,14.01,2624
00004_15-08-2025-06.57,AVE,2025,8,4,6.95,157.0,61.12,41
00005_15-08-2025-07.02,OUIGO,2025,8,4,7.03,172.0,36.14,17
00002_15-08-2025-07.22,IRYO,2025,8,4,7.37,157.0,44.62,21
00006_15-08-2025-07.27,AVE,2025,8,4,7.45,199.0,68.79,5
00004_15-08-2025-07.57,AVE,2025,8,4,7.95,157.0,60.19,25
00002_15-08-2025-08.32,IRYO,2025,8,4,8.53,157.0,19.78,1170
00008_15-08-2025-08.57,AVE,2025,8,4,8.95,164.0,112.27,0
00009_15-08-2025-09.22,IRYO,2025,8,4,9.37,172.0,38.1,175
00010_15-08-2025-09.27,AVE,2025,8,4,9.45,194.0,53.08,209
00009_15-08-2025-09.57,IRYO,2025,8,4,9.95,172.0,83.56,0
00011_15-08-2025-10.02,OUIGO,2025,8,4,10.03,182.0,58.09,11
00012_15-08-2025-10.27,AVLO,2025,8,4,10.45,172.0,61.43,32
00009_15-08-2025-11.22,IRYO,2025,8,4,11.37,172.0,73.5,12
00006_15-08-2025-11.27,AVE,2025,8,4,11.45,199.0,122.83,0
00009_15-08-2025-12.22,IRYO,2025,8,4,12.37,172.0,40.27,346
00013_15-08-2025-12.27,AVE,2025,8,4,12.45,197.0,61.78,169
00004_15-08-2025-12.57,AVE,2025,8,4,12.95,157.0,99.71,3
00014_15-08-2025-13.18,AVE,2025,8,4,13.3,184.0,55.14,139
00004_15-08-2025-13.57,AVE,2025,8,4,13.95,157.0,81.39,49
00009_15-08-2025-14.02,IRYO,2025,8,4,14.03,172.0,64.77,24
00015_15-08-2025-14.12,OUIGO,2025,8,4,14.2,157.0,48.35,79
00016_15-08-2025-14.27,AVE,2025,8,4,14.45,177.0,103.19,3
00017_15-08-2025-14.42,IRYO,2025,8,4,14.7,179.0,85.6,5
00004_15-08-2025-14.57,AVE,2025,8,4,14.95,157.0,91.97,19
00018_15-08-2025-15.27,AVLO,2025,8,4,15.45,199.0,42.68,180
00004_15-08-2025-15.57,AVE,2025,8,4,15.95,157.0,102.07,19
00007_15-08-2025-16.27,AVE,2025,8,4,16.45,172.0,83.81,74
00002_15-08-2025-16.37,IRYO,2025,8,4,16.62,157.0,62.8,88
00004_15-08-2025-16.57,AVE,2025,8,4,16.95,157.0,90.48,73
00015_15-08-2025-17.17,OUIGO,2025,8,4,17.28,157.0,44.36,179
00009_15-08-2025-17.22,IRYO,2025,8,4,17.37,172.0,54.26,111
00018_15-08-2025-17.27,AVLO,2025,8,4,17.45,199.0,58.7,38
00004_15-08-2025-17.57,AVE,2025,8,4,17.95,157.0,62.92,166
00016_15-08-2025-18.27,AVE,2025,8,4,18.45,177.0,93.92,3
00002_15-08-2025-18.32,IRYO,2025,8,4,18.53,157.0,54.49,64
00004_15-08-2025-18.57,AVE,2025,8,4,18.95,157.0,74.31,25
00009_15-08-2025-19.29,IRYO,2025,8,4,19.48,172.0,58.95,4
00019_15-08-2025-19.34,AVLO,2025,8,4,19.57,201.0,36.32,15
00004_15-08-2025-20.05,AVE,2025,8,4,20.08,157.0,66.27,9
00009_15-08-2025-20.22,IRYO,2025,8,4,20.37,172.0,15.91,2424
00020_15-08-2025-20.27,AVE,2025,8,4,20.45,201.0,45.7,5
00005_15-08-2025-21.02,OUIGO,2025,8,4,21.03,172.0,28.84,4
00007_15-08-2025-21.07,AVE,2025,8,4,21.12,172.0,87.53,0
00021_16-08-2025-06.27,AVLO,2025,8,5,6.45,178.0,31.25,572
00005_16-08-2025-07.02,OUIGO,2025,8,5,7.03,172.0,20.48,563
00006_16-08-2025-07.27,AVE,2025,8,5,7.45,199.0,60.48,42
00009_16-08-2025-08.07,IRYO,2025,8,5,8.12,172.0,25.73,338
00007_16-08-2025-08.27,AVE,2025,8,5,8.45,172.0,52.85,92
00008_16-08-2025-08.57,AVE,2025,8,5,8.95,164.0,53.47,105
00009_16-08-2025-09.22,IRYO,2025,8,5,9.37,172.0,21.99,656
00010_16-08-2025-09.27,AVE,2025,8,5,9.45,194.0,43.43,203
00009_16-08-2025-09.57,IRYO,2025,8,5,9.95,172.0,51.43,15
00011_16-08-2025-10.02,OUIGO,2025,8,5,10.03,182.0,23.89,154
00012_16-08-2025-10.27,AVLO,2025,8,5,10.45,172.0,49.52,15
00009_16-08-2025-11.22,IRYO,2025,8,5,11.37,172.0,22.31,651
00006_16-08-2025-11.27,AVE,2025,8,5,11.45,199.0,36.87,446
00009_16-08-2025-12.22,IRYO,2025,8,5,12.37,172.0,34.01,165
00013_16-08-2025-12.27,AVE,2025,8,5,12.45,197.0,53.27,92
00014_16-08-2025-13.18,AVE,2025,8,5,13.3,184.0,82.74,1
00015_16-08-2025-14.12,OUIGO,2025,8,5,14.2,157.0,27.9,175
00017_16-08-2025-14.42,IRYO,2025,8,5,14.7,179.0,20.62,744
00018_16-08-2025-15.27,AVLO,2025,8,5,15.45,199.0,28.5,233
00007_16-08-2025-16.27,AVE,2025,8,5,16.45,172.0,101.53,3
00002_16-08-2025-16.37,IRYO,2025,8,5,16.62,157.0,55.26,91
00015_16-08-2025-17.17,OUIGO,2025,8,5,17.28,157.0,22.7,512
00018_16-08-2025-17.27,AVLO,2025,8,5,17.45,199.0,20.86,479
00016_16-08-2025-18.27,AVE,2025,8,5,18.45,177.0,100.95,1
00009_16-08-2025-19.29,IRYO,2025,8,5,19.48,172.0,32.77,29
00019_16-08-2025-19.34,AVLO,2025,8,5,19.57,201.0,28.77,16
00009_16-08-2025-20.22,IRYO,2025,8,5,20.37,172.0,30.43,12
00020_16-08-2025-20.27,AVE,2025,8,5,20.45,201.0,10.0,9722
00005_16-08-2025-21.02,OUIGO,2025,8,5,21.03,172.0,18.61,97
00021_17-08-2025-06.27,AVLO,2025,8,6,6.45,178.0,55.66,124
00005_17-08-2025-07.02,OUIGO,2025,8,6,7.03,172.0,58.88,19
00006_17-08-2025-07.27,AVE,2025,8,6,7.45,199.0,38.69,5100
00009_17-08-2025-08.07,IRYO,2025,8,6,8.12,172.0,50.01,87
00007_17-08-2025-08.27,AVE,2025,8,6,8.45,172.0,92.93,2
00009_17-08-2025-09.22,IRYO,2025,8,6,9.37,172.0,52.29,79
00010_17-08-2025-09.27,AVE,2025,8,6,9.45,194.0,61.57,133
00009_17-08-2025-09.57,IRYO,2025,8,6,9.95,172.0,49.73,163
00011_17-08-2025-10.02,OUIGO,2025,8,6,10.03,182.0,54.49,24
00012_17-08-2025-10.27,AVLO,2025,8,6,10.45,172.0,47.51,284
00009_17-08-2025-11.22,IRYO,2025,8,6,11.37,172.0,62.03,54
00006_17-08-2025-11.27,AVE,2025,8,6,11.45,199.0,160.0,0
00009_17-08-2025-12.22,IRYO,2025,8,6,12.37,172.0,39.2,3446
00013_17-08-2025-12.27,AVE,2025,8,6,12.45,197.0,55.03,296
00014_17-08-2025-13.18,AVE,2025,8,6,13.3,184.0,55.14,182
00009_17-08-2025-14.02,IRYO,2025,8,6,14.03,172.0,84.77,3
00015_17-08-2025-14.12,OUIGO,2025,8,6,14.2,157.0,54.89,81
00016_17-08-2025-14.27,AVE,2025,8,6,14.45,177.0,86.64,43
00017_17-08-2025-14.42,IRYO,2025,8,6,14.7,179.0,75.37,18
00018_17-08-2025-15.27,AVLO,2025,8,6,15.45,199.0,60.72,75
00007_17-08-2025-16.27,AVE,2025,8,6,16.45,172.0,99.17,25
00002_17-08-2025-16.37,IRYO,2025,8,6,16.62,157.0,88.55,24
00004_17-08-2025-16.57,AVE,2025,8,6,16.95,157.0,75.51,389
00015_17-08-2025-17.17,OUIGO,2025,8,6,17.28,157.0,60.03,102
00009_17-08-2025-17.22,IRYO,2025,8,6,17.37,172.0,101.09,2
00018_17-08-2025-17.27,AVLO,2025,8,6,17.45,199.0,73.0,23
00004_17-08-2025-17.57,AVE,2025,8,6,17.95,157.0,67.1,327
00016_17-08-2025-18.27,AVE,2025,8,6,18.45,177.0,105.38,7
00002_17-08-2025-18.32,IRYO,2025,8,6,18.53,157.0,86.99,6
00004_17-08-2025-18.57,AVE,2025,8,6,18.95,157.0,136.3,0
00009_17-08-2025-19.29,IRYO,2025,8,6,19.48,172.0,82.81,5
00019_17-08-2025-19.34,AVLO,2025,8,6,19.57,201.0,72.03,0
00004_17-08-2025-20.05,AVE,2025,8,6,20.08,157.0,78.53,19
00009_17-08-2025-20.22,IRYO,2025,8,6,20.37,172.0,80.36,2
00020_17-08-2025-20.27,AVE,2025,8,6,20.45,201.0,101.52,0
00005_17-08-2025-21.02,OUIGO,2025,8,6,21.03,172.0,55.84,3
00007_17-08-2025-21.07,AVE,2025,8,6,21.12,172.0,140.05,0
00001_18-08-2025-06.12,AVLO,2025,8,0,6.2,157.0,33.3,1666
00002_18-08-2025-06.22,IRYO,2025,8,0,6.37,157.0,35.57,1191
00003_18-08-2025-06.27,AVE,2025,8,0,6.45,178.0,54.32,671
00004_18-08-2025-06.57,AVE,2025,8,0,6.95,157.0,54.34,718
00005_18-08-2025-07.02,OUIGO,2025,8,0,7.03,172.0,22.18,724
00002_18-08-2025-07.22,IRYO,2025,8,0,7.37,157.0,51.34,78
00006_18-08-2025-07.27,AVE,2025,8,0,7.45,199.0,55.81,126
00004_18-08-2025-07.57,AVE,2025,8,0,7.95,157.0,64.99,97
00007_18-08-2025-08.27,AVE,2025,8,0,8.45,172.0,69.5,36
00002_18-08-2025-08.32,IRYO,2025,8,0,8.53,157.0,56.0,32
00008_18-08-2025-08.57,AVE,2025,8,0,8.95,164.0,55.42,197
00009_18-08-2025-09.22,IRYO,2025,8,0,9.37,172.0,54.61,26
00010_18-08-2025-09.27,AVE,2025,8,0,9.45,194.0,72.06,25
00009_18-08-2025-09.57,IRYO,2025,8,0,9.95,172.0,33.9,298
00011_18-08-2025-10.02,OUIGO,2025,8,0,10.03,182.0,27.32,272
00012_18-08-2025-10.27,AVLO,2025,8,0,10.45,172.0,29.61,515
00009_18-08-2025-11.22,IRYO,2025,8,0,11.37,172.0,32.02,341
00006_18-08-2025-11.27,AVE,2025,8,0,11.45,199.0,44.27,367
00009_18-08-2025-12.22,IRYO,2025,8,0,12.37,172.0,34.85,182
00013_18-08-2025-12.27,AVE,2025,8,0,12.45,197.0,46.43,213
00004_18-08-2025-12.57,AVE,2025,8,0,12.95,157.0,46.51,325
00014_18-08-2025-13.18,AVE,2025,8,0,13.3,184.0,68.94,1
00009_18-08-2025-14.02,IRYO,2025,8,0,14.03,172.0,31.93,132
00015_18-08-2025-14.12,OUIGO,2025,8,0,14.2,157.0,44.99,11
00016_18-08-2025-14.27,AVE,2025,8,0,14.45,177.0,28.72,1054
00017_18-08-2025-14.42,IRYO,2025,8,0,14.7,179.0,41.17,52
00004_18-08-2025-14.57,AVE,2025,8,0,14.95,157.0,37.74,646
00018_18-08-2025-15.27,AVLO,2025,8,0,15.45,199.0,34.93,69
00004_18-08-2025-15.57,AVE,2025,8,0,15.95,157.0,34.51,1272
00007_18-08-2025-16.27,AVE,2025,8,0,16.45,172.0,69.85,40
00002_18-08-2025-16.37,IRYO,2025,8,0,16.62,157.0,31.81,470
00004_18-08-2025-16.57,AVE,2025,8,0,16.95,157.0,42.79,991
00015_18-08-2025-17.17,OUIGO,2025,8,0,17.28,157.0,38.66,100
00009_18-08-2025-17.22,IRYO,2025,8,0,17.37,172.0,40.5,88
00006_18-08-2025-17.27,AVE,2025,8,0,17.45,199.0,67.21,14
00004_18-08-2025-17.57,AVE,2025,8,0,17.95,157.0,35.58,837
00016_18-08-2025-18.27,AVE,2025,8,0,18.45,177.0,51.66,65
00002_18-08-2025-18.32,IRYO,2025,8,0,18.53,157.0,35.29,84
00004_18-08-2025-18.57,AVE,2025,8,0,18.95,157.0,33.8,343
00009_18-08-2025-19.29,IRYO,2025,8,0,19.48,172.0,23.49,1164
00019_18-08-2025-19.34,AVLO,2025,8,0,19.57,201.0,23.29,720
00004_18-08-2025-20.05,AVE,2025,8,0,20.08,157.0,23.87,1351
00009_18-08-2025-20.22,IRYO,2025,8,0,20.37,172.0,39.92,1
00020_18-08-2025-20.27,AVE,2025,8,0,20.45,201.0,26.73,127
00005_18-08-2025-21.02,OUIGO,2025,8,0,21.03,172.0,31.18,1
00007_18-08-2025-21.07,AVE,2025,8,0,21.12,172.0,36.17,8
00001_19-08-2025-06.12,AVLO,2025,8,1,6.2,157.0,34.18,1209
00002_19-08-2025-06.22,IRYO,2025,8,1,6.37,157.0,39.85,645
00003_19-08-2025-06.27,AVE,2025,8,1,6.45,178.0,44.86,1069
00004_19-08-2025-06.57,AVE,2025,8,1,6.95,157.0,126.38,0
00005_19-08-2025-07.02,OUIGO,2025,8,1,7.03,172.0,37.75,74
00002_19-08-2025-07.22,IRYO,2025,8,1,7.37,157.0,20.59,1336
00006_19-08-2025-07.27,AVE,2025,8,1,7.45,199.0,45.5,209
00004_19-08-2025-07.57,AVE,2025,8,1,7.95,157.0,33.87,1065
00007_19-08-2025-08.27,AVE,2025,8,1,8.45,172.0,64.84,13
00002_19-08-2025-08.32,IRYO,2025,8,1,8.53,157.0,53.18,12
00008_19-08-2025-08.57,AVE,2025,8,1,8.95,164.0,65.63,20
00009_19-08-2025-09.22,IRYO,2025,8,1,9.37,172.0,23.15,617
00010_19-08-2025-09.27,AVE,2025,8,1,9.45,194.0,62.16,37
00009_19-08-2025-09.57,IRYO,2025,8,1,9.95,172.0,47.01,62
00011_19-08-2025-10.02,OUIGO,2025,8,1,10.03,182.0,42.67,29
00012_19-08-2025-10.27,AVLO,2025,8,1,10.45,172.0,35.11,182
00009_19-08-2025-11.22,IRYO,2025,8,1,11.37,172.0,22.23,1231
00006_19-08-2025-11.27,AVE,2025,8,1,11.45,199.0,34.99,614
00009_19-08-2025-12.22,IRYO,2025,8,1,12.37,172.0,49.02,29
00013_19-08-2025-12.27,AVE,2025,8,1,12.45,197.0,44.4,222
00004_19-08-2025-12.57,AVE,2025,8,1,12.95,157.0,54.09,152
00014_19-08-2025-13.18,AVE,2025,8,1,13.3,184.0,48.24,58
00009_19-08-2025-14.02,IRYO,2025,8,1,14.03,172.0,22.11,2595
00015_19-08-2025-14.12,OUIGO,2025,8,1,14.2,157.0,32.44,88
00016_19-08-2025-14.27,AVE,2025,8,1,14.45,177.0,59.2,74
00017_19-08-2025-14.42,IRYO,2025,8,1,14.7,179.0,34.3,130
00004_19-08-2025-14.57,AVE,2025,8,1,14.95,157.0,41.05,714
00018_19-08-2025-15.27,AVLO,2025,8,1,15.45,199.0,30.13,201
00004_19-08-2025-15.57,AVE,2025,8,1,15.95,157.0,43.45,953
00007_19-08-2025-16.27,AVE,2025,8,1,16.45,172.0,42.07,965
00002_19-08-2025-16.37,IRYO,2025,8,1,16.62,157.0,32.78,681
00004_19-08-2025-16.57,AVE,2025,8,1,16.95,157.0,61.69,344
00015_19-08-2025-17.17,OUIGO,2025,8,1,17.28,157.0,55.46,23
00009_19-08-2025-17.22,IRYO,2025,8,1,17.37,172.0,39.94,204
00006_19-08-2025-17.27,AVE,2025,8,1,17.45,199.0,70.15,29
00004_19-08-2025-17.57,AVE,2025,8,1,17.95,157.0,72.52,58
00016_19-08-2025-18.27,AVE,2025,8,1,18.45,177.0,58.12,40
00002_19-08-2025-18.32,IRYO,2025,8,1,18.53,157.0,34.25,149
00004_19-08-2025-18.57,AVE,2025,8,1,18.95,157.0,35.65,472
00009_19-08-2025-19.29,IRYO,2025,8,1,19.48,172.0,38.75,10
00019_19-08-2025-19.34,AVLO,2025,8,1,19.57,201.0,27.91,58
00004_19-08-2025-20.05,AVE,2025,8,1,20.08,157.0,30.76,221
00009_19-08-2025-20.22,IRYO,2025,8,1,20.37,172.0,33.66,10
00020_19-08-2025-20.27,AVE,2025,8,1,20.45,201.0,38.11,9
00005_19-08-2025-21.02,OUIGO,2025,8,1,21.03,172.0,52.14,0
00007_19-08-2025-21.07,AVE,2025,8,1,21.12,172.0,40.06,5
00001_20-08-2025-06.12,AVLO,2025,8,2,6.2,157.0,33.35,692
00002_20-08-2025-06.22,IRYO,2025,8,2,6.37,157.0,10.0,4695
00003_20-08-2025-06.27,AVE,2025,8,2,6.45,178.0,51.6,303
00004_20-08-2025-06.57,AVE,2025,8,2,6.95,157.0,114.26,0
00005_20-08-2025-07.02,OUIGO,2025,8,2,7.03,172.0,43.21,19
00002_20-08-2025-07.22,IRYO,2025,8,2,7.37,157.0,46.27,47
00006_20-08-2025-07.27,AVE,2025,8,2,7.45,199.0,50.26,67
00004_20-08-2025-07.57,AVE,2025,8,2,7.95,157.0,29.26,1020
00007_20-08-2025-08.27,AVE,2025,8,2,8.45,172.0,91.44,0
00002_20-08-2025-08.32,IRYO,2025,8,2,8.53,157.0,38.07,69
00008_20-08-2025-08.57,AVE,2025,8,2,8.95,164.0,43.36,339
00009_20-08-2025-09.22,IRYO,2025,8,2,9.37,172.0,35.9,185
00010_20-08-2025-09.27,AVE,2025,8,2,9.45,194.0,77.72,7
00009_20-08-2025-09.57,IRYO,2025,8,2,9.95,172.0,53.28,44
00011_20-08-2025-10.02,OUIGO,2025,8,2,10.03,182.0,40.05,79
00012_20-08-2025-10.27,AVLO,2025,8,2,10.45,172.0,42.74,200
00009_20-08-2025-11.22,IRYO,2025,8,2,11.37,172.0,43.65,213
00006_20-08-2025-11.27,AVE,2025,8,2,11.45,199.0,49.23,364
00009_20-08-2025-12.22,IRYO,2025,8,2,12.37,172.0,55.93,50
00013_20-08-2025-12.27,AVE,2025,8,2,12.45,197.0,54.71,138
00004_20-08-2025-12.57,AVE,2025,8,2,12.95,157.0,65.74,90
00014_20-08-2025-13.18,AVE,2025,8,2,13.3,184.0,48.24,106
00009_20-08-2025-14.02,IRYO,2025,8,2,14.03,172.0,50.19,36
00015_20-08-2025-14.12,OUIGO,2025,8,2,14.2,157.0,20.82,1596
00016_20-08-2025-14.27,AVE,2025,8,2,14.45,177.0,36.48,811
00017_20-08-2025-14.42,IRYO,2025,8,2,14.7,179.0,64.18,9
00004_20-08-2025-14.57,AVE,2025,8,2,14.95,157.0,54.1,328
00018_20-08-2025-15.27,AVLO,2025,8,2,15.45,199.0,28.51,408
00004_20-08-2025-15.57,AVE,2025,8,2,15.95,157.0,44.06,1359
00007_20-08-2025-16.27,AVE,2025,8,2,16.45,172.0,72.19,152
00002_20-08-2025-16.37,IRYO,2025,8,2,16.62,157.0,40.45,647
00004_20-08-2025-16.57,AVE,2025,8,2,16.95,157.0,142.39,0
00015_20-08-2025-17.17,OUIGO,2025,8,2,17.28,157.0,43.07,266
00009_20-08-2025-17.22,IRYO,2025,8,2,17.37,172.0,49.62,278
00006_20-08-2025-17.27,AVE,2025,8,2,17.45,199.0,73.02,87
00004_20-08-2025-17.57,AVE,2025,8,2,17.95,157.0,73.71,145
00016_20-08-2025-18.27,AVE,2025,8,2,18.45,177.0,89.29,13
00002_20-08-2025-18.32,IRYO,2025,8,2,18.53,157.0,63.76,41
00004_20-08-2025-18.57,AVE,2025,8,2,18.95,157.0,128.5,0
00009_20-08-2025-19.29,IRYO,2025,8,2,19.48,172.0,48.59,35
00019_20-08-2025-19.34,AVLO,2025,8,2,19.57,201.0,27.37,97
00004_20-08-2025-20.05,AVE,2025,8,2,20.08,157.0,47.62,159
00009_20-08-2025-20.22,IRYO,2025,8,2,20.37,172.0,48.5,8
00020_20-08-2025-20.27,AVE,2025,8,2,20.45,201.0,41.76,30
00005_20-08-2025-21.02,OUIGO,2025,8,2,21.03,172.0,57.83,0
00007_20-08-2025-21.07,AVE,2025,8,2,21.12,172.0,63.33,1
00001_21-08-2025-06.12,AVLO,2025,8,3,6.2,157.0,31.55,1083
00002_21-08-2025-06.22,IRYO,2025,8,3,6.37,157.0,29.7,1047
00003_21-08-2025-06.27,AVE,2025,8,3,6.45,178.0,31.85,2025
00004_21-08-2025-06.57,AVE,2025,8,3,6.95,157.0,73.23,41
00005_21-08-2025-07.02,OUIGO,2025,8,3,7.03,172.0,33.33,93
00002_21-08-2025-07.22,IRYO,2025,8,3,7.37,157.0,21.39,1561
00006_21-08-2025-07.27,AVE,2025,8,3,7.45,199.0,40.84,361
00004_21-08-2025-07.57,AVE,2025,8,3,7.95,157.0,50.07,190
00007_21-08-2025-08.27,AVE,2025,8,3,8.45,172.0,64.13,60
00002_21-08-2025-08.32,IRYO,2025,8,3,8.53,157.0,43.21,81
00008_21-08-2025-08.57,AVE,2025,8,3,8.95,164.0,60.22,143
00009_21-08-2025-09.22,IRYO,2025,8,3,9.37,172.0,60.0,31
00010_21-08-2025-09.27,AVE,2025,8,3,9.45,194.0,66.76,119
00009_21-08-2025-09.57,IRYO,2025,8,3,9.95,172.0,56.64,82
00011_21-08-2025-10.02,OUIGO,2025,8,3,10.03,182.0,49.05,73
00012_21-08-2025-10.27,AVLO,2025,8,3,10.45,172.0,50.43,183
00009_21-08-2025-11.22,IRYO,2025,8,3,11.37,172.0,61.44,66
00006_21-08-2025-11.27,AVE,2025,8,3,11.45,199.0,60.14,317
00009_21-08-2025-12.22,IRYO,2025,8,3,12.37,172.0,52.67,142
00013_21-08-2025-12.27,AVE,2025,8,3,12.45,197.0,55.2,417
00004_21-08-2025-12.57,AVE,2025,8,3,12.95,157.0,55.03,638
00014_21-08-2025-13.18,AVE,2025,8,3,13.3,184.0,55.14,230
00004_21-08-2025-13.57,AVE,2025,8,3,13.95,157.0,,0
00009_21-08-2025-14.02,IRYO,2025,8,3,14.03,172.0,,0
00015_21-08-2025-14.12,OUIGO,2025,8,3,14.2,157.0,,0
00016_21-08-2025-14.27,AVE,2025,8,3,14.45,177.0,99.25,9
00017_21-08-2025-14.42,IRYO,2025,8,3,14.7,179.0,46.76,404
00004_21-08-2025-14.57,AVE,2025,8,3,14.95,157.0,90.53,65
00018_21-08-2025-15.27,AVLO,2025,8,3,15.45,199.0,43.68,390
00004_21-08-2025-15.57,AVE,2025,8,3,15.95,157.0,116.28,5
00007_21-08-2025-16.27,AVE,2025,8,3,16.45,172.0,70.07,563
00002_21-08-2025-16.37,IRYO,2025,8,3,16.62,157.0,42.12,1498
00004_21-08-2025-16.57,AVE,2025,8,3,16.95,157.0,160.0,0
00015_21-08-2025-17.17,OUIGO,2025,8,3,17.28,157.0,66.08,66
00009_21-08-2025-17.22,IRYO,2025,8,3,17.37,172.0,84.63,14
00006_21-08-2025-17.27,AVE,2025,8,3,17.45,199.0,116.25,1
00004_21-08-2025-17.57,AVE,2025,8,3,17.95,157.0,76.19,228
00016_21-08-2025-18.27,AVE,2025,8,3,18.45,177.0,74.91,68
00002_21-08-2025-18.32,IRYO,2025,8,3,18.53,157.0,32.9,838
00004_21-08-2025-18.57,AVE,2025,8,3,18.95,157.0,64.9,172
00009_21-08-2025-19.29,IRYO,2025,8,3,19.48,172.0,31.95,177
00019_21-08-2025-19.34,AVLO,2025,8,3,19.57,201.0,33.11,48
00004_21-08-2025-20.05,AVE,2025,8,3,20.08,157.0,46.79,217
00009_21-08-2025-20.22,IRYO,2025,8,3,20.37,172.0,31.72,71
00020_21-08-2025-20.27,AVE,2025,8,3,20.45,201.0,55.67,3
00005_21-08-2025-21.02,OUIGO,2025,8,3,21.03,172.0,22.6,2329
00007_21-08-2025-21.07,AVE,2025,8,3,21.12,172.0,62.28,5
00002_22-08-2025-06.22,IRYO,2025,8,4,6.37,157.0,22.8,3079
00021_22-08-2025-06.27,AVLO,2025,8,4,6.45,178.0,19.49,6269
00004_22-08-2025-06.57,AVE,2025,8,4,6.95,157.0,53.0,193
00005_22-08-2025-07.02,OUIGO,2025,8,4,7.03,172.0,57.41,4
00002_22-08-2025-07.22,IRYO,2025,8,4,7.37,157.0,60.65,14
00006_22-08-2025-07.27,AVE,2025,8,4,7.45,199.0,95.73,2
00004_22-08-2025-07.57,AVE,2025,8,4,7.95,157.0,66.94,54
00002_22-08-2025-08.32,IRYO,2025,8,4,8.53,157.0,49.25,101
00008_22-08-2025-08.57,AVE,2025,8,4,8.95,164.0,112.29,0
00009_22-08-2025-09.22,IRYO,2025,8,4,9.37,172.0,71.25,10
00010_22-08-2025-09.27,AVE,2025,8,4,9.45,194.0,68.63,125
00009_22-08-2025-09.57,IRYO,2025,8,4,9.95,172.0,51.66,172
00011_22-08-2025-10.02,OUIGO,2025,8,4,10.03,182.0,47.37,101
00012_22-08-2025-10.27,AVLO,2025,8,4,10.45,172.0,64.21,53
00009_22-08-2025-11.22,IRYO,2025,8,4,11.37,172.0,54.52,171
00006_22-08-2025-11.27,AVE,2025,8,4,11.45,199.0,124.8,0
00009_22-08-2025-12.22,IRYO,2025,8,4,12.37,172.0,51.43,110
00013_22-08-2025-12.27,AVE,2025,8,4,12.45,197.0,56.42,266
00004_22-08-2025-12.57,AVE,2025,8,4,12.95,157.0,63.57,241
00014_22-08-2025-13.18,AVE,2025,8,4,13.3,184.0,55.14,152
00004_22-08-2025-13.57,AVE,2025,8,4,13.95,157.0,87.49,19
00009_22-08-2025-14.02,IRYO,2025,8,4,14.03,172.0,53.28,67
00015_22-08-2025-14.12,OUIGO,2025,8,4,14.2,157.0,51.01,58
00016_22-08-2025-14.27,AVE,2025,8,4,14.45,177.0,93.09,11
00017_22-08-2025-14.42,IRYO,2025,8,4,14.7,179.0,72.06,10
00004_22-08-2025-14.57,AVE,2025,8,4,14.95,157.0,84.05,39
00018_22-08-2025-15.27,AVLO,2025,8,4,15.45,199.0,55.0,43
00004_22-08-2025-15.57,AVE,2025,8,4,15.95,157.0,111.44,4
00007_22-08-2025-16.27,AVE,2025,8,4,16.45,172.0,76.66,89
00002_22-08-2025-16.37,IRYO,2025,8,4,16.62,157.0,54.32,190
00004_22-08-2025-16.57,AVE,2025,8,4,16.95,157.0,92.68,37
00015_22-08-2025-17.17,OUIGO,2025,8,4,17.28,157.0,54.66,65
00009_22-08-2025-17.22,IRYO,2025,8,4,17.37,172.0,55.22,66
00018_22-08-2025-17.27,AVLO,2025,8,4,17.45,199.0,50.3,35
00004_22-08-2025-17.57,AVE,2025,8,4,17.95,157.0,48.14,480
00016_22-08-2025-18.27,AVE,2025,8,4,18.45,177.0,81.19,5
00002_22-08-2025-18.32,IRYO,2025,8,4,18.53,157.0,51.24,36
00004_22-08-2025-18.57,AVE,2025,8,4,18.95,157.0,67.93,30
00009_22-08-2025-19.29,IRYO,2025,8,4,19.48,172.0,49.51,8
00019_22-08-2025-19.34,AVLO,2025,8,4,19.57,201.0,38.79,12
00004_22-08-2025-20.05,AVE,2025,8,4,20.08,157.0,61.74,10
00009_22-08-2025-20.22,IRYO,2025,8,4,20.37,172.0,44.06,4
00020_22-08-2025-20.27,AVE,2025,8,4,20.45,201.0,43.27,8
00005_22-08-2025-21.02,OUIGO,2025,8,4,21.03,172.0,39.86,4
00007_22-08-2025-21.07,AVE,2025,8,4,21.12,172.0,73.34,0
00021_23-08-2025-06.27,AVLO,2025,8,5,6.45,178.0,33.1,618
00005_23-08-2025-07.02,OUIGO,2025,8,5,7.03,172.0,34.5,171
00006_23-08-2025-07.27,AVE,2025,8,5,7.45,199.0,53.64,126
00009_23-08-2025-08.07,IRYO,2025,8,5,8.12,172.0,28.09,371
00007_23-08-2025-08.27,AVE,2025,8,5,8.45,172.0,47.32,195
00008_23-08-2025-08.57,AVE,2025,8,5,8.95,164.0,67.84,27
00009_23-08-2025-09.22,IRYO,2025,8,5,9.37,172.0,20.76,1740
00010_23-08-2025-09.27,AVE,2025,8,5,9.45,194.0,48.06,216
00009_23-08-2025-09.57,IRYO,2025,8,5,9.95,172.0,46.73,66
00011_23-08-2025-10.02,OUIGO,2025,8,5,10.03,182.0,42.34,30
00012_23-08-2025-10.27,AVLO,2025,8,5,10.45,172.0,46.5,93
00009_23-08-2025-11.22,IRYO,2025,8,5,11.37,172.0,58.47,23
00006_23-08-2025-11.27,AVE,2025,8,5,11.45,199.0,36.48,633
00009_23-08-2025-12.22,IRYO,2025,8,5,12.37,172.0,39.93,128
00013_23-08-2025-12.27,AVE,2025,8,5,12.45,197.0,47.73,194
00014_23-08-2025-13.18,AVE,2025,8,5,13.3,184.0,82.74,2
00015_23-08-2025-14.12,OUIGO,2025,8,5,14.2,157.0,19.04,1238
00017_23-08-2025-14.42,IRYO,2025,8,5,14.7,179.0,32.5,206
00018_23-08-2025-15.27,AVLO,2025,8,5,15.45,199.0,29.5,206
00007_23-08-2025-16.27,AVE,2025,8,5,16.45,172.0,96.92,7
00002_23-08-2025-16.37,IRYO,2025,8,5,16.62,157.0,34.38,438
00015_23-08-2025-17.17,OUIGO,2025,8,5,17.28,157.0,15.93,2693
00018_23-08-2025-17.27,AVLO,2025,8,5,17.45,199.0,28.11,199
00016_23-08-2025-18.27,AVE,2025,8,5,18.45,177.0,86.73,4
00009_23-08-2025-19.29,IRYO,2025,8,5,19.48,172.0,28.64,37
00019_23-08-2025-19.34,AVLO,2025,8,5,19.57,201.0,28.7,15
00009_23-08-2025-20.22,IRYO,2025,8,5,20.37,172.0,18.4,614
00020_23-08-2025-20.27,AVE,2025,8,5,20.45,201.0,15.06,5161
00005_23-08-2025-21.02,OUIGO,2025,8,5,21.03,172.0,14.21,1727
00021_24-08-2025-06.27,AVLO,2025,8,6,6.45,178.0,44.71,349
00005_24-08-2025-07.02,OUIGO,2025,8,6,7.03,172.0,41.79,134
00006_24-08-2025-07.27,AVE,2025,8,6,7.45,199.0,41.85,1068
00009_24-08-2025-08.07,IRYO,2025,8,6,8.12,172.0,25.67,13049
00007_24-08-2025-08.27,AVE,2025,8,6,8.45,172.0,73.14,32
00009_24-08-2025-09.22,IRYO,2025,8,6,9.37,172.0,70.42,11
00010_24-08-2025-09.27,AVE,2025,8,6,9.45,194.0,61.18,295
00009_24-08-2025-09.57,IRYO,2025,8,6,9.95,172.0,73.25,19
00011_24-08-2025-10.02,OUIGO,2025,8,6,10.03,182.0,50.63,112
00012_24-08-2025-10.27,AVLO,2025,8,6,10.45,172.0,47.78,423
00009_24-08-2025-11.22,IRYO,2025,8,6,11.37,172.0,74.6,42
00006_24-08-2025-11.27,AVE,2025,8,6,11.45,199.0,137.15,0
00009_24-08-2025-12.22,IRYO,2025,8,6,12.37,172.0,64.61,128
00013_24-08-2025-12.27,AVE,2025,8,6,12.45,197.0,65.19,375
00014_24-08-2025-13.18,AVE,2025,8,6,13.3,184.0,55.14,474
00009_24-08-2025-14.02,IRYO,2025,8,6,14.03,172.0,86.62,9
00015_24-08-2025-14.12,OUIGO,2025,8,6,14.2,157.0,60.8,121
00016_24-08-2025-14.27,AVE,2025,8,6,14.45,177.0,107.82,7
00017_24-08-2025-14.42,IRYO,2025,8,6,14.7,179.0,84.07,21
00018_24-08-2025-15.27,AVLO,2025,8,6,15.45,199.0,61.06,125
00007_24-08-2025-16.27,AVE,2025,8,6,16.45,172.0,70.17,631
00002_24-08-2025-16.37,IRYO,2025,8,6,16.62,157.0,94.21,20
00004_24-08-2025-16.57,AVE,2025,8,6,16.95,157.0,80.64,466
00015_24-08-2025-17.17,OUIGO,2025,8,6,17.28,157.0,56.32,253
00009_24-08-2025-17.22,IRYO,2025,8,6,17.37,172.0,75.08,62
00018_24-08-2025-17.27,AVLO,2025,8,6,17.45,199.0,63.45,99
00004_24-08-2025-17.57,AVE,2025,8,6,17.95,157.0,91.34,101
00016_24-08-2025-18.27,AVE,2025,8,6,18.45,177.0,120.46,1
00002_24-08-2025-18.32,IRYO,2025,8,6,18.53,157.0,107.58,0
00004_24-08-2025-18.57,AVE,2025,8,6,18.95,157.0,115.65,5
00009_24-08-2025-19.29,IRYO,2025,8,6,19.48,172.0,89.81,1
00019_24-08-2025-19.34,AVLO,2025,8,6,19.57,201.0,80.79,2
00004_24-08-2025-20.05,AVE,2025,8,6,20.08,157.0,78.22,37
00009_24-08-2025-20.22,IRYO,2025,8,6,20.37,172.0,82.44,2
00020_24-08-2025-20.27,AVE,2025,8,6,20.45,201.0,80.58,2
00005_24-08-2025-21.02,OUIGO,2025,8,6,21.03,172.0,70.6,1
00007_24-08-2025-21.07,AVE,2025,8,6,21.12,172.0,112.08,0
00001_25-08-2025-06.12,AVLO,2025,8,0,6.2,157.0,30.67,1248
00002_25-08-2025-06.22,IRYO,2025,8,0,6.37,157.0,22.41,1821
00003_25-08-2025-06.27,AVE,2025,8,0,6.45,178.0,46.44,720
00004_25-08-2025-06.57,AVE,2025,8,0,6.95,157.0,60.23,218
00005_25-08-2025-07.02,OUIGO,2025,8,0,7.03,172.0,36.61,61
00002_25-08-2025-07.22,IRYO,2025,8,0,7.37,157.0,30.24,385
00006_25-08-2025-07.27,AVE,2025,8,0,7.45,199.0,60.11,53
00004_25-08-2025-07.57,AVE,2025,8,0,7.95,157.0,71.98,21
00007_25-08-2025-08.27,AVE,2025,8,0,8.45,172.0,62.1,41
00002_25-08-2025-08.32,IRYO,2025,8,0,8.53,157.0,35.71,176
00008_25-08-2025-08.57,AVE,2025,8,0,8.95,164.0,53.58,175
00009_25-08-2025-09.22,IRYO,2025,8,0,9.37,172.0,45.22,96
00010_25-08-2025-09.27,AVE,2025,8,0,9.45,194.0,69.9,29
00009_25-08-2025-09.57,IRYO,2025,8,0,9.95,172.0,47.71,63
00011_25-08-2025-10.02,OUIGO,2025,8,0,10.03,182.0,35.55,89
00012_25-08-2025-10.27,AVLO,2025,8,0,10.45,172.0,37.71,215
00009_25-08-2025-11.22,IRYO,2025,8,0,11.37,172.0,30.65,307
00006_25-08-2025-11.27,AVE,2025,8,0,11.45,199.0,45.02,235
00009_25-08-2025-12.22,IRYO,2025,8,0,12.37,172.0,25.04,354
00013_25-08-2025-12.27,AVE,2025,8,0,12.45,197.0,44.48,152
00004_25-08-2025-12.57,AVE,2025,8,0,12.95,157.0,36.63,589
00014_25-08-2025-13.18,AVE,2025,8,0,13.3,184.0,68.94,3
00009_25-08-2025-14.02,IRYO,2025,8,0,14.03,172.0,31.21,107
00015_25-08-2025-14.12,OUIGO,2025,8,0,14.2,157.0,30.54,72
00016_25-08-2025-14.27,AVE,2025,8,0,14.45,177.0,30.82,708
00017_25-08-2025-14.42,IRYO,2025,8,0,14.7,179.0,57.12,8
00004_25-08-2025-14.57,AVE,2025,8,0,14.95,157.0,47.16,301
00018_25-08-2025-15.27,AVLO,2025,8,0,15.45,199.0,31.21,101
00004_25-08-2025-15.57,AVE,2025,8,0,15.95,157.0,45.8,571
00007_25-08-2025-16.27,AVE,2025,8,0,16.45,172.0,68.4,47
00002_25-08-2025-16.37,IRYO,2025,8,0,16.62,157.0,35.98,328
00004_25-08-2025-16.57,AVE,2025,8,0,16.95,157.0,48.42,614
00015_25-08-2025-17.17,OUIGO,2025,8,0,17.28,157.0,46.79,31
00009_25-08-2025-17.22,IRYO,2025,8,0,17.37,172.0,28.97,309
00006_25-08-2025-17.27,AVE,2025,8,0,17.45,199.0,65.21,7
00004_25-08-2025-17.57,AVE,2025,8,0,17.95,157.0,28.83,1214
00016_25-08-2025-18.27,AVE,2025,8,0,18.45,177.0,64.66,7
00002_25-08-2025-18.32,IRYO,2025,8,0,18.53,157.0,30.89,105
00004_25-08-2025-18.57,AVE,2025,8,0,18.95,157.0,32.99,342
00009_25-08-2025-19.29,IRYO,2025,8,0,19.48,172.0,45.33,4
00019_25-08-2025-19.34,AVLO,2025,8,0,19.57,201.0,20.99,86
00004_25-08-2025-20.05,AVE,2025,8,0,20.08,157.0,27.04,173
00009_25-08-2025-20.22,IRYO,2025,8,0,20.37,172.0,36.42,2
00020_25-08-2025-20.27,AVE,2025,8,0,20.45,201.0,22.18,185
00005_25-08-2025-21.02,OUIGO,2025,8,0,21.03,172.0,13.83,2357
00007_25-08-2025-21.07,AVE,2025,8,0,21.12,172.0,41.36,5
00001_26-08-2025-06.12,AVLO,2025,8,1,6.2,157.0,34.76,660
00002_26-08-2025-06.22,IRYO,2025,8,1,6.37,157.0,33.45,559
00003_26-08-2025-06.27,AVE,2025,8,1,6.45,178.0,35.52,1121
00004_26-08-2025-06.57,AVE,2025,8,1,6.95,157.0,111.34,0
00005_26-08-2025-07.02,OUIGO,2025,8,1,7.03,172.0,39.35,23
00002_26-08-2025-07.22,IRYO,2025,8,1,7.37,157.0,32.83,151
00006_26-08-2025-07.27,AVE,2025,8,1,7.45,199.0,28.03,489
00004_26-08-2025-07.57,AVE,2025,8,1,7.95,157.0,26.92,1001
00007_26-08-2025-08.27,AVE,2025,8,1,8.45,172.0,75.21,1
00002_26-08-2025-08.32,IRYO,2025,8,1,8.53,157.0,29.6,91
00008_26-08-2025-08.57,AVE,2025,8,1,8.95,164.0,54.59,46
00009_26-08-2025-09.22,IRYO,2025,8,1,9.37,172.0,40.58,45
00010_26-08-2025-09.27,AVE,2025,8,1,9.45,194.0,72.36,10
00009_26-08-2025-09.57,IRYO,2025,8,1,9.95,172.0,47.14,22
00011_26-08-2025-10.02,OUIGO,2025,8,1,10.03,182.0,41.0,15
00012_26-08-2025-10.27,AVLO,2025,8,1,10.45,172.0,36.07,95
00009_26-08-2025-11.22,IRYO,2025,8,1,11.37,172.0,37.38,65
00006_26-08-2025-11.27,AVE,2025,8,1,11.45,199.0,16.23,3187
00009_26-08-2025-12.22,IRYO,2025,8,1,12.37,172.0,62.94,0
00013_26-08-2025-12.27,AVE,2025,8,1,12.45,197.0,51.35,42
00004_26-08-2025-12.57,AVE,2025,8,1,12.95,157.0,66.42,16
00014_26-08-2025-13.18,AVE,2025,8,1,13.3,184.0,48.24,29
00009_26-08-2025-14.02,IRYO,2025,8,1,14.03,172.0,27.95,112
00015_26-08-2025-14.12,OUIGO,2025,8,1,14.2,157.0,25.7,161
00016_26-08-2025-14.27,AVE,2025,8,1,14.45,177.0,76.45,0
00017_26-08-2025-14.42,IRYO,2025,8,1,14.7,179.0,37.64,37
00004_26-08-2025-14.57,AVE,2025,8,1,14.95,157.0,34.99,424
00018_26-08-2025-15.27,AVLO,2025,8,1,15.45,199.0,29.96,48
00004_26-08-2025-15.57,AVE,2025,8,1,15.95,157.0,24.44,1689
00007_26-08-2025-16.27,AVE,2025,8,1,16.45,172.0,34.13,655
00002_26-08-2025-16.37,IRYO,2025,8,1,16.62,157.0,33.1,221
00004_26-08-2025-16.57,AVE,2025,8,1,16.95,157.0,45.62,495
00015_26-08-2025-17.17,OUIGO,2025,8,1,17.28,157.0,36.06,62
00009_26-08-2025-17.22,IRYO,2025,8,1,17.37,172.0,40.03,81
00006_26-08-2025-17.27,AVE,2025,8,1,17.45,199.0,58.48,40
00004_26-08-2025-17.57,AVE,2025,8,1,17.95,157.0,52.59,152
00016_26-08-2025-18.27,AVE,2025,8,1,18.45,177.0,51.03,57
00002_26-08-2025-18.32,IRYO,2025,8,1,18.53,157.0,28.0,138
00004_26-08-2025-18.57,AVE,2025,8,1,18.95,157.0,52.4,65
00009_26-08-2025-19.29,IRYO,2025,8,1,19.48,172.0,29.06,30
00019_26-08-2025-19.34,AVLO,2025,8,1,19.57,201.0,30.52,3
00004_26-08-2025-20.05,AVE,2025,8,1,20.08,157.0,41.79,34
00009_26-08-2025-20.22,IRYO,2025,8,1,20.37,172.0,36.17,5
00020_26-08-2025-20.27,AVE,2025,8,1,20.45,201.0,29.25,19
00005_26-08-2025-21.02,OUIGO,2025,8,1,21.03,172.0,28.19,10
00007_26-08-2025-21.07,AVE,2025,8,1,21.12,172.0,44.91,5
00001_27-08-2025-06.12,AVLO,2025,8,2,6.2,157.0,33.45,1085
00002_27-08-2025-06.22,IRYO,2025,8,2,6.37,157.0,19.28,2553
00003_27-08-2025-06.27,AVE,2025,8,2,6.45,178.0,69.3,81
00004_27-08-2025-06.57,AVE,2025,8,2,6.95,157.0,108.87,2
00005_27-08-2025-07.02,OUIGO,2025,8,2,7.03,172.0,53.66,11
00002_27-08-2025-07.22,IRYO,2025,8,2,7.37,157.0,30.88,402
00006_27-08-2025-07.27,AVE,2025,8,2,7.45,199.0,54.84,82
00004_27-08-2025-07.57,AVE,2025,8,2,7.95,157.0,49.53,233
00007_27-08-2025-08.27,AVE,2025,8,2,8.45,172.0,80.63,3
00002_27-08-2025-08.32,IRYO,2025,8,2,8.53,157.0,49.38,34
00008_27-08-2025-08.57,AVE,2025,8,2,8.95,164.0,57.22,100
00009_27-08-2025-09.22,IRYO,2025,8,2,9.37,172.0,42.36,65
00010_27-08-2025-09.27,AVE,2025,8,2,9.45,194.0,58.03,69
00009_27-08-2025-09.57,IRYO,2025,8,2,9.95,172.0,21.82,1051
00011_27-08-2025-10.02,OUIGO,2025,8,2,10.03,182.0,26.66,191
00012_27-08-2025-10.27,AVLO,2025,8,2,10.45,172.0,43.04,94
00009_27-08-2025-11.22,IRYO,2025,8,2,11.37,172.0,46.61,76
00006_27-08-2025-11.27,AVE,2025,8,2,11.45,199.0,48.75,192
00009_27-08-2025-12.22,IRYO,2025,8,2,12.37,172.0,36.59,177
00013_27-08-2025-12.27,AVE,2025,8,2,12.45,197.0,49.43,121
00004_27-08-2025-12.57,AVE,2025,8,2,12.95,157.0,43.32,428
00014_27-08-2025-13.18,AVE,2025,8,2,13.3,184.0,48.24,56
00009_27-08-2025-14.02,IRYO,2025,8,2,14.03,172.0,43.39,62
00015_27-08-2025-14.12,OUIGO,2025,8,2,14.2,157.0,34.54,81
00016_27-08-2025-14.27,AVE,2025,8,2,14.45,177.0,34.6,703
00017_27-08-2025-14.42,IRYO,2025,8,2,14.7,179.0,45.68,59
00004_27-08-2025-14.57,AVE,2025,8,2,14.95,157.0,49.79,349
00018_27-08-2025-15.27,AVLO,2025,8,2,15.45,199.0,34.89,151
00004_27-08-2025-15.57,AVE,2025,8,2,15.95,157.0,51.99,592
00007_27-08-2025-16.27,AVE,2025,8,2,16.45,172.0,54.06,505
00002_27-08-2025-16.37,IRYO,2025,8,2,16.62,157.0,49.57,204
00004_27-08-2025-16.57,AVE,2025,8,2,16.95,157.0,131.91,0
00015_27-08-2025-17.17,OUIGO,2025,8,2,17.28,157.0,45.29,115
00009_27-08-2025-17.22,IRYO,2025,8,2,17.37,172.0,21.8,2990
00006_27-08-2025-17.27,AVE,2025,8,2,17.45,199.0,53.73,228
00004_27-08-2025-17.57,AVE,2025,8,2,17.95,157.0,80.69,42
00016_27-08-2025-18.27,AVE,2025,8,2,18.45,177.0,72.46,21
00002_27-08-2025-18.32,IRYO,2025,8,2,18.53,157.0,54.18,31
00004_27-08-2025-18.57,AVE,2025,8,2,18.95,157.0,121.41,0
00009_27-08-2025-19.29,IRYO,2025,8,2,19.48,172.0,48.8,12
00019_27-08-2025-19.34,AVLO,2025,8,2,19.57,201.0,32.29,19
00004_27-08-2025-20.05,AVE,2025,8,2,20.08,157.0,41.94,116
00009_27-08-2025-20.22,IRYO,2025,8,2,20.37,172.0,34.22,14
00020_27-08-2025-20.27,AVE,2025,8,2,20.45,201.0,41.55,18
00005_27-08-2025-21.02,OUIGO,2025,8,2,21.03,172.0,44.45,0
00007_27-08-2025-21.07,AVE,2025,8,2,21.12,172.0,65.66,1
00001_28-08-2025-06.12,AVLO,2025,8,3,6.2,157.0,29.19,1801
00002_28-08-2025-06.22,IRYO,2025,8,3,6.37,157.0,22.89,2954
00003_28-08-2025-06.27,AVE,2025,8,3,6.45,178.0,49.35,785
00004_28-08-2025-06.57,AVE,2025,8,3,6.95,157.0,81.58,26
00005_28-08-2025-07.02,OUIGO,2025,8,3,7.03,172.0,32.62,156
00002_28-08-2025-07.22,IRYO,2025,8,3,7.37,157.0,50.75,52
00006_28-08-2025-07.27,AVE,2025,8,3,7.45,199.0,40.16,455
00004_28-08-2025-07.57,AVE,2025,8,3,7.95,157.0,41.33,663
00007_28-08-2025-08.27,AVE,2025,8,3,8.45,172.0,51.5,162
00002_28-08-2025-08.32,IRYO,2025,8,3,8.53,157.0,37.38,161
00008_28-08-2025-08.57,AVE,2025,8,3,8.95,164.0,68.62,26
00009_28-08-2025-09.22,IRYO,2025,8,3,9.37,172.0,45.69,103
00010_28-08-2025-09.27,AVE,2025,8,3,9.45,194.0,43.34,688
00009_28-08-2025-09.57,IRYO,2025,8,3,9.95,172.0,45.86,156
00011_28-08-2025-10.02,OUIGO,2025,8,3,10.03,182.0,57.99,10
00012_28-08-2025-10.27,AVLO,2025,8,3,10.45,172.0,59.98,51
00009_28-08-2025-11.22,IRYO,2025,8,3,11.37,172.0,42.24,352
00006_28-08-2025-11.27,AVE,2025,8,3,11.45,199.0,54.23,417
00009_28-08-2025-12.22,IRYO,2025,8,3,12.37,172.0,52.06,127
00013_28-08-2025-12.27,AVE,2025,8,3,12.45,197.0,49.88,520
00004_28-08-2025-12.57,AVE,2025,8,3,12.95,157.0,59.55,396
00014_28-08-2025-13.18,AVE,2025,8,3,13.3,184.0,55.14,197
00004_28-08-2025-13.57,AVE,2025,8,3,13.95,157.0,,0
00009_28-08-2025-14.02,IRYO,2025,8,3,14.03,172.0,,0
00015_28-08-2025-14.12,OUIGO,2025,8,3,14.2,157.0,,0
00016_28-08-2025-14.27,AVE,2025,8,3,14.45,177.0,85.85,28
00017_28-08-2025-14.42,IRYO,2025,8,3,14.7,179.0,36.24,725
00004_28-08-2025-14.57,AVE,2025,8,3,14.95,157.0,78.51,167
00018_28-08-2025-15.27,AVLO,2025,8,3,15.45,199.0,47.38,220
00004_28-08-2025-15.57,AVE,2025,8,3,15.95,157.0,92.07,66
00007_28-08-2025-16.27,AVE,2025,8,3,16.45,172.0,78.67,216
00002_28-08-2025-16.37,IRYO,2025,8,3,16.62,157.0,42.55,1262
00004_28-08-2025-16.57,AVE,2025,8,3,16.95,157.0,146.53,0
00015_28-08-2025-17.17,OUIGO,2025,8,3,17.28,157.0,58.64,100
00009_28-08-2025-17.22,IRYO,2025,8,3,17.37,172.0,63.9,84
00006_28-08-2025-17.27,AVE,2025,8,3,17.45,199.0,112.23,1
00004_28-08-2025-17.57,AVE,2025,8,3,17.95,157.0,46.79,1756
00016_28-08-2025-18.27,AVE,2025,8,3,18.45,177.0,71.03,76
00002_28-08-2025-18.32,IRYO,2025,8,3,18.53,157.0,24.77,4193
00004_28-08-2025-18.57,AVE,2025,8,3,18.95,157.0,84.2,14
00009_28-08-2025-19.29,IRYO,2025,8,3,19.48,172.0,44.55,25
00019_28-08-2025-19.34,AVLO,2025,8,3,19.57,201.0,29.18,199
00004_28-08-2025-20.05,AVE,2025,8,3,20.08,157.0,65.1,20
00009_28-08-2025-20.22,IRYO,2025,8,3,20.37,172.0,33.84,29
00020_28-08-2025-20.27,AVE,2025,8,3,20.45,201.0,49.22,16
00005_28-08-2025-21.02,OUIGO,2025,8,3,21.03,172.0,32.11,15
00007_28-08-2025-21.07,AVE,2025,8,3,21.12,172.0,52.2,9
00002_29-08-2025-06.22,IRYO,2025,8,4,6.37,157.0,25.6,2156
00021_29-08-2025-06.27,AVLO,2025,8,4,6.45,178.0,20.92,5383
00004_29-08-2025-06.57,AVE,2025,8,4,6.95,157.0,65.53,89
00005_29-08-2025-07.02,OUIGO,2025,8,4,7.03,172.0,42.03,34
00002_29-08-2025-07.22,IRYO,2025,8,4,7.37,157.0,51.29,33
00006_29-08-2025-07.27,AVE,2025,8,4,7.45,199.0,64.27,19
00004_29-08-2025-07.57,AVE,2025,8,4,7.95,157.0,54.12,137
00002_29-08-2025-08.32,IRYO,2025,8,4,8.53,157.0,31.65,692
00008_29-08-2025-08.57,AVE,2025,8,4,8.95,164.0,115.49,0
00009_29-08-2025-09.22,IRYO,2025,8,4,9.37,172.0,51.17,70
00010_29-08-2025-09.27,AVE,2025,8,4,9.45,194.0,73.43,37
00009_29-08-2025-09.57,IRYO,2025,8,4,9.95,172.0,60.02,34
00011_29-08-2025-10.02,OUIGO,2025,8,4,10.03,182.0,33.78,319
00012_29-08-2025-10.27,AVLO,2025,8,4,10.45,172.0,63.15,37
00009_29-08-2025-11.22,IRYO,2025,8,4,11.37,172.0,40.67,331
00006_29-08-2025-11.27,AVE,2025,8,4,11.45,199.0,95.4,1
00009_29-08-2025-12.22,IRYO,2025,8,4,12.37,172.0,34.82,529
00013_29-08-2025-12.27,AVE,2025,8,4,12.45,197.0,52.64,268
00004_29-08-2025-12.57,AVE,2025,8,4,12.95,157.0,92.9,6
00014_29-08-2025-13.18,AVE,2025,8,4,13.3,184.0,55.14,110
00004_29-08-2025-13.57,AVE,2025,8,4,13.95,157.0,63.75,193
00009_29-08-2025-14.02,IRYO,2025,8,4,14.03,172.0,69.21,11
00015_29-08-2025-14.12,OUIGO,2025,8,4,14.2,157.0,47.69,58
00016_29-08-2025-14.27,AVE,2025,8,4,14.45,177.0,112.57,0
00017_29-08-2025-14.42,IRYO,2025,8,4,14.7,179.0,73.86,10
00004_29-08-2025-14.57,AVE,2025,8,4,14.95,157.0,87.94,26
00018_29-08-2025-15.27,AVLO,2025,8,4,15.45,199.0,60.75,22
00004_29-08-2025-15.57,AVE,2025,8,4,15.95,157.0,99.22,5
00007_29-08-2025-16.27,AVE,2025,8,4,16.45,172.0,65.22,221
00002_29-08-2025-16.37,IRYO,2025,8,4,16.62,157.0,63.47,86
00004_29-08-2025-16.57,AVE,2025,8,4,16.95,157.0,115.41,2
00015_29-08-2025-17.17,OUIGO,2025,8,4,17.28,157.0,43.73,107
00009_29-08-2025-17.22,IRYO,2025,8,4,17.37,172.0,64.73,14
00018_29-08-2025-17.27,AVLO,2025,8,4,17.45,199.0,47.25,43
00004_29-08-2025-17.57,AVE,2025,8,4,17.95,157.0,46.2,560
00016_29-08-2025-18.27,AVE,2025,8,4,18.45,177.0,56.34,75
00002_29-08-2025-18.32,IRYO,2025,8,4,18.53,157.0,31.6,477
00004_29-08-2025-18.57,AVE,2025,8,4,18.95,157.0,63.67,39
00009_29-08-2025-19.29,IRYO,2025,8,4,19.48,172.0,61.02,0
00019_29-08-2025-19.34,AVLO,2025,8,4,19.57,201.0,36.53,12
00004_29-08-2025-20.05,AVE,2025,8,4,20.08,157.0,67.72,5
00009_29-08-2025-20.22,IRYO,2025,8,4,20.37,172.0,25.24,2611
00020_29-08-2025-20.27,AVE,2025,8,4,20.45,201.0,34.71,148
00005_29-08-2025-21.02,OUIGO,2025,8,4,21.03,172.0,32.81,36
00007_29-08-2025-21.07,AVE,2025,8,4,21.12,172.0,78.18,0
00021_30-08-2025-06.27,AVLO,2025,8,5,6.45,178.0,26.36,1371
00005_30-08-2025-07.02,OUIGO,2025,8,5,7.03,172.0,39.33,84
00006_30-08-2025-07.27,AVE,2025,8,5,7.45,199.0,37.33,514
00009_30-08-2025-08.07,IRYO,2025,8,5,8.12,172.0,33.6,232
00007_30-08-2025-08.27,AVE,2025,8,5,8.45,172.0,46.56,247
00008_30-08-2025-08.57,AVE,2025,8,5,8.95,164.0,63.59,44
00009_30-08-2025-09.22,IRYO,2025,8,5,9.37,172.0,55.0,17
00010_30-08-2025-09.27,AVE,2025,8,5,9.45,194.0,47.43,282
00009_30-08-2025-09.57,IRYO,2025,8,5,9.95,172.0,49.58,54
00011_30-08-2025-10.02,OUIGO,2025,8,5,10.03,182.0,31.32,212
00012_30-08-2025-10.27,AVLO,2025,8,5,10.45,172.0,47.37,85
00009_30-08-2025-11.22,IRYO,2025,8,5,11.37,172.0,50.82,75
00006_30-08-2025-11.27,AVE,2025,8,5,11.45,199.0,54.58,155
00009_30-08-2025-12.22,IRYO,2025,8,5,12.37,172.0,28.19,807
00013_30-08-2025-12.27,AVE,2025,8,5,12.45,197.0,39.61,436
00014_30-08-2025-13.18,AVE,2025,8,5,13.3,184.0,82.74,0
00015_30-08-2025-14.12,OUIGO,2025,8,5,14.2,157.0,16.62,8290
00017_30-08-2025-14.42,IRYO,2025,8,5,14.7,179.0,40.68,136
00018_30-08-2025-15.27,AVLO,2025,8,5,15.45,199.0,32.34,257
00007_30-08-2025-16.27,AVE,2025,8,5,16.45,172.0,106.33,4
00002_30-08-2025-16.37,IRYO,2025,8,5,16.62,157.0,46.15,309
00015_30-08-2025-17.17,OUIGO,2025,8,5,17.28,157.0,32.29,372
00018_30-08-2025-17.27,AVLO,2025,8,5,17.45,199.0,23.83,1121
00016_30-08-2025-18.27,AVE,2025,8,5,18.45,177.0,87.32,5
00009_30-08-2025-19.29,IRYO,2025,8,5,19.48,172.0,57.52,5
00019_30-08-2025-19.34,AVLO,2025,8,5,19.57,201.0,32.66,25
00009_30-08-2025-20.22,IRYO,2025,8,5,20.37,172.0,23.03,806
00020_30-08-2025-20.27,AVE,2025,8,5,20.45,201.0,30.03,279
00005_30-08-2025-21.02,OUIGO,2025,8,5,21.03,172.0,30.61,7
00021_31-08-2025-06.27,AVLO,2025,8,6,6.45,178.0,45.34,1155
00005_31-08-2025-07.02,OUIGO,2025,8,6,7.03,172.0,75.16,9
00006_31-08-2025-07.27,AVE,2025,8,6,7.45,199.0,82.25,25
00009_31-08-2025-08.07,IRYO,2025,8,6,8.12,172.0,39.2,6511
00007_31-08-2025-08.27,AVE,2025,8,6,8.45,172.0,85.94,28
00009_31-08-2025-09.22,IRYO,2025,8,6,9.37,172.0,57.63,101
00010_31-08-2025-09.27,AVE,2025,8,6,9.45,194.0,57.97,477
00009_31-08-2025-09.57,IRYO,2025,8,6,9.95,172.0,78.49,9
00011_31-08-2025-10.02,OUIGO,2025,8,6,10.03,182.0,47.55,344
00012_31-08-2025-10.27,AVLO,2025,8,6,10.45,172.0,47.57,919
00009_31-08-2025-11.22,IRYO,2025,8,6,11.37,172.0,79.25,18
00006_31-08-2025-11.27,AVE,2025,8,6,11.45,199.0,142.08,0
00009_31-08-2025-12.22,IRYO,2025,8,6,12.37,172.0,50.87,371
00013_31-08-2025-12.27,AVE,2025,8,6,12.45,197.0,51.96,1110
00014_31-08-2025-13.18,AVE,2025,8,6,13.3,184.0,55.14,279
00009_31-08-2025-14.02,IRYO,2025,8,6,14.03,172.0,70.51,39
00015_31-08-2025-14.12,OUIGO,2025,8,6,14.2,157.0,43.97,1472
00016_31-08-2025-14.27,AVE,2025,8,6,14.45,177.0,86.74,48
00017_31-08-2025-14.42,IRYO,2025,8,6,14.7,179.0,87.71,4
00018_31-08-2025-15.27,AVLO,2025,8,6,15.45,199.0,67.25,36
00007_31-08-2025-16.27,AVE,2025,8,6,16.45,172.0,75.25,309
00002_31-08-2025-16.37,IRYO,2025,8,6,16.62,157.0,81.24,51
00004_31-08-2025-16.57,AVE,2025,8,6,16.95,157.0,79.32,360
00015_31-08-2025-17.17,OUIGO,2025,8,6,17.28,157.0,41.3,3460
00009_31-08-2025-17.22,IRYO,2025,8,6,17.37,172.0,86.52,10
00018_31-08-2025-17.27,AVLO,2025,8,6,17.45,199.0,62.1,75
00004_31-08-2025-17.57,AVE,2025,8,6,17.95,157.0,74.75,227
00016_31-08-2025-18.27,AVE,2025,8,6,18.45,177.0,87.64,27
00002_31-08-2025-18.32,IRYO,2025,8,6,18.53,157.0,85.55,5
00004_31-08-2025-18.57,AVE,2025,8,6,18.95,157.0,110.37,5
00009_31-08-2025-19.29,IRYO,2025,8,6,19.48,172.0,99.73,0
00019_31-08-2025-19.34,AVLO,2025,8,6,19.57,201.0,88.0,0
00004_31-08-2025-20.05,AVE,2025,8,6,20.08,157.0,67.1,51
00009_31-08-2025-20.22,IRYO,2025,8,6,20.37,172.0,89.44,0
00020_31-08-2025-20.27,AVE,2025,8,6,20.45,201.0,81.63,1
00005_31-08-2025-21.02,OUIGO,2025,8,6,21.03,172.0,67.44,0
00007_31-08-2025-21.07,AVE,2025,8,6,21.12,172.0,97.03,1
00001_01-09-2025-06.12,AVLO,2025,9,0,6.2,157.0,27.08,658
00002_01-09-2025-06.22,IRYO,2025,9,0,6.37,157.0,36.04,274
00003_01-09-2025-06.27,AVE,2025,9,0,6.45,178.0,44.32,343
00004_01-09-2025-06.57,AVE,2025,9,0,6.95,157.0,48.4,296
00005_01-09-2025-07.02,OUIGO,2025,9,0,7.03,172.0,39.71,20
00002_01-09-2025-07.22,IRYO,2025,9,0,7.37,157.0,39.55,63
00006_01-09-2025-07.27,AVE,2025,9,0,7.45,199.0,47.14,70
00004_01-09-2025-07.57,AVE,2025,9,0,7.95,157.0,66.51,17
00007_01-09-2025-08.27,AVE,2025,9,0,8.45,172.0,68.04,11
00002_01-09-2025-08.32,IRYO,2025,9,0,8.53,157.0,45.2,22
00008_01-09-2025-08.57,AVE,2025,9,0,8.95,164.0,46.38,132
00009_01-09-2025-09.22,IRYO,2025,9,0,9.37,172.0,55.41,4
00010_01-09-2025-09.27,AVE,2025,9,0,9.45,194.0,78.19,4
00009_01-09-2025-09.57,IRYO,2025,9,0,9.95,172.0,32.84,114
00011_01-09-2025-10.02,OUIGO,2025,9,0,10.03,182.0,43.32,21
00012_01-09-2025-10.27,AVLO,2025,9,0,10.45,172.0,32.74,155
00009_01-09-2025-11.22,IRYO,2025,9,0,11.37,172.0,53.97,12
00006_01-09-2025-11.27,AVE,2025,9,0,11.45,199.0,48.96,91
00009_01-09-2025-12.22,IRYO,2025,9,0,12.37,172.0,32.59,84
00013_01-09-2025-12.27,AVE,2025,9,0,12.45,197.0,56.26,19
00004_01-09-2025-12.57,AVE,2025,9,0,12.95,157.0,41.03,201
00014_01-09-2025-13.18,AVE,2025,9,0,13.3,184.0,68.94,1
00009_01-09-2025-14.02,IRYO,2025,9,0,14.03,172.0,34.82,34
00015_01-09-2025-14.12,OUIGO,2025,9,0,14.2,157.0,26.31,50
00016_01-09-2025-14.27,AVE,2025,9,0,14.45,177.0,32.66,214
00017_01-09-2025-14.42,IRYO,2025,9,0,14.7,179.0,53.4,2
00004_01-09-2025-14.57,AVE,2025,9,0,14.95,157.0,40.72,211
00018_01-09-2025-15.27,AVLO,2025,9,0,15.45,199.0,37.0,13
00004_01-09-2025-15.57,AVE,2025,9,0,15.95,157.0,40.3,266
00007_01-09-2025-16.27,AVE,2025,9,0,16.45,172.0,68.61,25
00002_01-09-2025-16.37,IRYO,2025,9,0,16.62,157.0,18.45,691
00004_01-09-2025-16.57,AVE,2025,9,0,16.95,157.0,47.49,258
00015_01-09-2025-17.17,OUIGO,2025,9,0,17.28,157.0,53.81,3
00009_01-09-2025-17.22,IRYO,2025,9,0,17.37,172.0,53.3,9
00006_01-09-2025-17.27,AVE,2025,9,0,17.45,199.0,70.05,5
00004_01-09-2025-17.57,AVE,2025,9,0,17.95,157.0,35.86,275
00016_01-09-2025-18.27,AVE,2025,9,0,18.45,177.0,58.8,8
00002_01-09-2025-18.32,IRYO,2025,9,0,18.53,157.0,26.11,69
00004_01-09-2025-18.57,AVE,2025,9,0,18.95,157.0,33.5,113
00009_01-09-2025-19.29,IRYO,2025,9,0,19.48,172.0,59.36,0
00019_01-09-2025-19.34,AVLO,2025,9,0,19.57,201.0,22.78,5
00004_01-09-2025-20.05,AVE,2025,9,0,20.08,157.0,24.11,84
00009_01-09-2025-20.22,IRYO,2025,9,0,20.37,172.0,24.07,13
00020_01-09-2025-20.27,AVE,2025,9,0,20.45,201.0,26.75,6
00005_01-09-2025-21.02,OUIGO,2025,9,0,21.03,172.0,12.63,959
00007_01-09-2025-21.07,AVE,2025,9,0,21.12,172.0,36.22,2
00001_02-09-2025-06.12,AVLO,2025,9,1,6.2,157.0,36.86,483
00002_02-09-2025-06.22,IRYO,2025,9,1,6.37,157.0,29.19,764
00003_02-09-2025-06.27,AVE,2025,9,1,6.45,178.0,53.68,286
00004_02-09-2025-06.57,AVE,2025,9,1,6.95,157.0,107.53,0
00005_02-09-2025-07.02,OUIGO,2025,9,1,7.03,172.0,40.7,28
00002_02-09-2025-07.22,IRYO,2025,9,1,7.37,157.0,37.24,125
00006_02-09-2025-07.27,AVE,2025,9,1,7.45,199.0,31.2,363
00004_02-09-2025-07.57,AVE,2025,9,1,7.95,157.0,29.76,741
00007_02-09-2025-08.27,AVE,2025,9,1,8.45,172.0,67.42,4
00002_02-09-2025-08.32,IRYO,2025,9,1,8.53,157.0,40.87,23
00008_02-09-2025-08.57,AVE,2025,9,1,8.95,164.0,31.4,378
00009_02-09-2025-09.22,IRYO,2025,9,1,9.37,172.0,53.5,4
00010_02-09-2025-09.27,AVE,2025,9,1,9.45,194.0,67.8,9
00009_02-09-2025-09.57,IRYO,2025,9,1,9.95,172.0,44.09,40
00011_02-09-2025-10.02,OUIGO,2025,9,1,10.03,182.0,24.65,126
00012_02-09-2025-10.27,AVLO,2025,9,1,10.45,172.0,34.44,101
00009_02-09-2025-11.22,IRYO,2025,9,1,11.37,172.0,35.27,73
00006_02-09-2025-11.27,AVE,2025,9,1,11.45,199.0,43.57,165
00009_02-09-2025-12.22,IRYO,2025,9,1,12.37,172.0,34.27,74
00013_02-09-2025-12.27,AVE,2025,9,1,12.45,197.0,40.52,117
00004_02-09-2025-12.57,AVE,2025,9,1,12.95,157.0,33.8,400
00014_02-09-2025-13.18,AVE,2025,9,1,13.3,184.0,48.24,23
00009_02-09-2025-14.02,IRYO,2025,9,1,14.03,172.0,31.96,58
00015_02-09-2025-14.12,OUIGO,2025,9,1,14.2,157.0,18.19,1747
00016_02-09-2025-14.27,AVE,2025,9,1,14.45,177.0,63.78,8
00017_02-09-2025-14.42,IRYO,2025,9,1,14.7,179.0,43.78,14
00004_02-09-2025-14.57,AVE,2025,9,1,14.95,157.0,28.54,625
00018_02-09-2025-15.27,AVLO,2025,9,1,15.45,199.0,30.71,43
00004_02-09-2025-15.57,AVE,2025,9,1,15.95,157.0,39.08,420
00007_02-09-2025-16.27,AVE,2025,9,1,16.45,172.0,32.45,692
00002_02-09-2025-16.37,IRYO,2025,9,1,16.62,157.0,51.42,21
00004_02-09-2025-16.57,AVE,2025,9,1,16.95,157.0,49.27,293
00015_02-09-2025-17.17,OUIGO,2025,9,1,17.28,157.0,25.22,165
00009_02-09-2025-17.22,IRYO,2025,9,1,17.37,172.0,31.17,125
00006_02-09-2025-17.27,AVE,2025,9,1,17.45,199.0,62.04,13
00004_02-09-2025-17.57,AVE,2025,9,1,17.95,157.0,68.17,23
00016_02-09-2025-18.27,AVE,2025,9,1,18.45,177.0,50.03,40
00002_02-09-2025-18.32,IRYO,2025,9,1,18.53,157.0,25.12,139
00004_02-09-2025-18.57,AVE,2025,9,1,18.95,157.0,22.91,587
00009_02-09-2025-19.29,IRYO,2025,9,1,19.48,172.0,41.94,5
00019_02-09-2025-19.34,AVLO,2025,9,1,19.57,201.0,28.67,7
00004_02-09-2025-20.05,AVE,2025,9,1,20.08,157.0,35.8,31
00009_02-09-2025-20.22,IRYO,2025,9,1,20.37,172.0,26.93,9
00020_02-09-2025-20.27,AVE,2025,9,1,20.45,201.0,35.75,2
00005_02-09-2025-21.02,OUIGO,2025,9,1,21.03,172.0,31.51,0
00007_02-09-2025-21.07,AVE,2025,9,1,21.12,172.0,37.0,2
00001_03-09-2025-06.12,AVLO,2025,9,2,6.2,157.0,28.56,770
00002_03-09-2025-06.22,IRYO,2025,9,2,6.37,157.0,36.55,353
00003_03-09-2025-06.27,AVE,2025,9,2,6.45,178.0,59.09,119
00004_03-09-2025-06.57,AVE,2025,9,2,6.95,157.0,96.88,1
00005_03-09-2025-07.02,OUIGO,2025,9,2,7.03,172.0,36.26,35
00002_03-09-2025-07.22,IRYO,2025,9,2,7.37,157.0,27.37,231
00006_03-09-2025-07.27,AVE,2025,9,2,7.45,199.0,18.0,1991
00004_03-09-2025-07.57,AVE,2025,9,2,7.95,157.0,36.26,351
00007_03-09-2025-08.27,AVE,2025,9,2,8.45,172.0,54.92,31
00002_03-09-2025-08.32,IRYO,2025,9,2,8.53,157.0,42.91,17
00008_03-09-2025-08.57,AVE,2025,9,2,8.95,164.0,53.54,62
00009_03-09-2025-09.22,IRYO,2025,9,2,9.37,172.0,46.61,20
00010_03-09-2025-09.27,AVE,2025,9,2,9.45,194.0,60.28,51
00009_03-09-2025-09.57,IRYO,2025,9,2,9.95,172.0,48.57,31
00011_03-09-2025-10.02,OUIGO,2025,9,2,10.03,182.0,40.07,44
00012_03-09-2025-10.27,AVLO,2025,9,2,10.45,172.0,49.04,48
00009_03-09-2025-11.22,IRYO,2025,9,2,11.37,172.0,45.37,59
00006_03-09-2025-11.27,AVE,2025,9,2,11.45,199.0,53.73,95
00009_03-09-2025-12.22,IRYO,2025,9,2,12.37,172.0,48.29,31
00013_03-09-2025-12.27,AVE,2025,9,2,12.45,197.0,34.35,334
00004_03-09-2025-12.57,AVE,2025,9,2,12.95,157.0,51.16,146
00014_03-09-2025-13.18,AVE,2025,9,2,13.3,184.0,48.24,39
00009_03-09-2025-14.02,IRYO,2025,9,2,14.03,172.0,39.42,65
00015_03-09-2025-14.12,OUIGO,2025,9,2,14.2,157.0,35.61,50
00016_03-09-2025-14.27,AVE,2025,9,2,14.45,177.0,49.24,177
00017_03-09-2025-14.42,IRYO,2025,9,2,14.7,179.0,34.37,148
00004_03-09-2025-14.57,AVE,2025,9,2,14.95,157.0,50.49,268
00018_03-09-2025-15.27,AVLO,2025,9,2,15.45,199.0,37.72,97
00004_03-09-2025-15.57,AVE,2025,9,2,15.95,157.0,53.28,407
00007_03-09-2025-16.27,AVE,2025,9,2,16.45,172.0,61.14,233
00002_03-09-2025-16.37,IRYO,2025,9,2,16.62,157.0,45.8,223
00004_03-09-2025-16.57,AVE,2025,9,2,16.95,157.0,104.41,3
00015_03-09-2025-17.17,OUIGO,2025,9,2,17.28,157.0,43.12,112
00009_03-09-2025-17.22,IRYO,2025,9,2,17.37,172.0,56.08,56
00006_03-09-2025-17.27,AVE,2025,9,2,17.45,199.0,53.83,169
00004_03-09-2025-17.57,AVE,2025,9,2,17.95,157.0,53.36,307
00016_03-09-2025-18.27,AVE,2025,9,2,18.45,177.0,76.29,18
00002_03-09-2025-18.32,IRYO,2025,9,2,18.53,157.0,40.36,112
00004_03-09-2025-18.57,AVE,2025,9,2,18.95,157.0,108.07,1
00009_03-09-2025-19.29,IRYO,2025,9,2,19.48,172.0,33.74,56
00019_03-09-2025-19.34,AVLO,2025,9,2,19.57,201.0,28.19,386
00004_03-09-2025-20.05,AVE,2025,9,2,20.08,157.0,63.31,7
00009_03-09-2025-20.22,IRYO,2025,9,2,20.37,172.0,31.88,49
00020_03-09-2025-20.27,AVE,2025,9,2,20.45,201.0,36.22,23
00005_03-09-2025-21.02,OUIGO,2025,9,2,21.03,172.0,42.39,0
00007_03-09-2025-21.07,AVE,2025,9,2,21.12,172.0,49.3,6
00001_04-09-2025-06.12,AVLO,2025,9,3,6.2,157.0,24.11,400
00002_04-09-2025-06.22,IRYO,2025,9,3,6.37,157.0,28.32,236
00003_04-09-2025-06.27,AVE,2025,9,3,6.45,178.0,19.64,1390
00004_04-09-2025-06.57,AVE,2025,9,3,6.95,157.0,61.86,28
00005_04-09-2025-07.02,OUIGO,2025,9,3,7.03,172.0,23.49,91
00002_04-09-2025-07.22,IRYO,2025,9,3,7.37,157.0,33.54,44
00006_04-09-2025-07.27,AVE,2025,9,3,7.45,199.0,26.31,340
00004_04-09-2025-07.57,AVE,2025,9,3,7.95,157.0,58.73,10
00007_04-09-2025-08.27,AVE,2025,9,3,8.45,172.0,57.56,25
00002_04-09-2025-08.32,IRYO,2025,9,3,8.53,157.0,47.55,11
00008_04-09-2025-08.57,AVE,2025,9,3,8.95,164.0,64.04,25
00009_04-09-2025-09.22,IRYO,2025,9,3,9.37,172.0,69.76,1
00010_04-09-2025-09.27,AVE,2025,9,3,9.45,194.0,46.26,170
00009_04-09-2025-09.57,IRYO,2025,9,3,9.95,172.0,53.58,17
00011_04-09-2025-10.02,OUIGO,2025,9,3,10.03,182.0,38.58,47
00012_04-09-2025-10.27,AVLO,2025,9,3,10.45,172.0,53.55,38
00009_04-09-2025-11.22,IRYO,2025,9,3,11.37,172.0,82.92,1
00006_04-09-2025-11.27,AVE,2025,9,3,11.45,199.0,58.76,99
00009_04-09-2025-12.22,IRYO,2025,9,3,12.37,172.0,61.36,9
00013_04-09-2025-12.27,AVE,2025,9,3,12.45,197.0,40.45,359
00004_04-09-2025-12.57,AVE,2025,9,3,12.95,157.0,62.46,94
00014_04-09-2025-13.18,AVE,2025,9,3,13.3,184.0,55.14,63
00004_04-09-2025-13.57,AVE,2025,9,3,13.95,157.0,,0
00009_04-09-2025-14.02,IRYO,2025,9,3,14.03,172.0,,0
00015_04-09-2025-14.12,OUIGO,2025,9,3,14.2,157.0,,0
00016_04-09-2025-14.27,AVE,2025,9,3,14.45,177.0,85.1,18
00017_04-09-2025-14.42,IRYO,2025,9,3,14.7,179.0,60.03,33
00004_04-09-2025-14.57,AVE,2025,9,3,14.95,157.0,93.32,20
00018_04-09-2025-15.27,AVLO,2025,9,3,15.45,199.0,32.86,337
00004_04-09-2025-15.57,AVE,2025,9,3,15.95,157.0,101.58,10
00007_04-09-2025-16.27,AVE,2025,9,3,16.45,172.0,60.61,452
00002_04-09-2025-16.37,IRYO,2025,9,3,16.62,157.0,47.32,396
00004_04-09-2025-16.57,AVE,2025,9,3,16.95,157.0,137.51,0
00015_04-09-2025-17.17,OUIGO,2025,9,3,17.28,157.0,54.96,88
00009_04-09-2025-17.22,IRYO,2025,9,3,17.37,172.0,67.76,28
00006_04-09-2025-17.27,AVE,2025,9,3,17.45,199.0,103.05,1
00004_04-09-2025-17.57,AVE,2025,9,3,17.95,157.0,75.48,118
00016_04-09-2025-18.27,AVE,2025,9,3,18.45,177.0,73.56,29
00002_04-09-2025-18.32,IRYO,2025,9,3,18.53,157.0,51.54,60
00004_04-09-2025-18.57,AVE,2025,9,3,18.95,157.0,78.67,22
00009_04-09-2025-19.29,IRYO,2025,9,3,19.48,172.0,33.01,68
00019_04-09-2025-19.34,AVLO,2025,9,3,19.57,201.0,30.24,70
00004_04-09-2025-20.05,AVE,2025,9,3,20.08,157.0,61.08,27
00009_04-09-2025-20.22,IRYO,2025,9,3,20.37,172.0,26.55,603
00020_04-09-2025-20.27,AVE,2025,9,3,20.45,201.0,27.42,293
00005_04-09-2025-21.02,OUIGO,2025,9,3,21.03,172.0,40.3,1
00007_04-09-2025-21.07,AVE,2025,9,3,21.12,172.0,56.76,2
00002_05-09-2025-06.22,IRYO,2025,9,4,6.37,157.0,36.08,147
00021_05-09-2025-06.27,AVLO,2025,9,4,6.45,178.0,15.42,4716
00004_05-09-2025-06.57,AVE,2025,9,4,6.95,157.0,39.32,272
00005_05-09-2025-07.02,OUIGO,2025,9,4,7.03,172.0,38.05,12
00002_05-09-2025-07.22,IRYO,2025,9,4,7.37,157.0,39.57,48
00006_05-09-2025-07.27,AVE,2025,9,4,7.45,199.0,54.77,31
00004_05-09-2025-07.57,AVE,2025,9,4,7.95,157.0,51.86,67
00002_05-09-2025-08.32,IRYO,2025,9,4,8.53,157.0,40.95,46
00008_05-09-2025-08.57,AVE,2025,9,4,8.95,164.0,114.96,0
00009_05-09-2025-09.22,IRYO,2025,9,4,9.37,172.0,40.45,108
00010_05-09-2025-09.27,AVE,2025,9,4,9.45,194.0,74.04,14
00009_05-09-2025-09.57,IRYO,2025,9,4,9.95,172.0,56.01,38
00011_05-09-2025-10.02,OUIGO,2025,9,4,10.03,182.0,44.87,56
00012_05-09-2025-10.27,AVLO,2025,9,4,10.45,172.0,53.62,44
00009_05-09-2025-11.22,IRYO,2025,9,4,11.37,172.0,49.83,118
00006_05-09-2025-11.27,AVE,2025,9,4,11.45,199.0,114.06,1
00009_05-09-2025-12.22,IRYO,2025,9,4,12.37,172.0,46.41,143
00013_05-09-2025-12.27,AVE,2025,9,4,12.45,197.0,66.09,79
00004_05-09-2025-12.57,AVE,2025,9,4,12.95,157.0,83.66,16
00014_05-09-2025-13.18,AVE,2025,9,4,13.3,184.0,55.14,76
00004_05-09-2025-13.57,AVE,2025,9,4,13.95,157.0,77.58,33
00009_05-09-2025-14.02,IRYO,2025,9,4,14.03,172.0,48.4,84
00015_05-09-2025-14.12,OUIGO,2025,9,4,14.2,157.0,44.45,57
00016_05-09-2025-14.27,AVE,2025,9,4,14.45,177.0,89.8,4
00017_05-09-2025-14.42,IRYO,2025,9,4,14.7,179.0,87.96,0
00004_05-09-2025-14.57,AVE,2025,9,4,14.95,157.0,94.14,9
00018_05-09-2025-15.27,AVLO,2025,9,4,15.45,199.0,54.25,20
00004_05-09-2025-15.57,AVE,2025,9,4,15.95,157.0,92.8,15
00007_05-09-2025-16.27,AVE,2025,9,4,16.45,172.0,76.86,39
00002_05-09-2025-16.37,IRYO,2025,9,4,16.62,157.0,47.13,144
00004_05-09-2025-16.57,AVE,2025,9,4,16.95,157.0,103.97,3
00015_05-09-2025-17.17,OUIGO,2025,9,4,17.28,157.0,41.59,67
00009_05-09-2025-17.22,IRYO,2025,9,4,17.37,172.0,59.27,23
00018_05-09-2025-17.27,AVLO,2025,9,4,17.45,199.0,44.66,37
00004_05-09-2025-17.57,AVE,2025,9,4,17.95,157.0,46.28,242
00016_05-09-2025-18.27,AVE,2025,9,4,18.45,177.0,81.73,3
00002_05-09-2025-18.32,IRYO,2025,9,4,18.53,157.0,42.14,33
00004_05-09-2025-18.57,AVE,2025,9,4,18.95,157.0,54.87,52
00009_05-09-2025-19.29,IRYO,2025,9,4,19.48,172.0,43.9,5
00019_05-09-2025-19.34,AVLO,2025,9,4,19.57,201.0,35.79,2
00004_05-09-2025-20.05,AVE,2025,9,4,20.08,157.0,77.11,0
00009_05-09-2025-20.22,IRYO,2025,9,4,20.37,172.0,28.4,379
00020_05-09-2025-20.27,AVE,2025,9,4,20.45,201.0,46.3,1
00005_05-09-2025-21.02,OUIGO,2025,9,4,21.03,172.0,28.9,212
00007_05-09-2025-21.07,AVE,2025,9,4,21.12,172.0,89.51,0
00021_06-09-2025-06.27,AVLO,2025,9,5,6.45,178.0,28.95,335
00005_06-09-2025-07.02,OUIGO,2025,9,5,7.03,172.0,16.45,649
00006_06-09-2025-07.27,AVE,2025,9,5,7.45,199.0,57.97,40
00009_06-09-2025-08.07,IRYO,2025,9,5,8.12,172.0,36.12,80
00007_06-09-2025-08.27,AVE,2025,9,5,8.45,172.0,53.38,79
00008_06-09-2025-08.57,AVE,2025,9,5,8.95,164.0,66.96,17
00009_06-09-2025-09.22,IRYO,2025,9,5,9.37,172.0,40.35,81
00010_06-09-2025-09.27,AVE,2025,9,5,9.45,194.0,54.93,90
00009_06-09-2025-09.57,IRYO,2025,9,5,9.95,172.0,44.35,59
00011_06-09-2025-10.02,OUIGO,2025,9,5,10.03,182.0,45.8,17
00012_06-09-2025-10.27,AVLO,2025,9,5,10.45,172.0,47.18,41
00009_06-09-2025-11.22,IRYO,2025,9,5,11.37,172.0,45.95,57
00006_06-09-2025-11.27,AVE,2025,9,5,11.45,199.0,32.92,455
00009_06-09-2025-12.22,IRYO,2025,9,5,12.37,172.0,34.9,110
00013_06-09-2025-12.27,AVE,2025,9,5,12.45,197.0,47.61,108
00014_06-09-2025-13.18,AVE,2025,9,5,13.3,184.0,82.74,1
00015_06-09-2025-14.12,OUIGO,2025,9,5,14.2,157.0,30.68,91
00017_06-09-2025-14.42,IRYO,2025,9,5,14.7,179.0,28.56,158
00018_06-09-2025-15.27,AVLO,2025,9,5,15.45,199.0,26.91,131
00007_06-09-2025-16.27,AVE,2025,9,5,16.45,172.0,113.38,0
00002_06-09-2025-16.37,IRYO,2025,9,5,16.62,157.0,37.4,224
00015_06-09-2025-17.17,OUIGO,2025,9,5,17.28,157.0,35.38,100
00018_06-09-2025-17.27,AVLO,2025,9,5,17.45,199.0,15.21,1133
00016_06-09-2025-18.27,AVE,2025,9,5,18.45,177.0,115.43,0
00009_06-09-2025-19.29,IRYO,2025,9,5,19.48,172.0,36.63,4
00019_06-09-2025-19.34,AVLO,2025,9,5,19.57,201.0,27.97,4
00009_06-09-2025-20.22,IRYO,2025,9,5,20.37,172.0,14.64,930
00020_06-09-2025-20.27,AVE,2025,9,5,20.45,201.0,11.92,3713
00005_06-09-2025-21.02,OUIGO,2025,9,5,21.03,172.0,34.31,1
00021_07-09-2025-06.27,AVLO,2025,9,6,6.45,178.0,43.87,399
00005_07-09-2025-07.02,OUIGO,2025,9,6,7.03,172.0,40.41,239
00006_07-09-2025-07.27,AVE,2025,9,6,7.45,199.0,59.21,150
00009_07-09-2025-08.07,IRYO,2025,9,6,8.12,172.0,48.64,123
00007_07-09-2025-08.27,AVE,2025,9,6,8.45,172.0,100.05,1
00009_07-09-2025-09.22,IRYO,2025,9,6,9.37,172.0,60.98,36
00010_07-09-2025-09.27,AVE,2025,9,6,9.45,194.0,53.07,284
00009_07-09-2025-09.57,IRYO,2025,9,6,9.95,172.0,52.68,65
00011_07-09-2025-10.02,OUIGO,2025,9,6,10.03,182.0,27.97,6926
00012_07-09-2025-10.27,AVLO,2025,9,6,10.45,172.0,48.61,170
00009_07-09-2025-11.22,IRYO,2025,9,6,11.37,172.0,69.78,24
00006_07-09-2025-11.27,AVE,2025,9,6,11.45,199.0,121.99,0
00009_07-09-2025-12.22,IRYO,2025,9,6,12.37,172.0,50.83,186
00013_07-09-2025-12.27,AVE,2025,9,6,12.45,197.0,65.38,138
00014_07-09-2025-13.18,AVE,2025,9,6,13.3,184.0,55.14,224
00009_07-09-2025-14.02,IRYO,2025,9,6,14.03,172.0,94.12,1
00015_07-09-2025-14.12,OUIGO,2025,9,6,14.2,157.0,62.77,35
00016_07-09-2025-14.27,AVE,2025,9,6,14.45,177.0,104.79,9
00017_07-09-2025-14.42,IRYO,2025,9,6,14.7,179.0,82.75,10
00018_07-09-2025-15.27,AVLO,2025,9,6,15.45,199.0,63.35,47
00007_07-09-2025-16.27,AVE,2025,9,6,16.45,172.0,85.99,91
00002_07-09-2025-16.37,IRYO,2025,9,6,16.62,157.0,90.05,13
00004_07-09-2025-16.57,AVE,2025,9,6,16.95,157.0,82.54,213
00015_07-09-2025-17.17,OUIGO,2025,9,6,17.28,157.0,49.66,224
00009_07-09-2025-17.22,IRYO,2025,9,6,17.37,172.0,79.53,22
00018_07-09-2025-17.27,AVLO,2025,9,6,17.45,199.0,65.09,27
00004_07-09-2025-17.57,AVE,2025,9,6,17.95,157.0,61.63,386
00016_07-09-2025-18.27,AVE,2025,9,6,18.45,177.0,105.02,7
00002_07-09-2025-18.32,IRYO,2025,9,6,18.53,157.0,99.09,0
00004_07-09-2025-18.57,AVE,2025,9,6,18.95,157.0,119.65,1
00009_07-09-2025-19.29,IRYO,2025,9,6,19.48,172.0,82.71,2
00019_07-09-2025-19.34,AVLO,2025,9,6,19.57,201.0,83.81,0
00004_07-09-2025-20.05,AVE,2025,9,6,20.08,157.0,77.53,5
00009_07-09-2025-20.22,IRYO,2025,9,6,20.37,172.0,97.47,0
00020_07-09-2025-20.27,AVE,2025,9,6,20.45,201.0,74.51,1
00005_07-09-2025-21.02,OUIGO,2025,9,6,21.03,172.0,82.93,0
00007_07-09-2025-21.07,AVE,2025,9,6,21.12,172.0,128.57,0
00001_08-09-2025-06.12,AVLO,2025,9,0,6.2,157.0,30.2,939
00002_08-09-2025-06.22,IRYO,2025,9,0,6.37,157.0,61.01,58
00003_08-09-2025-06.27,AVE,2025,9,0,6.45,178.0,60.48,202
00004_08-09-2025-06.57,AVE,2025,9,0,6.95,157.0,53.74,349
00005_08-09-2025-07.02,OUIGO,2025,9,0,7.03,172.0,42.7,31
00002_08-09-2025-07.22,IRYO,2025,9,0,7.37,157.0,39.7,151
00006_08-09-2025-07.27,AVE,2025,9,0,7.45,199.0,49.11,94
00004_08-09-2025-07.57,AVE,2025,9,0,7.95,157.0,63.38,40
00007_08-09-2025-08.27,AVE,2025,9,0,8.45,172.0,67.57,10
00002_08-09-2025-08.32,IRYO,2025,9,0,8.53,157.0,55.85,8
00008_08-09-2025-08.57,AVE,2025,9,0,8.95,164.0,54.95,71
00009_08-09-2025-09.22,IRYO,2025,9,0,9.37,172.0,31.12,100
00010_08-09-2025-09.27,AVE,2025,9,0,9.45,194.0,77.21,1
00009_08-09-2025-09.57,IRYO,2025,9,0,9.95,172.0,38.22,57
00011_08-09-2025-10.02,OUIGO,2025,9,0,10.03,182.0,40.99,12
00012_08-09-2025-10.27,AVLO,2025,9,0,10.45,172.0,36.15,64
00009_08-09-2025-11.22,IRYO,2025,9,0,11.37,172.0,17.47,324
00006_08-09-2025-11.27,AVE,2025,9,0,11.45,199.0,35.14,157
00009_08-09-2025-12.22,IRYO,2025,9,0,12.37,172.0,31.9,57
00013_08-09-2025-12.27,AVE,2025,9,0,12.45,197.0,39.89,88
00004_08-09-2025-12.57,AVE,2025,9,0,12.95,157.0,35.72,188
00014_08-09-2025-13.18,AVE,2025,9,0,13.3,184.0,68.94,0
00009_08-09-2025-14.02,IRYO,2025,9,0,14.03,172.0,24.97,79
00015_08-09-2025-14.12,OUIGO,2025,9,0,14.2,157.0,18.7,108
00016_08-09-2025-14.27,AVE,2025,9,0,14.45,177.0,35.87,164
00017_08-09-2025-14.42,IRYO,2025,9,0,14.7,179.0,40.25,9
00004_08-09-2025-14.57,AVE,2025,9,0,14.95,157.0,37.86,214
00018_08-09-2025-15.27,AVLO,2025,9,0,15.45,199.0,35.28,17
00004_08-09-2025-15.57,AVE,2025,9,0,15.95,157.0,33.9,456
00007_08-09-2025-16.27,AVE,2025,9,0,16.45,172.0,62.92,27
00002_08-09-2025-16.37,IRYO,2025,9,0,16.62,157.0,23.23,274
00004_08-09-2025-16.57,AVE,2025,9,0,16.95,157.0,48.69,217
00015_08-09-2025-17.17,OUIGO,2025,9,0,17.28,157.0,33.79,45
00009_08-09-2025-17.22,IRYO,2025,9,0,17.37,172.0,14.31,634
00006_08-09-2025-17.27,AVE,2025,9,0,17.45,199.0,62.77,5
00004_08-09-2025-17.57,AVE,2025,9,0,17.95,157.0,39.04,188
00016_08-09-2025-18.27,AVE,2025,9,0,18.45,177.0,61.93,9
00002_08-09-2025-18.32,IRYO,2025,9,0,18.53,157.0,58.71,4
00004_08-09-2025-18.57,AVE,2025,9,0,18.95,157.0,40.0,68
00009_08-09-2025-19.29,IRYO,2025,9,0,19.48,172.0,55.4,1
00019_08-09-2025-19.34,AVLO,2025,9,0,19.57,201.0,23.72,6
00004_08-09-2025-20.05,AVE,2025,9,0,20.08,157.0,16.74,216
00009_08-09-2025-20.22,IRYO,2025,9,0,20.37,172.0,22.48,4
00020_08-09-2025-20.27,AVE,2025,9,0,20.45,201.0,19.36,24
00005_08-09-2025-21.02,OUIGO,2025,9,0,21.03,172.0,10.0,1008
00007_08-09-2025-21.07,AVE,2025,9,0,21.12,172.0,34.26,3
00001_09-09-2025-06.12,AVLO,2025,9,1,6.2,157.0,32.68,525
00002_09-09-2025-06.22,IRYO,2025,9,1,6.37,157.0,44.02,192
00003_09-09-2025-06.27,AVE,2025,9,1,6.45,178.0,43.6,465
00004_09-09-2025-06.57,AVE,2025,9,1,6.95,157.0,118.52,0
00005_09-09-2025-07.02,OUIGO,2025,9,1,7.03,172.0,32.05,48
00002_09-09-2025-07.22,IRYO,2025,9,1,7.37,157.0,31.77,179
00006_09-09-2025-07.27,AVE,2025,9,1,7.45,199.0,46.46,70
00004_09-09-2025-07.57,AVE,2025,9,1,7.95,157.0,30.56,565
00007_09-09-2025-08.27,AVE,2025,9,1,8.45,172.0,60.51,16
00002_09-09-2025-08.32,IRYO,2025,9,1,8.53,157.0,49.83,5
00008_09-09-2025-08.57,AVE,2025,9,1,8.95,164.0,36.95,197
00009_09-09-2025-09.22,IRYO,2025,9,1,9.37,172.0,38.51,50
00010_09-09-2025-09.27,AVE,2025,9,1,9.45,194.0,64.59,18
00009_09-09-2025-09.57,IRYO,2025,9,1,9.95,172.0,38.58,49
00011_09-09-2025-10.02,OUIGO,2025,9,1,10.03,182.0,49.87,6
00012_09-09-2025-10.27,AVLO,2025,9,1,10.45,172.0,36.24,92
00009_09-09-2025-11.22,IRYO,2025,9,1,11.37,172.0,37.71,73
00006_09-09-2025-11.27,AVE,2025,9,1,11.45,199.0,52.12,47
00009_09-09-2025-12.22,IRYO,2025,9,1,12.37,172.0,29.67,84
00013_09-09-2025-12.27,AVE,2025,9,1,12.45,197.0,42.12,75
00004_09-09-2025-12.57,AVE,2025,9,1,12.95,157.0,33.28,314
00014_09-09-2025-13.18,AVE,2025,9,1,13.3,184.0,48.24,7
00009_09-09-2025-14.02,IRYO,2025,9,1,14.03,172.0,28.3,42
00015_09-09-2025-14.12,OUIGO,2025,9,1,14.2,157.0,15.52,887
00016_09-09-2025-14.27,AVE,2025,9,1,14.45,177.0,69.89,1
00017_09-09-2025-14.42,IRYO,2025,9,1,14.7,179.0,37.48,14
00004_09-09-2025-14.57,AVE,2025,9,1,14.95,157.0,25.55,397
00018_09-09-2025-15.27,AVLO,2025,9,1,15.45,199.0,29.78,23
00004_09-09-2025-15.57,AVE,2025,9,1,15.95,157.0,21.39,810
00007_09-09-2025-16.27,AVE,2025,9,1,16.45,172.0,31.05,368
00002_09-09-2025-16.37,IRYO,2025,9,1,16.62,157.0,20.1,320
00004_09-09-2025-16.57,AVE,2025,9,1,16.95,157.0,65.62,29
00015_09-09-2025-17.17,OUIGO,2025,9,1,17.28,157.0,42.56,13
00009_09-09-2025-17.22,IRYO,2025,9,1,17.37,172.0,16.05,746
00006_09-09-2025-17.27,AVE,2025,9,1,17.45,199.0,63.06,12
00004_09-09-2025-17.57,AVE,2025,9,1,17.95,157.0,71.33,14
00016_09-09-2025-18.27,AVE,2025,9,1,18.45,177.0,46.96,52
00002_09-09-2025-18.32,IRYO,2025,9,1,18.53,157.0,45.34,11
00004_09-09-2025-18.57,AVE,2025,9,1,18.95,157.0,43.78,61
00009_09-09-2025-19.29,IRYO,2025,9,1,19.48,172.0,43.54,1
00019_09-09-2025-19.34,AVLO,2025,9,1,19.57,201.0,31.07,4
00004_09-09-2025-20.05,AVE,2025,9,1,20.08,157.0,36.45,30
00009_09-09-2025-20.22,IRYO,2025,9,1,20.37,172.0,29.06,4
00020_09-09-2025-20.27,AVE,2025,9,1,20.45,201.0,20.87,34
00005_09-09-2025-21.02,OUIGO,2025,9,1,21.03,172.0,24.04,0
00007_09-09-2025-21.07,AVE,2025,9,1,21.12,172.0,46.28,3
00001_10-09-2025-06.12,AVLO,2025,9,2,6.2,157.0,39.5,521
00002_10-09-2025-06.22,IRYO,2025,9,2,6.37,157.0,33.05,702
00003_10-09-2025-06.27,AVE,2025,9,2,6.45,178.0,49.55,449
00004_10-09-2025-06.57,AVE,2025,9,2,6.95,157.0,94.02,1
00005_10-09-2025-07.02,OUIGO,2025,9,2,7.03,172.0,37.88,56
00002_10-09-2025-07.22,IRYO,2025,9,2,7.37,157.0,17.48,1181
00006_10-09-2025-07.27,AVE,2025,9,2,7.45,199.0,43.19,143
00004_10-09-2025-07.57,AVE,2025,9,2,7.95,157.0,69.56,12
00007_10-09-2025-08.27,AVE,2025,9,2,8.45,172.0,74.31,1
00002_10-09-2025-08.32,IRYO,2025,9,2,8.53,157.0,54.38,8
00008_10-09-2025-08.57,AVE,2025,9,2,8.95,164.0,37.83,304
00009_10-09-2025-09.22,IRYO,2025,9,2,9.37,172.0,43.75,27
00010_10-09-2025-09.27,AVE,2025,9,2,9.45,194.0,66.24,18
00009_10-09-2025-09.57,IRYO,2025,9,2,9.95,172.0,22.38,474
00011_10-09-2025-10.02,OUIGO,2025,9,2,10.03,182.0,46.62,13
00012_10-09-2025-10.27,AVLO,2025,9,2,10.45,172.0,42.84,64
00009_10-09-2025-11.22,IRYO,2025,9,2,11.37,172.0,47.21,38
00006_10-09-2025-11.27,AVE,2025,9,2,11.45,199.0,50.29,96
00009_10-09-2025-12.22,IRYO,2025,9,2,12.37,172.0,20.79,1646
00013_10-09-2025-12.27,AVE,2025,9,2,12.45,197.0,40.17,219
00004_10-09-2025-12.57,AVE,2025,9,2,12.95,157.0,52.61,121
00014_10-09-2025-13.18,AVE,2025,9,2,13.3,184.0,48.24,47
00009_10-09-2025-14.02,IRYO,2025,9,2,14.03,172.0,47.05,36
00015_10-09-2025-14.12,OUIGO,2025,9,2,14.2,157.0,38.8,50
00016_10-09-2025-14.27,AVE,2025,9,2,14.45,177.0,50.75,145
00017_10-09-2025-14.42,IRYO,2025,9,2,14.7,179.0,63.55,0
00004_10-09-2025-14.57,AVE,2025,9,2,14.95,157.0,54.8,197
00018_10-09-2025-15.27,AVLO,2025,9,2,15.45,199.0,34.29,111
00004_10-09-2025-15.57,AVE,2025,9,2,15.95,157.0,45.51,663
00007_10-09-2025-16.27,AVE,2025,9,2,16.45,172.0,41.63,864
00002_10-09-2025-16.37,IRYO,2025,9,2,16.62,157.0,49.41,122
00004_10-09-2025-16.57,AVE,2025,9,2,16.95,157.0,109.58,2
00015_10-09-2025-17.17,OUIGO,2025,9,2,17.28,157.0,43.16,87
00009_10-09-2025-17.22,IRYO,2025,9,2,17.37,172.0,47.98,85
00006_10-09-2025-17.27,AVE,2025,9,2,17.45,199.0,68.25,41
00004_10-09-2025-17.57,AVE,2025,9,2,17.95,157.0,50.29,372
00016_10-09-2025-18.27,AVE,2025,9,2,18.45,177.0,76.44,14
00002_10-09-2025-18.32,IRYO,2025,9,2,18.53,157.0,46.78,64
00004_10-09-2025-18.57,AVE,2025,9,2,18.95,157.0,126.35,0
00009_10-09-2025-19.29,IRYO,2025,9,2,19.48,172.0,25.31,357
00019_10-09-2025-19.34,AVLO,2025,9,2,19.57,201.0,34.4,9
00004_10-09-2025-20.05,AVE,2025,9,2,20.08,157.0,50.56,39
00009_10-09-2025-20.22,IRYO,2025,9,2,20.37,172.0,34.16,8
00020_10-09-2025-20.27,AVE,2025,9,2,20.45,201.0,38.4,12
00005_10-09-2025-21.02,OUIGO,2025,9,2,21.03,172.0,28.77,22
00007_10-09-2025-21.07,AVE,2025,9,2,21.12,172.0,48.73,4
00001_11-09-2025-06.12,AVLO,2025,9,3,6.2,157.0,31.27,608
00002_11-09-2025-06.22,IRYO,2025,9,3,6.37,157.0,21.85,7879
00003_11-09-2025-06.27,AVE,2025,9,3,6.45,178.0,55.88,65
00004_11-09-2025-06.57,AVE,2025,9,3,6.95,157.0,56.05,80
00005_11-09-2025-07.02,OUIGO,2025,9,3,7.03,172.0,29.46,358
00002_11-09-2025-07.22,IRYO,2025,9,3,7.37,157.0,26.87,2646
00006_11-09-2025-07.27,AVE,2025,9,3,7.45,199.0,33.12,1678
00004_11-09-2025-07.57,AVE,2025,9,3,7.95,157.0,67.76,9
00007_11-09-2025-08.27,AVE,2025,9,3,8.45,172.0,56.58,62
00002_11-09-2025-08.32,IRYO,2025,9,3,8.53,157.0,26.52,4086
00008_11-09-2025-08.57,AVE,2025,9,3,8.95,164.0,58.95,67
00009_11-09-2025-09.22,IRYO,2025,9,3,9.37,172.0,57.82,13
00010_11-09-2025-09.27,AVE,2025,9,3,9.45,194.0,54.25,153
00009_11-09-2025-09.57,IRYO,2025,9,3,9.95,172.0,45.11,112
00011_11-09-2025-10.02,OUIGO,2025,9,3,10.03,182.0,47.43,22
00012_11-09-2025-10.27,AVLO,2025,9,3,10.45,172.0,57.33,42
00009_11-09-2025-11.22,IRYO,2025,9,3,11.37,172.0,44.93,125
00006_11-09-2025-11.27,AVE,2025,9,3,11.45,199.0,40.47,642
00009_11-09-2025-12.22,IRYO,2025,9,3,12.37,172.0,53.01,55
00013_11-09-2025-12.27,AVE,2025,9,3,12.45,197.0,42.93,428
00004_11-09-2025-12.57,AVE,2025,9,3,12.95,157.0,65.33,84
00014_11-09-2025-13.18,AVE,2025,9,3,13.3,184.0,55.14,76
00004_11-09-2025-13.57,AVE,2025,9,3,13.95,157.0,,0
00009_11-09-2025-14.02,IRYO,2025,9,3,14.03,172.0,,0
00015_11-09-2025-14.12,OUIGO,2025,9,3,14.2,157.0,,0
00016_11-09-2025-14.27,AVE,2025,9,3,14.45,177.0,76.1,29
00017_11-09-2025-14.42,IRYO,2025,9,3,14.7,179.0,56.44,34
00004_11-09-2025-14.57,AVE,2025,9,3,14.95,157.0,83.7,25
00018_11-09-2025-15.27,AVLO,2025,9,3,15.45,199.0,43.8,74
00004_11-09-2025-15.57,AVE,2025,9,3,15.95,157.0,101.81,2
00007_11-09-2025-16.27,AVE,2025,9,3,16.45,172.0,47.64,457
00002_11-09-2025-16.37,IRYO,2025,9,3,16.62,157.0,53.87,92
00004_11-09-2025-16.57,AVE,2025,9,3,16.95,157.0,136.91,0
00015_11-09-2025-17.17,OUIGO,2025,9,3,17.28,157.0,61.33,11
00009_11-09-2025-17.22,IRYO,2025,9,3,17.37,172.0,74.99,2
00006_11-09-2025-17.27,AVE,2025,9,3,17.45,199.0,108.5,0
00004_11-09-2025-17.57,AVE,2025,9,3,17.95,157.0,48.5,317
00016_11-09-2025-18.27,AVE,2025,9,3,18.45,177.0,56.55,53
00002_11-09-2025-18.32,IRYO,2025,9,3,18.53,157.0,37.77,100
00004_11-09-2025-18.57,AVE,2025,9,3,18.95,157.0,66.43,16
00009_11-09-2025-19.29,IRYO,2025,9,3,19.48,172.0,40.16,8
00019_11-09-2025-19.34,AVLO,2025,9,3,19.57,201.0,27.88,2536
00004_11-09-2025-20.05,AVE,2025,9,3,20.08,157.0,69.61,2
00009_11-09-2025-20.22,IRYO,2025,9,3,20.37,172.0,37.83,14
00020_11-09-2025-20.27,AVE,2025,9,3,20.45,201.0,64.59,0
00005_11-09-2025-21.02,OUIGO,2025,9,3,21.03,172.0,31.5,380
00007_11-09-2025-21.07,AVE,2025,9,3,21.12,172.0,36.58,123
00002_12-09-2025-06.22,IRYO,2025,9,4,6.37,157.0,16.61,3384
00021_12-09-2025-06.27,AVLO,2025,9,4,6.45,178.0,27.57,205
00004_12-09-2025-06.57,AVE,2025,9,4,6.95,157.0,40.21,198
00005_12-09-2025-07.02,OUIGO,2025,9,4,7.03,172.0,38.47,11
00002_12-09-2025-07.22,IRYO,2025,9,4,7.37,157.0,39.2,29
00006_12-09-2025-07.27,AVE,2025,9,4,7.45,199.0,71.49,5
00004_12-09-2025-07.57,AVE,2025,9,4,7.95,157.0,53.23,45
00002_12-09-2025-08.32,IRYO,2025,9,4,8.53,157.0,50.5,17
00008_12-09-2025-08.57,AVE,2025,9,4,8.95,164.0,111.01,0
00009_12-09-2025-09.22,IRYO,2025,9,4,9.37,172.0,41.31,80
00010_12-09-2025-09.27,AVE,2025,9,4,9.45,194.0,53.39,160
00009_12-09-2025-09.57,IRYO,2025,9,4,9.95,172.0,58.6,16
00011_12-09-2025-10.02,OUIGO,2025,9,4,10.03,182.0,56.15,9
00012_12-09-2025-10.27,AVLO,2025,9,4,10.45,172.0,74.02,6
00009_12-09-2025-11.22,IRYO,2025,9,4,11.37,172.0,69.91,4
00006_12-09-2025-11.27,AVE,2025,9,4,11.45,199.0,124.11,0
00009_12-09-2025-12.22,IRYO,2025,9,4,12.37,172.0,31.7,279
00013_12-09-2025-12.27,AVE,2025,9,4,12.45,197.0,44.84,212
00004_12-09-2025-12.57,AVE,2025,9,4,12.95,157.0,69.03,49
00014_12-09-2025-13.18,AVE,2025,9,4,13.3,184.0,55.14,35
00004_12-09-2025-13.57,AVE,2025,9,4,13.95,157.0,69.72,31
00009_12-09-2025-14.02,IRYO,2025,9,4,14.03,172.0,58.98,10
00015_12-09-2025-14.12,OUIGO,2025,9,4,14.2,157.0,61.66,4
00016_12-09-2025-14.27,AVE,2025,9,4,14.45,177.0,108.63,0
00017_12-09-2025-14.42,IRYO,2025,9,4,14.7,179.0,87.42,0
00004_12-09-2025-14.57,AVE,2025,9,4,14.95,157.0,105.09,0
00018_12-09-2025-15.27,AVLO,2025,9,4,15.45,199.0,45.64,29
00004_12-09-2025-15.57,AVE,2025,9,4,15.95,157.0,92.56,10
00007_12-09-2025-16.27,AVE,2025,9,4,16.45,172.0,87.04,12
00002_12-09-2025-16.37,IRYO,2025,9,4,16.62,157.0,61.59,23
00004_12-09-2025-16.57,AVE,2025,9,4,16.95,157.0,93.06,4
00015_12-09-2025-17.17,OUIGO,2025,9,4,17.28,157.0,48.37,33
00009_12-09-2025-17.22,IRYO,2025,9,4,17.37,172.0,42.75,72
00018_12-09-2025-17.27,AVLO,2025,9,4,17.45,199.0,43.61,23
00004_12-09-2025-17.57,AVE,2025,9,4,17.95,157.0,34.14,494
00016_12-09-2025-18.27,AVE,2025,9,4,18.45,177.0,68.16,4
00002_12-09-2025-18.32,IRYO,2025,9,4,18.53,157.0,53.11,8
00004_12-09-2025-18.57,AVE,2025,9,4,18.95,157.0,70.37,10
00009_12-09-2025-19.29,IRYO,2025,9,4,19.48,172.0,50.55,1
00019_12-09-2025-19.34,AVLO,2025,9,4,19.57,201.0,30.74,29
00004_12-09-2025-20.05,AVE,2025,9,4,20.08,157.0,60.94,8
00009_12-09-2025-20.22,IRYO,2025,9,4,20.37,172.0,43.28,0
00020_12-09-2025-20.27,AVE,2025,9,4,20.45,201.0,60.09,0
00005_12-09-2025-21.02,OUIGO,2025,9,4,21.03,172.0,23.49,1164
00007_12-09-2025-21.07,AVE,2025,9,4,21.12,172.0,89.43,0
00021_13-09-2025-06.27,AVLO,2025,9,5,6.45,178.0,30.8,308
00005_13-09-2025-07.02,OUIGO,2025,9,5,7.03,172.0,35.8,49
00006_13-09-2025-07.27,AVE,2025,9,5,7.45,199.0,41.79,136
00009_13-09-2025-08.07,IRYO,2025,9,5,8.12,172.0,31.34,91
00007_13-09-2025-08.27,AVE,2025,9,5,8.45,172.0,48.88,76
00008_13-09-2025-08.57,AVE,2025,9,5,8.95,164.0,46.84,103
00009_13-09-2025-09.22,IRYO,2025,9,5,9.37,172.0,17.63,2311
00010_13-09-2025-09.27,AVE,2025,9,5,9.45,194.0,39.15,172
00009_13-09-2025-09.57,IRYO,2025,9,5,9.95,172.0,50.3,11
00011_13-09-2025-10.02,OUIGO,2025,9,5,10.03,182.0,60.76,1
00012_13-09-2025-10.27,AVLO,2025,9,5,10.45,172.0,47.09,29
00009_13-09-2025-11.22,IRYO,2025,9,5,11.37,172.0,43.95,65
00006_13-09-2025-11.27,AVE,2025,9,5,11.45,199.0,50.96,120
00009_13-09-2025-12.22,IRYO,2025,9,5,12.37,172.0,37.02,98
00013_13-09-2025-12.27,AVE,2025,9,5,12.45,197.0,53.39,62
00014_13-09-2025-13.18,AVE,2025,9,5,13.3,184.0,82.74,1
00015_13-09-2025-14.12,OUIGO,2025,9,5,14.2,157.0,23.58,239
00017_13-09-2025-14.42,IRYO,2025,9,5,14.7,179.0,18.41,1808
00018_13-09-2025-15.27,AVLO,2025,9,5,15.45,199.0,32.59,56
00007_13-09-2025-16.27,AVE,2025,9,5,16.45,172.0,104.96,1
00002_13-09-2025-16.37,IRYO,2025,9,5,16.62,157.0,26.84,326
00015_13-09-2025-17.17,OUIGO,2025,9,5,17.28,157.0,26.74,139
00018_13-09-2025-17.27,AVLO,2025,9,5,17.45,199.0,23.33,246
00016_13-09-2025-18.27,AVE,2025,9,5,18.45,177.0,103.04,0
00009_13-09-2025-19.29,IRYO,2025,9,5,19.48,172.0,17.35,1323
00019_13-09-2025-19.34,AVLO,2025,9,5,19.57,201.0,25.79,26
00009_13-09-2025-20.22,IRYO,2025,9,5,20.37,172.0,40.71,2
00020_13-09-2025-20.27,AVE,2025,9,5,20.45,201.0,28.36,61
00005_13-09-2025-21.02,OUIGO,2025,9,5,21.03,172.0,23.83,18
00021_14-09-2025-06.27,AVLO,2025,9,6,6.45,178.0,52.68,152
00005_14-09-2025-07.02,OUIGO,2025,9,6,7.03,172.0,49.5,69
00006_14-09-2025-07.27,AVE,2025,9,6,7.45,199.0,51.53,437
00009_14-09-2025-08.07,IRYO,2025,9,6,8.12,172.0,51.07,111
00007_14-09-2025-08.27,AVE,2025,9,6,8.45,172.0,83.31,9
00009_14-09-2025-09.22,IRYO,2025,9,6,9.37,172.0,42.35,1367
00010_14-09-2025-09.27,AVE,2025,9,6,9.45,194.0,59.34,174
00009_14-09-2025-09.57,IRYO,2025,9,6,9.95,172.0,62.02,24
00011_14-09-2025-10.02,OUIGO,2025,9,6,10.03,182.0,39.13,1535
00012_14-09-2025-10.27,AVLO,2025,9,6,10.45,172.0,49.55,253
00009_14-09-2025-11.22,IRYO,2025,9,6,11.37,172.0,72.88,10
00006_14-09-2025-11.27,AVE,2025,9,6,11.45,199.0,148.02,0
00009_14-09-2025-12.22,IRYO,2025,9,6,12.37,172.0,63.12,38
00013_14-09-2025-12.27,AVE,2025,9,6,12.45,197.0,50.35,670
00014_14-09-2025-13.18,AVE,2025,9,6,13.3,184.0,55.14,155
00009_14-09-2025-14.02,IRYO,2025,9,6,14.03,172.0,73.26,9
00015_14-09-2025-14.12,OUIGO,2025,9,6,14.2,157.0,37.48,3333
00016_14-09-2025-14.27,AVE,2025,9,6,14.45,177.0,83.41,37
00017_14-09-2025-14.42,IRYO,2025,9,6,14.7,179.0,87.17,2
00018_14-09-2025-15.27,AVLO,2025,9,6,15.45,199.0,65.74,28
00007_14-09-2025-16.27,AVE,2025,9,6,16.45,172.0,67.6,307
00002_14-09-2025-16.37,IRYO,2025,9,6,16.62,157.0,85.78,26
00004_14-09-2025-16.57,AVE,2025,9,6,16.95,157.0,93.34,66
00015_14-09-2025-17.17,OUIGO,2025,9,6,17.28,157.0,63.17,62
00009_14-09-2025-17.22,IRYO,2025,9,6,17.37,172.0,90.1,6
00018_14-09-2025-17.27,AVLO,2025,9,6,17.45,199.0,75.07,5
00004_14-09-2025-17.57,AVE,2025,9,6,17.95,157.0,67.45,270
00016_14-09-2025-18.27,AVE,2025,9,6,18.45,177.0,88.82,13
00002_14-09-2025-18.32,IRYO,2025,9,6,18.53,157.0,95.52,3
00004_14-09-2025-18.57,AVE,2025,9,6,18.95,157.0,99.96,3
00009_14-09-2025-19.29,IRYO,2025,9,6,19.48,172.0,91.28,0
00019_14-09-2025-19.34,AVLO,2025,9,6,19.57,201.0,82.98,1
00004_14-09-2025-20.05,AVE,2025,9,6,20.08,157.0,61.93,43
00009_14-09-2025-20.22,IRYO,2025,9,6,20.37,172.0,82.91,0
00020_14-09-2025-20.27,AVE,2025,9,6,20.45,201.0,93.54,1
00005_14-09-2025-21.02,OUIGO,2025,9,6,21.03,172.0,76.15,0
00007_14-09-2025-21.07,AVE,2025,9,6,21.12,172.0,141.16,0
00001_15-09-2025-06.12,AVLO,2025,9,0,6.2,157.0,31.19,768
00002_15-09-2025-06.22,IRYO,2025,9,0,6.37,157.0,43.34,261
00003_15-09-2025-06.27,AVE,2025,9,0,6.45,178.0,49.81,375
00004_15-09-2025-06.57,AVE,2025,9,0,6.95,157.0,60.94,164
00005_15-09-2025-07.02,OUIGO,2025,9,0,7.03,172.0,36.08,66
00002_15-09-2025-07.22,IRYO,2025,9,0,7.37,157.0,34.34,175
00006_15-09-2025-07.27,AVE,2025,9,0,7.45,199.0,59.3,27
00004_15-09-2025-07.57,AVE,2025,9,0,7.95,157.0,70.74,16
00007_15-09-2025-08.27,AVE,2025,9,0,8.45,172.0,77.38,5
00002_15-09-2025-08.32,IRYO,2025,9,0,8.53,157.0,31.41,138
00008_15-09-2025-08.57,AVE,2025,9,0,8.95,164.0,46.84,148
00009_15-09-2025-09.22,IRYO,2025,9,0,9.37,172.0,63.28,6
00010_15-09-2025-09.27,AVE,2025,9,0,9.45,194.0,69.63,16
00009_15-09-2025-09.57,IRYO,2025,9,0,9.95,172.0,42.57,80
00011_15-09-2025-10.02,OUIGO,2025,9,0,10.03,182.0,29.75,108
00012_15-09-2025-10.27,AVLO,2025,9,0,10.45,172.0,33.0,150
00009_15-09-2025-11.22,IRYO,2025,9,0,11.37,172.0,36.39,117
00006_15-09-2025-11.27,AVE,2025,9,0,11.45,199.0,48.59,120
00009_15-09-2025-12.22,IRYO,2025,9,0,12.37,172.0,39.68,67
00013_15-09-2025-12.27,AVE,2025,9,0,12.45,197.0,53.01,66
00004_15-09-2025-12.57,AVE,2025,9,0,12.95,157.0,53.61,96
00014_15-09-2025-13.18,AVE,2025,9,0,13.3,184.0,68.94,2
00009_15-09-2025-14.02,IRYO,2025,9,0,14.03,172.0,31.7,96
00015_15-09-2025-14.12,OUIGO,2025,9,0,14.2,157.0,29.85,54
00016_15-09-2025-14.27,AVE,2025,9,0,14.45,177.0,31.92,347
00017_15-09-2025-14.42,IRYO,2025,9,0,14.7,179.0,55.94,4
00004_15-09-2025-14.57,AVE,2025,9,0,14.95,157.0,44.53,180
00018_15-09-2025-15.27,AVLO,2025,9,0,15.45,199.0,36.74,34
00004_15-09-2025-15.57,AVE,2025,9,0,15.95,157.0,44.99,310
00007_15-09-2025-16.27,AVE,2025,9,0,16.45,172.0,73.64,24
00002_15-09-2025-16.37,IRYO,2025,9,0,16.62,157.0,44.41,70
00004_15-09-2025-16.57,AVE,2025,9,0,16.95,157.0,44.5,444
00015_15-09-2025-17.17,OUIGO,2025,9,0,17.28,157.0,36.17,44
00009_15-09-2025-17.22,IRYO,2025,9,0,17.37,172.0,43.43,61
00006_15-09-2025-17.27,AVE,2025,9,0,17.45,199.0,72.43,6
00004_15-09-2025-17.57,AVE,2025,9,0,17.95,157.0,42.2,242
00016_15-09-2025-18.27,AVE,2025,9,0,18.45,177.0,64.59,12
00002_15-09-2025-18.32,IRYO,2025,9,0,18.53,157.0,26.6,134
00004_15-09-2025-18.57,AVE,2025,9,0,18.95,157.0,32.63,197
00009_15-09-2025-19.29,IRYO,2025,9,0,19.48,172.0,34.19,6
00019_15-09-2025-19.34,AVLO,2025,9,0,19.57,201.0,21.0,458
00004_15-09-2025-20.05,AVE,2025,9,0,20.08,157.0,31.45,62
00009_15-09-2025-20.22,IRYO,2025,9,0,20.37,172.0,21.31,505
00020_15-09-2025-20.27,AVE,2025,9,0,20.45,201.0,23.55,111
00005_15-09-2025-21.02,OUIGO,2025,9,0,21.03,172.0,22.65,211
00007_15-09-2025-21.07,AVE,2025,9,0,21.12,172.0,44.78,2
00001_16-09-2025-06.12,AVLO,2025,9,1,6.2,157.0,34.52,551
00002_16-09-2025-06.22,IRYO,2025,9,1,6.37,157.0,30.52,678
00003_16-09-2025-06.27,AVE,2025,9,1,6.45,178.0,48.06,387
00004_16-09-2025-06.57,AVE,2025,9,1,6.95,157.0,103.99,0
00005_16-09-2025-07.02,OUIGO,2025,9,1,7.03,172.0,61.42,3
00002_16-09-2025-07.22,IRYO,2025,9,1,7.37,157.0,24.87,434
00006_16-09-2025-07.27,AVE,2025,9,1,7.45,199.0,33.11,315
00004_16-09-2025-07.57,AVE,2025,9,1,7.95,157.0,53.35,65
00007_16-09-2025-08.27,AVE,2025,9,1,8.45,172.0,81.67,1
00002_16-09-2025-08.32,IRYO,2025,9,1,8.53,157.0,31.37,96
00008_16-09-2025-08.57,AVE,2025,9,1,8.95,164.0,39.64,194
00009_16-09-2025-09.22,IRYO,2025,9,1,9.37,172.0,32.16,107
00010_16-09-2025-09.27,AVE,2025,9,1,9.45,194.0,60.57,20
00009_16-09-2025-09.57,IRYO,2025,9,1,9.95,172.0,32.95,118
00011_16-09-2025-10.02,OUIGO,2025,9,1,10.03,182.0,37.06,21
00012_16-09-2025-10.27,AVLO,2025,9,1,10.45,172.0,35.04,126
00009_16-09-2025-11.22,IRYO,2025,9,1,11.37,172.0,35.88,100
00006_16-09-2025-11.27,AVE,2025,9,1,11.45,199.0,38.4,284
00009_16-09-2025-12.22,IRYO,2025,9,1,12.37,172.0,35.67,84
00013_16-09-2025-12.27,AVE,2025,9,1,12.45,197.0,61.07,24
00004_16-09-2025-12.57,AVE,2025,9,1,12.95,157.0,50.57,129
00014_16-09-2025-13.18,AVE,2025,9,1,13.3,184.0,48.24,45
00009_16-09-2025-14.02,IRYO,2025,9,1,14.03,172.0,27.49,515
00015_16-09-2025-14.12,OUIGO,2025,9,1,14.2,157.0,41.23,21
00016_16-09-2025-14.27,AVE,2025,9,1,14.45,177.0,67.88,14
00017_16-09-2025-14.42,IRYO,2025,9,1,14.7,179.0,47.85,12
00004_16-09-2025-14.57,AVE,2025,9,1,14.95,157.0,49.19,157
00018_16-09-2025-15.27,AVLO,2025,9,1,15.45,199.0,29.51,120
00004_16-09-2025-15.57,AVE,2025,9,1,15.95,157.0,33.42,865
00007_16-09-2025-16.27,AVE,2025,9,1,16.45,172.0,38.9,530
00002_16-09-2025-16.37,IRYO,2025,9,1,16.62,157.0,43.25,114
00004_16-09-2025-16.57,AVE,2025,9,1,16.95,157.0,68.74,74
00015_16-09-2025-17.17,OUIGO,2025,9,1,17.28,157.0,45.93,25
00009_16-09-2025-17.22,IRYO,2025,9,1,17.37,172.0,26.46,794
00006_16-09-2025-17.27,AVE,2025,9,1,17.45,199.0,54.63,59
00004_16-09-2025-17.57,AVE,2025,9,1,17.95,157.0,81.41,6
00016_16-09-2025-18.27,AVE,2025,9,1,18.45,177.0,52.08,38
00002_16-09-2025-18.32,IRYO,2025,9,1,18.53,157.0,26.72,554
00004_16-09-2025-18.57,AVE,2025,9,1,18.95,157.0,43.83,113
00009_16-09-2025-19.29,IRYO,2025,9,1,19.48,172.0,45.04,5
00019_16-09-2025-19.34,AVLO,2025,9,1,19.57,201.0,29.88,16
00004_16-09-2025-20.05,AVE,2025,9,1,20.08,157.0,38.17,57
00009_16-09-2025-20.22,IRYO,2025,9,1,20.37,172.0,28.16,110
00020_16-09-2025-20.27,AVE,2025,9,1,20.45,201.0,37.62,4
00005_16-09-2025-21.02,OUIGO,2025,9,1,21.03,172.0,35.31,0
00007_16-09-2025-21.07,AVE,2025,9,1,21.12,172.0,44.22,2
00001_17-09-2025-06.12,AVLO,2025,9,2,6.2,157.0,34.75,321
00002_17-09-2025-06.22,IRYO,2025,9,2,6.37,157.0,10.0,2653
00003_17-09-2025-06.27,AVE,2025,9,2,6.45,178.0,46.17,269
00004_17-09-2025-06.57,AVE,2025,9,2,6.95,157.0,92.84,4
00005_17-09-2025-07.02,OUIGO,2025,9,2,7.03,172.0,57.14,2
00002_17-09-2025-07.22,IRYO,2025,9,2,7.37,157.0,51.13,16
00006_17-09-2025-07.27,AVE,2025,9,2,7.45,199.0,40.98,158
00004_17-09-2025-07.57,AVE,2025,9,2,7.95,157.0,46.15,140
00007_17-09-2025-08.27,AVE,2025,9,2,8.45,172.0,84.04,0
00002_17-09-2025-08.32,IRYO,2025,9,2,8.53,157.0,35.05,90
00008_17-09-2025-08.57,AVE,2025,9,2,8.95,164.0,48.99,128
00009_17-09-2025-09.22,IRYO,2025,9,2,9.37,172.0,48.32,40
00010_17-09-2025-09.27,AVE,2025,9,2,9.45,194.0,86.49,3
00009_17-09-2025-09.57,IRYO,2025,9,2,9.95,172.0,46.33,57
00011_17-09-2025-10.02,OUIGO,2025,9,2,10.03,182.0,54.47,10
00012_17-09-2025-10.27,AVLO,2025,9,2,10.45,172.0,49.04,53
00009_17-09-2025-11.22,IRYO,2025,9,2,11.37,172.0,39.07,116
00006_17-09-2025-11.27,AVE,2025,9,2,11.45,199.0,48.06,159
00009_17-09-2025-12.22,IRYO,2025,9,2,12.37,172.0,46.74,27
00013_17-09-2025-12.27,AVE,2025,9,2,12.45,197.0,39.44,201
00004_17-09-2025-12.57,AVE,2025,9,2,12.95,157.0,51.67,123
00014_17-09-2025-13.18,AVE,2025,9,2,13.3,184.0,48.24,33
00009_17-09-2025-14.02,IRYO,2025,9,2,14.03,172.0,35.4,66
00015_17-09-2025-14.12,OUIGO,2025,9,2,14.2,157.0,27.44,107
00016_17-09-2025-14.27,AVE,2025,9,2,14.45,177.0,38.69,286
00017_17-09-2025-14.42,IRYO,2025,9,2,14.7,179.0,67.39,2
00004_17-09-2025-14.57,AVE,2025,9,2,14.95,157.0,51.8,163
00018_17-09-2025-15.27,AVLO,2025,9,2,15.45,199.0,35.73,57
00004_17-09-2025-15.57,AVE,2025,9,2,15.95,157.0,43.38,549
00007_17-09-2025-16.27,AVE,2025,9,2,16.45,172.0,67.39,63
00002_17-09-2025-16.37,IRYO,2025,9,2,16.62,157.0,37.23,291
00004_17-09-2025-16.57,AVE,2025,9,2,16.95,157.0,115.05,1
00015_17-09-2025-17.17,OUIGO,2025,9,2,17.28,157.0,47.09,39
00009_17-09-2025-17.22,IRYO,2025,9,2,17.37,172.0,24.14,677
00006_17-09-2025-17.27,AVE,2025,9,2,17.45,199.0,64.58,37
00004_17-09-2025-17.57,AVE,2025,9,2,17.95,157.0,64.34,79
00016_17-09-2025-18.27,AVE,2025,9,2,18.45,177.0,85.78,2
00002_17-09-2025-18.32,IRYO,2025,9,2,18.53,157.0,33.0,117
00004_17-09-2025-18.57,AVE,2025,9,2,18.95,157.0,120.04,0
00009_17-09-2025-19.29,IRYO,2025,9,2,19.48,172.0,25.16,133
00019_17-09-2025-19.34,AVLO,2025,9,2,19.57,201.0,29.31,9
00004_17-09-2025-20.05,AVE,2025,9,2,20.08,157.0,53.33,20
00009_17-09-2025-20.22,IRYO,2025,9,2,20.37,172.0,35.11,7
00020_17-09-2025-20.27,AVE,2025,9,2,20.45,201.0,42.18,2
00005_17-09-2025-21.02,OUIGO,2025,9,2,21.03,172.0,39.98,1
00007_17-09-2025-21.07,AVE,2025,9,2,21.12,172.0,56.78,0
00001_18-09-2025-06.12,AVLO,2025,9,3,6.2,157.0,30.86,393
00002_18-09-2025-06.22,IRYO,2025,9,3,6.37,157.0,32.1,323
00003_18-09-2025-06.27,AVE,2025,9,3,6.45,178.0,30.43,777
00004_18-09-2025-06.57,AVE,2025,9,3,6.95,157.0,73.85,14
00005_18-09-2025-07.02,OUIGO,2025,9,3,7.03,172.0,41.25,7
00002_18-09-2025-07.22,IRYO,2025,9,3,7.37,157.0,41.45,29
00006_18-09-2025-07.27,AVE,2025,9,3,7.45,199.0,28.43,338
00004_18-09-2025-07.57,AVE,2025,9,3,7.95,157.0,33.46,283
00007_18-09-2025-08.27,AVE,2025,9,3,8.45,172.0,34.35,217
00002_18-09-2025-08.32,IRYO,2025,9,3,8.53,157.0,55.04,3
00008_18-09-2025-08.57,AVE,2025,9,3,8.95,164.0,52.0,37
00009_18-09-2025-09.22,IRYO,2025,9,3,9.37,172.0,39.79,43
00010_18-09-2025-09.27,AVE,2025,9,3,9.45,194.0,45.69,128
00009_18-09-2025-09.57,IRYO,2025,9,3,9.95,172.0,35.19,106
00011_18-09-2025-10.02,OUIGO,2025,9,3,10.03,182.0,43.6,18
00012_18-09-2025-10.27,AVLO,2025,9,3,10.45,172.0,51.51,18
00009_18-09-2025-11.22,IRYO,2025,9,3,11.37,172.0,47.08,64
00006_18-09-2025-11.27,AVE,2025,9,3,11.45,199.0,49.49,211
00009_18-09-2025-12.22,IRYO,2025,9,3,12.37,172.0,65.86,11
00013_18-09-2025-12.27,AVE,2025,9,3,12.45,197.0,57.73,92
00004_18-09-2025-12.57,AVE,2025,9,3,12.95,157.0,66.07,86
00014_18-09-2025-13.18,AVE,2025,9,3,13.3,184.0,55.14,106
00004_18-09-2025-13.57,AVE,2025,9,3,13.95,157.0,,0
00009_18-09-2025-14.02,IRYO,2025,9,3,14.03,172.0,,0
00015_18-09-2025-14.12,OUIGO,2025,9,3,14.2,157.0,,0
00016_18-09-2025-14.27,AVE,2025,9,3,14.45,177.0,75.88,38
00017_18-09-2025-14.42,IRYO,2025,9,3,14.7,179.0,38.67,225
00004_18-09-2025-14.57,AVE,2025,9,3,14.95,157.0,92.77,13
00018_18-09-2025-15.27,AVLO,2025,9,3,15.45,199.0,39.14,162
00004_18-09-2025-15.57,AVE,2025,9,3,15.95,157.0,93.8,15
00007_18-09-2025-16.27,AVE,2025,9,3,16.45,172.0,59.93,336
00002_18-09-2025-16.37,IRYO,2025,9,3,16.62,157.0,43.68,377
00004_18-09-2025-16.57,AVE,2025,9,3,16.95,157.0,147.85,0
00015_18-09-2025-17.17,OUIGO,2025,9,3,17.28,157.0,45.92,128
00009_18-09-2025-17.22,IRYO,2025,9,3,17.37,172.0,60.26,66
00006_18-09-2025-17.27,AVE,2025,9,3,17.45,199.0,85.6,8
00004_18-09-2025-17.57,AVE,2025,9,3,17.95,157.0,55.21,376
00016_18-09-2025-18.27,AVE,2025,9,3,18.45,177.0,82.0,9
00002_18-09-2025-18.32,IRYO,2025,9,3,18.53,157.0,38.98,137
00004_18-09-2025-18.57,AVE,2025,9,3,18.95,157.0,94.17,1
00009_18-09-2025-19.29,IRYO,2025,9,3,19.48,172.0,23.23,1250
00019_18-09-2025-19.34,AVLO,2025,9,3,19.57,201.0,36.67,10
00004_18-09-2025-20.05,AVE,2025,9,3,20.08,157.0,57.96,18
00009_18-09-2025-20.22,IRYO,2025,9,3,20.37,172.0,26.97,167
00020_18-09-2025-20.27,AVE,2025,9,3,20.45,201.0,38.03,16
00005_18-09-2025-21.02,OUIGO,2025,9,3,21.03,172.0,44.44,0
00007_18-09-2025-21.07,AVE,2025,9,3,21.12,172.0,54.18,4
00002_19-09-2025-06.22,IRYO,2025,9,4,6.37,157.0,36.88,425
00021_19-09-2025-06.27,AVLO,2025,9,4,6.45,178.0,30.86,1080
00004_19-09-2025-06.57,AVE,2025,9,4,6.95,157.0,48.8,343
00005_19-09-2025-07.02,OUIGO,2025,9,4,7.03,172.0,45.34,17
00002_19-09-2025-07.22,IRYO,2025,9,4,7.37,157.0,60.52,6
00006_19-09-2025-07.27,AVE,2025,9,4,7.45,199.0,64.64,30
00004_19-09-2025-07.57,AVE,2025,9,4,7.95,157.0,44.59,390
00002_19-09-2025-08.32,IRYO,2025,9,4,8.53,157.0,34.33,764
00008_19-09-2025-08.57,AVE,2025,9,4,8.95,164.0,115.8,0
00009_19-09-2025-09.22,IRYO,2025,9,4,9.37,172.0,49.24,92
00010_19-09-2025-09.27,AVE,2025,9,4,9.45,194.0,72.2,62
00009_19-09-2025-09.57,IRYO,2025,9,4,9.95,172.0,69.46,23
00011_19-09-2025-10.02,OUIGO,2025,9,4,10.03,182.0,48.09,77
00012_19-09-2025-10.27,AVLO,2025,9,4,10.45,172.0,64.61,41
00009_19-09-2025-11.22,IRYO,2025,9,4,11.37,172.0,51.49,181
00006_19-09-2025-11.27,AVE,2025,9,4,11.45,199.0,96.32,6
00009_19-09-2025-12.22,IRYO,2025,9,4,12.37,172.0,64.61,31
00013_19-09-2025-12.27,AVE,2025,9,4,12.45,197.0,50.65,368
00004_19-09-2025-12.57,AVE,2025,9,4,12.95,157.0,81.27,37
00014_19-09-2025-13.18,AVE,2025,9,4,13.3,184.0,55.14,112
00004_19-09-2025-13.57,AVE,2025,9,4,13.95,157.0,73.15,71
00009_19-09-2025-14.02,IRYO,2025,9,4,14.03,172.0,48.08,102
00015_19-09-2025-14.12,OUIGO,2025,9,4,14.2,157.0,39.91,151
00016_19-09-2025-14.27,AVE,2025,9,4,14.45,177.0,100.32,0
00017_19-09-2025-14.42,IRYO,2025,9,4,14.7,179.0,88.94,0
00004_19-09-2025-14.57,AVE,2025,9,4,14.95,157.0,93.66,10
00018_19-09-2025-15.27,AVLO,2025,9,4,15.45,199.0,52.24,29
00004_19-09-2025-15.57,AVE,2025,9,4,15.95,157.0,93.82,20
00007_19-09-2025-16.27,AVE,2025,9,4,16.45,172.0,78.61,52
00002_19-09-2025-16.37,IRYO,2025,9,4,16.62,157.0,58.58,87
00004_19-09-2025-16.57,AVE,2025,9,4,16.95,157.0,100.78,13
00015_19-09-2025-17.17,OUIGO,2025,9,4,17.28,157.0,34.81,249
00009_19-09-2025-17.22,IRYO,2025,9,4,17.37,172.0,69.78,11
00018_19-09-2025-17.27,AVLO,2025,9,4,17.45,199.0,48.61,35
00004_19-09-2025-17.57,AVE,2025,9,4,17.95,157.0,39.88,759
00016_19-09-2025-18.27,AVE,2025,9,4,18.45,177.0,82.33,3
00002_19-09-2025-18.32,IRYO,2025,9,4,18.53,157.0,56.91,15
00004_19-09-2025-18.57,AVE,2025,9,4,18.95,157.0,70.34,10
00009_19-09-2025-19.29,IRYO,2025,9,4,19.48,172.0,57.53,0
00019_19-09-2025-19.34,AVLO,2025,9,4,19.57,201.0,27.22,1186
00004_19-09-2025-20.05,AVE,2025,9,4,20.08,157.0,53.24,30
00009_19-09-2025-20.22,IRYO,2025,9,4,20.37,172.0,27.78,1123
00020_19-09-2025-20.27,AVE,2025,9,4,20.45,201.0,48.03,4
00005_19-09-2025-21.02,OUIGO,2025,9,4,21.03,172.0,22.91,4106
00007_19-09-2025-21.07,AVE,2025,9,4,21.12,172.0,84.03,0
00021_20-09-2025-06.27,AVLO,2025,9,5,6.45,178.0,31.58,410
00005_20-09-2025-07.02,OUIGO,2025,9,5,7.03,172.0,35.4,89
00006_20-09-2025-07.27,AVE,2025,9,5,7.45,199.0,72.09,10
00009_20-09-2025-08.07,IRYO,2025,9,5,8.12,172.0,39.0,111
00007_20-09-2025-08.27,AVE,2025,9,5,8.45,172.0,56.1,100
00008_20-09-2025-08.57,AVE,2025,9,5,8.95,164.0,66.99,39
00009_20-09-2025-09.22,IRYO,2025,9,5,9.37,172.0,42.96,99
00010_20-09-2025-09.27,AVE,2025,9,5,9.45,194.0,55.98,123
00009_20-09-2025-09.57,IRYO,2025,9,5,9.95,172.0,57.38,38
00011_20-09-2025-10.02,OUIGO,2025,9,5,10.03,182.0,42.34,58
00012_20-09-2025-10.27,AVLO,2025,9,5,10.45,172.0,48.65,94
00009_20-09-2025-11.22,IRYO,2025,9,5,11.37,172.0,64.62,11
00006_20-09-2025-11.27,AVE,2025,9,5,11.45,199.0,52.8,227
00009_20-09-2025-12.22,IRYO,2025,9,5,12.37,172.0,59.11,28
00013_20-09-2025-12.27,AVE,2025,9,5,12.45,197.0,65.04,56
00014_20-09-2025-13.18,AVE,2025,9,5,13.3,184.0,82.74,0
00015_20-09-2025-14.12,OUIGO,2025,9,5,14.2,157.0,23.43,1101
00017_20-09-2025-14.42,IRYO,2025,9,5,14.7,179.0,32.96,139
00018_20-09-2025-15.27,AVLO,2025,9,5,15.45,199.0,26.46,413
00007_20-09-2025-16.27,AVE,2025,9,5,16.45,172.0,88.99,9
00002_20-09-2025-16.37,IRYO,2025,9,5,16.62,157.0,35.55,246
00015_20-09-2025-17.17,OUIGO,2025,9,5,17.28,157.0,37.9,93
00018_20-09-2025-17.27,AVLO,2025,9,5,17.45,199.0,19.44,2739
00016_20-09-2025-18.27,AVE,2025,9,5,18.45,177.0,92.55,0
00009_20-09-2025-19.29,IRYO,2025,9,5,19.48,172.0,33.83,16
00019_20-09-2025-19.34,AVLO,2025,9,5,19.57,201.0,33.39,7
00009_20-09-2025-20.22,IRYO,2025,9,5,20.37,172.0,29.18,35
00020_20-09-2025-20.27,AVE,2025,9,5,20.45,201.0,24.58,888
00005_20-09-2025-21.02,OUIGO,2025,9,5,21.03,172.0,21.05,673
00021_21-09-2025-06.27,AVLO,2025,9,6,6.45,178.0,52.03,93
00005_21-09-2025-07.02,OUIGO,2025,9,6,7.03,172.0,16.35,5886
00006_21-09-2025-07.27,AVE,2025,9,6,7.45,199.0,65.29,32
00009_21-09-2025-08.07,IRYO,2025,9,6,8.12,172.0,46.14,24
00007_21-09-2025-08.27,AVE,2025,9,6,8.45,172.0,70.6,15
00009_21-09-2025-09.22,IRYO,2025,9,6,9.37,172.0,48.93,45
00010_21-09-2025-09.27,AVE,2025,9,6,9.45,194.0,35.75,712
00009_21-09-2025-09.57,IRYO,2025,9,6,9.95,172.0,77.19,1
00011_21-09-2025-10.02,OUIGO,2025,9,6,10.03,182.0,52.97,9
00012_21-09-2025-10.27,AVLO,2025,9,6,10.45,172.0,45.46,97
00009_21-09-2025-11.22,IRYO,2025,9,6,11.37,172.0,59.72,23
00006_21-09-2025-11.27,AVE,2025,9,6,11.45,199.0,116.92,0
00009_21-09-2025-12.22,IRYO,2025,9,6,12.37,172.0,59.78,27
00013_21-09-2025-12.27,AVE,2025,9,6,12.45,197.0,37.98,604
00014_21-09-2025-13.18,AVE,2025,9,6,13.3,184.0,55.14,73
00009_21-09-2025-14.02,IRYO,2025,9,6,14.03,172.0,79.34,9
00015_21-09-2025-14.12,OUIGO,2025,9,6,14.2,157.0,63.39,17
00016_21-09-2025-14.27,AVE,2025,9,6,14.45,177.0,96.38,10
00017_21-09-2025-14.42,IRYO,2025,9,6,14.7,179.0,60.35,73
00018_21-09-2025-15.27,AVLO,2025,9,6,15.45,199.0,63.58,37
00007_21-09-2025-16.27,AVE,2025,9,6,16.45,172.0,90.35,53
00002_21-09-2025-16.37,IRYO,2025,9,6,16.62,157.0,69.23,95
00004_21-09-2025-16.57,AVE,2025,9,6,16.95,157.0,82.18,176
00015_21-09-2025-17.17,OUIGO,2025,9,6,17.28,157.0,58.32,74
00009_21-09-2025-17.22,IRYO,2025,9,6,17.37,172.0,75.38,34
00018_21-09-2025-17.27,AVLO,2025,9,6,17.45,199.0,69.41,17
00004_21-09-2025-17.57,AVE,2025,9,6,17.95,157.0,67.48,223
00016_21-09-2025-18.27,AVE,2025,9,6,18.45,177.0,87.04,19
00002_21-09-2025-18.32,IRYO,2025,9,6,18.53,157.0,98.66,1
00004_21-09-2025-18.57,AVE,2025,9,6,18.95,157.0,122.71,0
00009_21-09-2025-19.29,IRYO,2025,9,6,19.48,172.0,94.62,0
00019_21-09-2025-19.34,AVLO,2025,9,6,19.57,201.0,82.39,1
00004_21-09-2025-20.05,AVE,2025,9,6,20.08,157.0,67.2,25
00009_21-09-2025-20.22,IRYO,2025,9,6,20.37,172.0,88.65,0
00020_21-09-2025-20.27,AVE,2025,9,6,20.45,201.0,79.91,4
00005_21-09-2025-21.02,OUIGO,2025,9,6,21.03,172.0,74.36,0
00007_21-09-2025-21.07,AVE,2025,9,6,21.12,172.0,137.85,0
00001_22-09-2025-06.12,AVLO,2025,9,0,6.2,157.0,27.12,593
00002_22-09-2025-06.22,IRYO,2025,9,0,6.37,157.0,52.21,69
00003_22-09-2025-06.27,AVE,2025,9,0,6.45,178.0,42.78,355
00004_22-09-2025-06.57,AVE,2025,9,0,6.95,157.0,53.33,163
00005_22-09-2025-07.02,OUIGO,2025,9,0,7.03,172.0,10.0,450
00002_22-09-2025-07.22,IRYO,2025,9,0,7.37,157.0,28.79,167
00006_22-09-2025-07.27,AVE,2025,9,0,7.45,199.0,45.19,61
00004_22-09-2025-07.57,AVE,2025,9,0,7.95,157.0,60.9,16
00007_22-09-2025-08.27,AVE,2025,9,0,8.45,172.0,66.31,12
00002_22-09-2025-08.32,IRYO,2025,9,0,8.53,157.0,39.39,31
00008_22-09-2025-08.57,AVE,2025,9,0,8.95,164.0,43.76,112
00009_22-09-2025-09.22,IRYO,2025,9,0,9.37,172.0,52.52,4
00010_22-09-2025-09.27,AVE,2025,9,0,9.45,194.0,75.64,1
00009_22-09-2025-09.57,IRYO,2025,9,0,9.95,172.0,39.72,37
00011_22-09-2025-10.02,OUIGO,2025,9,0,10.03,182.0,29.63,44
00012_22-09-2025-10.27,AVLO,2025,9,0,10.45,172.0,38.04,33
00009_22-09-2025-11.22,IRYO,2025,9,0,11.37,172.0,24.08,149
00006_22-09-2025-11.27,AVE,2025,9,0,11.45,199.0,40.72,64
00009_22-09-2025-12.22,IRYO,2025,9,0,12.37,172.0,25.04,80
00013_22-09-2025-12.27,AVE,2025,9,0,12.45,197.0,54.26,10
00004_22-09-2025-12.57,AVE,2025,9,0,12.95,157.0,23.79,426
00014_22-09-2025-13.18,AVE,2025,9,0,13.3,184.0,68.94,0
00009_22-09-2025-14.02,IRYO,2025,9,0,14.03,172.0,25.25,64
00015_22-09-2025-14.12,OUIGO,2025,9,0,14.2,157.0,21.45,64
00016_22-09-2025-14.27,AVE,2025,9,0,14.45,177.0,36.18,150
00017_22-09-2025-14.42,IRYO,2025,9,0,14.7,179.0,59.23,0
00004_22-09-2025-14.57,AVE,2025,9,0,14.95,157.0,41.46,178
00018_22-09-2025-15.27,AVLO,2025,9,0,15.45,199.0,34.69,24
00004_22-09-2025-15.57,AVE,2025,9,0,15.95,157.0,42.19,268
00007_22-09-2025-16.27,AVE,2025,9,0,16.45,172.0,81.34,5
00002_22-09-2025-16.37,IRYO,2025,9,0,16.62,157.0,35.57,133
00004_22-09-2025-16.57,AVE,2025,9,0,16.95,157.0,51.28,221
00015_22-09-2025-17.17,OUIGO,2025,9,0,17.28,157.0,40.48,25
00009_22-09-2025-17.22,IRYO,2025,9,0,17.37,172.0,42.68,37
00006_22-09-2025-17.27,AVE,2025,9,0,17.45,199.0,68.04,4
00004_22-09-2025-17.57,AVE,2025,9,0,17.95,157.0,30.22,446
00016_22-09-2025-18.27,AVE,2025,9,0,18.45,177.0,58.29,15
00002_22-09-2025-18.32,IRYO,2025,9,0,18.53,157.0,44.51,9
00004_22-09-2025-18.57,AVE,2025,9,0,18.95,157.0,44.21,55
00009_22-09-2025-19.29,IRYO,2025,9,0,19.48,172.0,56.81,0
00019_22-09-2025-19.34,AVLO,2025,9,0,19.57,201.0,24.93,4
00004_22-09-2025-20.05,AVE,2025,9,0,20.08,157.0,28.13,46
00009_22-09-2025-20.22,IRYO,2025,9,0,20.37,172.0,10.97,1085
00020_22-09-2025-20.27,AVE,2025,9,0,20.45,201.0,22.22,15
00005_22-09-2025-21.02,OUIGO,2025,9,0,21.03,172.0,37.19,0
00007_22-09-2025-21.07,AVE,2025,9,0,21.12,172.0,34.41,3
00001_23-09-2025-06.12,AVLO,2025,9,1,6.2,157.0,33.98,790
00002_23-09-2025-06.22,IRYO,2025,9,1,6.37,157.0,43.02,276
00003_23-09-2025-06.27,AVE,2025,9,1,6.45,178.0,56.57,230
00004_23-09-2025-06.57,AVE,2025,9,1,6.95,157.0,131.74,0
00005_23-09-2025-07.02,OUIGO,2025,9,1,7.03,172.0,45.74,21
00002_23-09-2025-07.22,IRYO,2025,9,1,7.37,157.0,27.2,361
00006_23-09-2025-07.27,AVE,2025,9,1,7.45,199.0,41.65,150
00004_23-09-2025-07.57,AVE,2025,9,1,7.95,157.0,29.14,817
00007_23-09-2025-08.27,AVE,2025,9,1,8.45,172.0,69.86,1
00002_23-09-2025-08.32,IRYO,2025,9,1,8.53,157.0,37.53,47
00008_23-09-2025-08.57,AVE,2025,9,1,8.95,164.0,31.44,388
00009_23-09-2025-09.22,IRYO,2025,9,1,9.37,172.0,45.67,24
00010_23-09-2025-09.27,AVE,2025,9,1,9.45,194.0,68.21,5
00009_23-09-2025-09.57,IRYO,2025,9,1,9.95,172.0,44.89,36
00011_23-09-2025-10.02,OUIGO,2025,9,1,10.03,182.0,34.14,49
00012_23-09-2025-10.27,AVLO,2025,9,1,10.45,172.0,33.3,148
00009_23-09-2025-11.22,IRYO,2025,9,1,11.37,172.0,40.24,51
00006_23-09-2025-11.27,AVE,2025,9,1,11.45,199.0,40.73,193
00009_23-09-2025-12.22,IRYO,2025,9,1,12.37,172.0,30.85,100
00013_23-09-2025-12.27,AVE,2025,9,1,12.45,197.0,47.46,61
00004_23-09-2025-12.57,AVE,2025,9,1,12.95,157.0,36.78,286
00014_23-09-2025-13.18,AVE,2025,9,1,13.3,184.0,48.24,18
00009_23-09-2025-14.02,IRYO,2025,9,1,14.03,172.0,47.48,5
00015_23-09-2025-14.12,OUIGO,2025,9,1,14.2,157.0,36.59,10
00016_23-09-2025-14.27,AVE,2025,9,1,14.45,177.0,76.17,0
00017_23-09-2025-14.42,IRYO,2025,9,1,14.7,179.0,25.62,39
00004_23-09-2025-14.57,AVE,2025,9,1,14.95,157.0,22.7,629
00018_23-09-2025-15.27,AVLO,2025,9,1,15.45,199.0,29.66,13
00004_23-09-2025-15.57,AVE,2025,9,1,15.95,157.0,17.7,1492
00007_23-09-2025-16.27,AVE,2025,9,1,16.45,172.0,28.4,476
00002_23-09-2025-16.37,IRYO,2025,9,1,16.62,157.0,14.61,1812
00004_23-09-2025-16.57,AVE,2025,9,1,16.95,157.0,52.57,124
00015_23-09-2025-17.17,OUIGO,2025,9,1,17.28,157.0,40.88,13
00009_23-09-2025-17.22,IRYO,2025,9,1,17.37,172.0,29.21,101
00006_23-09-2025-17.27,AVE,2025,9,1,17.45,199.0,73.53,2
00004_23-09-2025-17.57,AVE,2025,9,1,17.95,157.0,70.46,11
00016_23-09-2025-18.27,AVE,2025,9,1,18.45,177.0,66.06,7
00002_23-09-2025-18.32,IRYO,2025,9,1,18.53,157.0,49.97,9
00004_23-09-2025-18.57,AVE,2025,9,1,18.95,157.0,29.14,229
00009_23-09-2025-19.29,IRYO,2025,9,1,19.48,172.0,28.32,16
00019_23-09-2025-19.34,AVLO,2025,9,1,19.57,201.0,30.49,2
00004_23-09-2025-20.05,AVE,2025,9,1,20.08,157.0,34.71,57
00009_23-09-2025-20.22,IRYO,2025,9,1,20.37,172.0,31.62,3
00020_23-09-2025-20.27,AVE,2025,9,1,20.45,201.0,24.25,18
00005_23-09-2025-21.02,OUIGO,2025,9,1,21.03,172.0,22.27,6
00007_23-09-2025-21.07,AVE,2025,9,1,21.12,172.0,49.26,4
00001_24-09-2025-06.12,AVLO,2025,9,2,6.2,157.0,38.74,482
00002_24-09-2025-06.22,IRYO,2025,9,2,6.37,157.0,23.88,1090
00003_24-09-2025-06.27,AVE,2025,9,2,6.45,178.0,59.33,178
00004_24-09-2025-06.57,AVE,2025,9,2,6.95,157.0,110.5,0
00005_24-09-2025-07.02,OUIGO,2025,9,2,7.03,172.0,60.23,2
00002_24-09-2025-07.22,IRYO,2025,9,2,7.37,157.0,36.98,137
00006_24-09-2025-07.27,AVE,2025,9,2,7.45,199.0,27.48,670
00004_24-09-2025-07.57,AVE,2025,9,2,7.95,157.0,53.89,114
00007_24-09-2025-08.27,AVE,2025,9,2,8.45,172.0,75.27,2
00002_24-09-2025-08.32,IRYO,2025,9,2,8.53,157.0,43.09,32
00008_24-09-2025-08.57,AVE,2025,9,2,8.95,164.0,56.59,63
00009_24-09-2025-09.22,IRYO,2025,9,2,9.37,172.0,58.96,16
00010_24-09-2025-09.27,AVE,2025,9,2,9.45,194.0,73.38,15
00009_24-09-2025-09.57,IRYO,2025,9,2,9.95,172.0,30.58,217
00011_24-09-2025-10.02,OUIGO,2025,9,2,10.03,182.0,41.21,36
00012_24-09-2025-10.27,AVLO,2025,9,2,10.45,172.0,49.73,36
00009_24-09-2025-11.22,IRYO,2025,9,2,11.37,172.0,52.59,32
00006_24-09-2025-11.27,AVE,2025,9,2,11.45,199.0,55.7,73
00009_24-09-2025-12.22,IRYO,2025,9,2,12.37,172.0,43.69,59
00013_24-09-2025-12.27,AVE,2025,9,2,12.45,197.0,49.53,68
00004_24-09-2025-12.57,AVE,2025,9,2,12.95,157.0,43.7,260
00014_24-09-2025-13.18,AVE,2025,9,2,13.3,184.0,48.24,30
00009_24-09-2025-14.02,IRYO,2025,9,2,14.03,172.0,15.72,1921
00015_24-09-2025-14.12,OUIGO,2025,9,2,14.2,157.0,40.86,18
00016_24-09-2025-14.27,AVE,2025,9,2,14.45,177.0,31.51,520
00017_24-09-2025-14.42,IRYO,2025,9,2,14.7,179.0,55.22,3
00004_24-09-2025-14.57,AVE,2025,9,2,14.95,157.0,47.74,221
00018_24-09-2025-15.27,AVLO,2025,9,2,15.45,199.0,36.7,76
00004_24-09-2025-15.57,AVE,2025,9,2,15.95,157.0,48.82,421
00007_24-09-2025-16.27,AVE,2025,9,2,16.45,172.0,57.33,245
00002_24-09-2025-16.37,IRYO,2025,9,2,16.62,157.0,53.67,71
00004_24-09-2025-16.57,AVE,2025,9,2,16.95,157.0,141.58,0
00015_24-09-2025-17.17,OUIGO,2025,9,2,17.28,157.0,30.65,266
00009_24-09-2025-17.22,IRYO,2025,9,2,17.37,172.0,42.5,144
00006_24-09-2025-17.27,AVE,2025,9,2,17.45,199.0,60.51,79
00004_24-09-2025-17.57,AVE,2025,9,2,17.95,157.0,51.12,317
00016_24-09-2025-18.27,AVE,2025,9,2,18.45,177.0,65.06,33
00002_24-09-2025-18.32,IRYO,2025,9,2,18.53,157.0,43.87,53
00004_24-09-2025-18.57,AVE,2025,9,2,18.95,157.0,111.06,0
00009_24-09-2025-19.29,IRYO,2025,9,2,19.48,172.0,24.99,78
00019_24-09-2025-19.34,AVLO,2025,9,2,19.57,201.0,28.87,16
00004_24-09-2025-20.05,AVE,2025,9,2,20.08,157.0,53.9,19
00009_24-09-2025-20.22,IRYO,2025,9,2,20.37,172.0,39.11,8
00020_24-09-2025-20.27,AVE,2025,9,2,20.45,201.0,54.94,1
00005_24-09-2025-21.02,OUIGO,2025,9,2,21.03,172.0,46.92,0
00007_24-09-2025-21.07,AVE,2025,9,2,21.12,172.0,58.06,2
00001_25-09-2025-06.12,AVLO,2025,9,3,6.2,157.0,28.54,464
00002_25-09-2025-06.22,IRYO,2025,9,3,6.37,157.0,22.71,663
00003_25-09-2025-06.27,AVE,2025,9,3,6.45,178.0,44.25,249
00004_25-09-2025-06.57,AVE,2025,9,3,6.95,157.0,45.26,263
00005_25-09-2025-07.02,OUIGO,2025,9,3,7.03,172.0,30.35,48
00002_25-09-2025-07.22,IRYO,2025,9,3,7.37,157.0,37.17,66
00006_25-09-2025-07.27,AVE,2025,9,3,7.45,199.0,33.42,208
00004_25-09-2025-07.57,AVE,2025,9,3,7.95,157.0,40.5,165
00007_25-09-2025-08.27,AVE,2025,9,3,8.45,172.0,66.75,6
00002_25-09-2025-08.32,IRYO,2025,9,3,8.53,157.0,55.56,4
00008_25-09-2025-08.57,AVE,2025,9,3,8.95,164.0,40.77,242
00009_25-09-2025-09.22,IRYO,2025,9,3,9.37,172.0,60.11,16
00010_25-09-2025-09.27,AVE,2025,9,3,9.45,194.0,69.39,21
00009_25-09-2025-09.57,IRYO,2025,9,3,9.95,172.0,57.44,20
00011_25-09-2025-10.02,OUIGO,2025,9,3,10.03,182.0,54.17,8
00012_25-09-2025-10.27,AVLO,2025,9,3,10.45,172.0,57.15,27
00009_25-09-2025-11.22,IRYO,2025,9,3,11.37,172.0,81.24,0
00006_25-09-2025-11.27,AVE,2025,9,3,11.45,199.0,54.32,136
00009_25-09-2025-12.22,IRYO,2025,9,3,12.37,172.0,61.43,9
00013_25-09-2025-12.27,AVE,2025,9,3,12.45,197.0,53.94,93
00004_25-09-2025-12.57,AVE,2025,9,3,12.95,157.0,43.36,432
00014_25-09-2025-13.18,AVE,2025,9,3,13.3,184.0,55.14,72
00004_25-09-2025-13.57,AVE,2025,9,3,13.95,157.0,,0
00009_25-09-2025-14.02,IRYO,2025,9,3,14.03,172.0,,0
00015_25-09-2025-14.12,OUIGO,2025,9,3,14.2,157.0,,0
00016_25-09-2025-14.27,AVE,2025,9,3,14.45,177.0,76.5,59
00017_25-09-2025-14.42,IRYO,2025,9,3,14.7,179.0,61.87,34
00004_25-09-2025-14.57,AVE,2025,9,3,14.95,157.0,72.43,147
00018_25-09-2025-15.27,AVLO,2025,9,3,15.45,199.0,41.2,222
00004_25-09-2025-15.57,AVE,2025,9,3,15.95,157.0,99.25,12
00007_25-09-2025-16.27,AVE,2025,9,3,16.45,172.0,85.54,69
00002_25-09-2025-16.37,IRYO,2025,9,3,16.62,157.0,56.79,223
00004_25-09-2025-16.57,AVE,2025,9,3,16.95,157.0,140.59,0
00015_25-09-2025-17.17,OUIGO,2025,9,3,17.28,157.0,64.39,39
00009_25-09-2025-17.22,IRYO,2025,9,3,17.37,172.0,67.92,39
00006_25-09-2025-17.27,AVE,2025,9,3,17.45,199.0,94.1,8
00004_25-09-2025-17.57,AVE,2025,9,3,17.95,157.0,48.94,814
00016_25-09-2025-18.27,AVE,2025,9,3,18.45,177.0,83.38,10
00002_25-09-2025-18.32,IRYO,2025,9,3,18.53,157.0,64.04,16
00004_25-09-2025-18.57,AVE,2025,9,3,18.95,157.0,88.3,10
00009_25-09-2025-19.29,IRYO,2025,9,3,19.48,172.0,42.51,32
00019_25-09-2025-19.34,AVLO,2025,9,3,19.57,201.0,31.16,32
00004_25-09-2025-20.05,AVE,2025,9,3,20.08,157.0,61.33,24
00009_25-09-2025-20.22,IRYO,2025,9,3,20.37,172.0,39.28,13
00020_25-09-2025-20.27,AVE,2025,9,3,20.45,201.0,59.9,1
00005_25-09-2025-21.02,OUIGO,2025,9,3,21.03,172.0,22.02,1119
00007_25-09-2025-21.07,AVE,2025,9,3,21.12,172.0,70.5,0
00002_26-09-2025-06.22,IRYO,2025,9,4,6.37,157.0,10.0,5666
00021_26-09-2025-06.27,AVLO,2025,9,4,6.45,178.0,24.91,143
00004_26-09-2025-06.57,AVE,2025,9,4,6.95,157.0,46.3,116
00005_26-09-2025-07.02,OUIGO,2025,9,4,7.03,172.0,34.79,8
00002_26-09-2025-07.22,IRYO,2025,9,4,7.37,157.0,18.77,744
00006_26-09-2025-07.27,AVE,2025,9,4,7.45,199.0,73.44,2
00004_26-09-2025-07.57,AVE,2025,9,4,7.95,157.0,38.8,209
00002_26-09-2025-08.32,IRYO,2025,9,4,8.53,157.0,37.98,68
00008_26-09-2025-08.57,AVE,2025,9,4,8.95,164.0,105.59,0
00009_26-09-2025-09.22,IRYO,2025,9,4,9.37,172.0,63.07,8
00010_26-09-2025-09.27,AVE,2025,9,4,9.45,194.0,70.67,36
00009_26-09-2025-09.57,IRYO,2025,9,4,9.95,172.0,57.52,33
00011_26-09-2025-10.02,OUIGO,2025,9,4,10.03,182.0,39.64,87
00012_26-09-2025-10.27,AVLO,2025,9,4,10.45,172.0,68.58,15
00009_26-09-2025-11.22,IRYO,2025,9,4,11.37,172.0,63.47,42
00006_26-09-2025-11.27,AVE,2025,9,4,11.45,199.0,105.5,2
00009_26-09-2025-12.22,IRYO,2025,9,4,12.37,172.0,50.03,92
00013_26-09-2025-12.27,AVE,2025,9,4,12.45,197.0,53.44,194
00004_26-09-2025-12.57,AVE,2025,9,4,12.95,157.0,66.91,101
00014_26-09-2025-13.18,AVE,2025,9,4,13.3,184.0,55.14,81
00004_26-09-2025-13.57,AVE,2025,9,4,13.95,157.0,82.84,13
00009_26-09-2025-14.02,IRYO,2025,9,4,14.03,172.0,61.77,21
00015_26-09-2025-14.12,OUIGO,2025,9,4,14.2,157.0,34.11,154
00016_26-09-2025-14.27,AVE,2025,9,4,14.45,177.0,93.63,6
00017_26-09-2025-14.42,IRYO,2025,9,4,14.7,179.0,95.58,0
00004_26-09-2025-14.57,AVE,2025,9,4,14.95,157.0,96.01,7
00018_26-09-2025-15.27,AVLO,2025,9,4,15.45,199.0,49.13,40
00004_26-09-2025-15.57,AVE,2025,9,4,15.95,157.0,97.21,10
00007_26-09-2025-16.27,AVE,2025,9,4,16.45,172.0,90.64,10
00002_26-09-2025-16.37,IRYO,2025,9,4,16.62,157.0,58.43,65
00004_26-09-2025-16.57,AVE,2025,9,4,16.95,157.0,80.07,67
00015_26-09-2025-17.17,OUIGO,2025,9,4,17.28,157.0,25.93,561
00009_26-09-2025-17.22,IRYO,2025,9,4,17.37,172.0,63.81,19
00018_26-09-2025-17.27,AVLO,2025,9,4,17.45,199.0,50.4,25
00004_26-09-2025-17.57,AVE,2025,9,4,17.95,157.0,59.17,133
00016_26-09-2025-18.27,AVE,2025,9,4,18.45,177.0,73.41,10
00002_26-09-2025-18.32,IRYO,2025,9,4,18.53,157.0,49.38,27
00004_26-09-2025-18.57,AVE,2025,9,4,18.95,157.0,49.98,90
00009_26-09-2025-19.29,IRYO,2025,9,4,19.48,172.0,50.76,3
00019_26-09-2025-19.34,AVLO,2025,9,4,19.57,201.0,37.56,2
00004_26-09-2025-20.05,AVE,2025,9,4,20.08,157.0,91.27,1
00009_26-09-2025-20.22,IRYO,2025,9,4,20.37,172.0,25.64,120
00020_26-09-2025-20.27,AVE,2025,9,4,20.45,201.0,42.09,6
00005_26-09-2025-21.02,OUIGO,2025,9,4,21.03,172.0,35.4,1
00007_26-09-2025-21.07,AVE,2025,9,4,21.12,172.0,73.95,0
00021_27-09-2025-06.27,AVLO,2025,9,5,6.45,178.0,27.31,335
00005_27-09-2025-07.02,OUIGO,2025,9,5,7.03,172.0,34.17,68
00006_27-09-2025-07.27,AVE,2025,9,5,7.45,199.0,50.96,55
00009_27-09-2025-08.07,IRYO,2025,9,5,8.12,172.0,21.94,355
00007_27-09-2025-08.27,AVE,2025,9,5,8.45,172.0,63.49,18
00008_27-09-2025-08.57,AVE,2025,9,5,8.95,164.0,46.84,124
00009_27-09-2025-09.22,IRYO,2025,9,5,9.37,172.0,55.77,8
00010_27-09-2025-09.27,AVE,2025,9,5,9.45,194.0,70.36,10
00009_27-09-2025-09.57,IRYO,2025,9,5,9.95,172.0,41.66,57
00011_27-09-2025-10.02,OUIGO,2025,9,5,10.03,182.0,27.49,103
00012_27-09-2025-10.27,AVLO,2025,9,5,10.45,172.0,46.26,48
00009_27-09-2025-11.22,IRYO,2025,9,5,11.37,172.0,40.2,75
00006_27-09-2025-11.27,AVE,2025,9,5,11.45,199.0,44.96,179
00009_27-09-2025-12.22,IRYO,2025,9,5,12.37,172.0,34.68,99
00013_27-09-2025-12.27,AVE,2025,9,5,12.45,197.0,62.78,16
00014_27-09-2025-13.18,AVE,2025,9,5,13.3,184.0,82.74,1
00015_27-09-2025-14.12,OUIGO,2025,9,5,14.2,157.0,14.2,1724
00017_27-09-2025-14.42,IRYO,2025,9,5,14.7,179.0,30.59,85
00018_27-09-2025-15.27,AVLO,2025,9,5,15.45,199.0,30.72,67
00007_27-09-2025-16.27,AVE,2025,9,5,16.45,172.0,84.39,11
00002_27-09-2025-16.37,IRYO,2025,9,5,16.62,157.0,42.06,76
00015_27-09-2025-17.17,OUIGO,2025,9,5,17.28,157.0,14.8,1130
00018_27-09-2025-17.27,AVLO,2025,9,5,17.45,199.0,21.3,174
00016_27-09-2025-18.27,AVE,2025,9,5,18.45,177.0,100.3,0
00009_27-09-2025-19.29,IRYO,2025,9,5,19.48,172.0,42.62,3
00019_27-09-2025-19.34,AVLO,2025,9,5,19.57,201.0,31.08,6
00009_27-09-2025-20.22,IRYO,2025,9,5,20.37,172.0,36.04,2
00020_27-09-2025-20.27,AVE,2025,9,5,20.45,201.0,13.83,1855
00005_27-09-2025-21.02,OUIGO,2025,9,5,21.03,172.0,14.27,394
00021_28-09-2025-06.27,AVLO,2025,9,6,6.45,178.0,52.39,98
00005_28-09-2025-07.02,OUIGO,2025,9,6,7.03,172.0,32.95,2383
00006_28-09-2025-07.27,AVE,2025,9,6,7.45,199.0,54.93,146
00009_28-09-2025-08.07,IRYO,2025,9,6,8.12,172.0,54.41,36
00007_28-09-2025-08.27,AVE,2025,9,6,8.45,172.0,109.79,0
00009_28-09-2025-09.22,IRYO,2025,9,6,9.37,172.0,45.94,218
00010_28-09-2025-09.27,AVE,2025,9,6,9.45,194.0,60.72,114
00009_28-09-2025-09.57,IRYO,2025,9,6,9.95,172.0,73.97,2
00011_28-09-2025-10.02,OUIGO,2025,9,6,10.03,182.0,41.87,318
00012_28-09-2025-10.27,AVLO,2025,9,6,10.45,172.0,49.65,139
00009_28-09-2025-11.22,IRYO,2025,9,6,11.37,172.0,54.35,63
00006_28-09-2025-11.27,AVE,2025,9,6,11.45,199.0,145.64,0
00009_28-09-2025-12.22,IRYO,2025,9,6,12.37,172.0,40.91,1017
00013_28-09-2025-12.27,AVE,2025,9,6,12.45,197.0,53.37,221
00014_28-09-2025-13.18,AVE,2025,9,6,13.3,184.0,55.14,84
00009_28-09-2025-14.02,IRYO,2025,9,6,14.03,172.0,71.78,10
00015_28-09-2025-14.12,OUIGO,2025,9,6,14.2,157.0,40.05,1704
00016_28-09-2025-14.27,AVE,2025,9,6,14.45,177.0,86.4,9
00017_28-09-2025-14.42,IRYO,2025,9,6,14.7,179.0,87.01,3
00018_28-09-2025-15.27,AVLO,2025,9,6,15.45,199.0,68.4,16
00007_28-09-2025-16.27,AVE,2025,9,6,16.45,172.0,83.58,61
00002_28-09-2025-16.37,IRYO,2025,9,6,16.62,157.0,78.68,17
00004_28-09-2025-16.57,AVE,2025,9,6,16.95,157.0,68.19,290
00015_28-09-2025-17.17,OUIGO,2025,9,6,17.28,157.0,69.46,18
00009_28-09-2025-17.22,IRYO,2025,9,6,17.37,172.0,85.28,8
00018_28-09-2025-17.27,AVLO,2025,9,6,17.45,199.0,69.49,14
00004_28-09-2025-17.57,AVE,2025,9,6,17.95,157.0,63.52,198
00016_28-09-2025-18.27,AVE,2025,9,6,18.45,177.0,81.59,19
00002_28-09-2025-18.32,IRYO,2025,9,6,18.53,157.0,82.42,3
00004_28-09-2025-18.57,AVE,2025,9,6,18.95,157.0,122.98,1
00009_28-09-2025-19.29,IRYO,2025,9,6,19.48,172.0,74.27,2
00019_28-09-2025-19.34,AVLO,2025,9,6,19.57,201.0,86.55,0
00004_28-09-2025-20.05,AVE,2025,9,6,20.08,157.0,58.69,38
00009_28-09-2025-20.22,IRYO,2025,9,6,20.37,172.0,83.54,0
00020_28-09-2025-20.27,AVE,2025,9,6,20.45,201.0,82.33,1
00005_28-09-2025-21.02,OUIGO,2025,9,6,21.03,172.0,66.55,0
00007_28-09-2025-21.07,AVE,2025,9,6,21.12,172.0,127.36,0
00001_29-09-2025-06.12,AVLO,2025,9,0,6.2,157.0,26.21,681
00002_29-09-2025-06.22,IRYO,2025,9,0,6.37,157.0,17.11,1132
00003_29-09-2025-06.27,AVE,2025,9,0,6.45,178.0,43.86,397
00004_29-09-2025-06.57,AVE,2025,9,0,6.95,157.0,52.94,179
00005_29-09-2025-07.02,OUIGO,2025,9,0,7.03,172.0,28.24,78
00002_29-09-2025-07.22,IRYO,2025,9,0,7.37,157.0,26.55,253
00006_29-09-2025-07.27,AVE,2025,9,0,7.45,199.0,51.09,46
00004_29-09-2025-07.57,AVE,2025,9,0,7.95,157.0,70.1,15
00007_29-09-2025-08.27,AVE,2025,9,0,8.45,172.0,68.3,14
00002_29-09-2025-08.32,IRYO,2025,9,0,8.53,157.0,45.76,21
00008_29-09-2025-08.57,AVE,2025,9,0,8.95,164.0,56.94,57
00009_29-09-2025-09.22,IRYO,2025,9,0,9.37,172.0,49.19,33
00010_29-09-2025-09.27,AVE,2025,9,0,9.45,194.0,66.89,17
00009_29-09-2025-09.57,IRYO,2025,9,0,9.95,172.0,34.8,133
00011_29-09-2025-10.02,OUIGO,2025,9,0,10.03,182.0,31.2,88
00012_29-09-2025-10.27,AVLO,2025,9,0,10.45,172.0,33.24,181
00009_29-09-2025-11.22,IRYO,2025,9,0,11.37,172.0,33.29,176
00006_29-09-2025-11.27,AVE,2025,9,0,11.45,199.0,44.1,190
00009_29-09-2025-12.22,IRYO,2025,9,0,12.37,172.0,36.45,58
00013_29-09-2025-12.27,AVE,2025,9,0,12.45,197.0,52.49,58
00004_29-09-2025-12.57,AVE,2025,9,0,12.95,157.0,41.06,296
00014_29-09-2025-13.18,AVE,2025,9,0,13.3,184.0,68.94,1
00009_29-09-2025-14.02,IRYO,2025,9,0,14.03,172.0,24.23,178
00015_29-09-2025-14.12,OUIGO,2025,9,0,14.2,157.0,42.15,12
00016_29-09-2025-14.27,AVE,2025,9,0,14.45,177.0,50.33,92
00017_29-09-2025-14.42,IRYO,2025,9,0,14.7,179.0,51.38,9
00004_29-09-2025-14.57,AVE,2025,9,0,14.95,157.0,45.38,242
00018_29-09-2025-15.27,AVLO,2025,9,0,15.45,199.0,35.75,48
00004_29-09-2025-15.57,AVE,2025,9,0,15.95,157.0,44.71,426
00007_29-09-2025-16.27,AVE,2025,9,0,16.45,172.0,67.04,39
00002_29-09-2025-16.37,IRYO,2025,9,0,16.62,157.0,62.77,9
00004_29-09-2025-16.57,AVE,2025,9,0,16.95,157.0,41.78,694
00015_29-09-2025-17.17,OUIGO,2025,9,0,17.28,157.0,28.46,135
00009_29-09-2025-17.22,IRYO,2025,9,0,17.37,172.0,49.79,23
00006_29-09-2025-17.27,AVE,2025,9,0,17.45,199.0,72.08,4
00004_29-09-2025-17.57,AVE,2025,9,0,17.95,157.0,44.1,247
00016_29-09-2025-18.27,AVE,2025,9,0,18.45,177.0,45.59,67
00002_29-09-2025-18.32,IRYO,2025,9,0,18.53,157.0,21.15,174
00004_29-09-2025-18.57,AVE,2025,9,0,18.95,157.0,32.94,221
00009_29-09-2025-19.29,IRYO,2025,9,0,19.48,172.0,42.29,4
00019_29-09-2025-19.34,AVLO,2025,9,0,19.57,201.0,20.8,7
00004_29-09-2025-20.05,AVE,2025,9,0,20.08,157.0,22.5,140
00009_29-09-2025-20.22,IRYO,2025,9,0,20.37,172.0,11.03,1670
00020_29-09-2025-20.27,AVE,2025,9,0,20.45,201.0,19.09,68
00005_29-09-2025-21.02,OUIGO,2025,9,0,21.03,172.0,19.91,7
00007_29-09-2025-21.07,AVE,2025,9,0,21.12,172.0,39.98,4
00001_30-09-2025-06.12,AVLO,2025,9,1,6.2,157.0,35.08,233
00002_30-09-2025-06.22,IRYO,2025,9,1,6.37,157.0,30.59,329
00003_30-09-2025-06.27,AVE,2025,9,1,6.45,178.0,28.37,834
00004_30-09-2025-06.57,AVE,2025,9,1,6.95,157.0,116.4,0
00005_30-09-2025-07.02,OUIGO,2025,9,1,7.03,172.0,46.19,4
00002_30-09-2025-07.22,IRYO,2025,9,1,7.37,157.0,12.5,624
00006_30-09-2025-07.27,AVE,2025,9,1,7.45,199.0,31.52,127
00004_30-09-2025-07.57,AVE,2025,9,1,7.95,157.0,34.87,214
00007_30-09-2025-08.27,AVE,2025,9,1,8.45,172.0,62.91,2
00002_30-09-2025-08.32,IRYO,2025,9,1,8.53,157.0,43.05,4
00008_30-09-2025-08.57,AVE,2025,9,1,8.95,164.0,25.62,250
00009_30-09-2025-09.22,IRYO,2025,9,1,9.37,172.0,50.96,3
00010_30-09-2025-09.27,AVE,2025,9,1,9.45,194.0,84.4,0
00009_30-09-2025-09.57,IRYO,2025,9,1,9.95,172.0,15.33,332
00011_30-09-2025-10.02,OUIGO,2025,9,1,10.03,182.0,40.43,6
00012_30-09-2025-10.27,AVLO,2025,9,1,10.45,172.0,36.98,27
00009_30-09-2025-11.22,IRYO,2025,9,1,11.37,172.0,19.19,180
00006_30-09-2025-11.27,AVE,2025,9,1,11.45,199.0,20.11,385
00009_30-09-2025-12.22,IRYO,2025,9,1,12.37,172.0,45.36,3
00013_30-09-2025-12.27,AVE,2025,9,1,12.45,197.0,39.06,67
00004_30-09-2025-12.57,AVE,2025,9,1,12.95,157.0,35.58,185
00014_30-09-2025-13.18,AVE,2025,9,1,13.3,184.0,48.24,12
00009_30-09-2025-14.02,IRYO,2025,9,1,14.03,172.0,32.33,28
00015_30-09-2025-14.12,OUIGO,2025,9,1,14.2,157.0,32.64,18
00016_30-09-2025-14.27,AVE,2025,9,1,14.45,177.0,76.32,0
00017_30-09-2025-14.42,IRYO,2025,9,1,14.7,179.0,21.94,122
00004_30-09-2025-14.57,AVE,2025,9,1,14.95,157.0,36.48,232
00018_30-09-2025-15.27,AVLO,2025,9,1,15.45,199.0,28.95,49
00004_30-09-2025-15.57,AVE,2025,9,1,15.95,157.0,36.47,388
00007_30-09-2025-16.27,AVE,2025,9,1,16.45,172.0,32.88,456
00002_30-09-2025-16.37,IRYO,2025,9,1,16.62,157.0,41.41,42
00004_30-09-2025-16.57,AVE,2025,9,1,16.95,157.0,42.24,370
00015_30-09-2025-17.17,OUIGO,2025,9,1,17.28,157.0,18.71,476
00009_30-09-2025-17.22,IRYO,2025,9,1,17.37,172.0,28.19,133
00006_30-09-2025-17.27,AVE,2025,9,1,17.45,199.0,53.91,32
00004_30-09-2025-17.57,AVE,2025,9,1,17.95,157.0,74.18,7
00016_30-09-2025-18.27,AVE,2025,9,1,18.45,177.0,59.46,14
00002_30-09-2025-18.32,IRYO,2025,9,1,18.53,157.0,30.27,59
00004_30-09-2025-18.57,AVE,2025,9,1,18.95,157.0,31.44,127
00009_30-09-2025-19.29,IRYO,2025,9,1,19.48,172.0,38.02,7
00019_30-09-2025-19.34,AVLO,2025,9,1,19.57,201.0,30.87,3
00004_30-09-2025-20.05,AVE,2025,9,1,20.08,157.0,41.7,19
00009_30-09-2025-20.22,IRYO,2025,9,1,20.37,172.0,30.43,2
00020_30-09-2025-20.27,AVE,2025,9,1,20.45,201.0,38.23,4
00005_30-09-2025-21.02,OUIGO,2025,9,1,21.03,172.0,14.83,724
00007_30-09-2025-21.07,AVE,2025,9,1,21.12,172.0,45.19,1
00001_01-10-2025-06.12,AVLO,2025,10,2,6.2,157.0,42.49,474
00002_01-10-2025-06.22,IRYO,2025,10,2,6.37,157.0,35.85,620
00003_01-10-2025-06.27,AVE,2025,10,2,6.45,178.0,59.68,234
00004_01-10-2025-06.57,AVE,2025,10,2,6.95,157.0,100.94,2
00005_01-10-2025-07.02,OUIGO,2025,10,2,7.03,172.0,53.08,6
00002_01-10-2025-07.22,IRYO,2025,10,2,7.37,157.0,49.05,59
00006_01-10-2025-07.27,AVE,2025,10,2,7.45,199.0,33.86,404
00004_01-10-2025-07.57,AVE,2025,10,2,7.95,157.0,39.51,470
00007_01-10-2025-08.27,AVE,2025,10,2,8.45,172.0,88.97,0
00002_01-10-2025-08.32,IRYO,2025,10,2,8.53,157.0,33.64,94
00008_01-10-2025-08.57,AVE,2025,10,2,8.95,164.0,40.52,243
00009_01-10-2025-09.22,IRYO,2025,10,2,9.37,172.0,52.78,17
00010_01-10-2025-09.27,AVE,2025,10,2,9.45,194.0,75.49,4
00009_01-10-2025-09.57,IRYO,2025,10,2,9.95,172.0,40.92,49
00011_01-10-2025-10.02,OUIGO,2025,10,2,10.03,182.0,46.31,11
00012_01-10-2025-10.27,AVLO,2025,10,2,10.45,172.0,47.23,29
00009_01-10-2025-11.22,IRYO,2025,10,2,11.37,172.0,36.49,91
00006_01-10-2025-11.27,AVE,2025,10,2,11.45,199.0,26.1,843
00009_01-10-2025-12.22,IRYO,2025,10,2,12.37,172.0,40.82,40
00013_01-10-2025-12.27,AVE,2025,10,2,12.45,197.0,45.96,93
00004_01-10-2025-12.57,AVE,2025,10,2,12.95,157.0,49.53,111
00014_01-10-2025-13.18,AVE,2025,10,2,13.3,184.0,48.24,52
00009_01-10-2025-14.02,IRYO,2025,10,2,14.03,172.0,52.89,12
00015_01-10-2025-14.12,OUIGO,2025,10,2,14.2,157.0,28.06,439
00016_01-10-2025-14.27,AVE,2025,10,2,14.45,177.0,44.24,270
00017_01-10-2025-14.42,IRYO,2025,10,2,14.7,179.0,66.87,4
00004_01-10-2025-14.57,AVE,2025,10,2,14.95,157.0,49.46,292
00018_01-10-2025-15.27,AVLO,2025,10,2,15.45,199.0,33.61,116
00004_01-10-2025-15.57,AVE,2025,10,2,15.95,157.0,62.68,179
00007_01-10-2025-16.27,AVE,2025,10,2,16.45,172.0,48.32,493
00002_01-10-2025-16.37,IRYO,2025,10,2,16.62,157.0,49.35,155
00004_01-10-2025-16.57,AVE,2025,10,2,16.95,157.0,122.02,1
00015_01-10-2025-17.17,OUIGO,2025,10,2,17.28,157.0,58.79,17
00009_01-10-2025-17.22,IRYO,2025,10,2,17.37,172.0,25.15,1584
00006_01-10-2025-17.27,AVE,2025,10,2,17.45,199.0,62.54,68
00004_01-10-2025-17.57,AVE,2025,10,2,17.95,157.0,68.9,85
00016_01-10-2025-18.27,AVE,2025,10,2,18.45,177.0,54.61,115
00002_01-10-2025-18.32,IRYO,2025,10,2,18.53,157.0,46.68,54
00004_01-10-2025-18.57,AVE,2025,10,2,18.95,157.0,111.96,0
00009_01-10-2025-19.29,IRYO,2025,10,2,19.48,172.0,31.02,64
00019_01-10-2025-19.34,AVLO,2025,10,2,19.57,201.0,32.59,14
00004_01-10-2025-20.05,AVE,2025,10,2,20.08,157.0,56.64,14
00009_01-10-2025-20.22,IRYO,2025,10,2,20.37,172.0,35.66,5
00020_01-10-2025-20.27,AVE,2025,10,2,20.45,201.0,38.53,10
00005_01-10-2025-21.02,OUIGO,2025,10,2,21.03,172.0,30.63,15
00007_01-10-2025-21.07,AVE,2025,10,2,21.12,172.0,39.84,10
00001_02-10-2025-06.12,AVLO,2025,10,3,6.2,157.0,29.1,966
00002_02-10-2025-06.22,IRYO,2025,10,3,6.37,157.0,51.6,139
00003_02-10-2025-06.27,AVE,2025,10,3,6.45,178.0,51.0,374
00004_02-10-2025-06.57,AVE,2025,10,3,6.95,157.0,59.79,205
00005_02-10-2025-07.02,OUIGO,2025,10,3,7.03,172.0,34.81,82
00002_02-10-2025-07.22,IRYO,2025,10,3,7.37,157.0,25.51,568
00006_02-10-2025-07.27,AVE,2025,10,3,7.45,199.0,57.33,70
00004_02-10-2025-07.57,AVE,2025,10,3,7.95,157.0,57.47,83
00007_02-10-2025-08.27,AVE,2025,10,3,8.45,172.0,74.49,12
00002_02-10-2025-08.32,IRYO,2025,10,3,8.53,157.0,47.77,60
00008_02-10-2025-08.57,AVE,2025,10,3,8.95,164.0,80.07,7
00009_02-10-2025-09.22,IRYO,2025,10,3,9.37,172.0,59.18,27
00010_02-10-2025-09.27,AVE,2025,10,3,9.45,194.0,59.87,125
00009_02-10-2025-09.57,IRYO,2025,10,3,9.95,172.0,47.53,85
00011_02-10-2025-10.02,OUIGO,2025,10,3,10.03,182.0,57.04,11
00012_02-10-2025-10.27,AVLO,2025,10,3,10.45,172.0,50.11,84
00009_02-10-2025-11.22,IRYO,2025,10,3,11.37,172.0,48.2,105
00006_02-10-2025-11.27,AVE,2025,10,3,11.45,199.0,60.63,97
00009_02-10-2025-12.22,IRYO,2025,10,3,12.37,172.0,53.21,50
00013_02-10-2025-12.27,AVE,2025,10,3,12.45,197.0,42.83,366
00004_02-10-2025-12.57,AVE,2025,10,3,12.95,157.0,55.13,225
00014_02-10-2025-13.18,AVE,2025,10,3,13.3,184.0,55.14,75
00004_02-10-2025-13.57,AVE,2025,10,3,13.95,157.0,,0
00009_02-10-2025-14.02,IRYO,2025,10,3,14.03,172.0,,0
00015_02-10-2025-14.12,OUIGO,2025,10,3,14.2,157.0,,0
00016_02-10-2025-14.27,AVE,2025,10,3,14.45,177.0,81.15,33
00017_02-10-2025-14.42,IRYO,2025,10,3,14.7,179.0,45.1,147
00004_02-10-2025-14.57,AVE,2025,10,3,14.95,157.0,79.28,53
00018_02-10-2025-15.27,AVLO,2025,10,3,15.45,199.0,36.69,196
00004_02-10-2025-15.57,AVE,2025,10,3,15.95,157.0,94.04,16
00007_02-10-2025-16.27,AVE,2025,10,3,16.45,172.0,53.63,674
00002_02-10-2025-16.37,IRYO,2025,10,3,16.62,157.0,48.64,333
00004_02-10-2025-16.57,AVE,2025,10,3,16.95,157.0,149.31,0
00015_02-10-2025-17.17,OUIGO,2025,10,3,17.28,157.0,49.58,119
00009_02-10-2025-17.22,IRYO,2025,10,3,17.37,172.0,82.12,3
00006_02-10-2025-17.27,AVE,2025,10,3,17.45,199.0,100.34,1
00004_02-10-2025-17.57,AVE,2025,10,3,17.95,157.0,61.53,238
00016_02-10-2025-18.27,AVE,2025,10,3,18.45,177.0,61.56,70
00002_02-10-2025-18.32,IRYO,2025,10,3,18.53,157.0,29.98,436
00004_02-10-2025-18.57,AVE,2025,10,3,18.95,157.0,74.08,30
00009_02-10-2025-19.29,IRYO,2025,10,3,19.48,172.0,27.42,331
00019_02-10-2025-19.34,AVLO,2025,10,3,19.57,201.0,43.14,2
00004_02-10-2025-20.05,AVE,2025,10,3,20.08,157.0,78.09,2
00009_02-10-2025-20.22,IRYO,2025,10,3,20.37,172.0,39.9,3
00020_02-10-2025-20.27,AVE,2025,10,3,20.45,201.0,24.48,681
00005_02-10-2025-21.02,OUIGO,2025,10,3,21.03,172.0,24.96,595
00007_02-10-2025-21.07,AVE,2025,10,3,21.12,172.0,52.61,6
00002_03-10-2025-06.22,IRYO,2025,10,4,6.37,157.0,31.75,235
00021_03-10-2025-06.27,AVLO,2025,10,4,6.45,178.0,19.96,1553
00004_03-10-2025-06.57,AVE,2025,10,4,6.95,157.0,54.81,81
00005_03-10-2025-07.02,OUIGO,2025,10,4,7.03,172.0,19.5,1125
00002_03-10-2025-07.22,IRYO,2025,10,4,7.37,157.0,40.45,48
00006_03-10-2025-07.27,AVE,2025,10,4,7.45,199.0,76.43,0
00004_03-10-2025-07.57,AVE,2025,10,4,7.95,157.0,32.01,687
00002_03-10-2025-08.32,IRYO,2025,10,4,8.53,157.0,42.35,61
00008_03-10-2025-08.57,AVE,2025,10,4,8.95,164.0,112.12,0
00009_03-10-2025-09.22,IRYO,2025,10,4,9.37,172.0,59.12,14
00010_03-10-2025-09.27,AVE,2025,10,4,9.45,194.0,65.11,58
00009_03-10-2025-09.57,IRYO,2025,10,4,9.95,172.0,54.23,37
00011_03-10-2025-10.02,OUIGO,2025,10,4,10.03,182.0,64.4,5
00012_03-10-2025-10.27,AVLO,2025,10,4,10.45,172.0,51.67,58
00009_03-10-2025-11.22,IRYO,2025,10,4,11.37,172.0,69.08,12
00006_03-10-2025-11.27,AVE,2025,10,4,11.45,199.0,103.37,0
00009_03-10-2025-12.22,IRYO,2025,10,4,12.37,172.0,47.66,97
00013_03-10-2025-12.27,AVE,2025,10,4,12.45,197.0,40.87,464
00004_03-10-2025-12.57,AVE,2025,10,4,12.95,157.0,98.4,1
00014_03-10-2025-13.18,AVE,2025,10,4,13.3,184.0,55.14,74
00004_03-10-2025-13.57,AVE,2025,10,4,13.95,157.0,86.87,11
00009_03-10-2025-14.02,IRYO,2025,10,4,14.03,172.0,60.37,29
00015_03-10-2025-14.12,OUIGO,2025,10,4,14.2,157.0,43.92,67
00016_03-10-2025-14.27,AVE,2025,10,4,14.45,177.0,98.59,2
00017_03-10-2025-14.42,IRYO,2025,10,4,14.7,179.0,83.12,1
00004_03-10-2025-14.57,AVE,2025,10,4,14.95,157.0,107.21,2
00018_03-10-2025-15.27,AVLO,2025,10,4,15.45,199.0,61.88,7
00004_03-10-2025-15.57,AVE,2025,10,4,15.95,157.0,79.85,75
00007_03-10-2025-16.27,AVE,2025,10,4,16.45,172.0,86.27,24
00002_03-10-2025-16.37,IRYO,2025,10,4,16.62,157.0,84.44,5
00004_03-10-2025-16.57,AVE,2025,10,4,16.95,157.0,101.82,10
00015_03-10-2025-17.17,OUIGO,2025,10,4,17.28,157.0,56.57,33
00009_03-10-2025-17.22,IRYO,2025,10,4,17.37,172.0,46.11,121
00018_03-10-2025-17.27,AVLO,2025,10,4,17.45,199.0,59.34,9
00004_03-10-2025-17.57,AVE,2025,10,4,17.95,157.0,63.05,120
00016_03-10-2025-18.27,AVE,2025,10,4,18.45,177.0,89.34,1
00002_03-10-2025-18.32,IRYO,2025,10,4,18.53,157.0,21.8,2271
00004_03-10-2025-18.57,AVE,2025,10,4,18.95,157.0,62.02,33
00009_03-10-2025-19.29,IRYO,2025,10,4,19.48,172.0,45.59,2
00019_03-10-2025-19.34,AVLO,2025,10,4,19.57,201.0,29.32,22
00004_03-10-2025-20.05,AVE,2025,10,4,20.08,157.0,68.42,4
00009_03-10-2025-20.22,IRYO,2025,10,4,20.37,172.0,36.49,3
00020_03-10-2025-20.27,AVE,2025,10,4,20.45,201.0,53.45,3
00005_03-10-2025-21.02,OUIGO,2025,10,4,21.03,172.0,21.75,847
00007_03-10-2025-21.07,AVE,2025,10,4,21.12,172.0,86.1,0
00021_04-10-2025-06.27,AVLO,2025,10,5,6.45,178.0,27.82,479
00005_04-10-2025-07.02,OUIGO,2025,10,5,7.03,172.0,39.81,50
00006_04-10-2025-07.27,AVE,2025,10,5,7.45,199.0,32.73,471
00009_04-10-2025-08.07,IRYO,2025,10,5,8.12,172.0,33.81,114
00007_04-10-2025-08.27,AVE,2025,10,5,8.45,172.0,58.16,46
00008_04-10-2025-08.57,AVE,2025,10,5,8.95,164.0,46.38,198
00009_04-10-2025-09.22,IRYO,2025,10,5,9.37,172.0,43.18,59
00010_04-10-2025-09.27,AVE,2025,10,5,9.45,194.0,56.33,76
00009_04-10-2025-09.57,IRYO,2025,10,5,9.95,172.0,67.49,3
00011_04-10-2025-10.02,OUIGO,2025,10,5,10.03,182.0,29.61,146
00012_04-10-2025-10.27,AVLO,2025,10,5,10.45,172.0,50.75,44
00009_04-10-2025-11.22,IRYO,2025,10,5,11.37,172.0,41.07,145
00006_04-10-2025-11.27,AVE,2025,10,5,11.45,199.0,43.29,302
00009_04-10-2025-12.22,IRYO,2025,10,5,12.37,172.0,58.71,20
00013_04-10-2025-12.27,AVE,2025,10,5,12.45,197.0,57.57,76
00014_04-10-2025-13.18,AVE,2025,10,5,13.3,184.0,82.74,1
00015_04-10-2025-14.12,OUIGO,2025,10,5,14.2,157.0,10.0,5519
00017_04-10-2025-14.42,IRYO,2025,10,5,14.7,179.0,43.85,50
00018_04-10-2025-15.27,AVLO,2025,10,5,15.45,199.0,29.45,107
00007_04-10-2025-16.27,AVE,2025,10,5,16.45,172.0,92.01,7
00002_04-10-2025-16.37,IRYO,2025,10,5,16.62,157.0,30.09,307
00015_04-10-2025-17.17,OUIGO,2025,10,5,17.28,157.0,11.8,2775
00018_04-10-2025-17.27,AVLO,2025,10,5,17.45,199.0,28.34,115
00016_04-10-2025-18.27,AVE,2025,10,5,18.45,177.0,111.62,0
00009_04-10-2025-19.29,IRYO,2025,10,5,19.48,172.0,42.34,11
00019_04-10-2025-19.34,AVLO,2025,10,5,19.57,201.0,32.09,6
00009_04-10-2025-20.22,IRYO,2025,10,5,20.37,172.0,36.22,5
00020_04-10-2025-20.27,AVE,2025,10,5,20.45,201.0,18.97,697
00005_04-10-2025-21.02,OUIGO,2025,10,5,21.03,172.0,17.58,80
00021_05-10-2025-06.27,AVLO,2025,10,6,6.45,178.0,56.94,78
00005_05-10-2025-07.02,OUIGO,2025,10,6,7.03,172.0,45.69,64
00006_05-10-2025-07.27,AVE,2025,10,6,7.45,199.0,64.69,48
00009_05-10-2025-08.07,IRYO,2025,10,6,8.12,172.0,72.04,4
00007_05-10-2025-08.27,AVE,2025,10,6,8.45,172.0,82.33,10
00009_05-10-2025-09.22,IRYO,2025,10,6,9.37,172.0,39.47,175
00010_05-10-2025-09.27,AVE,2025,10,6,9.45,194.0,45.2,309
00009_05-10-2025-09.57,IRYO,2025,10,6,9.95,172.0,71.6,2
00011_05-10-2025-10.02,OUIGO,2025,10,6,10.03,182.0,23.76,4496
00012_05-10-2025-10.27,AVLO,2025,10,6,10.45,172.0,41.86,121
00009_05-10-2025-11.22,IRYO,2025,10,6,11.37,172.0,61.21,14
00006_05-10-2025-11.27,AVE,2025,10,6,11.45,199.0,129.85,0
00009_05-10-2025-12.22,IRYO,2025,10,6,12.37,172.0,44.47,123
00013_05-10-2025-12.27,AVE,2025,10,6,12.45,197.0,51.85,178
00014_05-10-2025-13.18,AVE,2025,10,6,13.3,184.0,55.14,104
00009_05-10-2025-14.02,IRYO,2025,10,6,14.03,172.0,81.34,3
00015_05-10-2025-14.12,OUIGO,2025,10,6,14.2,157.0,51.1,36
00016_05-10-2025-14.27,AVE,2025,10,6,14.45,177.0,107.1,5
00017_05-10-2025-14.42,IRYO,2025,10,6,14.7,179.0,84.4,7
00018_05-10-2025-15.27,AVLO,2025,10,6,15.45,199.0,65.39,31
00007_05-10-2025-16.27,AVE,2025,10,6,16.45,172.0,80.82,99
00002_05-10-2025-16.37,IRYO,2025,10,6,16.62,157.0,87.87,14
00004_05-10-2025-16.57,AVE,2025,10,6,16.95,157.0,81.53,173
00015_05-10-2025-17.17,OUIGO,2025,10,6,17.28,157.0,54.28,118
00009_05-10-2025-17.22,IRYO,2025,10,6,17.37,172.0,87.69,10
00018_05-10-2025-17.27,AVLO,2025,10,6,17.45,199.0,68.77,30
00004_05-10-2025-17.57,AVE,2025,10,6,17.95,157.0,81.48,85
00016_05-10-2025-18.27,AVE,2025,10,6,18.45,177.0,85.7,15
00002_05-10-2025-18.32,IRYO,2025,10,6,18.53,157.0,95.94,1
00004_05-10-2025-18.57,AVE,2025,10,6,18.95,157.0,103.27,2
00009_05-10-2025-19.29,IRYO,2025,10,6,19.48,172.0,83.82,3
00019_05-10-2025-19.34,AVLO,2025,10,6,19.57,201.0,83.51,0
00004_05-10-2025-20.05,AVE,2025,10,6,20.08,157.0,75.52,20
00009_05-10-2025-20.22,IRYO,2025,10,6,20.37,172.0,81.57,0
00020_05-10-2025-20.27,AVE,2025,10,6,20.45,201.0,71.18,5
00005_05-10-2025-21.02,OUIGO,2025,10,6,21.03,172.0,91.24,0
00007_05-10-2025-21.07,AVE,2025,10,6,21.12,172.0,139.43,0
00001_06-10-2025-06.12,AVLO,2025,10,0,6.2,157.0,27.06,814
00002_06-10-2025-06.22,IRYO,2025,10,0,6.37,157.0,21.22,1072
00003_06-10-2025-06.27,AVE,2025,10,0,6.45,178.0,52.84,238
00004_06-10-2025-06.57,AVE,2025,10,0,6.95,157.0,57.56,158
00005_06-10-2025-07.02,OUIGO,2025,10,0,7.03,172.0,41.28,18
00002_06-10-2025-07.22,IRYO,2025,10,0,7.37,157.0,21.05,450
00006_06-10-2025-07.27,AVE,2025,10,0,7.45,199.0,47.49,81
00004_06-10-2025-07.57,AVE,2025,10,0,7.95,157.0,65.96,10
00007_06-10-2025-08.27,AVE,2025,10,0,8.45,172.0,67.4,16
00002_06-10-2025-08.32,IRYO,2025,10,0,8.53,157.0,31.29,114
00008_06-10-2025-08.57,AVE,2025,10,0,8.95,164.0,42.17,216
00009_06-10-2025-09.22,IRYO,2025,10,0,9.37,172.0,58.37,5
00010_06-10-2025-09.27,AVE,2025,10,0,9.45,194.0,73.17,10
00009_06-10-2025-09.57,IRYO,2025,10,0,9.95,172.0,53.59,19
00011_06-10-2025-10.02,OUIGO,2025,10,0,10.03,182.0,46.4,12
00012_06-10-2025-10.27,AVLO,2025,10,0,10.45,172.0,36.11,158
00009_06-10-2025-11.22,IRYO,2025,10,0,11.37,172.0,29.48,216
00006_06-10-2025-11.27,AVE,2025,10,0,11.45,199.0,46.44,119
00009_06-10-2025-12.22,IRYO,2025,10,0,12.37,172.0,37.07,64
00013_06-10-2025-12.27,AVE,2025,10,0,12.45,197.0,45.0,110
00004_06-10-2025-12.57,AVE,2025,10,0,12.95,157.0,33.24,493
00014_06-10-2025-13.18,AVE,2025,10,0,13.3,184.0,68.94,0
00009_06-10-2025-14.02,IRYO,2025,10,0,14.03,172.0,46.51,10
00015_06-10-2025-14.12,OUIGO,2025,10,0,14.2,157.0,41.07,24
00016_06-10-2025-14.27,AVE,2025,10,0,14.45,177.0,39.33,197
00017_06-10-2025-14.42,IRYO,2025,10,0,14.7,179.0,36.61,59
00004_06-10-2025-14.57,AVE,2025,10,0,14.95,157.0,45.73,232
00018_06-10-2025-15.27,AVLO,2025,10,0,15.45,199.0,35.46,55
00004_06-10-2025-15.57,AVE,2025,10,0,15.95,157.0,31.48,1045
00007_06-10-2025-16.27,AVE,2025,10,0,16.45,172.0,73.92,23
00002_06-10-2025-16.37,IRYO,2025,10,0,16.62,157.0,38.37,175
00004_06-10-2025-16.57,AVE,2025,10,0,16.95,157.0,56.49,251
00015_06-10-2025-17.17,OUIGO,2025,10,0,17.28,157.0,25.34,284
00009_06-10-2025-17.22,IRYO,2025,10,0,17.37,172.0,40.5,77
00006_06-10-2025-17.27,AVE,2025,10,0,17.45,199.0,62.32,37
00004_06-10-2025-17.57,AVE,2025,10,0,17.95,157.0,52.77,152
00016_06-10-2025-18.27,AVE,2025,10,0,18.45,177.0,54.08,46
00002_06-10-2025-18.32,IRYO,2025,10,0,18.53,157.0,55.16,7
00004_06-10-2025-18.57,AVE,2025,10,0,18.95,157.0,41.22,151
00009_06-10-2025-19.29,IRYO,2025,10,0,19.48,172.0,61.73,1
00019_06-10-2025-19.34,AVLO,2025,10,0,19.57,201.0,20.95,238
00004_06-10-2025-20.05,AVE,2025,10,0,20.08,157.0,26.42,145
00009_06-10-2025-20.22,IRYO,2025,10,0,20.37,172.0,30.76,6
00020_06-10-2025-20.27,AVE,2025,10,0,20.45,201.0,17.06,1461
00005_06-10-2025-21.02,OUIGO,2025,10,0,21.03,172.0,23.1,49
00007_06-10-2025-21.07,AVE,2025,10,0,21.12,172.0,33.7,12
00001_07-10-2025-06.12,AVLO,2025,10,1,6.2,157.0,35.27,449
00002_07-10-2025-06.22,IRYO,2025,10,1,6.37,157.0,19.39,1181
00003_07-10-2025-06.27,AVE,2025,10,1,6.45,178.0,40.03,582
00004_07-10-2025-06.57,AVE,2025,10,1,6.95,157.0,115.66,0
00005_07-10-2025-07.02,OUIGO,2025,10,1,7.03,172.0,52.21,5
00002_07-10-2025-07.22,IRYO,2025,10,1,7.37,157.0,24.4,314
00006_07-10-2025-07.27,AVE,2025,10,1,7.45,199.0,36.36,177
00004_07-10-2025-07.57,AVE,2025,10,1,7.95,157.0,52.27,62
00007_07-10-2025-08.27,AVE,2025,10,1,8.45,172.0,57.84,23
00002_07-10-2025-08.32,IRYO,2025,10,1,8.53,157.0,40.45,17
00008_07-10-2025-08.57,AVE,2025,10,1,8.95,164.0,25.45,571
00009_07-10-2025-09.22,IRYO,2025,10,1,9.37,172.0,39.23,37
00010_07-10-2025-09.27,AVE,2025,10,1,9.45,194.0,57.5,32
00009_07-10-2025-09.57,IRYO,2025,10,1,9.95,172.0,46.01,25
00011_07-10-2025-10.02,OUIGO,2025,10,1,10.03,182.0,32.72,46
00012_07-10-2025-10.27,AVLO,2025,10,1,10.45,172.0,35.02,113
00009_07-10-2025-11.22,IRYO,2025,10,1,11.37,172.0,41.56,60
00006_07-10-2025-11.27,AVE,2025,10,1,11.45,199.0,35.86,306
00009_07-10-2025-12.22,IRYO,2025,10,1,12.37,172.0,31.58,132
00013_07-10-2025-12.27,AVE,2025,10,1,12.45,197.0,54.33,37
00004_07-10-2025-12.57,AVE,2025,10,1,12.95,157.0,42.54,221
00014_07-10-2025-13.18,AVE,2025,10,1,13.3,184.0,48.24,30
00009_07-10-2025-14.02,IRYO,2025,10,1,14.03,172.0,43.53,18
00015_07-10-2025-14.12,OUIGO,2025,10,1,14.2,157.0,35.21,29
00016_07-10-2025-14.27,AVE,2025,10,1,14.45,177.0,64.48,13
00017_07-10-2025-14.42,IRYO,2025,10,1,14.7,179.0,26.36,73
00004_07-10-2025-14.57,AVE,2025,10,1,14.95,157.0,38.63,264
00018_07-10-2025-15.27,AVLO,2025,10,1,15.45,199.0,30.44,38
00004_07-10-2025-15.57,AVE,2025,10,1,15.95,157.0,28.92,734
00007_07-10-2025-16.27,AVE,2025,10,1,16.45,172.0,38.54,323
00002_07-10-2025-16.37,IRYO,2025,10,1,16.62,157.0,10.0,2175
00004_07-10-2025-16.57,AVE,2025,10,1,16.95,157.0,48.27,248
00015_07-10-2025-17.17,OUIGO,2025,10,1,17.28,157.0,33.17,72
00009_07-10-2025-17.22,IRYO,2025,10,1,17.37,172.0,48.58,26
00006_07-10-2025-17.27,AVE,2025,10,1,17.45,199.0,51.12,58
00004_07-10-2025-17.57,AVE,2025,10,1,17.95,157.0,76.98,9
00016_07-10-2025-18.27,AVE,2025,10,1,18.45,177.0,45.88,56
00002_07-10-2025-18.32,IRYO,2025,10,1,18.53,157.0,40.86,26
00004_07-10-2025-18.57,AVE,2025,10,1,18.95,157.0,38.35,115
00009_07-10-2025-19.29,IRYO,2025,10,1,19.48,172.0,10.0,729
00019_07-10-2025-19.34,AVLO,2025,10,1,19.57,201.0,29.64,9
00004_07-10-2025-20.05,AVE,2025,10,1,20.08,157.0,43.95,13
00009_07-10-2025-20.22,IRYO,2025,10,1,20.37,172.0,36.96,1
00020_07-10-2025-20.27,AVE,2025,10,1,20.45,201.0,41.63,2
00005_07-10-2025-21.02,OUIGO,2025,10,1,21.03,172.0,43.62,0
00007_07-10-2025-21.07,AVE,2025,10,1,21.12,172.0,47.1,2
00001_08-10-2025-06.12,AVLO,2025,10,2,6.2,157.0,35.45,483
00002_08-10-2025-06.22,IRYO,2025,10,2,6.37,157.0,44.63,192
00003_08-10-2025-06.27,AVE,2025,10,2,6.45,178.0,48.07,375
00004_08-10-2025-06.57,AVE,2025,10,2,6.95,157.0,103.42,0
00005_08-10-2025-07.02,OUIGO,2025,10,2,7.03,172.0,41.35,17
00002_08-10-2025-07.22,IRYO,2025,10,2,7.37,157.0,28.45,296
00006_08-10-2025-07.27,AVE,2025,10,2,7.45,199.0,34.83,263
00004_08-10-2025-07.57,AVE,2025,10,2,7.95,157.0,45.05,179
00007_08-10-2025-08.27,AVE,2025,10,2,8.45,172.0,88.76,0
00002_08-10-2025-08.32,IRYO,2025,10,2,8.53,157.0,64.08,2
00008_08-10-2025-08.57,AVE,2025,10,2,8.95,164.0,64.19,13
00009_08-10-2025-09.22,IRYO,2025,10,2,9.37,172.0,39.94,36
00010_08-10-2025-09.27,AVE,2025,10,2,9.45,194.0,66.5,12
00009_08-10-2025-09.57,IRYO,2025,10,2,9.95,172.0,31.54,148
00011_08-10-2025-10.02,OUIGO,2025,10,2,10.03,182.0,26.41,163
00012_08-10-2025-10.27,AVLO,2025,10,2,10.45,172.0,42.75,46
00009_08-10-2025-11.22,IRYO,2025,10,2,11.37,172.0,43.99,30
00006_08-10-2025-11.27,AVE,2025,10,2,11.45,199.0,34.4,276
00009_08-10-2025-12.22,IRYO,2025,10,2,12.37,172.0,35.99,66
00013_08-10-2025-12.27,AVE,2025,10,2,12.45,197.0,56.84,28
00004_08-10-2025-12.57,AVE,2025,10,2,12.95,157.0,43.63,154
00014_08-10-2025-13.18,AVE,2025,10,2,13.3,184.0,48.24,34
00009_08-10-2025-14.02,IRYO,2025,10,2,14.03,172.0,31.83,135
00015_08-10-2025-14.12,OUIGO,2025,10,2,14.2,157.0,26.63,966
00016_08-10-2025-14.27,AVE,2025,10,2,14.45,177.0,46.16,141
00017_08-10-2025-14.42,IRYO,2025,10,2,14.7,179.0,44.4,23
00004_08-10-2025-14.57,AVE,2025,10,2,14.95,157.0,52.97,131
00018_08-10-2025-15.27,AVLO,2025,10,2,15.45,199.0,33.72,92
00004_08-10-2025-15.57,AVE,2025,10,2,15.95,157.0,45.6,445
00007_08-10-2025-16.27,AVE,2025,10,2,16.45,172.0,61.29,132
00002_08-10-2025-16.37,IRYO,2025,10,2,16.62,157.0,39.21,261
00004_08-10-2025-16.57,AVE,2025,10,2,16.95,157.0,132.37,0
00015_08-10-2025-17.17,OUIGO,2025,10,2,17.28,157.0,46.3,58
00009_08-10-2025-17.22,IRYO,2025,10,2,17.37,172.0,52.67,46
00006_08-10-2025-17.27,AVE,2025,10,2,17.45,199.0,59.88,59
00004_08-10-2025-17.57,AVE,2025,10,2,17.95,157.0,51.17,292
00016_08-10-2025-18.27,AVE,2025,10,2,18.45,177.0,73.4,12
00002_08-10-2025-18.32,IRYO,2025,10,2,18.53,157.0,51.24,31
00004_08-10-2025-18.57,AVE,2025,10,2,18.95,157.0,115.92,0
00009_08-10-2025-19.29,IRYO,2025,10,2,19.48,172.0,41.1,16
00019_08-10-2025-19.34,AVLO,2025,10,2,19.57,201.0,32.6,18
00004_08-10-2025-20.05,AVE,2025,10,2,20.08,157.0,57.46,12
00009_08-10-2025-20.22,IRYO,2025,10,2,20.37,172.0,34.27,9
00020_08-10-2025-20.27,AVE,2025,10,2,20.45,201.0,30.37,76
00005_08-10-2025-21.02,OUIGO,2025,10,2,21.03,172.0,35.21,0
00007_08-10-2025-21.07,AVE,2025,10,2,21.12,172.0,68.44,0
00001_09-10-2025-06.12,AVLO,2025,10,3,6.2,157.0,27.08,993
00002_09-10-2025-06.22,IRYO,2025,10,3,6.37,157.0,33.8,531
00003_09-10-2025-06.27,AVE,2025,10,3,6.45,178.0,44.28,585
00004_09-10-2025-06.57,AVE,2025,10,3,6.95,157.0,65.1,104
00005_09-10-2025-07.02,OUIGO,2025,10,3,7.03,172.0,56.17,1
00002_09-10-2025-07.22,IRYO,2025,10,3,7.37,157.0,39.27,115
00006_09-10-2025-07.27,AVE,2025,10,3,7.45,199.0,40.19,209
00004_09-10-2025-07.57,AVE,2025,10,3,7.95,157.0,51.0,125
00007_09-10-2025-08.27,AVE,2025,10,3,8.45,172.0,61.73,16
00002_09-10-2025-08.32,IRYO,2025,10,3,8.53,157.0,39.58,41
00008_09-10-2025-08.57,AVE,2025,10,3,8.95,164.0,60.54,49
00009_09-10-2025-09.22,IRYO,2025,10,3,9.37,172.0,50.26,21
00010_09-10-2025-09.27,AVE,2025,10,3,9.45,194.0,41.72,267
00009_09-10-2025-09.57,IRYO,2025,10,3,9.95,172.0,26.94,1204
00011_09-10-2025-10.02,OUIGO,2025,10,3,10.03,182.0,48.19,11
00012_09-10-2025-10.27,AVLO,2025,10,3,10.45,172.0,57.05,21
00009_09-10-2025-11.22,IRYO,2025,10,3,11.37,172.0,61.98,10
00006_09-10-2025-11.27,AVE,2025,10,3,11.45,199.0,53.02,142
00009_09-10-2025-12.22,IRYO,2025,10,3,12.37,172.0,64.94,10
00013_09-10-2025-12.27,AVE,2025,10,3,12.45,197.0,30.65,1385
00004_09-10-2025-12.57,AVE,2025,10,3,12.95,157.0,72.19,36
00014_09-10-2025-13.18,AVE,2025,10,3,13.3,184.0,55.14,77
00004_09-10-2025-13.57,AVE,2025,10,3,13.95,157.0,,0
00009_09-10-2025-14.02,IRYO,2025,10,3,14.03,172.0,,0
00015_09-10-2025-14.12,OUIGO,2025,10,3,14.2,157.0,,0
00016_09-10-2025-14.27,AVE,2025,10,3,14.45,177.0,86.51,26
00017_09-10-2025-14.42,IRYO,2025,10,3,14.7,179.0,65.72,49
00004_09-10-2025-14.57,AVE,2025,10,3,14.95,157.0,82.52,86
00018_09-10-2025-15.27,AVLO,2025,10,3,15.45,199.0,43.34,237
00004_09-10-2025-15.57,AVE,2025,10,3,15.95,157.0,121.21,4
00007_09-10-2025-16.27,AVE,2025,10,3,16.45,172.0,72.47,278
00002_09-10-2025-16.37,IRYO,2025,10,3,16.62,157.0,50.7,501
00004_09-10-2025-16.57,AVE,2025,10,3,16.95,157.0,152.65,0
00015_09-10-2025-17.17,OUIGO,2025,10,3,17.28,157.0,62.77,65
00009_09-10-2025-17.22,IRYO,2025,10,3,17.37,172.0,75.62,20
00006_09-10-2025-17.27,AVE,2025,10,3,17.45,199.0,99.02,1
00004_09-10-2025-17.57,AVE,2025,10,3,17.95,157.0,52.37,868
00016_09-10-2025-18.27,AVE,2025,10,3,18.45,177.0,76.03,39
00002_09-10-2025-18.32,IRYO,2025,10,3,18.53,157.0,48.59,157
00004_09-10-2025-18.57,AVE,2025,10,3,18.95,157.0,88.09,11
00009_09-10-2025-19.29,IRYO,2025,10,3,19.48,172.0,58.95,5
00019_09-10-2025-19.34,AVLO,2025,10,3,19.57,201.0,35.98,108
00004_09-10-2025-20.05,AVE,2025,10,3,20.08,157.0,56.29,59
00009_09-10-2025-20.22,IRYO,2025,10,3,20.37,172.0,46.47,7
00020_09-10-2025-20.27,AVE,2025,10,3,20.45,201.0,50.19,9
00005_09-10-2025-21.02,OUIGO,2025,10,3,21.03,172.0,41.48,1
00007_09-10-2025-21.07,AVE,2025,10,3,21.12,172.0,63.28,1
00002_10-10-2025-06.22,IRYO,2025,10,4,6.37,157.0,55.97,40
00021_10-10-2025-06.27,AVLO,2025,10,4,6.45,178.0,24.11,2059
00004_10-10-2025-06.57,AVE,2025,10,4,6.95,157.0,37.49,660
00005_10-10-2025-07.02,OUIGO,2025,10,4,7.03,172.0,44.29,10
00002_10-10-2025-07.22,IRYO,2025,10,4,7.37,157.0,54.45,7
00006_10-10-2025-07.27,AVE,2025,10,4,7.45,199.0,68.39,4
00004_10-10-2025-07.57,AVE,2025,10,4,7.95,157.0,33.41,1475
00002_10-10-2025-08.32,IRYO,2025,10,4,8.53,157.0,47.78,30
00008_10-10-2025-08.57,AVE,2025,10,4,8.95,164.0,122.31,0
00009_10-10-2025-09.22,IRYO,2025,10,4,9.37,172.0,45.92,88
00010_10-10-2025-09.27,AVE,2025,10,4,9.45,194.0,58.47,140
00009_10-10-2025-09.57,IRYO,2025,10,4,9.95,172.0,90.59,0
00011_10-10-2025-10.02,OUIGO,2025,10,4,10.03,182.0,56.91,10
00012_10-10-2025-10.27,AVLO,2025,10,4,10.45,172.0,52.81,100
00009_10-10-2025-11.22,IRYO,2025,10,4,11.37,172.0,61.46,45
00006_10-10-2025-11.27,AVE,2025,10,4,11.45,199.0,105.89,3
00009_10-10-2025-12.22,IRYO,2025,10,4,12.37,172.0,60.12,35
00013_10-10-2025-12.27,AVE,2025,10,4,12.45,197.0,57.85,132
00004_10-10-2025-12.57,AVE,2025,10,4,12.95,157.0,68.29,87
00014_10-10-2025-13.18,AVE,2025,10,4,13.3,184.0,55.14,62
00004_10-10-2025-13.57,AVE,2025,10,4,13.95,157.0,81.69,23
00009_10-10-2025-14.02,IRYO,2025,10,4,14.03,172.0,44.58,107
00015_10-10-2025-14.12,OUIGO,2025,10,4,14.2,157.0,27.09,2543
00016_10-10-2025-14.27,AVE,2025,10,4,14.45,177.0,79.19,16
00017_10-10-2025-14.42,IRYO,2025,10,4,14.7,179.0,65.99,12
00004_10-10-2025-14.57,AVE,2025,10,4,14.95,157.0,86.62,14
00018_10-10-2025-15.27,AVLO,2025,10,4,15.45,199.0,55.61,28
00004_10-10-2025-15.57,AVE,2025,10,4,15.95,157.0,103.38,6
00007_10-10-2025-16.27,AVE,2025,10,4,16.45,172.0,98.19,12
00002_10-10-2025-16.37,IRYO,2025,10,4,16.62,157.0,67.09,40
00004_10-10-2025-16.57,AVE,2025,10,4,16.95,157.0,97.05,21
00015_10-10-2025-17.17,OUIGO,2025,10,4,17.28,157.0,39.81,150
00009_10-10-2025-17.22,IRYO,2025,10,4,17.37,172.0,56.54,49
00018_10-10-2025-17.27,AVLO,2025,10,4,17.45,199.0,58.26,18
00004_10-10-2025-17.57,AVE,2025,10,4,17.95,157.0,46.25,398
00016_10-10-2025-18.27,AVE,2025,10,4,18.45,177.0,87.43,1
00002_10-10-2025-18.32,IRYO,2025,10,4,18.53,157.0,42.68,64
00004_10-10-2025-18.57,AVE,2025,10,4,18.95,157.0,81.99,6
00009_10-10-2025-19.29,IRYO,2025,10,4,19.48,172.0,57.77,4
00019_10-10-2025-19.34,AVLO,2025,10,4,19.57,201.0,26.9,1145
00004_10-10-2025-20.05,AVE,2025,10,4,20.08,157.0,66.3,9
00009_10-10-2025-20.22,IRYO,2025,10,4,20.37,172.0,47.35,2
00020_10-10-2025-20.27,AVE,2025,10,4,20.45,201.0,48.54,2
00005_10-10-2025-21.02,OUIGO,2025,10,4,21.03,172.0,38.69,3
00007_10-10-2025-21.07,AVE,2025,10,4,21.12,172.0,78.64,0
00021_11-10-2025-06.27,AVLO,2025,10,5,6.45,178.0,28.35,347
00005_11-10-2025-07.02,OUIGO,2025,10,5,7.03,172.0,40.93,43
00006_11-10-2025-07.27,AVE,2025,10,5,7.45,199.0,64.11,21
00009_11-10-2025-08.07,IRYO,2025,10,5,8.12,172.0,36.49,63
00007_11-10-2025-08.27,AVE,2025,10,5,8.45,172.0,46.78,111
00008_11-10-2025-08.57,AVE,2025,10,5,8.95,164.0,60.34,32
00009_11-10-2025-09.22,IRYO,2025,10,5,9.37,172.0,58.9,1
00010_11-10-2025-09.27,AVE,2025,10,5,9.45,194.0,49.42,68
00009_11-10-2025-09.57,IRYO,2025,10,5,9.95,172.0,29.38,116
00011_11-10-2025-10.02,OUIGO,2025,10,5,10.03,182.0,10.0,2922
00012_11-10-2025-10.27,AVLO,2025,10,5,10.45,172.0,47.14,16
00009_11-10-2025-11.22,IRYO,2025,10,5,11.37,172.0,43.52,29
00006_11-10-2025-11.27,AVE,2025,10,5,11.45,199.0,35.11,270
00009_11-10-2025-12.22,IRYO,2025,10,5,12.37,172.0,33.13,94
00013_11-10-2025-12.27,AVE,2025,10,5,12.45,197.0,56.64,50
00014_11-10-2025-13.18,AVE,2025,10,5,13.3,184.0,82.74,3
00015_11-10-2025-14.12,OUIGO,2025,10,5,14.2,157.0,24.22,165
00017_11-10-2025-14.42,IRYO,2025,10,5,14.7,179.0,38.31,96
00018_11-10-2025-15.27,AVLO,2025,10,5,15.45,199.0,30.07,134
00007_11-10-2025-16.27,AVE,2025,10,5,16.45,172.0,102.52,4
00002_11-10-2025-16.37,IRYO,2025,10,5,16.62,157.0,54.7,67
00015_11-10-2025-17.17,OUIGO,2025,10,5,17.28,157.0,20.07,344
00018_11-10-2025-17.27,AVLO,2025,10,5,17.45,199.0,18.9,351
00016_11-10-2025-18.27,AVE,2025,10,5,18.45,177.0,85.32,1
00009_11-10-2025-19.29,IRYO,2025,10,5,19.48,172.0,42.25,3
00019_11-10-2025-19.34,AVLO,2025,10,5,19.57,201.0,33.93,6
00009_11-10-2025-20.22,IRYO,2025,10,5,20.37,172.0,18.92,152
00020_11-10-2025-20.27,AVE,2025,10,5,20.45,201.0,36.71,7
00005_11-10-2025-21.02,OUIGO,2025,10,5,21.03,172.0,10.0,2387
00021_12-10-2025-06.27,AVLO,2025,10,6,6.45,178.0,53.39,100
00005_12-10-2025-07.02,OUIGO,2025,10,6,7.03,172.0,44.75,134
00006_12-10-2025-07.27,AVE,2025,10,6,7.45,199.0,46.51,834
00009_12-10-2025-08.07,IRYO,2025,10,6,8.12,172.0,44.62,442
00007_12-10-2025-08.27,AVE,2025,10,6,8.45,172.0,81.17,5
00009_12-10-2025-09.22,IRYO,2025,10,6,9.37,172.0,40.06,2632
00010_12-10-2025-09.27,AVE,2025,10,6,9.45,194.0,52.21,283
00009_12-10-2025-09.57,IRYO,2025,10,6,9.95,172.0,49.42,131
00011_12-10-2025-10.02,OUIGO,2025,10,6,10.03,182.0,55.02,15
00012_12-10-2025-10.27,AVLO,2025,10,6,10.45,172.0,51.64,101
00009_12-10-2025-11.22,IRYO,2025,10,6,11.37,172.0,76.53,2
00006_12-10-2025-11.27,AVE,2025,10,6,11.45,199.0,137.59,0
00009_12-10-2025-12.22,IRYO,2025,10,6,12.37,172.0,48.13,385
00013_12-10-2025-12.27,AVE,2025,10,6,12.45,197.0,50.24,488
00014_12-10-2025-13.18,AVE,2025,10,6,13.3,184.0,55.14,107
00009_12-10-2025-14.02,IRYO,2025,10,6,14.03,172.0,97.82,1
00015_12-10-2025-14.12,OUIGO,2025,10,6,14.2,157.0,50.29,281
00016_12-10-2025-14.27,AVE,2025,10,6,14.45,177.0,94.52,8
00017_12-10-2025-14.42,IRYO,2025,10,6,14.7,179.0,72.09,13
00018_12-10-2025-15.27,AVLO,2025,10,6,15.45,199.0,63.39,16
00007_12-10-2025-16.27,AVE,2025,10,6,16.45,172.0,79.48,85
00002_12-10-2025-16.37,IRYO,2025,10,6,16.62,157.0,85.02,10
00004_12-10-2025-16.57,AVE,2025,10,6,16.95,157.0,63.72,376
00015_12-10-2025-17.17,OUIGO,2025,10,6,17.28,157.0,57.48,59
00009_12-10-2025-17.22,IRYO,2025,10,6,17.37,172.0,86.15,6
00018_12-10-2025-17.27,AVLO,2025,10,6,17.45,199.0,71.81,18
00004_12-10-2025-17.57,AVE,2025,10,6,17.95,157.0,74.87,100
00016_12-10-2025-18.27,AVE,2025,10,6,18.45,177.0,93.66,1
00002_12-10-2025-18.32,IRYO,2025,10,6,18.53,157.0,102.38,0
00004_12-10-2025-18.57,AVE,2025,10,6,18.95,157.0,122.46,1
00009_12-10-2025-19.29,IRYO,2025,10,6,19.48,172.0,99.99,0
00019_12-10-2025-19.34,AVLO,2025,10,6,19.57,201.0,81.3,0
00004_12-10-2025-20.05,AVE,2025,10,6,20.08,157.0,77.71,12
00009_12-10-2025-20.22,IRYO,2025,10,6,20.37,172.0,82.82,1
00020_12-10-2025-20.27,AVE,2025,10,6,20.45,201.0,79.01,1
00005_12-10-2025-21.02,OUIGO,2025,10,6,21.03,172.0,87.47,0
00007_12-10-2025-21.07,AVE,2025,10,6,21.12,172.0,133.77,0
00001_13-10-2025-06.12,AVLO,2025,10,0,6.2,157.0,29.15,1224
00002_13-10-2025-06.22,IRYO,2025,10,0,6.37,157.0,52.61,187
00003_13-10-2025-06.27,AVE,2025,10,0,6.45,178.0,59.91,221
00004_13-10-2025-06.57,AVE,2025,10,0,6.95,157.0,55.77,347
00005_13-10-2025-07.02,OUIGO,2025,10,0,7.03,172.0,33.68,117
00002_13-10-2025-07.22,IRYO,2025,10,0,7.37,157.0,48.27,65
00006_13-10-2025-07.27,AVE,2025,10,0,7.45,199.0,58.46,33
00004_13-10-2025-07.57,AVE,2025,10,0,7.95,157.0,63.15,61
00007_13-10-2025-08.27,AVE,2025,10,0,8.45,172.0,70.11,7
00002_13-10-2025-08.32,IRYO,2025,10,0,8.53,157.0,43.97,43
00008_13-10-2025-08.57,AVE,2025,10,0,8.95,164.0,42.46,226
00009_13-10-2025-09.22,IRYO,2025,10,0,9.37,172.0,51.34,17
00010_13-10-2025-09.27,AVE,2025,10,0,9.45,194.0,76.67,6
00009_13-10-2025-09.57,IRYO,2025,10,0,9.95,172.0,42.82,56
00011_13-10-2025-10.02,OUIGO,2025,10,0,10.03,182.0,29.55,90
00012_13-10-2025-10.27,AVLO,2025,10,0,10.45,172.0,37.69,122
00009_13-10-2025-11.22,IRYO,2025,10,0,11.37,172.0,23.46,348
00006_13-10-2025-11.27,AVE,2025,10,0,11.45,199.0,46.39,150
00009_13-10-2025-12.22,IRYO,2025,10,0,12.37,172.0,42.42,38
00013_13-10-2025-12.27,AVE,2025,10,0,12.45,197.0,51.18,73
00004_13-10-2025-12.57,AVE,2025,10,0,12.95,157.0,41.06,235
00014_13-10-2025-13.18,AVE,2025,10,0,13.3,184.0,68.94,2
00009_13-10-2025-14.02,IRYO,2025,10,0,14.03,172.0,23.45,177
00015_13-10-2025-14.12,OUIGO,2025,10,0,14.2,157.0,39.06,13
00016_13-10-2025-14.27,AVE,2025,10,0,14.45,177.0,36.03,248
00017_13-10-2025-14.42,IRYO,2025,10,0,14.7,179.0,53.93,2
00004_13-10-2025-14.57,AVE,2025,10,0,14.95,157.0,39.54,294
00018_13-10-2025-15.27,AVLO,2025,10,0,15.45,199.0,32.9,35
00004_13-10-2025-15.57,AVE,2025,10,0,15.95,157.0,39.23,500
00007_13-10-2025-16.27,AVE,2025,10,0,16.45,172.0,71.96,22
00002_13-10-2025-16.37,IRYO,2025,10,0,16.62,157.0,39.68,138
00004_13-10-2025-16.57,AVE,2025,10,0,16.95,157.0,42.75,562
00015_13-10-2025-17.17,OUIGO,2025,10,0,17.28,157.0,32.25,93
00009_13-10-2025-17.22,IRYO,2025,10,0,17.37,172.0,21.42,342
00006_13-10-2025-17.27,AVE,2025,10,0,17.45,199.0,59.73,25
00004_13-10-2025-17.57,AVE,2025,10,0,17.95,157.0,48.01,153
00016_13-10-2025-18.27,AVE,2025,10,0,18.45,177.0,52.53,31
00002_13-10-2025-18.32,IRYO,2025,10,0,18.53,157.0,26.39,93
00004_13-10-2025-18.57,AVE,2025,10,0,18.95,157.0,39.04,103
00009_13-10-2025-19.29,IRYO,2025,10,0,19.48,172.0,43.14,3
00019_13-10-2025-19.34,AVLO,2025,10,0,19.57,201.0,21.3,17
00004_13-10-2025-20.05,AVE,2025,10,0,20.08,157.0,27.21,83
00009_13-10-2025-20.22,IRYO,2025,10,0,20.37,172.0,23.66,7
00020_13-10-2025-20.27,AVE,2025,10,0,20.45,201.0,26.58,12
00005_13-10-2025-21.02,OUIGO,2025,10,0,21.03,172.0,10.0,1626
00007_13-10-2025-21.07,AVE,2025,10,0,21.12,172.0,35.88,1
00001_14-10-2025-06.12,AVLO,2025,10,1,6.2,157.0,36.16,352
00002_14-10-2025-06.22,IRYO,2025,10,1,6.37,157.0,10.0,1951
00003_14-10-2025-06.27,AVE,2025,10,1,6.45,178.0,36.1,653
00004_14-10-2025-06.57,AVE,2025,10,1,6.95,157.0,120.14,0
00005_14-10-2025-07.02,OUIGO,2025,10,1,7.03,172.0,45.33,8
00002_14-10-2025-07.22,IRYO,2025,10,1,7.37,157.0,23.38,283
00006_14-10-2025-07.27,AVE,2025,10,1,7.45,199.0,46.49,67
00004_14-10-2025-07.57,AVE,2025,10,1,7.95,157.0,55.88,53
00007_14-10-2025-08.27,AVE,2025,10,1,8.45,172.0,76.37,2
00002_14-10-2025-08.32,IRYO,2025,10,1,8.53,157.0,34.24,59
00008_14-10-2025-08.57,AVE,2025,10,1,8.95,164.0,49.6,92
00009_14-10-2025-09.22,IRYO,2025,10,1,9.37,172.0,39.59,56
00010_14-10-2025-09.27,AVE,2025,10,1,9.45,194.0,71.58,11
00009_14-10-2025-09.57,IRYO,2025,10,1,9.95,172.0,40.17,68
00011_14-10-2025-10.02,OUIGO,2025,10,1,10.03,182.0,28.97,92
00012_14-10-2025-10.27,AVLO,2025,10,1,10.45,172.0,33.28,143
00009_14-10-2025-11.22,IRYO,2025,10,1,11.37,172.0,28.59,235
00006_14-10-2025-11.27,AVE,2025,10,1,11.45,199.0,37.48,295
00009_14-10-2025-12.22,IRYO,2025,10,1,12.37,172.0,45.12,34
00013_14-10-2025-12.27,AVE,2025,10,1,12.45,197.0,54.12,53
00004_14-10-2025-12.57,AVE,2025,10,1,12.95,157.0,38.9,304
00014_14-10-2025-13.18,AVE,2025,10,1,13.3,184.0,48.24,34
00009_14-10-2025-14.02,IRYO,2025,10,1,14.03,172.0,36.8,43
00015_14-10-2025-14.12,OUIGO,2025,10,1,14.2,157.0,34.49,34
00016_14-10-2025-14.27,AVE,2025,10,1,14.45,177.0,70.83,1
00017_14-10-2025-14.42,IRYO,2025,10,1,14.7,179.0,31.05,71
00004_14-10-2025-14.57,AVE,2025,10,1,14.95,157.0,47.23,150
00018_14-10-2025-15.27,AVLO,2025,10,1,15.45,199.0,27.59,66
00004_14-10-2025-15.57,AVE,2025,10,1,15.95,157.0,30.52,809
00007_14-10-2025-16.27,AVE,2025,10,1,16.45,172.0,41.47,307
00002_14-10-2025-16.37,IRYO,2025,10,1,16.62,157.0,29.74,213
00004_14-10-2025-16.57,AVE,2025,10,1,16.95,157.0,42.7,488
00015_14-10-2025-17.17,OUIGO,2025,10,1,17.28,157.0,18.07,463
00009_14-10-2025-17.22,IRYO,2025,10,1,17.37,172.0,47.14,22
00006_14-10-2025-17.27,AVE,2025,10,1,17.45,199.0,54.76,44
00004_14-10-2025-17.57,AVE,2025,10,1,17.95,157.0,67.07,13
00016_14-10-2025-18.27,AVE,2025,10,1,18.45,177.0,49.13,46
00002_14-10-2025-18.32,IRYO,2025,10,1,18.53,157.0,14.0,1755
00004_14-10-2025-18.57,AVE,2025,10,1,18.95,157.0,34.18,168
00009_14-10-2025-19.29,IRYO,2025,10,1,19.48,172.0,30.06,10
00019_14-10-2025-19.34,AVLO,2025,10,1,19.57,201.0,28.2,7
00004_14-10-2025-20.05,AVE,2025,10,1,20.08,157.0,29.19,65
00009_14-10-2025-20.22,IRYO,2025,10,1,20.37,172.0,30.67,1
00020_14-10-2025-20.27,AVE,2025,10,1,20.45,201.0,24.77,11
00005_14-10-2025-21.02,OUIGO,2025,10,1,21.03,172.0,20.82,8
00007_14-10-2025-21.07,AVE,2025,10,1,21.12,172.0,40.52,1
00001_15-10-2025-06.12,AVLO,2025,10,2,6.2,157.0,34.47,359
00002_15-10-2025-06.22,IRYO,2025,10,2,6.37,157.0,29.93,433
00003_15-10-2025-06.27,AVE,2025,10,2,6.45,178.0,45.82,297
00004_15-10-2025-06.57,AVE,2025,10,2,6.95,157.0,100.67,1
00005_15-10-2025-07.02,OUIGO,2025,10,2,7.03,172.0,56.59,4
00002_15-10-2025-07.22,IRYO,2025,10,2,7.37,157.0,34.23,102
00006_15-10-2025-07.27,AVE,2025,10,2,7.45,199.0,20.74,647
00004_15-10-2025-07.57,AVE,2025,10,2,7.95,157.0,46.54,78
00007_15-10-2025-08.27,AVE,2025,10,2,8.45,172.0,112.02,0
00002_15-10-2025-08.32,IRYO,2025,10,2,8.53,157.0,56.86,0
00008_15-10-2025-08.57,AVE,2025,10,2,8.95,164.0,58.98,17
00009_15-10-2025-09.22,IRYO,2025,10,2,9.37,172.0,34.53,40
00010_15-10-2025-09.27,AVE,2025,10,2,9.45,194.0,52.66,39
00009_15-10-2025-09.57,IRYO,2025,10,2,9.95,172.0,33.15,71
00011_15-10-2025-10.02,OUIGO,2025,10,2,10.03,182.0,34.44,30
00012_15-10-2025-10.27,AVLO,2025,10,2,10.45,172.0,51.41,12
00009_15-10-2025-11.22,IRYO,2025,10,2,11.37,172.0,21.64,792
00006_15-10-2025-11.27,AVE,2025,10,2,11.45,199.0,40.06,168
00009_15-10-2025-12.22,IRYO,2025,10,2,12.37,172.0,50.75,11
00013_15-10-2025-12.27,AVE,2025,10,2,12.45,197.0,47.14,66
00004_15-10-2025-12.57,AVE,2025,10,2,12.95,157.0,56.88,53
00014_15-10-2025-13.18,AVE,2025,10,2,13.3,184.0,48.24,32
00009_15-10-2025-14.02,IRYO,2025,10,2,14.03,172.0,58.02,5
00015_15-10-2025-14.12,OUIGO,2025,10,2,14.2,157.0,32.44,62
00016_15-10-2025-14.27,AVE,2025,10,2,14.45,177.0,38.06,268
00017_15-10-2025-14.42,IRYO,2025,10,2,14.7,179.0,43.55,19
00004_15-10-2025-14.57,AVE,2025,10,2,14.95,157.0,61.26,66
00018_15-10-2025-15.27,AVLO,2025,10,2,15.45,199.0,36.95,47
00004_15-10-2025-15.57,AVE,2025,10,2,15.95,157.0,49.43,296
00007_15-10-2025-16.27,AVE,2025,10,2,16.45,172.0,37.46,651
00002_15-10-2025-16.37,IRYO,2025,10,2,16.62,157.0,43.97,129
00004_15-10-2025-16.57,AVE,2025,10,2,16.95,157.0,129.93,0
00015_15-10-2025-17.17,OUIGO,2025,10,2,17.28,157.0,68.3,3
00009_15-10-2025-17.22,IRYO,2025,10,2,17.37,172.0,41.52,104
00006_15-10-2025-17.27,AVE,2025,10,2,17.45,199.0,59.56,59
00004_15-10-2025-17.57,AVE,2025,10,2,17.95,157.0,68.99,68
00016_15-10-2025-18.27,AVE,2025,10,2,18.45,177.0,70.56,25
00002_15-10-2025-18.32,IRYO,2025,10,2,18.53,157.0,50.68,21
00004_15-10-2025-18.57,AVE,2025,10,2,18.95,157.0,117.72,0
00009_15-10-2025-19.29,IRYO,2025,10,2,19.48,172.0,23.99,581
00019_15-10-2025-19.34,AVLO,2025,10,2,19.57,201.0,27.23,79
00004_15-10-2025-20.05,AVE,2025,10,2,20.08,157.0,62.21,3
00009_15-10-2025-20.22,IRYO,2025,10,2,20.37,172.0,33.7,7
00020_15-10-2025-20.27,AVE,2025,10,2,20.45,201.0,45.68,4
00005_15-10-2025-21.02,OUIGO,2025,10,2,21.03,172.0,38.1,0
00007_15-10-2025-21.07,AVE,2025,10,2,21.12,172.0,54.08,1
00001_16-10-2025-06.12,AVLO,2025,10,3,6.2,157.0,31.87,494
00002_16-10-2025-06.22,IRYO,2025,10,3,6.37,157.0,42.04,180
00003_16-10-2025-06.27,AVE,2025,10,3,6.45,178.0,41.81,457
00004_16-10-2025-06.57,AVE,2025,10,3,6.95,157.0,66.28,59
00005_16-10-2025-07.02,OUIGO,2025,10,3,7.03,172.0,24.65,205
00002_16-10-2025-07.22,IRYO,2025,10,3,7.37,157.0,44.31,40
00006_16-10-2025-07.27,AVE,2025,10,3,7.45,199.0,36.07,221
00004_16-10-2025-07.57,AVE,2025,10,3,7.95,157.0,50.16,98
00007_16-10-2025-08.27,AVE,2025,10,3,8.45,172.0,64.6,24
00002_16-10-2025-08.32,IRYO,2025,10,3,8.53,157.0,53.66,7
00008_16-10-2025-08.57,AVE,2025,10,3,8.95,164.0,77.3,4
00009_16-10-2025-09.22,IRYO,2025,10,3,9.37,172.0,52.81,20
00010_16-10-2025-09.27,AVE,2025,10,3,9.45,194.0,55.74,92
00009_16-10-2025-09.57,IRYO,2025,10,3,9.95,172.0,44.82,77
00011_16-10-2025-10.02,OUIGO,2025,10,3,10.03,182.0,57.88,6
00012_16-10-2025-10.27,AVLO,2025,10,3,10.45,172.0,60.53,16
00009_16-10-2025-11.22,IRYO,2025,10,3,11.37,172.0,45.94,65
00006_16-10-2025-11.27,AVE,2025,10,3,11.45,199.0,59.48,45
00009_16-10-2025-12.22,IRYO,2025,10,3,12.37,172.0,35.63,165
00013_16-10-2025-12.27,AVE,2025,10,3,12.45,197.0,41.1,280
00004_16-10-2025-12.57,AVE,2025,10,3,12.95,157.0,60.75,75
00014_16-10-2025-13.18,AVE,2025,10,3,13.3,184.0,55.14,41
00004_16-10-2025-13.57,AVE,2025,10,3,13.95,157.0,,0
00009_16-10-2025-14.02,IRYO,2025,10,3,14.03,172.0,,0
00015_16-10-2025-14.12,OUIGO,2025,10,3,14.2,157.0,,0
00016_16-10-2025-14.27,AVE,2025,10,3,14.45,177.0,99.77,2
00017_16-10-2025-14.42,IRYO,2025,10,3,14.7,179.0,52.12,43
00004_16-10-2025-14.57,AVE,2025,10,3,14.95,157.0,77.59,48
00018_16-10-2025-15.27,AVLO,2025,10,3,15.45,199.0,35.66,188
00004_16-10-2025-15.57,AVE,2025,10,3,15.95,157.0,85.25,46
00007_16-10-2025-16.27,AVE,2025,10,3,16.45,172.0,71.7,112
00002_16-10-2025-16.37,IRYO,2025,10,3,16.62,157.0,52.48,144
00004_16-10-2025-16.57,AVE,2025,10,3,16.95,157.0,160.0,0
00015_16-10-2025-17.17,OUIGO,2025,10,3,17.28,157.0,66.07,12
00009_16-10-2025-17.22,IRYO,2025,10,3,17.37,172.0,47.45,143
00006_16-10-2025-17.27,AVE,2025,10,3,17.45,199.0,98.07,0
00004_16-10-2025-17.57,AVE,2025,10,3,17.95,157.0,40.9,739
00016_16-10-2025-18.27,AVE,2025,10,3,18.45,177.0,74.03,18
00002_16-10-2025-18.32,IRYO,2025,10,3,18.53,157.0,60.09,14
00004_16-10-2025-18.57,AVE,2025,10,3,18.95,157.0,89.12,2
00009_16-10-2025-19.29,IRYO,2025,10,3,19.48,172.0,47.25,4
00019_16-10-2025-19.34,AVLO,2025,10,3,19.57,201.0,32.7,14
00004_16-10-2025-20.05,AVE,2025,10,3,20.08,157.0,58.33,14
00009_16-10-2025-20.22,IRYO,2025,10,3,20.37,172.0,25.39,795
00020_16-10-2025-20.27,AVE,2025,10,3,20.45,201.0,49.78,3
00005_16-10-2025-21.02,OUIGO,2025,10,3,21.03,172.0,42.93,0
00007_16-10-2025-21.07,AVE,2025,10,3,21.12,172.0,28.27,222
00002_17-10-2025-06.22,IRYO,2025,10,4,6.37,157.0,47.08,84
00021_17-10-2025-06.27,AVLO,2025,10,4,6.45,178.0,25.44,887
00004_17-10-2025-06.57,AVE,2025,10,4,6.95,157.0,47.59,183
00005_17-10-2025-07.02,OUIGO,2025,10,4,7.03,172.0,40.09,20
00002_17-10-2025-07.22,IRYO,2025,10,4,7.37,157.0,49.9,18
00006_17-10-2025-07.27,AVE,2025,10,4,7.45,199.0,70.06,6
00004_17-10-2025-07.57,AVE,2025,10,4,7.95,157.0,47.93,120
00002_17-10-2025-08.32,IRYO,2025,10,4,8.53,157.0,39.12,84
00008_17-10-2025-08.57,AVE,2025,10,4,8.95,164.0,106.29,0
00009_17-10-2025-09.22,IRYO,2025,10,4,9.37,172.0,57.64,31
00010_17-10-2025-09.27,AVE,2025,10,4,9.45,194.0,76.21,24
00009_17-10-2025-09.57,IRYO,2025,10,4,9.95,172.0,57.27,36
00011_17-10-2025-10.02,OUIGO,2025,10,4,10.03,182.0,39.22,89
00012_17-10-2025-10.27,AVLO,2025,10,4,10.45,172.0,58.8,30
00009_17-10-2025-11.22,IRYO,2025,10,4,11.37,172.0,60.11,34
00006_17-10-2025-11.27,AVE,2025,10,4,11.45,199.0,105.54,0
00009_17-10-2025-12.22,IRYO,2025,10,4,12.37,172.0,35.26,245
00013_17-10-2025-12.27,AVE,2025,10,4,12.45,197.0,53.37,122
00004_17-10-2025-12.57,AVE,2025,10,4,12.95,157.0,79.44,13
00014_17-10-2025-13.18,AVE,2025,10,4,13.3,184.0,55.14,50
00004_17-10-2025-13.57,AVE,2025,10,4,13.95,157.0,81.39,15
00009_17-10-2025-14.02,IRYO,2025,10,4,14.03,172.0,74.12,1
00015_17-10-2025-14.12,OUIGO,2025,10,4,14.2,157.0,50.88,20
00016_17-10-2025-14.27,AVE,2025,10,4,14.45,177.0,96.97,1
00017_17-10-2025-14.42,IRYO,2025,10,4,14.7,179.0,83.96,1
00004_17-10-2025-14.57,AVE,2025,10,4,14.95,157.0,101.39,3
00018_17-10-2025-15.27,AVLO,2025,10,4,15.45,199.0,49.58,26
00004_17-10-2025-15.57,AVE,2025,10,4,15.95,157.0,98.76,4
00007_17-10-2025-16.27,AVE,2025,10,4,16.45,172.0,71.25,49
00002_17-10-2025-16.37,IRYO,2025,10,4,16.62,157.0,39.48,188
00004_17-10-2025-16.57,AVE,2025,10,4,16.95,157.0,101.77,3
00015_17-10-2025-17.17,OUIGO,2025,10,4,17.28,157.0,41.84,61
00009_17-10-2025-17.22,IRYO,2025,10,4,17.37,172.0,50.13,34
00018_17-10-2025-17.27,AVLO,2025,10,4,17.45,199.0,41.69,30
00004_17-10-2025-17.57,AVE,2025,10,4,17.95,157.0,55.05,127
00016_17-10-2025-18.27,AVE,2025,10,4,18.45,177.0,84.63,0
00002_17-10-2025-18.32,IRYO,2025,10,4,18.53,157.0,43.19,25
00004_17-10-2025-18.57,AVE,2025,10,4,18.95,157.0,55.19,33
00009_17-10-2025-19.29,IRYO,2025,10,4,19.48,172.0,50.51,0
00019_17-10-2025-19.34,AVLO,2025,10,4,19.57,201.0,19.05,2910
00004_17-10-2025-20.05,AVE,2025,10,4,20.08,157.0,75.69,0
00009_17-10-2025-20.22,IRYO,2025,10,4,20.37,172.0,29.39,90
00020_17-10-2025-20.27,AVE,2025,10,4,20.45,201.0,33.24,108
00005_17-10-2025-21.02,OUIGO,2025,10,4,21.03,172.0,52.5,0
00007_17-10-2025-21.07,AVE,2025,10,4,21.12,172.0,71.53,0
00021_18-10-2025-06.27,AVLO,2025,10,5,6.45,178.0,24.58,594
00005_18-10-2025-07.02,OUIGO,2025,10,5,7.03,172.0,32.78,61
00006_18-10-2025-07.27,AVE,2025,10,5,7.45,199.0,68.29,10
00009_18-10-2025-08.07,IRYO,2025,10,5,8.12,172.0,19.77,2091
00007_18-10-2025-08.27,AVE,2025,10,5,8.45,172.0,55.37,52
00008_18-10-2025-08.57,AVE,2025,10,5,8.95,164.0,65.74,11
00009_18-10-2025-09.22,IRYO,2025,10,5,9.37,172.0,53.26,14
00010_18-10-2025-09.27,AVE,2025,10,5,9.45,194.0,51.47,63
00009_18-10-2025-09.57,IRYO,2025,10,5,9.95,172.0,28.7,281
00011_18-10-2025-10.02,OUIGO,2025,10,5,10.03,182.0,37.93,32
00012_18-10-2025-10.27,AVLO,2025,10,5,10.45,172.0,42.61,60
00009_18-10-2025-11.22,IRYO,2025,10,5,11.37,172.0,47.7,61
00006_18-10-2025-11.27,AVE,2025,10,5,11.45,199.0,53.47,113
00009_18-10-2025-12.22,IRYO,2025,10,5,12.37,172.0,41.75,92
00013_18-10-2025-12.27,AVE,2025,10,5,12.45,197.0,56.85,111
00014_18-10-2025-13.18,AVE,2025,10,5,13.3,184.0,82.74,2
00015_18-10-2025-14.12,OUIGO,2025,10,5,14.2,157.0,32.13,114
00017_18-10-2025-14.42,IRYO,2025,10,5,14.7,179.0,46.69,54
00018_18-10-2025-15.27,AVLO,2025,10,5,15.45,199.0,26.72,485
00007_18-10-2025-16.27,AVE,2025,10,5,16.45,172.0,101.22,1
00002_18-10-2025-16.37,IRYO,2025,10,5,16.62,157.0,40.14,172
00015_18-10-2025-17.17,OUIGO,2025,10,5,17.28,157.0,41.29,78
00018_18-10-2025-17.27,AVLO,2025,10,5,17.45,199.0,23.03,1561
00016_18-10-2025-18.27,AVE,2025,10,5,18.45,177.0,101.11,0
00009_18-10-2025-19.29,IRYO,2025,10,5,19.48,172.0,38.07,11
00019_18-10-2025-19.34,AVLO,2025,10,5,19.57,201.0,29.44,30
00009_18-10-2025-20.22,IRYO,2025,10,5,20.37,172.0,28.54,71
00020_18-10-2025-20.27,AVE,2025,10,5,20.45,201.0,25.43,529
00005_18-10-2025-21.02,OUIGO,2025,10,5,21.03,172.0,41.39,1
00021_19-10-2025-06.27,AVLO,2025,10,6,6.45,178.0,45.94,127
00005_19-10-2025-07.02,OUIGO,2025,10,6,7.03,172.0,27.39,2657
00006_19-10-2025-07.27,AVE,2025,10,6,7.45,199.0,38.17,909
00009_19-10-2025-08.07,IRYO,2025,10,6,8.12,172.0,34.82,617
00007_19-10-2025-08.27,AVE,2025,10,6,8.45,172.0,78.55,8
00009_19-10-2025-09.22,IRYO,2025,10,6,9.37,172.0,63.65,7
00010_19-10-2025-09.27,AVE,2025,10,6,9.45,194.0,64.81,76
00009_19-10-2025-09.57,IRYO,2025,10,6,9.95,172.0,70.94,5
00011_19-10-2025-10.02,OUIGO,2025,10,6,10.03,182.0,32.82,1276
00012_19-10-2025-10.27,AVLO,2025,10,6,10.45,172.0,46.6,167
00009_19-10-2025-11.22,IRYO,2025,10,6,11.37,172.0,69.2,29
00006_19-10-2025-11.27,AVE,2025,10,6,11.45,199.0,122.05,0
00009_19-10-2025-12.22,IRYO,2025,10,6,12.37,172.0,70.02,46
00013_19-10-2025-12.27,AVE,2025,10,6,12.45,197.0,82.2,41
00014_19-10-2025-13.18,AVE,2025,10,6,13.3,184.0,55.14,200
00009_19-10-2025-14.02,IRYO,2025,10,6,14.03,172.0,81.01,12
00015_19-10-2025-14.12,OUIGO,2025,10,6,14.2,157.0,55.69,74
00016_19-10-2025-14.27,AVE,2025,10,6,14.45,177.0,94.23,23
00017_19-10-2025-14.42,IRYO,2025,10,6,14.7,179.0,85.69,7
00018_19-10-2025-15.27,AVLO,2025,10,6,15.45,199.0,60.19,64
00007_19-10-2025-16.27,AVE,2025,10,6,16.45,172.0,87.38,83
00002_19-10-2025-16.37,IRYO,2025,10,6,16.62,157.0,104.29,5
00004_19-10-2025-16.57,AVE,2025,10,6,16.95,157.0,93.51,85
00015_19-10-2025-17.17,OUIGO,2025,10,6,17.28,157.0,58.95,98
00009_19-10-2025-17.22,IRYO,2025,10,6,17.37,172.0,90.57,6
00018_19-10-2025-17.27,AVLO,2025,10,6,17.45,199.0,62.19,30
00004_19-10-2025-17.57,AVE,2025,10,6,17.95,157.0,74.5,159
00016_19-10-2025-18.27,AVE,2025,10,6,18.45,177.0,74.6,55
00002_19-10-2025-18.32,IRYO,2025,10,6,18.53,157.0,87.81,4
00004_19-10-2025-18.57,AVE,2025,10,6,18.95,157.0,102.38,0
00009_19-10-2025-19.29,IRYO,2025,10,6,19.48,172.0,89.55,1
00019_19-10-2025-19.34,AVLO,2025,10,6,19.57,201.0,89.47,0
00004_19-10-2025-20.05,AVE,2025,10,6,20.08,157.0,58.82,58
00009_19-10-2025-20.22,IRYO,2025,10,6,20.37,172.0,96.03,0
00020_19-10-2025-20.27,AVE,2025,10,6,20.45,201.0,82.37,2
00005_19-10-2025-21.02,OUIGO,2025,10,6,21.03,172.0,54.48,0
00007_19-10-2025-21.07,AVE,2025,10,6,21.12,172.0,119.24,0
00001_20-10-2025-06.12,AVLO,2025,10,0,6.2,157.0,30.43,925
00002_20-10-2025-06.22,IRYO,2025,10,0,6.37,157.0,33.24,637
00003_20-10-2025-06.27,AVE,2025,10,0,6.45,178.0,56.53,270
00004_20-10-2025-06.57,AVE,2025,10,0,6.95,157.0,70.89,69
00005_20-10-2025-07.02,OUIGO,2025,10,0,7.03,172.0,31.69,102
00002_20-10-2025-07.22,IRYO,2025,10,0,7.37,157.0,39.21,119
00006_20-10-2025-07.27,AVE,2025,10,0,7.45,199.0,39.23,247
00004_20-10-2025-07.57,AVE,2025,10,0,7.95,157.0,54.06,92
00007_20-10-2025-08.27,AVE,2025,10,0,8.45,172.0,65.91,15
00002_20-10-2025-08.32,IRYO,2025,10,0,8.53,157.0,28.13,189
00008_20-10-2025-08.57,AVE,2025,10,0,8.95,164.0,53.74,91
00009_20-10-2025-09.22,IRYO,2025,10,0,9.37,172.0,59.04,5
00010_20-10-2025-09.27,AVE,2025,10,0,9.45,194.0,68.51,12
00009_20-10-2025-09.57,IRYO,2025,10,0,9.95,172.0,44.02,66
00011_20-10-2025-10.02,OUIGO,2025,10,0,10.03,182.0,35.31,51
00012_20-10-2025-10.27,AVLO,2025,10,0,10.45,172.0,33.51,160
00009_20-10-2025-11.22,IRYO,2025,10,0,11.37,172.0,39.94,74
00006_20-10-2025-11.27,AVE,2025,10,0,11.45,199.0,38.93,261
00009_20-10-2025-12.22,IRYO,2025,10,0,12.37,172.0,50.28,7
00013_20-10-2025-12.27,AVE,2025,10,0,12.45,197.0,37.42,171
00004_20-10-2025-12.57,AVE,2025,10,0,12.95,157.0,35.69,362
00014_20-10-2025-13.18,AVE,2025,10,0,13.3,184.0,68.94,1
00009_20-10-2025-14.02,IRYO,2025,10,0,14.03,172.0,25.4,137
00015_20-10-2025-14.12,OUIGO,2025,10,0,14.2,157.0,25.37,60
00016_20-10-2025-14.27,AVE,2025,10,0,14.45,177.0,35.38,248
00017_20-10-2025-14.42,IRYO,2025,10,0,14.7,179.0,57.0,2
00004_20-10-2025-14.57,AVE,2025,10,0,14.95,157.0,36.57,439
00018_20-10-2025-15.27,AVLO,2025,10,0,15.45,199.0,34.64,39
00004_20-10-2025-15.57,AVE,2025,10,0,15.95,157.0,39.63,630
00007_20-10-2025-16.27,AVE,2025,10,0,16.45,172.0,76.73,10
00002_20-10-2025-16.37,IRYO,2025,10,0,16.62,157.0,43.13,150
00004_20-10-2025-16.57,AVE,2025,10,0,16.95,157.0,50.64,447
00015_20-10-2025-17.17,OUIGO,2025,10,0,17.28,157.0,53.62,12
00009_20-10-2025-17.22,IRYO,2025,10,0,17.37,172.0,38.64,103
00006_20-10-2025-17.27,AVE,2025,10,0,17.45,199.0,77.32,3
00004_20-10-2025-17.57,AVE,2025,10,0,17.95,157.0,55.36,145
00016_20-10-2025-18.27,AVE,2025,10,0,18.45,177.0,64.16,18
00002_20-10-2025-18.32,IRYO,2025,10,0,18.53,157.0,37.96,41
00004_20-10-2025-18.57,AVE,2025,10,0,18.95,157.0,34.1,295
00009_20-10-2025-19.29,IRYO,2025,10,0,19.48,172.0,32.35,10
00019_20-10-2025-19.34,AVLO,2025,10,0,19.57,201.0,21.28,13
00004_20-10-2025-20.05,AVE,2025,10,0,20.08,157.0,23.31,184
00009_20-10-2025-20.22,IRYO,2025,10,0,20.37,172.0,40.24,2
00020_20-10-2025-20.27,AVE,2025,10,0,20.45,201.0,18.56,83
00005_20-10-2025-21.02,OUIGO,2025,10,0,21.03,172.0,10.04,1747
00007_20-10-2025-21.07,AVE,2025,10,0,21.12,172.0,31.85,8
00001_21-10-2025-06.12,AVLO,2025,10,1,6.2,157.0,35.62,512
00002_21-10-2025-06.22,IRYO,2025,10,1,6.37,157.0,35.26,407
00003_21-10-2025-06.27,AVE,2025,10,1,6.45,178.0,36.67,812
00004_21-10-2025-06.57,AVE,2025,10,1,6.95,157.0,107.67,0
00005_21-10-2025-07.02,OUIGO,2025,10,1,7.03,172.0,52.89,5
00002_21-10-2025-07.22,IRYO,2025,10,1,7.37,157.0,21.28,507
00006_21-10-2025-07.27,AVE,2025,10,1,7.45,199.0,39.92,127
00004_21-10-2025-07.57,AVE,2025,10,1,7.95,157.0,36.26,369
00007_21-10-2025-08.27,AVE,2025,10,1,8.45,172.0,60.68,13
00002_21-10-2025-08.32,IRYO,2025,10,1,8.53,157.0,27.5,141
00008_21-10-2025-08.57,AVE,2025,10,1,8.95,164.0,47.41,79
00009_21-10-2025-09.22,IRYO,2025,10,1,9.37,172.0,38.01,38
00010_21-10-2025-09.27,AVE,2025,10,1,9.45,194.0,61.85,19
00009_21-10-2025-09.57,IRYO,2025,10,1,9.95,172.0,31.23,113
00011_21-10-2025-10.02,OUIGO,2025,10,1,10.03,182.0,25.25,95
00012_21-10-2025-10.27,AVLO,2025,10,1,10.45,172.0,33.23,133
00009_21-10-2025-11.22,IRYO,2025,10,1,11.37,172.0,33.07,123
00006_21-10-2025-11.27,AVE,2025,10,1,11.45,199.0,38.31,217
00009_21-10-2025-12.22,IRYO,2025,10,1,12.37,172.0,26.19,226
00013_21-10-2025-12.27,AVE,2025,10,1,12.45,197.0,46.6,70
00004_21-10-2025-12.57,AVE,2025,10,1,12.95,157.0,37.95,277
00014_21-10-2025-13.18,AVE,2025,10,1,13.3,184.0,48.24,18
00009_21-10-2025-14.02,IRYO,2025,10,1,14.03,172.0,45.48,19
00015_21-10-2025-14.12,OUIGO,2025,10,1,14.2,157.0,22.41,1244
00016_21-10-2025-14.27,AVE,2025,10,1,14.45,177.0,82.5,2
00017_21-10-2025-14.42,IRYO,2025,10,1,14.7,179.0,24.47,502
00004_21-10-2025-14.57,AVE,2025,10,1,14.95,157.0,43.8,253
00018_21-10-2025-15.27,AVLO,2025,10,1,15.45,199.0,27.79,121
00004_21-10-2025-15.57,AVE,2025,10,1,15.95,157.0,40.62,457
00007_21-10-2025-16.27,AVE,2025,10,1,16.45,172.0,33.04,728
00002_21-10-2025-16.37,IRYO,2025,10,1,16.62,157.0,41.04,117
00004_21-10-2025-16.57,AVE,2025,10,1,16.95,157.0,65.22,84
00015_21-10-2025-17.17,OUIGO,2025,10,1,17.28,157.0,35.86,75
00009_21-10-2025-17.22,IRYO,2025,10,1,17.37,172.0,36.89,92
00006_21-10-2025-17.27,AVE,2025,10,1,17.45,199.0,55.53,54
00004_21-10-2025-17.57,AVE,2025,10,1,17.95,157.0,73.9,22
00016_21-10-2025-18.27,AVE,2025,10,1,18.45,177.0,35.57,165
00002_21-10-2025-18.32,IRYO,2025,10,1,18.53,157.0,27.53,173
00004_21-10-2025-18.57,AVE,2025,10,1,18.95,157.0,30.11,301
00009_21-10-2025-19.29,IRYO,2025,10,1,19.48,172.0,33.32,11
00019_21-10-2025-19.34,AVLO,2025,10,1,19.57,201.0,28.36,12
00004_21-10-2025-20.05,AVE,2025,10,1,20.08,157.0,40.42,32
00009_21-10-2025-20.22,IRYO,2025,10,1,20.37,172.0,31.55,8
00020_21-10-2025-20.27,AVE,2025,10,1,20.45,201.0,28.0,30
00005_21-10-2025-21.02,OUIGO,2025,10,1,21.03,172.0,40.21,0
00007_21-10-2025-21.07,AVE,2025,10,1,21.12,172.0,55.33,0
00001_22-10-2025-06.12,AVLO,2025,10,2,6.2,157.0,35.72,907
00002_22-10-2025-06.22,IRYO,2025,10,2,6.37,157.0,53.21,185
00003_22-10-2025-06.27,AVE,2025,10,2,6.45,178.0,44.76,935
00004_22-10-2025-06.57,AVE,2025,10,2,6.95,157.0,103.5,0
00005_22-10-2025-07.02,OUIGO,2025,10,2,7.03,172.0,45.35,38
00002_22-10-2025-07.22,IRYO,2025,10,2,7.37,157.0,40.13,173
00006_22-10-2025-07.27,AVE,2025,10,2,7.45,199.0,35.71,435
00004_22-10-2025-07.57,AVE,2025,10,2,7.95,157.0,62.32,73
00007_22-10-2025-08.27,AVE,2025,10,2,8.45,172.0,82.08,1
00002_22-10-2025-08.32,IRYO,2025,10,2,8.53,157.0,48.55,26
00008_22-10-2025-08.57,AVE,2025,10,2,8.95,164.0,45.69,205
00009_22-10-2025-09.22,IRYO,2025,10,2,9.37,172.0,35.89,139
00010_22-10-2025-09.27,AVE,2025,10,2,9.45,194.0,82.43,3
00009_22-10-2025-09.57,IRYO,2025,10,2,9.95,172.0,35.06,200
00011_22-10-2025-10.02,OUIGO,2025,10,2,10.03,182.0,38.13,62
00012_22-10-2025-10.27,AVLO,2025,10,2,10.45,172.0,50.28,52
00009_22-10-2025-11.22,IRYO,2025,10,2,11.37,172.0,44.34,98
00006_22-10-2025-11.27,AVE,2025,10,2,11.45,199.0,62.42,53
00009_22-10-2025-12.22,IRYO,2025,10,2,12.37,172.0,34.87,174
00013_22-10-2025-12.27,AVE,2025,10,2,12.45,197.0,56.58,61
00004_22-10-2025-12.57,AVE,2025,10,2,12.95,157.0,45.65,306
00014_22-10-2025-13.18,AVE,2025,10,2,13.3,184.0,48.24,53
00009_22-10-2025-14.02,IRYO,2025,10,2,14.03,172.0,34.23,112
00015_22-10-2025-14.12,OUIGO,2025,10,2,14.2,157.0,28.56,865
00016_22-10-2025-14.27,AVE,2025,10,2,14.45,177.0,34.16,541
00017_22-10-2025-14.42,IRYO,2025,10,2,14.7,179.0,48.84,22
00004_22-10-2025-14.57,AVE,2025,10,2,14.95,157.0,48.72,244
00018_22-10-2025-15.27,AVLO,2025,10,2,15.45,199.0,33.92,125
00004_22-10-2025-15.57,AVE,2025,10,2,15.95,157.0,55.48,246
00007_22-10-2025-16.27,AVE,2025,10,2,16.45,172.0,44.65,619
00002_22-10-2025-16.37,IRYO,2025,10,2,16.62,157.0,31.58,646
00004_22-10-2025-16.57,AVE,2025,10,2,16.95,157.0,136.48,0
00015_22-10-2025-17.17,OUIGO,2025,10,2,17.28,157.0,37.29,135
00009_22-10-2025-17.22,IRYO,2025,10,2,17.37,172.0,55.94,28
00006_22-10-2025-17.27,AVE,2025,10,2,17.45,199.0,60.57,63
00004_22-10-2025-17.57,AVE,2025,10,2,17.95,157.0,52.51,294
00016_22-10-2025-18.27,AVE,2025,10,2,18.45,177.0,70.58,16
00002_22-10-2025-18.32,IRYO,2025,10,2,18.53,157.0,31.77,253
00004_22-10-2025-18.57,AVE,2025,10,2,18.95,157.0,103.71,0
00009_22-10-2025-19.29,IRYO,2025,10,2,19.48,172.0,60.26,0
00019_22-10-2025-19.34,AVLO,2025,10,2,19.57,201.0,32.67,33
00004_22-10-2025-20.05,AVE,2025,10,2,20.08,157.0,51.34,38
00009_22-10-2025-20.22,IRYO,2025,10,2,20.37,172.0,26.64,814
00020_22-10-2025-20.27,AVE,2025,10,2,20.45,201.0,48.86,5
00005_22-10-2025-21.02,OUIGO,2025,10,2,21.03,172.0,40.97,0
00007_22-10-2025-21.07,AVE,2025,10,2,21.12,172.0,44.74,9
00001_23-10-2025-06.12,AVLO,2025,10,3,6.2,157.0,31.41,439
00002_23-10-2025-06.22,IRYO,2025,10,3,6.37,157.0,31.02,359
00003_23-10-2025-06.27,AVE,2025,10,3,6.45,178.0,46.73,245
00004_23-10-2025-06.57,AVE,2025,10,3,6.95,157.0,55.47,119
00005_23-10-2025-07.02,OUIGO,2025,10,3,7.03,172.0,25.36,84
00002_23-10-2025-07.22,IRYO,2025,10,3,7.37,157.0,29.27,161
00006_23-10-2025-07.27,AVE,2025,10,3,7.45,199.0,38.04,109
00004_23-10-2025-07.57,AVE,2025,10,3,7.95,157.0,37.07,237
00007_23-10-2025-08.27,AVE,2025,10,3,8.45,172.0,48.72,45
00002_23-10-2025-08.32,IRYO,2025,10,3,8.53,157.0,51.6,1
00008_23-10-2025-08.57,AVE,2025,10,3,8.95,164.0,66.49,16
00009_23-10-2025-09.22,IRYO,2025,10,3,9.37,172.0,61.32,0
00010_23-10-2025-09.27,AVE,2025,10,3,9.45,194.0,39.83,203
00009_23-10-2025-09.57,IRYO,2025,10,3,9.95,172.0,44.96,32
00011_23-10-2025-10.02,OUIGO,2025,10,3,10.03,182.0,16.49,1313
00012_23-10-2025-10.27,AVLO,2025,10,3,10.45,172.0,48.87,36
00009_23-10-2025-11.22,IRYO,2025,10,3,11.37,172.0,67.28,9
00006_23-10-2025-11.27,AVE,2025,10,3,11.45,199.0,75.54,10
00009_23-10-2025-12.22,IRYO,2025,10,3,12.37,172.0,54.31,37
00013_23-10-2025-12.27,AVE,2025,10,3,12.45,197.0,50.08,180
00004_23-10-2025-12.57,AVE,2025,10,3,12.95,157.0,67.77,65
00014_23-10-2025-13.18,AVE,2025,10,3,13.3,184.0,55.14,63
00004_23-10-2025-13.57,AVE,2025,10,3,13.95,157.0,,0
00009_23-10-2025-14.02,IRYO,2025,10,3,14.03,172.0,,0
00015_23-10-2025-14.12,OUIGO,2025,10,3,14.2,157.0,,0
00016_23-10-2025-14.27,AVE,2025,10,3,14.45,177.0,60.1,179
00017_23-10-2025-14.42,IRYO,2025,10,3,14.7,179.0,58.86,38
00004_23-10-2025-14.57,AVE,2025,10,3,14.95,157.0,88.66,31
00018_23-10-2025-15.27,AVLO,2025,10,3,15.45,199.0,38.54,189
00004_23-10-2025-15.57,AVE,2025,10,3,15.95,157.0,116.01,0
00007_23-10-2025-16.27,AVE,2025,10,3,16.45,172.0,59.69,395
00002_23-10-2025-16.37,IRYO,2025,10,3,16.62,157.0,65.26,76
00004_23-10-2025-16.57,AVE,2025,10,3,16.95,157.0,126.41,1
00015_23-10-2025-17.17,OUIGO,2025,10,3,17.28,157.0,51.61,92
00009_23-10-2025-17.22,IRYO,2025,10,3,17.37,172.0,70.85,17
00006_23-10-2025-17.27,AVE,2025,10,3,17.45,199.0,102.04,0
00004_23-10-2025-17.57,AVE,2025,10,3,17.95,157.0,60.96,287
00016_23-10-2025-18.27,AVE,2025,10,3,18.45,177.0,80.63,17
00002_23-10-2025-18.32,IRYO,2025,10,3,18.53,157.0,34.21,255
00004_23-10-2025-18.57,AVE,2025,10,3,18.95,157.0,86.68,12
00009_23-10-2025-19.29,IRYO,2025,10,3,19.48,172.0,39.46,26
00019_23-10-2025-19.34,AVLO,2025,10,3,19.57,201.0,43.59,8
00004_23-10-2025-20.05,AVE,2025,10,3,20.08,157.0,69.92,8
00009_23-10-2025-20.22,IRYO,2025,10,3,20.37,172.0,38.43,8
00020_23-10-2025-20.27,AVE,2025,10,3,20.45,201.0,42.81,16
00005_23-10-2025-21.02,OUIGO,2025,10,3,21.03,172.0,38.99,1
00007_23-10-2025-21.07,AVE,2025,10,3,21.12,172.0,47.43,5
00002_24-10-2025-06.22,IRYO,2025,10,4,6.37,157.0,45.12,194
00021_24-10-2025-06.27,AVLO,2025,10,4,6.45,178.0,31.05,1098
00004_24-10-2025-06.57,AVE,2025,10,4,6.95,157.0,52.06,327
00005_24-10-2025-07.02,OUIGO,2025,10,4,7.03,172.0,36.73,114
00002_24-10-2025-07.22,IRYO,2025,10,4,7.37,157.0,51.75,34
00006_24-10-2025-07.27,AVE,2025,10,4,7.45,199.0,73.22,9
00004_24-10-2025-07.57,AVE,2025,10,4,7.95,157.0,61.01,72
00002_24-10-2025-08.32,IRYO,2025,10,4,8.53,157.0,27.02,5306
00008_24-10-2025-08.57,AVE,2025,10,4,8.95,164.0,112.31,0
00009_24-10-2025-09.22,IRYO,2025,10,4,9.37,172.0,53.83,41
00010_24-10-2025-09.27,AVE,2025,10,4,9.45,194.0,63.18,111
00009_24-10-2025-09.57,IRYO,2025,10,4,9.95,172.0,56.77,41
00011_24-10-2025-10.02,OUIGO,2025,10,4,10.03,182.0,51.18,35
00012_24-10-2025-10.27,AVLO,2025,10,4,10.45,172.0,67.51,19
00009_24-10-2025-11.22,IRYO,2025,10,4,11.37,172.0,39.89,333
00006_24-10-2025-11.27,AVE,2025,10,4,11.45,199.0,99.96,0
00009_24-10-2025-12.22,IRYO,2025,10,4,12.37,172.0,41.73,201
00013_24-10-2025-12.27,AVE,2025,10,4,12.45,197.0,43.6,466
00004_24-10-2025-12.57,AVE,2025,10,4,12.95,157.0,67.71,85
00014_24-10-2025-13.18,AVE,2025,10,4,13.3,184.0,55.14,74
00004_24-10-2025-13.57,AVE,2025,10,4,13.95,157.0,78.07,36
00009_24-10-2025-14.02,IRYO,2025,10,4,14.03,172.0,70.97,5
00015_24-10-2025-14.12,OUIGO,2025,10,4,14.2,157.0,46.23,57
00016_24-10-2025-14.27,AVE,2025,10,4,14.45,177.0,101.32,0
00017_24-10-2025-14.42,IRYO,2025,10,4,14.7,179.0,85.19,1
00004_24-10-2025-14.57,AVE,2025,10,4,14.95,157.0,111.06,1
00018_24-10-2025-15.27,AVLO,2025,10,4,15.45,199.0,47.98,58
00004_24-10-2025-15.57,AVE,2025,10,4,15.95,157.0,91.56,20
00007_24-10-2025-16.27,AVE,2025,10,4,16.45,172.0,77.18,72
00002_24-10-2025-16.37,IRYO,2025,10,4,16.62,157.0,61.34,93
00004_24-10-2025-16.57,AVE,2025,10,4,16.95,157.0,110.2,7
00015_24-10-2025-17.17,OUIGO,2025,10,4,17.28,157.0,36.57,716
00009_24-10-2025-17.22,IRYO,2025,10,4,17.37,172.0,55.16,88
00018_24-10-2025-17.27,AVLO,2025,10,4,17.45,199.0,49.76,35
00004_24-10-2025-17.57,AVE,2025,10,4,17.95,157.0,53.88,318
00016_24-10-2025-18.27,AVE,2025,10,4,18.45,177.0,84.27,2
00002_24-10-2025-18.32,IRYO,2025,10,4,18.53,157.0,35.25,1044
00004_24-10-2025-18.57,AVE,2025,10,4,18.95,157.0,56.89,66
00009_24-10-2025-19.29,IRYO,2025,10,4,19.48,172.0,46.98,6
00019_24-10-2025-19.34,AVLO,2025,10,4,19.57,201.0,36.58,148
00004_24-10-2025-20.05,AVE,2025,10,4,20.08,157.0,75.75,0
00009_24-10-2025-20.22,IRYO,2025,10,4,20.37,172.0,43.5,5
00020_24-10-2025-20.27,AVE,2025,10,4,20.45,201.0,56.33,1
00005_24-10-2025-21.02,OUIGO,2025,10,4,21.03,172.0,34.78,444
00007_24-10-2025-21.07,AVE,2025,10,4,21.12,172.0,92.44,0
00021_25-10-2025-06.27,AVLO,2025,10,5,6.45,178.0,35.13,357
00005_25-10-2025-07.02,OUIGO,2025,10,5,7.03,172.0,42.6,40
00006_25-10-2025-07.27,AVE,2025,10,5,7.45,199.0,58.46,56
00009_25-10-2025-08.07,IRYO,2025,10,5,8.12,172.0,32.1,167
00007_25-10-2025-08.27,AVE,2025,10,5,8.45,172.0,51.1,120
00008_25-10-2025-08.57,AVE,2025,10,5,8.95,164.0,57.92,53
00009_25-10-2025-09.22,IRYO,2025,10,5,9.37,172.0,45.83,22
00010_25-10-2025-09.27,AVE,2025,10,5,9.45,194.0,71.54,8
00009_25-10-2025-09.57,IRYO,2025,10,5,9.95,172.0,25.29,644
00011_25-10-2025-10.02,OUIGO,2025,10,5,10.03,182.0,30.18,78
00012_25-10-2025-10.27,AVLO,2025,10,5,10.45,172.0,48.54,15
00009_25-10-2025-11.22,IRYO,2025,10,5,11.37,172.0,33.5,103
00006_25-10-2025-11.27,AVE,2025,10,5,11.45,199.0,31.13,565
00009_25-10-2025-12.22,IRYO,2025,10,5,12.37,172.0,31.71,126
00013_25-10-2025-12.27,AVE,2025,10,5,12.45,197.0,53.16,39
00014_25-10-2025-13.18,AVE,2025,10,5,13.3,184.0,82.74,0
00015_25-10-2025-14.12,OUIGO,2025,10,5,14.2,157.0,16.27,4061
00017_25-10-2025-14.42,IRYO,2025,10,5,14.7,179.0,41.81,40
00018_25-10-2025-15.27,AVLO,2025,10,5,15.45,199.0,23.48,486
00007_25-10-2025-16.27,AVE,2025,10,5,16.45,172.0,93.71,1
00002_25-10-2025-16.37,IRYO,2025,10,5,16.62,157.0,33.99,259
00015_25-10-2025-17.17,OUIGO,2025,10,5,17.28,157.0,24.54,329
00018_25-10-2025-17.27,AVLO,2025,10,5,17.45,199.0,25.6,224
00016_25-10-2025-18.27,AVE,2025,10,5,18.45,177.0,104.69,3
00009_25-10-2025-19.29,IRYO,2025,10,5,19.48,172.0,37.91,10
00019_25-10-2025-19.34,AVLO,2025,10,5,19.57,201.0,30.28,16
00009_25-10-2025-20.22,IRYO,2025,10,5,20.37,172.0,39.52,2
00020_25-10-2025-20.27,AVE,2025,10,5,20.45,201.0,24.56,466
00005_25-10-2025-21.02,OUIGO,2025,10,5,21.03,172.0,18.36,681
00021_26-10-2025-06.27,AVLO,2025,10,6,6.45,178.0,55.9,113
00005_26-10-2025-07.02,OUIGO,2025,10,6,7.03,172.0,39.12,399
00006_26-10-2025-07.27,AVE,2025,10,6,7.45,199.0,63.6,58
00009_26-10-2025-08.07,IRYO,2025,10,6,8.12,172.0,38.42,1117
00007_26-10-2025-08.27,AVE,2025,10,6,8.45,172.0,72.86,26
00009_26-10-2025-09.22,IRYO,2025,10,6,9.37,172.0,38.59,1215
00010_26-10-2025-09.27,AVE,2025,10,6,9.45,194.0,44.94,898
00009_26-10-2025-09.57,IRYO,2025,10,6,9.95,172.0,68.54,5
00011_26-10-2025-10.02,OUIGO,2025,10,6,10.03,182.0,34.41,3860
00012_26-10-2025-10.27,AVLO,2025,10,6,10.45,172.0,42.45,454
00009_26-10-2025-11.22,IRYO,2025,10,6,11.37,172.0,61.98,38
00006_26-10-2025-11.27,AVE,2025,10,6,11.45,199.0,141.73,0
00009_26-10-2025-12.22,IRYO,2025,10,6,12.37,172.0,56.43,80
00013_26-10-2025-12.27,AVE,2025,10,6,12.45,197.0,56.6,306
00014_26-10-2025-13.18,AVE,2025,10,6,13.3,184.0,55.14,179
00009_26-10-2025-14.02,IRYO,2025,10,6,14.03,172.0,93.96,3
00015_26-10-2025-14.12,OUIGO,2025,10,6,14.2,157.0,53.86,74
00016_26-10-2025-14.27,AVE,2025,10,6,14.45,177.0,88.97,30
00017_26-10-2025-14.42,IRYO,2025,10,6,14.7,179.0,75.43,20
00018_26-10-2025-15.27,AVLO,2025,10,6,15.45,199.0,70.39,16
00007_26-10-2025-16.27,AVE,2025,10,6,16.45,172.0,93.88,37
00002_26-10-2025-16.37,IRYO,2025,10,6,16.62,157.0,94.75,3
00004_26-10-2025-16.57,AVE,2025,10,6,16.95,157.0,71.33,350
00015_26-10-2025-17.17,OUIGO,2025,10,6,17.28,157.0,68.4,20
00009_26-10-2025-17.22,IRYO,2025,10,6,17.37,172.0,94.61,6
00018_26-10-2025-17.27,AVLO,2025,10,6,17.45,199.0,69.5,16
00004_26-10-2025-17.57,AVE,2025,10,6,17.95,157.0,54.05,522
00016_26-10-2025-18.27,AVE,2025,10,6,18.45,177.0,94.48,2
00002_26-10-2025-18.32,IRYO,2025,10,6,18.53,157.0,77.26,7
00004_26-10-2025-18.57,AVE,2025,10,6,18.95,157.0,104.98,2
00009_26-10-2025-19.29,IRYO,2025,10,6,19.48,172.0,95.33,0
00019_26-10-2025-19.34,AVLO,2025,10,6,19.57,201.0,79.17,1
00004_26-10-2025-20.05,AVE,2025,10,6,20.08,157.0,72.97,10
00009_26-10-2025-20.22,IRYO,2025,10,6,20.37,172.0,76.59,0
00020_26-10-2025-20.27,AVE,2025,10,6,20.45,201.0,67.25,3
00005_26-10-2025-21.02,OUIGO,2025,10,6,21.03,172.0,63.64,0
00007_26-10-2025-21.07,AVE,2025,10,6,21.12,172.0,115.29,0
00001_27-10-2025-06.12,AVLO,2025,10,0,6.2,157.0,30.5,693
00002_27-10-2025-06.22,IRYO,2025,10,0,6.37,157.0,37.16,385
00003_27-10-2025-06.27,AVE,2025,10,0,6.45,178.0,54.52,231
00004_27-10-2025-06.57,AVE,2025,10,0,6.95,157.0,50.38,324
00005_27-10-2025-07.02,OUIGO,2025,10,0,7.03,172.0,38.44,34
00002_27-10-2025-07.22,IRYO,2025,10,0,7.37,157.0,35.89,144
00006_27-10-2025-07.27,AVE,2025,10,0,7.45,199.0,53.64,47
00004_27-10-2025-07.57,AVE,2025,10,0,7.95,157.0,71.21,15
00007_27-10-2025-08.27,AVE,2025,10,0,8.45,172.0,72.13,9
00002_27-10-2025-08.32,IRYO,2025,10,0,8.53,157.0,41.22,43
00008_27-10-2025-08.57,AVE,2025,10,0,8.95,164.0,47.96,125
00009_27-10-2025-09.22,IRYO,2025,10,0,9.37,172.0,66.05,3
00010_27-10-2025-09.27,AVE,2025,10,0,9.45,194.0,70.64,11
00009_27-10-2025-09.57,IRYO,2025,10,0,9.95,172.0,42.02,54
00011_27-10-2025-10.02,OUIGO,2025,10,0,10.03,182.0,40.42,20
00012_27-10-2025-10.27,AVLO,2025,10,0,10.45,172.0,32.15,135
00009_27-10-2025-11.22,IRYO,2025,10,0,11.37,172.0,42.13,27
00006_27-10-2025-11.27,AVE,2025,10,0,11.45,199.0,41.62,102
00009_27-10-2025-12.22,IRYO,2025,10,0,12.37,172.0,11.28,563
00013_27-10-2025-12.27,AVE,2025,10,0,12.45,197.0,42.61,61
00004_27-10-2025-12.57,AVE,2025,10,0,12.95,157.0,41.33,118
00014_27-10-2025-13.18,AVE,2025,10,0,13.3,184.0,68.94,0
00009_27-10-2025-14.02,IRYO,2025,10,0,14.03,172.0,10.0,1013
00015_27-10-2025-14.12,OUIGO,2025,10,0,14.2,157.0,28.27,23
00016_27-10-2025-14.27,AVE,2025,10,0,14.45,177.0,36.15,166
00017_27-10-2025-14.42,IRYO,2025,10,0,14.7,179.0,47.08,10
00004_27-10-2025-14.57,AVE,2025,10,0,14.95,157.0,41.62,160
00018_27-10-2025-15.27,AVLO,2025,10,0,15.45,199.0,33.4,44
00004_27-10-2025-15.57,AVE,2025,10,0,15.95,157.0,42.6,311
00007_27-10-2025-16.27,AVE,2025,10,0,16.45,172.0,72.97,15
00002_27-10-2025-16.37,IRYO,2025,10,0,16.62,157.0,41.22,102
00004_27-10-2025-16.57,AVE,2025,10,0,16.95,157.0,45.25,469
00015_27-10-2025-17.17,OUIGO,2025,10,0,17.28,157.0,38.53,71
00009_27-10-2025-17.22,IRYO,2025,10,0,17.37,172.0,56.26,16
00006_27-10-2025-17.27,AVE,2025,10,0,17.45,199.0,74.25,2
00004_27-10-2025-17.57,AVE,2025,10,0,17.95,157.0,43.48,259
00016_27-10-2025-18.27,AVE,2025,10,0,18.45,177.0,63.92,11
00002_27-10-2025-18.32,IRYO,2025,10,0,18.53,157.0,50.85,17
00004_27-10-2025-18.57,AVE,2025,10,0,18.95,157.0,48.18,53
00009_27-10-2025-19.29,IRYO,2025,10,0,19.48,172.0,54.58,2
00019_27-10-2025-19.34,AVLO,2025,10,0,19.57,201.0,19.54,9
00004_27-10-2025-20.05,AVE,2025,10,0,20.08,157.0,30.38,66
00009_27-10-2025-20.22,IRYO,2025,10,0,20.37,172.0,18.27,12
00020_27-10-2025-20.27,AVE,2025,10,0,20.45,201.0,18.31,23
00005_27-10-2025-21.02,OUIGO,2025,10,0,21.03,172.0,10.0,342
00007_27-10-2025-21.07,AVE,2025,10,0,21.12,172.0,29.0,8
00001_28-10-2025-06.12,AVLO,2025,10,1,6.2,157.0,35.27,275
00002_28-10-2025-06.22,IRYO,2025,10,1,6.37,157.0,33.0,278
00003_28-10-2025-06.27,AVE,2025,10,1,6.45,178.0,38.27,410
00004_28-10-2025-06.57,AVE,2025,10,1,6.95,157.0,116.62,0
00005_28-10-2025-07.02,OUIGO,2025,10,1,7.03,172.0,53.08,1
00002_28-10-2025-07.22,IRYO,2025,10,1,7.37,157.0,29.3,99
00006_28-10-2025-07.27,AVE,2025,10,1,7.45,199.0,22.8,338
00004_28-10-2025-07.57,AVE,2025,10,1,7.95,157.0,30.17,302
00007_28-10-2025-08.27,AVE,2025,10,1,8.45,172.0,75.48,2
00002_28-10-2025-08.32,IRYO,2025,10,1,8.53,157.0,31.34,37
00008_28-10-2025-08.57,AVE,2025,10,1,8.95,164.0,39.49,77
00009_28-10-2025-09.22,IRYO,2025,10,1,9.37,172.0,44.6,7
00010_28-10-2025-09.27,AVE,2025,10,1,9.45,194.0,67.69,7
00009_28-10-2025-09.57,IRYO,2025,10,1,9.95,172.0,40.09,13
00011_28-10-2025-10.02,OUIGO,2025,10,1,10.03,182.0,34.71,13
00012_28-10-2025-10.27,AVLO,2025,10,1,10.45,172.0,36.37,32
00009_28-10-2025-11.22,IRYO,2025,10,1,11.37,172.0,20.62,130
00006_28-10-2025-11.27,AVE,2025,10,1,11.45,199.0,27.44,198
00009_28-10-2025-12.22,IRYO,2025,10,1,12.37,172.0,22.28,69
00013_28-10-2025-12.27,AVE,2025,10,1,12.45,197.0,51.04,13
00004_28-10-2025-12.57,AVE,2025,10,1,12.95,157.0,29.02,185
00014_28-10-2025-13.18,AVE,2025,10,1,13.3,184.0,48.24,5
00009_28-10-2025-14.02,IRYO,2025,10,1,14.03,172.0,13.37,1149
00015_28-10-2025-14.12,OUIGO,2025,10,1,14.2,157.0,37.5,10
00016_28-10-2025-14.27,AVE,2025,10,1,14.45,177.0,67.82,2
00017_28-10-2025-14.42,IRYO,2025,10,1,14.7,179.0,27.11,45
00004_28-10-2025-14.57,AVE,2025,10,1,14.95,157.0,43.62,106
00018_28-10-2025-15.27,AVLO,2025,10,1,15.45,199.0,29.09,24
00004_28-10-2025-15.57,AVE,2025,10,1,15.95,157.0,39.66,215
00007_28-10-2025-16.27,AVE,2025,10,1,16.45,172.0,22.04,666
00002_28-10-2025-16.37,IRYO,2025,10,1,16.62,157.0,39.46,67
00004_28-10-2025-16.57,AVE,2025,10,1,16.95,157.0,49.2,169
00015_28-10-2025-17.17,OUIGO,2025,10,1,17.28,157.0,56.94,3
00009_28-10-2025-17.22,IRYO,2025,10,1,17.37,172.0,25.84,109
00006_28-10-2025-17.27,AVE,2025,10,1,17.45,199.0,53.64,22
00004_28-10-2025-17.57,AVE,2025,10,1,17.95,157.0,76.23,3
00016_28-10-2025-18.27,AVE,2025,10,1,18.45,177.0,61.05,12
00002_28-10-2025-18.32,IRYO,2025,10,1,18.53,157.0,27.03,54
00004_28-10-2025-18.57,AVE,2025,10,1,18.95,157.0,37.31,98
00009_28-10-2025-19.29,IRYO,2025,10,1,19.48,172.0,33.13,3
00019_28-10-2025-19.34,AVLO,2025,10,1,19.57,201.0,31.15,2
00004_28-10-2025-20.05,AVE,2025,10,1,20.08,157.0,48.22,5
00009_28-10-2025-20.22,IRYO,2025,10,1,20.37,172.0,22.86,8
00020_28-10-2025-20.27,AVE,2025,10,1,20.45,201.0,21.58,26
00005_28-10-2025-21.02,OUIGO,2025,10,1,21.03,172.0,46.34,0
00007_28-10-2025-21.07,AVE,2025,10,1,21.12,172.0,40.23,1
00001_29-10-2025-06.12,AVLO,2025,10,2,6.2,157.0,35.08,575
00002_29-10-2025-06.22,IRYO,2025,10,2,6.37,157.0,31.05,585
00003_29-10-2025-06.27,AVE,2025,10,2,6.45,178.0,77.38,25
00004_29-10-2025-06.57,AVE,2025,10,2,6.95,157.0,96.75,6
00005_29-10-2025-07.02,OUIGO,2025,10,2,7.03,172.0,60.04,2
00002_29-10-2025-07.22,IRYO,2025,10,2,7.37,157.0,37.41,130
00006_29-10-2025-07.27,AVE,2025,10,2,7.45,199.0,34.11,269
00004_29-10-2025-07.57,AVE,2025,10,2,7.95,157.0,47.91,169
00007_29-10-2025-08.27,AVE,2025,10,2,8.45,172.0,96.61,1
00002_29-10-2025-08.32,IRYO,2025,10,2,8.53,157.0,47.5,16
00008_29-10-2025-08.57,AVE,2025,10,2,8.95,164.0,45.94,136
00009_29-10-2025-09.22,IRYO,2025,10,2,9.37,172.0,44.19,29
00010_29-10-2025-09.27,AVE,2025,10,2,9.45,194.0,68.67,14
00009_29-10-2025-09.57,IRYO,2025,10,2,9.95,172.0,32.74,117
00011_29-10-2025-10.02,OUIGO,2025,10,2,10.03,182.0,56.01,4
00012_29-10-2025-10.27,AVLO,2025,10,2,10.45,172.0,45.14,36
00009_29-10-2025-11.22,IRYO,2025,10,2,11.37,172.0,39.39,64
00006_29-10-2025-11.27,AVE,2025,10,2,11.45,199.0,41.46,175
00009_29-10-2025-12.22,IRYO,2025,10,2,12.37,172.0,26.85,294
00013_29-10-2025-12.27,AVE,2025,10,2,12.45,197.0,40.82,124
00004_29-10-2025-12.57,AVE,2025,10,2,12.95,157.0,48.74,77
00014_29-10-2025-13.18,AVE,2025,10,2,13.3,184.0,48.24,17
00009_29-10-2025-14.02,IRYO,2025,10,2,14.03,172.0,37.06,35
00015_29-10-2025-14.12,OUIGO,2025,10,2,14.2,157.0,31.64,42
00016_29-10-2025-14.27,AVE,2025,10,2,14.45,177.0,60.4,24
00017_29-10-2025-14.42,IRYO,2025,10,2,14.7,179.0,35.38,38
00004_29-10-2025-14.57,AVE,2025,10,2,14.95,157.0,37.9,304
00018_29-10-2025-15.27,AVLO,2025,10,2,15.45,199.0,29.57,84
00004_29-10-2025-15.57,AVE,2025,10,2,15.95,157.0,32.87,694
00007_29-10-2025-16.27,AVE,2025,10,2,16.45,172.0,54.07,147
00002_29-10-2025-16.37,IRYO,2025,10,2,16.62,157.0,30.45,311
00004_29-10-2025-16.57,AVE,2025,10,2,16.95,157.0,144.35,0
00015_29-10-2025-17.17,OUIGO,2025,10,2,17.28,157.0,34.22,98
00009_29-10-2025-17.22,IRYO,2025,10,2,17.37,172.0,39.02,96
00006_29-10-2025-17.27,AVE,2025,10,2,17.45,199.0,64.22,31
00004_29-10-2025-17.57,AVE,2025,10,2,17.95,157.0,68.18,38
00016_29-10-2025-18.27,AVE,2025,10,2,18.45,177.0,48.34,79
00002_29-10-2025-18.32,IRYO,2025,10,2,18.53,157.0,44.75,27
00004_29-10-2025-18.57,AVE,2025,10,2,18.95,157.0,127.21,0
00009_29-10-2025-19.29,IRYO,2025,10,2,19.48,172.0,32.15,20
00019_29-10-2025-19.34,AVLO,2025,10,2,19.57,201.0,23.96,435
00004_29-10-2025-20.05,AVE,2025,10,2,20.08,157.0,52.19,16
00009_29-10-2025-20.22,IRYO,2025,10,2,20.37,172.0,59.58,0
00020_29-10-2025-20.27,AVE,2025,10,2,20.45,201.0,39.27,7
00005_29-10-2025-21.02,OUIGO,2025,10,2,21.03,172.0,23.47,578
00007_29-10-2025-21.07,AVE,2025,10,2,21.12,172.0,47.9,4
00001_30-10-2025-06.12,AVLO,2025,10,3,6.2,157.0,27.62,476
00002_30-10-2025-06.22,IRYO,2025,10,3,6.37,157.0,35.96,208
00003_30-10-2025-06.27,AVE,2025,10,3,6.45,178.0,33.81,645
00004_30-10-2025-06.57,AVE,2025,10,3,6.95,157.0,57.96,74
00005_30-10-2025-07.02,OUIGO,2025,10,3,7.03,172.0,53.84,1
00002_30-10-2025-07.22,IRYO,2025,10,3,7.37,157.0,16.11,1144
00006_30-10-2025-07.27,AVE,2025,10,3,7.45,199.0,37.08,149
00004_30-10-2025-07.57,AVE,2025,10,3,7.95,157.0,57.97,26
00007_30-10-2025-08.27,AVE,2025,10,3,8.45,172.0,53.44,49
00002_30-10-2025-08.32,IRYO,2025,10,3,8.53,157.0,39.09,40
00008_30-10-2025-08.57,AVE,2025,10,3,8.95,164.0,47.34,116
00009_30-10-2025-09.22,IRYO,2025,10,3,9.37,172.0,70.9,0
00010_30-10-2025-09.27,AVE,2025,10,3,9.45,194.0,76.46,4
00009_30-10-2025-09.57,IRYO,2025,10,3,9.95,172.0,63.85,6
00011_30-10-2025-10.02,OUIGO,2025,10,3,10.03,182.0,23.86,254
00012_30-10-2025-10.27,AVLO,2025,10,3,10.45,172.0,46.19,64
00009_30-10-2025-11.22,IRYO,2025,10,3,11.37,172.0,58.13,20
00006_30-10-2025-11.27,AVE,2025,10,3,11.45,199.0,54.62,122
00009_30-10-2025-12.22,IRYO,2025,10,3,12.37,172.0,49.22,48
00013_30-10-2025-12.27,AVE,2025,10,3,12.45,197.0,44.32,288
00004_30-10-2025-12.57,AVE,2025,10,3,12.95,157.0,60.01,130
00014_30-10-2025-13.18,AVE,2025,10,3,13.3,184.0,55.14,74
00004_30-10-2025-13.57,AVE,2025,10,3,13.95,157.0,,0
00009_30-10-2025-14.02,IRYO,2025,10,3,14.03,172.0,,0
00015_30-10-2025-14.12,OUIGO,2025,10,3,14.2,157.0,,0
00016_30-10-2025-14.27,AVE,2025,10,3,14.45,177.0,90.29,6
00017_30-10-2025-14.42,IRYO,2025,10,3,14.7,179.0,58.73,39
00004_30-10-2025-14.57,AVE,2025,10,3,14.95,157.0,76.04,93
00018_30-10-2025-15.27,AVLO,2025,10,3,15.45,199.0,34.18,362
00004_30-10-2025-15.57,AVE,2025,10,3,15.95,157.0,85.35,90
00007_30-10-2025-16.27,AVE,2025,10,3,16.45,172.0,77.3,147
00002_30-10-2025-16.37,IRYO,2025,10,3,16.62,157.0,51.53,339
00004_30-10-2025-16.57,AVE,2025,10,3,16.95,157.0,157.37,0
00015_30-10-2025-17.17,OUIGO,2025,10,3,17.28,157.0,53.88,111
00009_30-10-2025-17.22,IRYO,2025,10,3,17.37,172.0,63.95,66
00006_30-10-2025-17.27,AVE,2025,10,3,17.45,199.0,87.84,11
00004_30-10-2025-17.57,AVE,2025,10,3,17.95,157.0,73.02,141
00016_30-10-2025-18.27,AVE,2025,10,3,18.45,177.0,92.02,7
00002_30-10-2025-18.32,IRYO,2025,10,3,18.53,157.0,41.39,207
00004_30-10-2025-18.57,AVE,2025,10,3,18.95,157.0,88.34,4
00009_30-10-2025-19.29,IRYO,2025,10,3,19.48,172.0,30.75,102
00019_30-10-2025-19.34,AVLO,2025,10,3,19.57,201.0,32.85,25
00004_30-10-2025-20.05,AVE,2025,10,3,20.08,157.0,62.35,21
00009_30-10-2025-20.22,IRYO,2025,10,3,20.37,172.0,24.26,553
00020_30-10-2025-20.27,AVE,2025,10,3,20.45,201.0,60.27,5
00005_30-10-2025-21.02,OUIGO,2025,10,3,21.03,172.0,30.61,7
00007_30-10-2025-21.07,AVE,2025,10,3,21.12,172.0,52.35,7
00002_31-10-2025-06.22,IRYO,2025,10,4,6.37,157.0,30.05,1132
00021_31-10-2025-06.27,AVLO,2025,10,4,6.45,178.0,27.58,1988
00004_31-10-2025-06.57,AVE,2025,10,4,6.95,157.0,48.54,138
00005_31-10-2025-07.02,OUIGO,2025,10,4,7.03,172.0,41.12,18
00002_31-10-2025-07.22,IRYO,2025,10,4,7.37,157.0,52.7,11
00006_31-10-2025-07.27,AVE,2025,10,4,7.45,199.0,74.35,4
00004_31-10-2025-07.57,AVE,2025,10,4,7.95,157.0,53.28,81
00002_31-10-2025-08.32,IRYO,2025,10,4,8.53,157.0,39.32,153
00008_31-10-2025-08.57,AVE,2025,10,4,8.95,164.0,107.13,0
00009_31-10-2025-09.22,IRYO,2025,10,4,9.37,172.0,56.5,30
00010_31-10-2025-09.27,AVE,2025,10,4,9.45,194.0,78.05,12
00009_31-10-2025-09.57,IRYO,2025,10,4,9.95,172.0,48.36,85
00011_31-10-2025-10.02,OUIGO,2025,10,4,10.03,182.0,37.72,195
00012_31-10-2025-10.27,AVLO,2025,10,4,10.45,172.0,57.74,45
00009_31-10-2025-11.22,IRYO,2025,10,4,11.37,172.0,80.12,6
00006_31-10-2025-11.27,AVE,2025,10,4,11.45,199.0,118.93,0
00009_31-10-2025-12.22,IRYO,2025,10,4,12.37,172.0,45.44,101
00013_31-10-2025-12.27,AVE,2025,10,4,12.45,197.0,52.2,168
00004_31-10-2025-12.57,AVE,2025,10,4,12.95,157.0,78.67,21
00014_31-10-2025-13.18,AVE,2025,10,4,13.3,184.0,55.14,53
00004_31-10-2025-13.57,AVE,2025,10,4,13.95,157.0,82.71,12
00009_31-10-2025-14.02,IRYO,2025,10,4,14.03,172.0,54.44,26
00015_31-10-2025-14.12,OUIGO,2025,10,4,14.2,157.0,52.57,27
00016_31-10-2025-14.27,AVE,2025,10,4,14.45,177.0,98.49,0
00017_31-10-2025-14.42,IRYO,2025,10,4,14.7,179.0,59.62,21
00004_31-10-2025-14.57,AVE,2025,10,4,14.95,157.0,101.72,1
00018_31-10-2025-15.27,AVLO,2025,10,4,15.45,199.0,59.3,16
00004_31-10-2025-15.57,AVE,2025,10,4,15.95,157.0,88.31,21
00007_31-10-2025-16.27,AVE,2025,10,4,16.45,172.0,80.32,34
00002_31-10-2025-16.37,IRYO,2025,10,4,16.62,157.0,43.91,157
00004_31-10-2025-16.57,AVE,2025,10,4,16.95,157.0,103.38,3
00015_31-10-2025-17.17,OUIGO,2025,10,4,17.28,157.0,50.44,26
00009_31-10-2025-17.22,IRYO,2025,10,4,17.37,172.0,55.65,33
00018_31-10-2025-17.27,AVLO,2025,10,4,17.45,199.0,53.45,21
00004_31-10-2025-17.57,AVE,2025,10,4,17.95,157.0,51.14,215
00016_31-10-2025-18.27,AVE,2025,10,4,18.45,177.0,77.45,7
00002_31-10-2025-18.32,IRYO,2025,10,4,18.53,157.0,40.05,236
00004_31-10-2025-18.57,AVE,2025,10,4,18.95,157.0,64.97,18
00009_31-10-2025-19.29,IRYO,2025,10,4,19.48,172.0,59.88,2
00019_31-10-2025-19.34,AVLO,2025,10,4,19.57,201.0,45.35,2
00004_31-10-2025-20.05,AVE,2025,10,4,20.08,157.0,66.51,0
00009_31-10-2025-20.22,IRYO,2025,10,4,20.37,172.0,36.37,689
00020_31-10-2025-20.27,AVE,2025,10,4,20.45,201.0,47.96,3
00005_31-10-2025-21.02,OUIGO,2025,10,4,21.03,172.0,45.53,0
00007_31-10-2025-21.07,AVE,2025,10,4,21.12,172.0,81.88,0
00021_01-11-2025-06.27,AVLO,2025,11,5,6.45,178.0,27.08,570
00005_01-11-2025-07.02,OUIGO,2025,11,5,7.03,172.0,13.41,2575
00006_01-11-2025-07.27,AVE,2025,11,5,7.45,199.0,66.17,26
00009_01-11-2025-08.07,IRYO,2025,11,5,8.12,172.0,40.86,46
00007_01-11-2025-08.27,AVE,2025,11,5,8.45,172.0,57.69,66
00008_01-11-2025-08.57,AVE,2025,11,5,8.95,164.0,59.4,49
00009_01-11-2025-09.22,IRYO,2025,11,5,9.37,172.0,30.61,214
00010_01-11-2025-09.27,AVE,2025,11,5,9.45,194.0,55.32,74
00009_01-11-2025-09.57,IRYO,2025,11,5,9.95,172.0,44.5,70
00011_01-11-2025-10.02,OUIGO,2025,11,5,10.03,182.0,17.52,1141
00012_01-11-2025-10.27,AVLO,2025,11,5,10.45,172.0,45.85,54
00009_01-11-2025-11.22,IRYO,2025,11,5,11.37,172.0,43.96,102
00006_01-11-2025-11.27,AVE,2025,11,5,11.45,199.0,53.64,167
00009_01-11-2025-12.22,IRYO,2025,11,5,12.37,172.0,55.54,31
00013_01-11-2025-12.27,AVE,2025,11,5,12.45,197.0,50.1,197
00014_01-11-2025-13.18,AVE,2025,11,5,13.3,184.0,82.74,0
00015_01-11-2025-14.12,OUIGO,2025,11,5,14.2,157.0,18.61,822
00017_01-11-2025-14.42,IRYO,2025,11,5,14.7,179.0,25.79,284
00018_01-11-2025-15.27,AVLO,2025,11,5,15.45,199.0,33.2,116
00007_01-11-2025-16.27,AVE,2025,11,5,16.45,172.0,91.75,4
00002_01-11-2025-16.37,IRYO,2025,11,5,16.62,157.0,65.73,15
00015_01-11-2025-17.17,OUIGO,2025,11,5,17.28,157.0,10.0,5950
00018_01-11-2025-17.27,AVLO,2025,11,5,17.45,199.0,25.23,188
00016_01-11-2025-18.27,AVE,2025,11,5,18.45,177.0,100.5,0
00009_01-11-2025-19.29,IRYO,2025,11,5,19.48,172.0,32.95,31
00019_01-11-2025-19.34,AVLO,2025,11,5,19.57,201.0,31.4,6
00009_01-11-2025-20.22,IRYO,2025,11,5,20.37,172.0,48.28,1
00020_01-11-2025-20.27,AVE,2025,11,5,20.45,201.0,34.21,14
00005_01-11-2025-21.02,OUIGO,2025,11,5,21.03,172.0,29.84,2
00021_02-11-2025-06.27,AVLO,2025,11,6,6.45,178.0,55.27,123
00005_02-11-2025-07.02,OUIGO,2025,11,6,7.03,172.0,27.33,6285
00006_02-11-2025-07.27,AVE,2025,11,6,7.45,199.0,54.0,183
00009_02-11-2025-08.07,IRYO,2025,11,6,8.12,172.0,59.82,18
00007_02-11-2025-08.27,AVE,2025,11,6,8.45,172.0,90.36,3
00009_02-11-2025-09.22,IRYO,2025,11,6,9.37,172.0,59.89,29
00010_02-11-2025-09.27,AVE,2025,11,6,9.45,194.0,44.75,773
00009_02-11-2025-09.57,IRYO,2025,11,6,9.95,172.0,74.31,2
00011_02-11-2025-10.02,OUIGO,2025,11,6,10.03,182.0,38.41,414
00012_02-11-2025-10.27,AVLO,2025,11,6,10.45,172.0,47.4,152
00009_02-11-2025-11.22,IRYO,2025,11,6,11.37,172.0,62.82,37
00006_02-11-2025-11.27,AVE,2025,11,6,11.45,199.0,132.78,0
00009_02-11-2025-12.22,IRYO,2025,11,6,12.37,172.0,57.98,47
00013_02-11-2025-12.27,AVE,2025,11,6,12.45,197.0,43.33,956
00014_02-11-2025-13.18,AVE,2025,11,6,13.3,184.0,55.14,101
00009_02-11-2025-14.02,IRYO,2025,11,6,14.03,172.0,91.95,3
00015_02-11-2025-14.12,OUIGO,2025,11,6,14.2,157.0,40.54,741
00016_02-11-2025-14.27,AVE,2025,11,6,14.45,177.0,100.22,5
00017_02-11-2025-14.42,IRYO,2025,11,6,14.7,179.0,57.27,51
00018_02-11-2025-15.27,AVLO,2025,11,6,15.45,199.0,66.16,13
00007_02-11-2025-16.27,AVE,2025,11,6,16.45,172.0,75.22,105
00002_02-11-2025-16.37,IRYO,2025,11,6,16.62,157.0,83.33,9
00004_02-11-2025-16.57,AVE,2025,11,6,16.95,157.0,55.15,658
00015_02-11-2025-17.17,OUIGO,2025,11,6,17.28,157.0,71.3,15
00009_02-11-2025-17.22,IRYO,2025,11,6,17.37,172.0,84.38,3
00018_02-11-2025-17.27,AVLO,2025,11,6,17.45,199.0,78.89,3
00004_02-11-2025-17.57,AVE,2025,11,6,17.95,157.0,62.13,225
00016_02-11-2025-18.27,AVE,2025,11,6,18.45,177.0,99.72,4
00002_02-11-2025-18.32,IRYO,2025,11,6,18.53,157.0,104.17,1
00004_02-11-2025-18.57,AVE,2025,11,6,18.95,157.0,126.32,0
00009_02-11-2025-19.29,IRYO,2025,11,6,19.48,172.0,99.98,0
00019_02-11-2025-19.34,AVLO,2025,11,6,19.57,201.0,77.03,0
00004_02-11-2025-20.05,AVE,2025,11,6,20.08,157.0,71.92,10
00009_02-11-2025-20.22,IRYO,2025,11,6,20.37,172.0,88.46,0
00020_02-11-2025-20.27,AVE,2025,11,6,20.45,201.0,78.05,0
00005_02-11-2025-21.02,OUIGO,2025,11,6,21.03,172.0,81.14,0
00007_02-11-2025-21.07,AVE,2025,11,6,21.12,172.0,125.22,0
00001_03-11-2025-06.12,AVLO,2025,11,0,6.2,157.0,29.86,890
00002_03-11-2025-06.22,IRYO,2025,11,0,6.37,157.0,45.33,257
00003_03-11-2025-06.27,AVE,2025,11,0,6.45,178.0,47.17,522
00004_03-11-2025-06.57,AVE,2025,11,0,6.95,157.0,55.94,271
00005_03-11-2025-07.02,OUIGO,2025,11,0,7.03,172.0,37.38,55
00002_03-11-2025-07.22,IRYO,2025,11,0,7.37,157.0,36.84,197
00006_03-11-2025-07.27,AVE,2025,11,0,7.45,199.0,60.82,39
00004_03-11-2025-07.57,AVE,2025,11,0,7.95,157.0,67.99,37
00007_03-11-2025-08.27,AVE,2025,11,0,8.45,172.0,70.84,28
00002_03-11-2025-08.32,IRYO,2025,11,0,8.53,157.0,45.48,60
00008_03-11-2025-08.57,AVE,2025,11,0,8.95,164.0,62.35,65
00009_03-11-2025-09.22,IRYO,2025,11,0,9.37,172.0,70.52,5
00010_03-11-2025-09.27,AVE,2025,11,0,9.45,194.0,78.21,7
00009_03-11-2025-09.57,IRYO,2025,11,0,9.95,172.0,48.24,75
00011_03-11-2025-10.02,OUIGO,2025,11,0,10.03,182.0,40.8,44
00012_03-11-2025-10.27,AVLO,2025,11,0,10.45,172.0,35.42,196
00009_03-11-2025-11.22,IRYO,2025,11,0,11.37,172.0,50.46,37
00006_03-11-2025-11.27,AVE,2025,11,0,11.45,199.0,44.03,185
00009_03-11-2025-12.22,IRYO,2025,11,0,12.37,172.0,41.7,48
00013_03-11-2025-12.27,AVE,2025,11,0,12.45,197.0,63.17,6
00004_03-11-2025-12.57,AVE,2025,11,0,12.95,157.0,33.1,469
00014_03-11-2025-13.18,AVE,2025,11,0,13.3,184.0,68.94,0
00009_03-11-2025-14.02,IRYO,2025,11,0,14.03,172.0,19.32,289
00015_03-11-2025-14.12,OUIGO,2025,11,0,14.2,157.0,21.58,115
00016_03-11-2025-14.27,AVE,2025,11,0,14.45,177.0,33.66,232
00017_03-11-2025-14.42,IRYO,2025,11,0,14.7,179.0,45.17,10
00004_03-11-2025-14.57,AVE,2025,11,0,14.95,157.0,47.27,136
00018_03-11-2025-15.27,AVLO,2025,11,0,15.45,199.0,35.05,18
00004_03-11-2025-15.57,AVE,2025,11,0,15.95,157.0,35.37,494
00007_03-11-2025-16.27,AVE,2025,11,0,16.45,172.0,67.77,21
00002_03-11-2025-16.37,IRYO,2025,11,0,16.62,157.0,31.17,191
00004_03-11-2025-16.57,AVE,2025,11,0,16.95,157.0,42.35,439
00015_03-11-2025-17.17,OUIGO,2025,11,0,17.28,157.0,41.18,25
00009_03-11-2025-17.22,IRYO,2025,11,0,17.37,172.0,24.42,160
00006_03-11-2025-17.27,AVE,2025,11,0,17.45,199.0,70.11,2
00004_03-11-2025-17.57,AVE,2025,11,0,17.95,157.0,28.16,574
00016_03-11-2025-18.27,AVE,2025,11,0,18.45,177.0,57.09,12
00002_03-11-2025-18.32,IRYO,2025,11,0,18.53,157.0,22.51,85
00004_03-11-2025-18.57,AVE,2025,11,0,18.95,157.0,33.93,140
00009_03-11-2025-19.29,IRYO,2025,11,0,19.48,172.0,53.96,0
00019_03-11-2025-19.34,AVLO,2025,11,0,19.57,201.0,26.07,2
00004_03-11-2025-20.05,AVE,2025,11,0,20.08,157.0,35.98,21
00009_03-11-2025-20.22,IRYO,2025,11,0,20.37,172.0,26.19,1
00020_03-11-2025-20.27,AVE,2025,11,0,20.45,201.0,11.3,1454
00005_03-11-2025-21.02,OUIGO,2025,11,0,21.03,172.0,30.12,0
00007_03-11-2025-21.07,AVE,2025,11,0,21.12,172.0,21.17,31
00001_04-11-2025-06.12,AVLO,2025,11,1,6.2,157.0,34.21,362
00002_04-11-2025-06.22,IRYO,2025,11,1,6.37,157.0,20.35,815
00003_04-11-2025-06.27,AVE,2025,11,1,6.45,178.0,45.49,293
00004_04-11-2025-06.57,AVE,2025,11,1,6.95,157.0,129.7,0
00005_04-11-2025-07.02,OUIGO,2025,11,1,7.03,172.0,48.74,3
00002_04-11-2025-07.22,IRYO,2025,11,1,7.37,157.0,49.61,19
00006_04-11-2025-07.27,AVE,2025,11,1,7.45,199.0,37.2,112
00004_04-11-2025-07.57,AVE,2025,11,1,7.95,157.0,32.65,303
00007_04-11-2025-08.27,AVE,2025,11,1,8.45,172.0,69.33,1
00002_04-11-2025-08.32,IRYO,2025,11,1,8.53,157.0,37.82,18
00008_04-11-2025-08.57,AVE,2025,11,1,8.95,164.0,36.29,127
00009_04-11-2025-09.22,IRYO,2025,11,1,9.37,172.0,15.07,218
00010_04-11-2025-09.27,AVE,2025,11,1,9.45,194.0,64.01,4
00009_04-11-2025-09.57,IRYO,2025,11,1,9.95,172.0,34.68,50
00011_04-11-2025-10.02,OUIGO,2025,11,1,10.03,182.0,25.26,43
00012_04-11-2025-10.27,AVLO,2025,11,1,10.45,172.0,34.28,39
00009_04-11-2025-11.22,IRYO,2025,11,1,11.37,172.0,29.12,70
00006_04-11-2025-11.27,AVE,2025,11,1,11.45,199.0,34.25,156
00009_04-11-2025-12.22,IRYO,2025,11,1,12.37,172.0,10.0,1194
00013_04-11-2025-12.27,AVE,2025,11,1,12.45,197.0,52.1,11
00004_04-11-2025-12.57,AVE,2025,11,1,12.95,157.0,44.09,88
00014_04-11-2025-13.18,AVE,2025,11,1,13.3,184.0,48.24,19
00009_04-11-2025-14.02,IRYO,2025,11,1,14.03,172.0,59.23,0
00015_04-11-2025-14.12,OUIGO,2025,11,1,14.2,157.0,23.45,64
00016_04-11-2025-14.27,AVE,2025,11,1,14.45,177.0,76.2,1
00017_04-11-2025-14.42,IRYO,2025,11,1,14.7,179.0,35.01,26
00004_04-11-2025-14.57,AVE,2025,11,1,14.95,157.0,38.85,203
00018_04-11-2025-15.27,AVLO,2025,11,1,15.45,199.0,31.35,25
00004_04-11-2025-15.57,AVE,2025,11,1,15.95,157.0,38.96,287
00007_04-11-2025-16.27,AVE,2025,11,1,16.45,172.0,31.48,465
00002_04-11-2025-16.37,IRYO,2025,11,1,16.62,157.0,13.89,1019
00004_04-11-2025-16.57,AVE,2025,11,1,16.95,157.0,54.2,128
00015_04-11-2025-17.17,OUIGO,2025,11,1,17.28,157.0,38.74,20
00009_04-11-2025-17.22,IRYO,2025,11,1,17.37,172.0,44.04,28
00006_04-11-2025-17.27,AVE,2025,11,1,17.45,199.0,49.37,53
00004_04-11-2025-17.57,AVE,2025,11,1,17.95,157.0,77.44,4
00016_04-11-2025-18.27,AVE,2025,11,1,18.45,177.0,59.88,18
00002_04-11-2025-18.32,IRYO,2025,11,1,18.53,157.0,34.42,37
00004_04-11-2025-18.57,AVE,2025,11,1,18.95,157.0,29.36,191
00009_04-11-2025-19.29,IRYO,2025,11,1,19.48,172.0,32.4,14
00019_04-11-2025-19.34,AVLO,2025,11,1,19.57,201.0,29.32,2
00004_04-11-2025-20.05,AVE,2025,11,1,20.08,157.0,52.32,4
00009_04-11-2025-20.22,IRYO,2025,11,1,20.37,172.0,20.72,12
00020_04-11-2025-20.27,AVE,2025,11,1,20.45,201.0,37.06,4
00005_04-11-2025-21.02,OUIGO,2025,11,1,21.03,172.0,32.02,0
00007_04-11-2025-21.07,AVE,2025,11,1,21.12,172.0,39.92,4
00001_05-11-2025-06.12,AVLO,2025,11,2,6.2,157.0,28.94,844
00002_05-11-2025-06.22,IRYO,2025,11,2,6.37,157.0,39.83,313
00003_05-11-2025-06.27,AVE,2025,11,2,6.45,178.0,44.82,468
00004_05-11-2025-06.57,AVE,2025,11,2,6.95,157.0,101.62,0
00005_05-11-2025-07.02,OUIGO,2025,11,2,7.03,172.0,36.78,37
00002_05-11-2025-07.22,IRYO,2025,11,2,7.37,157.0,38.02,110
00006_05-11-2025-07.27,AVE,2025,11,2,7.45,199.0,33.75,296
00004_05-11-2025-07.57,AVE,2025,11,2,7.95,157.0,36.27,401
00007_05-11-2025-08.27,AVE,2025,11,2,8.45,172.0,74.61,3
00002_05-11-2025-08.32,IRYO,2025,11,2,8.53,157.0,47.01,8
00008_05-11-2025-08.57,AVE,2025,11,2,8.95,164.0,37.73,233
00009_05-11-2025-09.22,IRYO,2025,11,2,9.37,172.0,50.16,12
00010_05-11-2025-09.27,AVE,2025,11,2,9.45,194.0,72.74,8
00009_05-11-2025-09.57,IRYO,2025,11,2,9.95,172.0,40.23,69
00011_05-11-2025-10.02,OUIGO,2025,11,2,10.03,182.0,22.88,499
00012_05-11-2025-10.27,AVLO,2025,11,2,10.45,172.0,42.43,62
00009_05-11-2025-11.22,IRYO,2025,11,2,11.37,172.0,45.35,39
00006_05-11-2025-11.27,AVE,2025,11,2,11.45,199.0,50.98,72
00009_05-11-2025-12.22,IRYO,2025,11,2,12.37,172.0,24.07,1176
00013_05-11-2025-12.27,AVE,2025,11,2,12.45,197.0,43.09,107
00004_05-11-2025-12.57,AVE,2025,11,2,12.95,157.0,41.15,241
00014_05-11-2025-13.18,AVE,2025,11,2,13.3,184.0,48.24,26
00009_05-11-2025-14.02,IRYO,2025,11,2,14.03,172.0,42.0,27
00015_05-11-2025-14.12,OUIGO,2025,11,2,14.2,157.0,37.6,20
00016_05-11-2025-14.27,AVE,2025,11,2,14.45,177.0,33.24,365
00017_05-11-2025-14.42,IRYO,2025,11,2,14.7,179.0,43.65,27
00004_05-11-2025-14.57,AVE,2025,11,2,14.95,157.0,41.22,349
00018_05-11-2025-15.27,AVLO,2025,11,2,15.45,199.0,36.23,61
00004_05-11-2025-15.57,AVE,2025,11,2,15.95,157.0,48.95,379
00007_05-11-2025-16.27,AVE,2025,11,2,16.45,172.0,42.75,571
00002_05-11-2025-16.37,IRYO,2025,11,2,16.62,157.0,37.83,262
00004_05-11-2025-16.57,AVE,2025,11,2,16.95,157.0,124.88,1
00015_05-11-2025-17.17,OUIGO,2025,11,2,17.28,157.0,43.83,78
00009_05-11-2025-17.22,IRYO,2025,11,2,17.37,172.0,51.22,62
00006_05-11-2025-17.27,AVE,2025,11,2,17.45,199.0,59.64,78
00004_05-11-2025-17.57,AVE,2025,11,2,17.95,157.0,57.7,167
00016_05-11-2025-18.27,AVE,2025,11,2,18.45,177.0,56.46,78
00002_05-11-2025-18.32,IRYO,2025,11,2,18.53,157.0,41.0,76
00004_05-11-2025-18.57,AVE,2025,11,2,18.95,157.0,132.62,0
00009_05-11-2025-19.29,IRYO,2025,11,2,19.48,172.0,34.22,28
00019_05-11-2025-19.34,AVLO,2025,11,2,19.57,201.0,28.95,114
00004_05-11-2025-20.05,AVE,2025,11,2,20.08,157.0,47.36,33
00009_05-11-2025-20.22,IRYO,2025,11,2,20.37,172.0,29.36,109
00020_05-11-2025-20.27,AVE,2025,11,2,20.45,201.0,38.39,8
00005_05-11-2025-21.02,OUIGO,2025,11,2,21.03,172.0,44.46,0
00007_05-11-2025-21.07,AVE,2025,11,2,21.12,172.0,53.78,2
00001_06-11-2025-06.12,AVLO,2025,11,3,6.2,157.0,29.99,834
00002_06-11-2025-06.22,IRYO,2025,11,3,6.37,157.0,32.69,640
00003_06-11-2025-06.27,AVE,2025,11,3,6.45,178.0,50.9,331
00004_06-11-2025-06.57,AVE,2025,11,3,6.95,157.0,64.3,89
00005_06-11-2025-07.02,OUIGO,2025,11,3,7.03,172.0,51.25,4
00002_06-11-2025-07.22,IRYO,2025,11,3,7.37,157.0,46.64,48
00006_06-11-2025-07.27,AVE,2025,11,3,7.45,199.0,48.48,105
00004_06-11-2025-07.57,AVE,2025,11,3,7.95,157.0,40.1,384
00007_06-11-2025-08.27,AVE,2025,11,3,8.45,172.0,51.99,82
00002_06-11-2025-08.32,IRYO,2025,11,3,8.53,157.0,33.08,168
00008_06-11-2025-08.57,AVE,2025,11,3,8.95,164.0,53.27,137
00009_06-11-2025-09.22,IRYO,2025,11,3,9.37,172.0,48.69,62
00010_06-11-2025-09.27,AVE,2025,11,3,9.45,194.0,69.15,26
00009_06-11-2025-09.57,IRYO,2025,11,3,9.95,172.0,61.76,20
00011_06-11-2025-10.02,OUIGO,2025,11,3,10.03,182.0,48.65,33
00012_06-11-2025-10.27,AVLO,2025,11,3,10.45,172.0,59.77,23
00009_06-11-2025-11.22,IRYO,2025,11,3,11.37,172.0,76.27,3
00006_06-11-2025-11.27,AVE,2025,11,3,11.45,199.0,57.13,125
00009_06-11-2025-12.22,IRYO,2025,11,3,12.37,172.0,51.81,45
00013_06-11-2025-12.27,AVE,2025,11,3,12.45,197.0,32.55,1019
00004_06-11-2025-12.57,AVE,2025,11,3,12.95,157.0,69.96,55
00014_06-11-2025-13.18,AVE,2025,11,3,13.3,184.0,55.14,83
00004_06-11-2025-13.57,AVE,2025,11,3,13.95,157.0,,0
00009_06-11-2025-14.02,IRYO,2025,11,3,14.03,172.0,,0
00015_06-11-2025-14.12,OUIGO,2025,11,3,14.2,157.0,,0
00016_06-11-2025-14.27,AVE,2025,11,3,14.45,177.0,80.3,33
00017_06-11-2025-14.42,IRYO,2025,11,3,14.7,179.0,46.41,153
00004_06-11-2025-14.57,AVE,2025,11,3,14.95,157.0,69.74,195
00018_06-11-2025-15.27,AVLO,2025,11,3,15.45,199.0,35.82,471
00004_06-11-2025-15.57,AVE,2025,11,3,15.95,157.0,89.23,78
00007_06-11-2025-16.27,AVE,2025,11,3,16.45,172.0,66.48,417
00002_06-11-2025-16.37,IRYO,2025,11,3,16.62,157.0,58.46,266
00004_06-11-2025-16.57,AVE,2025,11,3,16.95,157.0,149.0,0
00015_06-11-2025-17.17,OUIGO,2025,11,3,17.28,157.0,52.8,174
00009_06-11-2025-17.22,IRYO,2025,11,3,17.37,172.0,75.13,23
00006_06-11-2025-17.27,AVE,2025,11,3,17.45,199.0,108.97,2
00004_06-11-2025-17.57,AVE,2025,11,3,17.95,157.0,65.75,368
00016_06-11-2025-18.27,AVE,2025,11,3,18.45,177.0,94.59,5
00002_06-11-2025-18.32,IRYO,2025,11,3,18.53,157.0,60.38,67
00004_06-11-2025-18.57,AVE,2025,11,3,18.95,157.0,78.53,33
00009_06-11-2025-19.29,IRYO,2025,11,3,19.48,172.0,44.2,42
00019_06-11-2025-19.34,AVLO,2025,11,3,19.57,201.0,37.12,39
00004_06-11-2025-20.05,AVE,2025,11,3,20.08,157.0,47.05,148
00009_06-11-2025-20.22,IRYO,2025,11,3,20.37,172.0,37.63,37
00020_06-11-2025-20.27,AVE,2025,11,3,20.45,201.0,67.28,2
00005_06-11-2025-21.02,OUIGO,2025,11,3,21.03,172.0,29.86,1093
00007_06-11-2025-21.07,AVE,2025,11,3,21.12,172.0,55.97,2
00002_07-11-2025-06.22,IRYO,2025,11,4,6.37,157.0,31.27,431
00021_07-11-2025-06.27,AVLO,2025,11,4,6.45,178.0,20.51,3415
00004_07-11-2025-06.57,AVE,2025,11,4,6.95,157.0,60.19,79
00005_07-11-2025-07.02,OUIGO,2025,11,4,7.03,172.0,46.85,8
00002_07-11-2025-07.22,IRYO,2025,11,4,7.37,157.0,41.84,46
00006_07-11-2025-07.27,AVE,2025,11,4,7.45,199.0,57.0,30
00004_07-11-2025-07.57,AVE,2025,11,4,7.95,157.0,48.21,162
00002_07-11-2025-08.32,IRYO,2025,11,4,8.53,157.0,30.83,489
00008_07-11-2025-08.57,AVE,2025,11,4,8.95,164.0,119.31,0
00009_07-11-2025-09.22,IRYO,2025,11,4,9.37,172.0,43.32,95
00010_07-11-2025-09.27,AVE,2025,11,4,9.45,194.0,77.99,12
00009_07-11-2025-09.57,IRYO,2025,11,4,9.95,172.0,63.31,23
00011_07-11-2025-10.02,OUIGO,2025,11,4,10.03,182.0,58.85,12
00012_07-11-2025-10.27,AVLO,2025,11,4,10.45,172.0,49.31,90
00009_07-11-2025-11.22,IRYO,2025,11,4,11.37,172.0,80.11,2
00006_07-11-2025-11.27,AVE,2025,11,4,11.45,199.0,111.07,0
00009_07-11-2025-12.22,IRYO,2025,11,4,12.37,172.0,26.41,2748
00013_07-11-2025-12.27,AVE,2025,11,4,12.45,197.0,40.01,426
00004_07-11-2025-12.57,AVE,2025,11,4,12.95,157.0,81.23,7
00014_07-11-2025-13.18,AVE,2025,11,4,13.3,184.0,55.14,46
00004_07-11-2025-13.57,AVE,2025,11,4,13.95,157.0,78.11,20
00009_07-11-2025-14.02,IRYO,2025,11,4,14.03,172.0,70.8,5
00015_07-11-2025-14.12,OUIGO,2025,11,4,14.2,157.0,44.1,44
00016_07-11-2025-14.27,AVE,2025,11,4,14.45,177.0,100.46,1
00017_07-11-2025-14.42,IRYO,2025,11,4,14.7,179.0,85.54,2
00004_07-11-2025-14.57,AVE,2025,11,4,14.95,157.0,107.85,0
00018_07-11-2025-15.27,AVLO,2025,11,4,15.45,199.0,49.99,43
00004_07-11-2025-15.57,AVE,2025,11,4,15.95,157.0,104.54,7
00007_07-11-2025-16.27,AVE,2025,11,4,16.45,172.0,93.22,8
00002_07-11-2025-16.37,IRYO,2025,11,4,16.62,157.0,53.77,128
00004_07-11-2025-16.57,AVE,2025,11,4,16.95,157.0,97.98,11
00015_07-11-2025-17.17,OUIGO,2025,11,4,17.28,157.0,45.8,98
00009_07-11-2025-17.22,IRYO,2025,11,4,17.37,172.0,64.73,20
00018_07-11-2025-17.27,AVLO,2025,11,4,17.45,199.0,41.21,67
00004_07-11-2025-17.57,AVE,2025,11,4,17.95,157.0,47.84,357
00016_07-11-2025-18.27,AVE,2025,11,4,18.45,177.0,87.93,1
00002_07-11-2025-18.32,IRYO,2025,11,4,18.53,157.0,30.71,765
00004_07-11-2025-18.57,AVE,2025,11,4,18.95,157.0,60.39,35
00009_07-11-2025-19.29,IRYO,2025,11,4,19.48,172.0,41.26,13
00019_07-11-2025-19.34,AVLO,2025,11,4,19.57,201.0,33.6,47
00004_07-11-2025-20.05,AVE,2025,11,4,20.08,157.0,74.62,1
00009_07-11-2025-20.22,IRYO,2025,11,4,20.37,172.0,30.08,418
00020_07-11-2025-20.27,AVE,2025,11,4,20.45,201.0,57.25,1
00005_07-11-2025-21.02,OUIGO,2025,11,4,21.03,172.0,45.34,0
00007_07-11-2025-21.07,AVE,2025,11,4,21.12,172.0,82.12,0
00021_08-11-2025-06.27,AVLO,2025,11,5,6.45,178.0,28.66,399
00005_08-11-2025-07.02,OUIGO,2025,11,5,7.03,172.0,19.17,507
00006_08-11-2025-07.27,AVE,2025,11,5,7.45,199.0,56.73,55
00009_08-11-2025-08.07,IRYO,2025,11,5,8.12,172.0,48.71,22
00007_08-11-2025-08.27,AVE,2025,11,5,8.45,172.0,69.53,12
00008_08-11-2025-08.57,AVE,2025,11,5,8.95,164.0,52.39,156
00009_08-11-2025-09.22,IRYO,2025,11,5,9.37,172.0,43.81,70
00010_08-11-2025-09.27,AVE,2025,11,5,9.45,194.0,61.96,69
00009_08-11-2025-09.57,IRYO,2025,11,5,9.95,172.0,36.04,194
00011_08-11-2025-10.02,OUIGO,2025,11,5,10.03,182.0,41.02,50
00012_08-11-2025-10.27,AVLO,2025,11,5,10.45,172.0,49.49,58
00009_08-11-2025-11.22,IRYO,2025,11,5,11.37,172.0,52.01,62
00006_08-11-2025-11.27,AVE,2025,11,5,11.45,199.0,56.84,142
00009_08-11-2025-12.22,IRYO,2025,11,5,12.37,172.0,50.4,56
00013_08-11-2025-12.27,AVE,2025,11,5,12.45,197.0,61.46,71
00014_08-11-2025-13.18,AVE,2025,11,5,13.3,184.0,82.74,2
00015_08-11-2025-14.12,OUIGO,2025,11,5,14.2,157.0,22.95,272
00017_08-11-2025-14.42,IRYO,2025,11,5,14.7,179.0,24.88,255
00018_08-11-2025-15.27,AVLO,2025,11,5,15.45,199.0,34.95,54
00007_08-11-2025-16.27,AVE,2025,11,5,16.45,172.0,88.63,9
00002_08-11-2025-16.37,IRYO,2025,11,5,16.62,157.0,46.94,83
00015_08-11-2025-17.17,OUIGO,2025,11,5,17.28,157.0,10.0,4062
00018_08-11-2025-17.27,AVLO,2025,11,5,17.45,199.0,20.32,292
00016_08-11-2025-18.27,AVE,2025,11,5,18.45,177.0,104.18,0
00009_08-11-2025-19.29,IRYO,2025,11,5,19.48,172.0,49.84,1
00019_08-11-2025-19.34,AVLO,2025,11,5,19.57,201.0,36.19,4
00009_08-11-2025-20.22,IRYO,2025,11,5,20.37,172.0,11.2,2008
00020_08-11-2025-20.27,AVE,2025,11,5,20.45,201.0,25.96,58
00005_08-11-2025-21.02,OUIGO,2025,11,5,21.03,172.0,23.05,1
00021_09-11-2025-06.27,AVLO,2025,11,6,6.45,178.0,46.54,248
00005_09-11-2025-07.02,OUIGO,2025,11,6,7.03,172.0,50.4,53
00006_09-11-2025-07.27,AVE,2025,11,6,7.45,199.0,42.79,720
00009_09-11-2025-08.07,IRYO,2025,11,6,8.12,172.0,53.09,44
00007_09-11-2025-08.27,AVE,2025,11,6,8.45,172.0,83.34,14
00009_09-11-2025-09.22,IRYO,2025,11,6,9.37,172.0,65.22,14
00010_09-11-2025-09.27,AVE,2025,11,6,9.45,194.0,48.41,432
00009_09-11-2025-09.57,IRYO,2025,11,6,9.95,172.0,66.34,8
00011_09-11-2025-10.02,OUIGO,2025,11,6,10.03,182.0,25.46,7872
00012_09-11-2025-10.27,AVLO,2025,11,6,10.45,172.0,44.91,233
00009_09-11-2025-11.22,IRYO,2025,11,6,11.37,172.0,95.89,1
00006_09-11-2025-11.27,AVE,2025,11,6,11.45,199.0,147.36,0
00009_09-11-2025-12.22,IRYO,2025,11,6,12.37,172.0,71.35,29
00013_09-11-2025-12.27,AVE,2025,11,6,12.45,197.0,62.91,226
00014_09-11-2025-13.18,AVE,2025,11,6,13.3,184.0,55.14,251
00009_09-11-2025-14.02,IRYO,2025,11,6,14.03,172.0,92.48,3
00015_09-11-2025-14.12,OUIGO,2025,11,6,14.2,157.0,52.78,103
00016_09-11-2025-14.27,AVE,2025,11,6,14.45,177.0,100.63,10
00017_09-11-2025-14.42,IRYO,2025,11,6,14.7,179.0,96.79,2
00018_09-11-2025-15.27,AVLO,2025,11,6,15.45,199.0,65.76,47
00007_09-11-2025-16.27,AVE,2025,11,6,16.45,172.0,78.45,172
00002_09-11-2025-16.37,IRYO,2025,11,6,16.62,157.0,85.91,21
00004_09-11-2025-16.57,AVE,2025,11,6,16.95,157.0,101.16,33
00015_09-11-2025-17.17,OUIGO,2025,11,6,17.28,157.0,63.11,71
00009_09-11-2025-17.22,IRYO,2025,11,6,17.37,172.0,93.93,0
00018_09-11-2025-17.27,AVLO,2025,11,6,17.45,199.0,58.1,59
00004_09-11-2025-17.57,AVE,2025,11,6,17.95,157.0,53.34,689
00016_09-11-2025-18.27,AVE,2025,11,6,18.45,177.0,89.89,16
00002_09-11-2025-18.32,IRYO,2025,11,6,18.53,157.0,82.33,5
00004_09-11-2025-18.57,AVE,2025,11,6,18.95,157.0,99.24,10
00009_09-11-2025-19.29,IRYO,2025,11,6,19.48,172.0,82.49,4
00019_09-11-2025-19.34,AVLO,2025,11,6,19.57,201.0,81.27,0
00004_09-11-2025-20.05,AVE,2025,11,6,20.08,157.0,86.8,3
00009_09-11-2025-20.22,IRYO,2025,11,6,20.37,172.0,79.33,0
00020_09-11-2025-20.27,AVE,2025,11,6,20.45,201.0,91.93,2
00005_09-11-2025-21.02,OUIGO,2025,11,6,21.03,172.0,59.91,0
00007_09-11-2025-21.07,AVE,2025,11,6,21.12,172.0,133.23,0
00001_10-11-2025-06.12,AVLO,2025,11,0,6.2,157.0,30.46,413
00002_10-11-2025-06.22,IRYO,2025,11,0,6.37,157.0,32.69,240
00003_10-11-2025-06.27,AVE,2025,11,0,6.45,178.0,38.64,352
00004_10-11-2025-06.57,AVE,2025,11,0,6.95,157.0,44.89,275
00005_10-11-2025-07.02,OUIGO,2025,11,0,7.03,172.0,47.55,6
00002_10-11-2025-07.22,IRYO,2025,11,0,7.37,157.0,31.87,175
00006_10-11-2025-07.27,AVE,2025,11,0,7.45,199.0,60.86,27
00004_10-11-2025-07.57,AVE,2025,11,0,7.95,157.0,61.88,35
00007_10-11-2025-08.27,AVE,2025,11,0,8.45,172.0,66.08,23
00002_10-11-2025-08.32,IRYO,2025,11,0,8.53,157.0,43.87,36
00008_10-11-2025-08.57,AVE,2025,11,0,8.95,164.0,48.35,191
00009_10-11-2025-09.22,IRYO,2025,11,0,9.37,172.0,55.28,15
00010_10-11-2025-09.27,AVE,2025,11,0,9.45,194.0,65.01,21
00009_10-11-2025-09.57,IRYO,2025,11,0,9.95,172.0,35.88,154
00011_10-11-2025-10.02,OUIGO,2025,11,0,10.03,182.0,37.33,43
00012_10-11-2025-10.27,AVLO,2025,11,0,10.45,172.0,33.71,167
00009_10-11-2025-11.22,IRYO,2025,11,0,11.37,172.0,18.09,8423
00006_10-11-2025-11.27,AVE,2025,11,0,11.45,199.0,35.37,405
00009_10-11-2025-12.22,IRYO,2025,11,0,12.37,172.0,33.39,117
00013_10-11-2025-12.27,AVE,2025,11,0,12.45,197.0,53.31,44
00004_10-11-2025-12.57,AVE,2025,11,0,12.95,157.0,48.09,133
00014_10-11-2025-13.18,AVE,2025,11,0,13.3,184.0,68.94,1
00009_10-11-2025-14.02,IRYO,2025,11,0,14.03,172.0,25.08,712
00015_10-11-2025-14.12,OUIGO,2025,11,0,14.2,157.0,25.37,338
00016_10-11-2025-14.27,AVE,2025,11,0,14.45,177.0,33.35,334
00017_10-11-2025-14.42,IRYO,2025,11,0,14.7,179.0,40.65,24
00004_10-11-2025-14.57,AVE,2025,11,0,14.95,157.0,37.63,247
00018_10-11-2025-15.27,AVLO,2025,11,0,15.45,199.0,39.09,11
00004_10-11-2025-15.57,AVE,2025,11,0,15.95,157.0,45.77,177
00007_10-11-2025-16.27,AVE,2025,11,0,16.45,172.0,71.04,13
00002_10-11-2025-16.37,IRYO,2025,11,0,16.62,157.0,21.79,2537
00004_10-11-2025-16.57,AVE,2025,11,0,16.95,157.0,53.19,128
00015_10-11-2025-17.17,OUIGO,2025,11,0,17.28,157.0,38.88,33
00009_10-11-2025-17.22,IRYO,2025,11,0,17.37,172.0,59.91,6
00006_10-11-2025-17.27,AVE,2025,11,0,17.45,199.0,67.33,5
00004_10-11-2025-17.57,AVE,2025,11,0,17.95,157.0,43.8,161
00016_10-11-2025-18.27,AVE,2025,11,0,18.45,177.0,70.95,3
00002_10-11-2025-18.32,IRYO,2025,11,0,18.53,157.0,43.17,15
00004_10-11-2025-18.57,AVE,2025,11,0,18.95,157.0,51.13,27
00009_10-11-2025-19.29,IRYO,2025,11,0,19.48,172.0,67.91,0
00019_10-11-2025-19.34,AVLO,2025,11,0,19.57,201.0,22.85,456
00004_10-11-2025-20.05,AVE,2025,11,0,20.08,157.0,27.05,707
00009_10-11-2025-20.22,IRYO,2025,11,0,20.37,172.0,22.03,738
00020_10-11-2025-20.27,AVE,2025,11,0,20.45,201.0,19.03,6329
00005_10-11-2025-21.02,OUIGO,2025,11,0,21.03,172.0,21.24,578
00007_10-11-2025-21.07,AVE,2025,11,0,21.12,172.0,34.04,22
00001_11-11-2025-06.12,AVLO,2025,11,1,6.2,157.0,35.08,597
00002_11-11-2025-06.22,IRYO,2025,11,1,6.37,157.0,34.75,553
00003_11-11-2025-06.27,AVE,2025,11,1,6.45,178.0,39.16,817
00004_11-11-2025-06.57,AVE,2025,11,1,6.95,157.0,124.01,0
00005_11-11-2025-07.02,OUIGO,2025,11,1,7.03,172.0,30.39,85
00002_11-11-2025-07.22,IRYO,2025,11,1,7.37,157.0,37.42,116
00006_11-11-2025-07.27,AVE,2025,11,1,7.45,199.0,33.27,315
00004_11-11-2025-07.57,AVE,2025,11,1,7.95,157.0,38.8,361
00007_11-11-2025-08.27,AVE,2025,11,1,8.45,172.0,61.94,18
00002_11-11-2025-08.32,IRYO,2025,11,1,8.53,157.0,31.77,76
00008_11-11-2025-08.57,AVE,2025,11,1,8.95,164.0,40.21,209
00009_11-11-2025-09.22,IRYO,2025,11,1,9.37,172.0,39.83,54
00010_11-11-2025-09.27,AVE,2025,11,1,9.45,194.0,57.11,42
00009_11-11-2025-09.57,IRYO,2025,11,1,9.95,172.0,27.2,210
00011_11-11-2025-10.02,OUIGO,2025,11,1,10.03,182.0,45.37,12
00012_11-11-2025-10.27,AVLO,2025,11,1,10.45,172.0,33.73,119
00009_11-11-2025-11.22,IRYO,2025,11,1,11.37,172.0,34.42,153
00006_11-11-2025-11.27,AVE,2025,11,1,11.45,199.0,49.21,93
00009_11-11-2025-12.22,IRYO,2025,11,1,12.37,172.0,35.21,103
00013_11-11-2025-12.27,AVE,2025,11,1,12.45,197.0,48.37,69
00004_11-11-2025-12.57,AVE,2025,11,1,12.95,157.0,44.17,177
00014_11-11-2025-13.18,AVE,2025,11,1,13.3,184.0,48.24,23
00009_11-11-2025-14.02,IRYO,2025,11,1,14.03,172.0,18.27,1369
00015_11-11-2025-14.12,OUIGO,2025,11,1,14.2,157.0,23.21,157
00016_11-11-2025-14.27,AVE,2025,11,1,14.45,177.0,59.6,7
00017_11-11-2025-14.42,IRYO,2025,11,1,14.7,179.0,26.7,83
00004_11-11-2025-14.57,AVE,2025,11,1,14.95,157.0,35.55,331
00018_11-11-2025-15.27,AVLO,2025,11,1,15.45,199.0,29.54,47
00004_11-11-2025-15.57,AVE,2025,11,1,15.95,157.0,22.94,1300
00007_11-11-2025-16.27,AVE,2025,11,1,16.45,172.0,35.19,467
00002_11-11-2025-16.37,IRYO,2025,11,1,16.62,157.0,34.98,141
00004_11-11-2025-16.57,AVE,2025,11,1,16.95,157.0,50.58,263
00015_11-11-2025-17.17,OUIGO,2025,11,1,17.28,157.0,45.2,25
00009_11-11-2025-17.22,IRYO,2025,11,1,17.37,172.0,26.35,224
00006_11-11-2025-17.27,AVE,2025,11,1,17.45,199.0,55.77,46
00004_11-11-2025-17.57,AVE,2025,11,1,17.95,157.0,75.37,11
00016_11-11-2025-18.27,AVE,2025,11,1,18.45,177.0,61.03,14
00002_11-11-2025-18.32,IRYO,2025,11,1,18.53,157.0,32.18,58
00004_11-11-2025-18.57,AVE,2025,11,1,18.95,157.0,36.15,156
00009_11-11-2025-19.29,IRYO,2025,11,1,19.48,172.0,26.3,20
00019_11-11-2025-19.34,AVLO,2025,11,1,19.57,201.0,28.79,4
00004_11-11-2025-20.05,AVE,2025,11,1,20.08,157.0,28.98,86
00009_11-11-2025-20.22,IRYO,2025,11,1,20.37,172.0,24.34,19
00020_11-11-2025-20.27,AVE,2025,11,1,20.45,201.0,33.87,1
00005_11-11-2025-21.02,OUIGO,2025,11,1,21.03,172.0,18.12,550
00007_11-11-2025-21.07,AVE,2025,11,1,21.12,172.0,42.48,2
00001_12-11-2025-06.12,AVLO,2025,11,2,6.2,157.0,35.8,280
00002_12-11-2025-06.22,IRYO,2025,11,2,6.37,157.0,20.71,613
00003_12-11-2025-06.27,AVE,2025,11,2,6.45,178.0,33.42,549
00004_12-11-2025-06.57,AVE,2025,11,2,6.95,157.0,110.17,0
00005_12-11-2025-07.02,OUIGO,2025,11,2,7.03,172.0,57.18,1
00002_12-11-2025-07.22,IRYO,2025,11,2,7.37,157.0,32.57,90
00006_12-11-2025-07.27,AVE,2025,11,2,7.45,199.0,44.84,63
00004_12-11-2025-07.57,AVE,2025,11,2,7.95,157.0,38.57,196
00007_12-11-2025-08.27,AVE,2025,11,2,8.45,172.0,82.93,0
00002_12-11-2025-08.32,IRYO,2025,11,2,8.53,157.0,65.21,0
00008_12-11-2025-08.57,AVE,2025,11,2,8.95,164.0,44.48,114
00009_12-11-2025-09.22,IRYO,2025,11,2,9.37,172.0,42.55,37
00010_12-11-2025-09.27,AVE,2025,11,2,9.45,194.0,59.2,20
00009_12-11-2025-09.57,IRYO,2025,11,2,9.95,172.0,30.2,119
00011_12-11-2025-10.02,OUIGO,2025,11,2,10.03,182.0,40.69,22
00012_12-11-2025-10.27,AVLO,2025,11,2,10.45,172.0,46.85,27
00009_12-11-2025-11.22,IRYO,2025,11,2,11.37,172.0,40.59,56
00006_12-11-2025-11.27,AVE,2025,11,2,11.45,199.0,45.11,113
00009_12-11-2025-12.22,IRYO,2025,11,2,12.37,172.0,36.9,65
00013_12-11-2025-12.27,AVE,2025,11,2,12.45,197.0,52.48,48
00004_12-11-2025-12.57,AVE,2025,11,2,12.95,157.0,57.45,52
00014_12-11-2025-13.18,AVE,2025,11,2,13.3,184.0,48.24,25
00009_12-11-2025-14.02,IRYO,2025,11,2,14.03,172.0,50.44,22
00015_12-11-2025-14.12,OUIGO,2025,11,2,14.2,157.0,10.93,1435
00016_12-11-2025-14.27,AVE,2025,11,2,14.45,177.0,40.47,253
00017_12-11-2025-14.42,IRYO,2025,11,2,14.7,179.0,57.15,7
00004_12-11-2025-14.57,AVE,2025,11,2,14.95,157.0,53.59,135
00018_12-11-2025-15.27,AVLO,2025,11,2,15.45,199.0,33.45,120
00004_12-11-2025-15.57,AVE,2025,11,2,15.95,157.0,78.4,36
00007_12-11-2025-16.27,AVE,2025,11,2,16.45,172.0,53.22,335
00002_12-11-2025-16.37,IRYO,2025,11,2,16.62,157.0,58.67,47
00004_12-11-2025-16.57,AVE,2025,11,2,16.95,157.0,136.15,0
00015_12-11-2025-17.17,OUIGO,2025,11,2,17.28,157.0,63.01,16
00009_12-11-2025-17.22,IRYO,2025,11,2,17.37,172.0,38.91,193
00006_12-11-2025-17.27,AVE,2025,11,2,17.45,199.0,67.22,43
00004_12-11-2025-17.57,AVE,2025,11,2,17.95,157.0,59.62,176
00016_12-11-2025-18.27,AVE,2025,11,2,18.45,177.0,70.06,22
00002_12-11-2025-18.32,IRYO,2025,11,2,18.53,157.0,50.01,27
00004_12-11-2025-18.57,AVE,2025,11,2,18.95,157.0,92.59,1
00009_12-11-2025-19.29,IRYO,2025,11,2,19.48,172.0,48.64,3
00019_12-11-2025-19.34,AVLO,2025,11,2,19.57,201.0,31.76,11
00004_12-11-2025-20.05,AVE,2025,11,2,20.08,157.0,46.09,51
00009_12-11-2025-20.22,IRYO,2025,11,2,20.37,172.0,21.96,29
00020_12-11-2025-20.27,AVE,2025,11,2,20.45,201.0,27.05,34
00005_12-11-2025-21.02,OUIGO,2025,11,2,21.03,172.0,50.39,0
00007_12-11-2025-21.07,AVE,2025,11,2,21.12,172.0,64.66,0
00001_13-11-2025-06.12,AVLO,2025,11,3,6.2,157.0,28.98,790
00002_13-11-2025-06.22,IRYO,2025,11,3,6.37,157.0,34.07,453
00003_13-11-2025-06.27,AVE,2025,11,3,6.45,178.0,54.03,217
00004_13-11-2025-06.57,AVE,2025,11,3,6.95,157.0,51.1,296
00005_13-11-2025-07.02,OUIGO,2025,11,3,7.03,172.0,37.59,33
00002_13-11-2025-07.22,IRYO,2025,11,3,7.37,157.0,50.9,32
00006_13-11-2025-07.27,AVE,2025,11,3,7.45,199.0,47.45,88
00004_13-11-2025-07.57,AVE,2025,11,3,7.95,157.0,46.27,208
00007_13-11-2025-08.27,AVE,2025,11,3,8.45,172.0,56.46,52
00002_13-11-2025-08.32,IRYO,2025,11,3,8.53,157.0,45.33,33
00008_13-11-2025-08.57,AVE,2025,11,3,8.95,164.0,52.35,117
00009_13-11-2025-09.22,IRYO,2025,11,3,9.37,172.0,61.49,7
00010_13-11-2025-09.27,AVE,2025,11,3,9.45,194.0,56.35,103
00009_13-11-2025-09.57,IRYO,2025,11,3,9.95,172.0,58.09,18
00011_13-11-2025-10.02,OUIGO,2025,11,3,10.03,182.0,35.98,92
00012_13-11-2025-10.27,AVLO,2025,11,3,10.45,172.0,54.99,32
00009_13-11-2025-11.22,IRYO,2025,11,3,11.37,172.0,60.71,24
00006_13-11-2025-11.27,AVE,2025,11,3,11.45,199.0,46.23,292
00009_13-11-2025-12.22,IRYO,2025,11,3,12.37,172.0,53.79,39
00013_13-11-2025-12.27,AVE,2025,11,3,12.45,197.0,45.29,266
00004_13-11-2025-12.57,AVE,2025,11,3,12.95,157.0,65.66,94
00014_13-11-2025-13.18,AVE,2025,11,3,13.3,184.0,55.14,73
00004_13-11-2025-13.57,AVE,2025,11,3,13.95,157.0,,0
00009_13-11-2025-14.02,IRYO,2025,11,3,14.03,172.0,,0
00015_13-11-2025-14.12,OUIGO,2025,11,3,14.2,157.0,,0
00016_13-11-2025-14.27,AVE,2025,11,3,14.45,177.0,81.83,21
00017_13-11-2025-14.42,IRYO,2025,11,3,14.7,179.0,53.8,54
00004_13-11-2025-14.57,AVE,2025,11,3,14.95,157.0,85.64,33
00018_13-11-2025-15.27,AVLO,2025,11,3,15.45,199.0,40.52,129
00004_13-11-2025-15.57,AVE,2025,11,3,15.95,157.0,100.36,11
00007_13-11-2025-16.27,AVE,2025,11,3,16.45,172.0,54.53,486
00002_13-11-2025-16.37,IRYO,2025,11,3,16.62,157.0,39.62,512
00004_13-11-2025-16.57,AVE,2025,11,3,16.95,157.0,142.37,0
00015_13-11-2025-17.17,OUIGO,2025,11,3,17.28,157.0,57.33,38
00009_13-11-2025-17.22,IRYO,2025,11,3,17.37,172.0,73.62,10
00006_13-11-2025-17.27,AVE,2025,11,3,17.45,199.0,113.36,1
00004_13-11-2025-17.57,AVE,2025,11,3,17.95,157.0,60.52,206
00016_13-11-2025-18.27,AVE,2025,11,3,18.45,177.0,58.54,83
00002_13-11-2025-18.32,IRYO,2025,11,3,18.53,157.0,26.16,1574
00004_13-11-2025-18.57,AVE,2025,11,3,18.95,157.0,73.41,18
00009_13-11-2025-19.29,IRYO,2025,11,3,19.48,172.0,50.64,6
00019_13-11-2025-19.34,AVLO,2025,11,3,19.57,201.0,34.13,15
00004_13-11-2025-20.05,AVE,2025,11,3,20.08,157.0,63.91,11
00009_13-11-2025-20.22,IRYO,2025,11,3,20.37,172.0,31.56,62
00020_13-11-2025-20.27,AVE,2025,11,3,20.45,201.0,56.25,5
00005_13-11-2025-21.02,OUIGO,2025,11,3,21.03,172.0,33.55,5
00007_13-11-2025-21.07,AVE,2025,11,3,21.12,172.0,63.42,0
00002_14-11-2025-06.22,IRYO,2025,11,4,6.37,157.0,32.73,187
00021_14-11-2025-06.27,AVLO,2025,11,4,6.45,178.0,19.41,2531
00004_14-11-2025-06.57,AVE,2025,11,4,6.95,157.0,46.39,173
00005_14-11-2025-07.02,OUIGO,2025,11,4,7.03,172.0,22.98,675
00002_14-11-2025-07.22,IRYO,2025,11,4,7.37,157.0,35.97,62
00006_14-11-2025-07.27,AVE,2025,11,4,7.45,199.0,74.96,4
00004_14-11-2025-07.57,AVE,2025,11,4,7.95,157.0,56.9,48
00002_14-11-2025-08.32,IRYO,2025,11,4,8.53,157.0,29.77,332
00008_14-11-2025-08.57,AVE,2025,11,4,8.95,164.0,104.33,0
00009_14-11-2025-09.22,IRYO,2025,11,4,9.37,172.0,48.7,69
00010_14-11-2025-09.27,AVE,2025,11,4,9.45,194.0,71.08,33
00009_14-11-2025-09.57,IRYO,2025,11,4,9.95,172.0,52.67,54
00011_14-11-2025-10.02,OUIGO,2025,11,4,10.03,182.0,46.49,53
00012_14-11-2025-10.27,AVLO,2025,11,4,10.45,172.0,67.23,13
00009_14-11-2025-11.22,IRYO,2025,11,4,11.37,172.0,86.73,4
00006_14-11-2025-11.27,AVE,2025,11,4,11.45,199.0,103.55,1
00009_14-11-2025-12.22,IRYO,2025,11,4,12.37,172.0,55.75,61
00013_14-11-2025-12.27,AVE,2025,11,4,12.45,197.0,48.09,252
00004_14-11-2025-12.57,AVE,2025,11,4,12.95,157.0,79.49,32
00014_14-11-2025-13.18,AVE,2025,11,4,13.3,184.0,55.14,59
00004_14-11-2025-13.57,AVE,2025,11,4,13.95,157.0,81.35,19
00009_14-11-2025-14.02,IRYO,2025,11,4,14.03,172.0,73.24,7
00015_14-11-2025-14.12,OUIGO,2025,11,4,14.2,157.0,46.14,56
00016_14-11-2025-14.27,AVE,2025,11,4,14.45,177.0,88.75,8
00017_14-11-2025-14.42,IRYO,2025,11,4,14.7,179.0,79.8,2
00004_14-11-2025-14.57,AVE,2025,11,4,14.95,157.0,85.24,24
00018_14-11-2025-15.27,AVLO,2025,11,4,15.45,199.0,51.93,28
00004_14-11-2025-15.57,AVE,2025,11,4,15.95,157.0,109.1,1
00007_14-11-2025-16.27,AVE,2025,11,4,16.45,172.0,93.32,7
00002_14-11-2025-16.37,IRYO,2025,11,4,16.62,157.0,50.21,120
00004_14-11-2025-16.57,AVE,2025,11,4,16.95,157.0,100.01,6
00015_14-11-2025-17.17,OUIGO,2025,11,4,17.28,157.0,37.35,102
00009_14-11-2025-17.22,IRYO,2025,11,4,17.37,172.0,53.73,48
00018_14-11-2025-17.27,AVLO,2025,11,4,17.45,199.0,55.47,21
00004_14-11-2025-17.57,AVE,2025,11,4,17.95,157.0,52.31,192
00016_14-11-2025-18.27,AVE,2025,11,4,18.45,177.0,79.78,1
00002_14-11-2025-18.32,IRYO,2025,11,4,18.53,157.0,48.88,21
00004_14-11-2025-18.57,AVE,2025,11,4,18.95,157.0,65.36,24
00009_14-11-2025-19.29,IRYO,2025,11,4,19.48,172.0,50.29,5
00019_14-11-2025-19.34,AVLO,2025,11,4,19.57,201.0,27.23,711
00004_14-11-2025-20.05,AVE,2025,11,4,20.08,157.0,62.64,10
00009_14-11-2025-20.22,IRYO,2025,11,4,20.37,172.0,28.37,512
00020_14-11-2025-20.27,AVE,2025,11,4,20.45,201.0,49.48,3
00005_14-11-2025-21.02,OUIGO,2025,11,4,21.03,172.0,41.5,0
00007_14-11-2025-21.07,AVE,2025,11,4,21.12,172.0,86.26,0
00021_15-11-2025-06.27,AVLO,2025,11,5,6.45,178.0,29.65,463
00005_15-11-2025-07.02,OUIGO,2025,11,5,7.03,172.0,30.04,139
00006_15-11-2025-07.27,AVE,2025,11,5,7.45,199.0,58.15,46
00009_15-11-2025-08.07,IRYO,2025,11,5,8.12,172.0,40.7,44
00007_15-11-2025-08.27,AVE,2025,11,5,8.45,172.0,43.83,163
00008_15-11-2025-08.57,AVE,2025,11,5,8.95,164.0,51.61,105
00009_15-11-2025-09.22,IRYO,2025,11,5,9.37,172.0,26.46,209
00010_15-11-2025-09.27,AVE,2025,11,5,9.45,194.0,63.06,24
00009_15-11-2025-09.57,IRYO,2025,11,5,9.95,172.0,48.91,13
00011_15-11-2025-10.02,OUIGO,2025,11,5,10.03,182.0,19.86,311
00012_15-11-2025-10.27,AVLO,2025,11,5,10.45,172.0,39.76,99
00009_15-11-2025-11.22,IRYO,2025,11,5,11.37,172.0,34.66,144
00006_15-11-2025-11.27,AVE,2025,11,5,11.45,199.0,46.22,175
00009_15-11-2025-12.22,IRYO,2025,11,5,12.37,172.0,52.07,24
00013_15-11-2025-12.27,AVE,2025,11,5,12.45,197.0,53.94,77
00014_15-11-2025-13.18,AVE,2025,11,5,13.3,184.0,82.74,1
00015_15-11-2025-14.12,OUIGO,2025,11,5,14.2,157.0,10.0,3799
00017_15-11-2025-14.42,IRYO,2025,11,5,14.7,179.0,43.99,29
00018_15-11-2025-15.27,AVLO,2025,11,5,15.45,199.0,26.28,146
00007_15-11-2025-16.27,AVE,2025,11,5,16.45,172.0,106.65,1
00002_15-11-2025-16.37,IRYO,2025,11,5,16.62,157.0,22.12,516
00015_15-11-2025-17.17,OUIGO,2025,11,5,17.28,157.0,30.56,131
00018_15-11-2025-17.27,AVLO,2025,11,5,17.45,199.0,22.17,158
00016_15-11-2025-18.27,AVE,2025,11,5,18.45,177.0,104.06,0
00009_15-11-2025-19.29,IRYO,2025,11,5,19.48,172.0,10.0,2385
00019_15-11-2025-19.34,AVLO,2025,11,5,19.57,201.0,35.18,2
00009_15-11-2025-20.22,IRYO,2025,11,5,20.37,172.0,50.97,0
00020_15-11-2025-20.27,AVE,2025,11,5,20.45,201.0,15.97,828
00005_15-11-2025-21.02,OUIGO,2025,11,5,21.03,172.0,11.97,489
00021_16-11-2025-06.27,AVLO,2025,11,6,6.45,178.0,45.24,482
00005_16-11-2025-07.02,OUIGO,2025,11,6,7.03,172.0,44.82,200
00006_16-11-2025-07.27,AVE,2025,11,6,7.45,199.0,46.48,1233
00009_16-11-2025-08.07,IRYO,2025,11,6,8.12,172.0,59.63,23
00007_16-11-2025-08.27,AVE,2025,11,6,8.45,172.0,94.24,1
00009_16-11-2025-09.22,IRYO,2025,11,6,9.37,172.0,39.1,4034
00010_16-11-2025-09.27,AVE,2025,11,6,9.45,194.0,54.11,348
00009_16-11-2025-09.57,IRYO,2025,11,6,9.95,172.0,75.24,7
00011_16-11-2025-10.02,OUIGO,2025,11,6,10.03,182.0,51.62,41
00012_16-11-2025-10.27,AVLO,2025,11,6,10.45,172.0,40.8,3202
00009_16-11-2025-11.22,IRYO,2025,11,6,11.37,172.0,66.65,36
00006_16-11-2025-11.27,AVE,2025,11,6,11.45,199.0,148.88,0
00009_16-11-2025-12.22,IRYO,2025,11,6,12.37,172.0,62.43,81
00013_16-11-2025-12.27,AVE,2025,11,6,12.45,197.0,54.63,436
00014_16-11-2025-13.18,AVE,2025,11,6,13.3,184.0,55.14,264
00009_16-11-2025-14.02,IRYO,2025,11,6,14.03,172.0,84.87,9
00015_16-11-2025-14.12,OUIGO,2025,11,6,14.2,157.0,66.17,24
00016_16-11-2025-14.27,AVE,2025,11,6,14.45,177.0,99.34,17
00017_16-11-2025-14.42,IRYO,2025,11,6,14.7,179.0,85.07,14
00018_16-11-2025-15.27,AVLO,2025,11,6,15.45,199.0,67.53,64
00007_16-11-2025-16.27,AVE,2025,11,6,16.45,172.0,92.13,90
00002_16-11-2025-16.37,IRYO,2025,11,6,16.62,157.0,91.11,29
00004_16-11-2025-16.57,AVE,2025,11,6,16.95,157.0,79.98,371
00015_16-11-2025-17.17,OUIGO,2025,11,6,17.28,157.0,65.37,92
00009_16-11-2025-17.22,IRYO,2025,11,6,17.37,172.0,83.47,18
00018_16-11-2025-17.27,AVLO,2025,11,6,17.45,199.0,67.2,44
00004_16-11-2025-17.57,AVE,2025,11,6,17.95,157.0,69.93,335
00016_16-11-2025-18.27,AVE,2025,11,6,18.45,177.0,110.6,0
00002_16-11-2025-18.32,IRYO,2025,11,6,18.53,157.0,77.19,29
00004_16-11-2025-18.57,AVE,2025,11,6,18.95,157.0,119.17,1
00009_16-11-2025-19.29,IRYO,2025,11,6,19.48,172.0,92.75,1
00019_16-11-2025-19.34,AVLO,2025,11,6,19.57,201.0,84.2,2
00004_16-11-2025-20.05,AVE,2025,11,6,20.08,157.0,85.17,6
00009_16-11-2025-20.22,IRYO,2025,11,6,20.37,172.0,90.08,1
00020_16-11-2025-20.27,AVE,2025,11,6,20.45,201.0,78.02,2
00005_16-11-2025-21.02,OUIGO,2025,11,6,21.03,172.0,88.34,0
00007_16-11-2025-21.07,AVE,2025,11,6,21.12,172.0,134.77,0
00001_17-11-2025-06.12,AVLO,2025,11,0,6.2,157.0,28.99,701
00002_17-11-2025-06.22,IRYO,2025,11,0,6.37,157.0,38.88,300
00003_17-11-2025-06.27,AVE,2025,11,0,6.45,178.0,45.36,434
00004_17-11-2025-06.57,AVE,2025,11,0,6.95,157.0,62.14,99
00005_17-11-2025-07.02,OUIGO,2025,11,0,7.03,172.0,40.0,27
00002_17-11-2025-07.22,IRYO,2025,11,0,7.37,157.0,54.17,20
00006_17-11-2025-07.27,AVE,2025,11,0,7.45,199.0,54.52,42
00004_17-11-2025-07.57,AVE,2025,11,0,7.95,157.0,79.96,3
00007_17-11-2025-08.27,AVE,2025,11,0,8.45,172.0,69.53,8
00002_17-11-2025-08.32,IRYO,2025,11,0,8.53,157.0,33.8,79
00008_17-11-2025-08.57,AVE,2025,11,0,8.95,164.0,46.55,123
00009_17-11-2025-09.22,IRYO,2025,11,0,9.37,172.0,73.0,3
00010_17-11-2025-09.27,AVE,2025,11,0,9.45,194.0,73.4,11
00009_17-11-2025-09.57,IRYO,2025,11,0,9.95,172.0,47.54,29
00011_17-11-2025-10.02,OUIGO,2025,11,0,10.03,182.0,47.14,8
00012_17-11-2025-10.27,AVLO,2025,11,0,10.45,172.0,35.19,77
00009_17-11-2025-11.22,IRYO,2025,11,0,11.37,172.0,34.39,69
00006_17-11-2025-11.27,AVE,2025,11,0,11.45,199.0,25.65,372
00009_17-11-2025-12.22,IRYO,2025,11,0,12.37,172.0,25.44,97
00013_17-11-2025-12.27,AVE,2025,11,0,12.45,197.0,51.49,22
00004_17-11-2025-12.57,AVE,2025,11,0,12.95,157.0,34.54,200
00014_17-11-2025-13.18,AVE,2025,11,0,13.3,184.0,68.94,0
00009_17-11-2025-14.02,IRYO,2025,11,0,14.03,172.0,43.01,19
00015_17-11-2025-14.12,OUIGO,2025,11,0,14.2,157.0,25.4,36
00016_17-11-2025-14.27,AVE,2025,11,0,14.45,177.0,35.48,218
00017_17-11-2025-14.42,IRYO,2025,11,0,14.7,179.0,33.46,32
00004_17-11-2025-14.57,AVE,2025,11,0,14.95,157.0,40.09,225
00018_17-11-2025-15.27,AVLO,2025,11,0,15.45,199.0,36.71,27
00004_17-11-2025-15.57,AVE,2025,11,0,15.95,157.0,43.05,300
00007_17-11-2025-16.27,AVE,2025,11,0,16.45,172.0,75.14,16
00002_17-11-2025-16.37,IRYO,2025,11,0,16.62,157.0,43.7,89
00004_17-11-2025-16.57,AVE,2025,11,0,16.95,157.0,49.42,312
00015_17-11-2025-17.17,OUIGO,2025,11,0,17.28,157.0,26.3,140
00009_17-11-2025-17.22,IRYO,2025,11,0,17.37,172.0,40.9,52
00006_17-11-2025-17.27,AVE,2025,11,0,17.45,199.0,66.17,14
00004_17-11-2025-17.57,AVE,2025,11,0,17.95,157.0,47.3,157
00016_17-11-2025-18.27,AVE,2025,11,0,18.45,177.0,59.78,9
00002_17-11-2025-18.32,IRYO,2025,11,0,18.53,157.0,53.91,5
00004_17-11-2025-18.57,AVE,2025,11,0,18.95,157.0,46.94,60
00009_17-11-2025-19.29,IRYO,2025,11,0,19.48,172.0,45.52,2
00019_17-11-2025-19.34,AVLO,2025,11,0,19.57,201.0,23.66,3
00004_17-11-2025-20.05,AVE,2025,11,0,20.08,157.0,14.15,425
00009_17-11-2025-20.22,IRYO,2025,11,0,20.37,172.0,10.0,1000
00020_17-11-2025-20.27,AVE,2025,11,0,20.45,201.0,19.86,13
00005_17-11-2025-21.02,OUIGO,2025,11,0,21.03,172.0,38.7,0
00007_17-11-2025-21.07,AVE,2025,11,0,21.12,172.0,36.74,1
00001_18-11-2025-06.12,AVLO,2025,11,1,6.2,157.0,33.77,519
00002_18-11-2025-06.22,IRYO,2025,11,1,6.37,157.0,39.98,295
00003_18-11-2025-06.27,AVE,2025,11,1,6.45,178.0,53.38,200
00004_18-11-2025-06.57,AVE,2025,11,1,6.95,157.0,115.28,0
00005_18-11-2025-07.02,OUIGO,2025,11,1,7.03,172.0,69.26,0
00002_18-11-2025-07.22,IRYO,2025,11,1,7.37,157.0,10.0,1009
00006_18-11-2025-07.27,AVE,2025,11,1,7.45,199.0,31.62,254
00004_18-11-2025-07.57,AVE,2025,11,1,7.95,157.0,41.7,210
00007_18-11-2025-08.27,AVE,2025,11,1,8.45,172.0,64.07,8
00002_18-11-2025-08.32,IRYO,2025,11,1,8.53,157.0,23.0,139
00008_18-11-2025-08.57,AVE,2025,11,1,8.95,164.0,35.39,178
00009_18-11-2025-09.22,IRYO,2025,11,1,9.37,172.0,35.26,38
00010_18-11-2025-09.27,AVE,2025,11,1,9.45,194.0,68.56,5
00009_18-11-2025-09.57,IRYO,2025,11,1,9.95,172.0,40.59,35
00011_18-11-2025-10.02,OUIGO,2025,11,1,10.03,182.0,29.56,35
00012_18-11-2025-10.27,AVLO,2025,11,1,10.45,172.0,33.68,72
00009_18-11-2025-11.22,IRYO,2025,11,1,11.37,172.0,17.97,284
00006_18-11-2025-11.27,AVE,2025,11,1,11.45,199.0,30.72,237
00009_18-11-2025-12.22,IRYO,2025,11,1,12.37,172.0,32.49,59
00013_18-11-2025-12.27,AVE,2025,11,1,12.45,197.0,37.99,94
00004_18-11-2025-12.57,AVE,2025,11,1,12.95,157.0,46.09,74
00014_18-11-2025-13.18,AVE,2025,11,1,13.3,184.0,48.24,7
00009_18-11-2025-14.02,IRYO,2025,11,1,14.03,172.0,19.68,106
00015_18-11-2025-14.12,OUIGO,2025,11,1,14.2,157.0,28.12,27
00016_18-11-2025-14.27,AVE,2025,11,1,14.45,177.0,71.28,1
00017_18-11-2025-14.42,IRYO,2025,11,1,14.7,179.0,32.58,17
00004_18-11-2025-14.57,AVE,2025,11,1,14.95,157.0,31.03,232
00018_18-11-2025-15.27,AVLO,2025,11,1,15.45,199.0,29.45,16
00004_18-11-2025-15.57,AVE,2025,11,1,15.95,157.0,12.12,2429
00007_18-11-2025-16.27,AVE,2025,11,1,16.45,172.0,25.89,589
00002_18-11-2025-16.37,IRYO,2025,11,1,16.62,157.0,29.02,120
00004_18-11-2025-16.57,AVE,2025,11,1,16.95,157.0,56.64,93
00015_18-11-2025-17.17,OUIGO,2025,11,1,17.28,157.0,54.72,3
00009_18-11-2025-17.22,IRYO,2025,11,1,17.37,172.0,49.63,16
00006_18-11-2025-17.27,AVE,2025,11,1,17.45,199.0,56.37,28
00004_18-11-2025-17.57,AVE,2025,11,1,17.95,157.0,61.39,54
00016_18-11-2025-18.27,AVE,2025,11,1,18.45,177.0,55.26,20
00002_18-11-2025-18.32,IRYO,2025,11,1,18.53,157.0,37.55,31
00004_18-11-2025-18.57,AVE,2025,11,1,18.95,157.0,39.24,105
00009_18-11-2025-19.29,IRYO,2025,11,1,19.48,172.0,52.94,2
00019_18-11-2025-19.34,AVLO,2025,11,1,19.57,201.0,31.26,4
00004_18-11-2025-20.05,AVE,2025,11,1,20.08,157.0,36.3,37
00009_18-11-2025-20.22,IRYO,2025,11,1,20.37,172.0,27.99,9
00020_18-11-2025-20.27,AVE,2025,11,1,20.45,201.0,37.03,10
00005_18-11-2025-21.02,OUIGO,2025,11,1,21.03,172.0,11.99,425
00007_18-11-2025-21.07,AVE,2025,11,1,21.12,172.0,35.24,3
00001_19-11-2025-06.12,AVLO,2025,11,2,6.2,157.0,30.84,618
00002_19-11-2025-06.22,IRYO,2025,11,2,6.37,157.0,27.17,640
00003_19-11-2025-06.27,AVE,2025,11,2,6.45,178.0,63.13,78
00004_19-11-2025-06.57,AVE,2025,11,2,6.95,157.0,84.92,6
00005_19-11-2025-07.02,OUIGO,2025,11,2,7.03,172.0,49.6,2
00002_19-11-2025-07.22,IRYO,2025,11,2,7.37,157.0,41.89,50
00006_19-11-2025-07.27,AVE,2025,11,2,7.45,199.0,16.02,1113
00004_19-11-2025-07.57,AVE,2025,11,2,7.95,157.0,39.1,235
00007_19-11-2025-08.27,AVE,2025,11,2,8.45,172.0,78.65,0
00002_19-11-2025-08.32,IRYO,2025,11,2,8.53,157.0,54.22,2
00008_19-11-2025-08.57,AVE,2025,11,2,8.95,164.0,44.21,84
00009_19-11-2025-09.22,IRYO,2025,11,2,9.37,172.0,28.19,86
00010_19-11-2025-09.27,AVE,2025,11,2,9.45,194.0,57.17,18
00009_19-11-2025-09.57,IRYO,2025,11,2,9.95,172.0,52.58,8
00011_19-11-2025-10.02,OUIGO,2025,11,2,10.03,182.0,47.4,4
00012_19-11-2025-10.27,AVLO,2025,11,2,10.45,172.0,48.64,15
00009_19-11-2025-11.22,IRYO,2025,11,2,11.37,172.0,36.56,48
00006_19-11-2025-11.27,AVE,2025,11,2,11.45,199.0,22.84,653
00009_19-11-2025-12.22,IRYO,2025,11,2,12.37,172.0,30.4,106
00013_19-11-2025-12.27,AVE,2025,11,2,12.45,197.0,48.81,41
00004_19-11-2025-12.57,AVE,2025,11,2,12.95,157.0,62.49,17
00014_19-11-2025-13.18,AVE,2025,11,2,13.3,184.0,48.24,36
00009_19-11-2025-14.02,IRYO,2025,11,2,14.03,172.0,51.45,12
00015_19-11-2025-14.12,OUIGO,2025,11,2,14.2,157.0,37.99,29
00016_19-11-2025-14.27,AVE,2025,11,2,14.45,177.0,36.77,276
00017_19-11-2025-14.42,IRYO,2025,11,2,14.7,179.0,41.24,25
00004_19-11-2025-14.57,AVE,2025,11,2,14.95,157.0,46.1,207
00018_19-11-2025-15.27,AVLO,2025,11,2,15.45,199.0,34.72,48
00004_19-11-2025-15.57,AVE,2025,11,2,15.95,157.0,56.05,172
00007_19-11-2025-16.27,AVE,2025,11,2,16.45,172.0,42.18,389
00002_19-11-2025-16.37,IRYO,2025,11,2,16.62,157.0,32.87,277
00004_19-11-2025-16.57,AVE,2025,11,2,16.95,157.0,119.18,0
00015_19-11-2025-17.17,OUIGO,2025,11,2,17.28,157.0,41.21,41
00009_19-11-2025-17.22,IRYO,2025,11,2,17.37,172.0,24.51,438
00006_19-11-2025-17.27,AVE,2025,11,2,17.45,199.0,45.58,134
00004_19-11-2025-17.57,AVE,2025,11,2,17.95,157.0,43.98,279
00016_19-11-2025-18.27,AVE,2025,11,2,18.45,177.0,81.4,1
00002_19-11-2025-18.32,IRYO,2025,11,2,18.53,157.0,32.23,96
00004_19-11-2025-18.57,AVE,2025,11,2,18.95,157.0,115.68,0
00009_19-11-2025-19.29,IRYO,2025,11,2,19.48,172.0,31.77,25
00019_19-11-2025-19.34,AVLO,2025,11,2,19.57,201.0,36.26,5
00004_19-11-2025-20.05,AVE,2025,11,2,20.08,157.0,47.04,15
00009_19-11-2025-20.22,IRYO,2025,11,2,20.37,172.0,40.07,4
00020_19-11-2025-20.27,AVE,2025,11,2,20.45,201.0,39.05,8
00005_19-11-2025-21.02,OUIGO,2025,11,2,21.03,172.0,19.13,942
00007_19-11-2025-21.07,AVE,2025,11,2,21.12,172.0,44.82,3
00001_20-11-2025-06.12,AVLO,2025,11,3,6.2,157.0,26.91,754
00002_20-11-2025-06.22,IRYO,2025,11,3,6.37,157.0,27.29,598
00003_20-11-2025-06.27,AVE,2025,11,3,6.45,178.0,48.55,255
00004_20-11-2025-06.57,AVE,2025,11,3,6.95,157.0,88.89,5
00005_20-11-2025-07.02,OUIGO,2025,11,3,7.03,172.0,41.99,22
00002_20-11-2025-07.22,IRYO,2025,11,3,7.37,157.0,10.0,2365
00006_20-11-2025-07.27,AVE,2025,11,3,7.45,199.0,37.75,199
00004_20-11-2025-07.57,AVE,2025,11,3,7.95,157.0,39.36,255
00007_20-11-2025-08.27,AVE,2025,11,3,8.45,172.0,58.8,38
00002_20-11-2025-08.32,IRYO,2025,11,3,8.53,157.0,26.92,209
00008_20-11-2025-08.57,AVE,2025,11,3,8.95,164.0,58.66,52
00009_20-11-2025-09.22,IRYO,2025,11,3,9.37,172.0,53.74,22
00010_20-11-2025-09.27,AVE,2025,11,3,9.45,194.0,61.15,94
00009_20-11-2025-09.57,IRYO,2025,11,3,9.95,172.0,54.82,35
00011_20-11-2025-10.02,OUIGO,2025,11,3,10.03,182.0,57.41,9
00012_20-11-2025-10.27,AVLO,2025,11,3,10.45,172.0,49.48,104
00009_20-11-2025-11.22,IRYO,2025,11,3,11.37,172.0,68.58,16
00006_20-11-2025-11.27,AVE,2025,11,3,11.45,199.0,69.83,62
00009_20-11-2025-12.22,IRYO,2025,11,3,12.37,172.0,62.29,33
00013_20-11-2025-12.27,AVE,2025,11,3,12.45,197.0,52.08,282
00004_20-11-2025-12.57,AVE,2025,11,3,12.95,157.0,60.19,238
00014_20-11-2025-13.18,AVE,2025,11,3,13.3,184.0,55.14,116
00004_20-11-2025-13.57,AVE,2025,11,3,13.95,157.0,,0
00009_20-11-2025-14.02,IRYO,2025,11,3,14.03,172.0,,0
00015_20-11-2025-14.12,OUIGO,2025,11,3,14.2,157.0,,0
00016_20-11-2025-14.27,AVE,2025,11,3,14.45,177.0,61.63,210
00017_20-11-2025-14.42,IRYO,2025,11,3,14.7,179.0,53.08,71
00004_20-11-2025-14.57,AVE,2025,11,3,14.95,157.0,76.3,128
00018_20-11-2025-15.27,AVLO,2025,11,3,15.45,199.0,38.89,238
00004_20-11-2025-15.57,AVE,2025,11,3,15.95,157.0,106.29,6
00007_20-11-2025-16.27,AVE,2025,11,3,16.45,172.0,73.94,155
00002_20-11-2025-16.37,IRYO,2025,11,3,16.62,157.0,46.51,470
00004_20-11-2025-16.57,AVE,2025,11,3,16.95,157.0,137.27,0
00015_20-11-2025-17.17,OUIGO,2025,11,3,17.28,157.0,57.42,58
00009_20-11-2025-17.22,IRYO,2025,11,3,17.37,172.0,72.58,18
00006_20-11-2025-17.27,AVE,2025,11,3,17.45,199.0,77.47,31
00004_20-11-2025-17.57,AVE,2025,11,3,17.95,157.0,54.14,552
00016_20-11-2025-18.27,AVE,2025,11,3,18.45,177.0,80.64,6
00002_20-11-2025-18.32,IRYO,2025,11,3,18.53,157.0,22.2,1061
00004_20-11-2025-18.57,AVE,2025,11,3,18.95,157.0,86.34,5
00009_20-11-2025-19.29,IRYO,2025,11,3,19.48,172.0,50.93,8
00019_20-11-2025-19.34,AVLO,2025,11,3,19.57,201.0,33.44,13
00004_20-11-2025-20.05,AVE,2025,11,3,20.08,157.0,60.49,25
00009_20-11-2025-20.22,IRYO,2025,11,3,20.37,172.0,35.09,12
00020_20-11-2025-20.27,AVE,2025,11,3,20.45,201.0,44.21,12
00005_20-11-2025-21.02,OUIGO,2025,11,3,21.03,172.0,36.72,2
00007_20-11-2025-21.07,AVE,2025,11,3,21.12,172.0,65.35,2
00002_21-11-2025-06.22,IRYO,2025,11,4,6.37,157.0,38.03,186
00021_21-11-2025-06.27,AVLO,2025,11,4,6.45,178.0,34.6,137
00004_21-11-2025-06.57,AVE,2025,11,4,6.95,157.0,54.28,121
00005_21-11-2025-07.02,OUIGO,2025,11,4,7.03,172.0,45.77,4
00002_21-11-2025-07.22,IRYO,2025,11,4,7.37,157.0,22.12,2890
00006_21-11-2025-07.27,AVE,2025,11,4,7.45,199.0,59.48,16
00004_21-11-2025-07.57,AVE,2025,11,4,7.95,157.0,34.34,753
00002_21-11-2025-08.32,IRYO,2025,11,4,8.53,157.0,40.68,38
00008_21-11-2025-08.57,AVE,2025,11,4,8.95,164.0,115.58,0
00009_21-11-2025-09.22,IRYO,2025,11,4,9.37,172.0,36.13,147
00010_21-11-2025-09.27,AVE,2025,11,4,9.45,194.0,69.89,30
00009_21-11-2025-09.57,IRYO,2025,11,4,9.95,172.0,46.8,73
00011_21-11-2025-10.02,OUIGO,2025,11,4,10.03,182.0,52.08,19
00012_21-11-2025-10.27,AVLO,2025,11,4,10.45,172.0,60.01,15
00009_21-11-2025-11.22,IRYO,2025,11,4,11.37,172.0,49.93,76
00006_21-11-2025-11.27,AVE,2025,11,4,11.45,199.0,87.06,2
00009_21-11-2025-12.22,IRYO,2025,11,4,12.37,172.0,30.52,633
00013_21-11-2025-12.27,AVE,2025,11,4,12.45,197.0,48.15,178
00004_21-11-2025-12.57,AVE,2025,11,4,12.95,157.0,78.45,13
00014_21-11-2025-13.18,AVE,2025,11,4,13.3,184.0,55.14,59
00004_21-11-2025-13.57,AVE,2025,11,4,13.95,157.0,86.19,17
00009_21-11-2025-14.02,IRYO,2025,11,4,14.03,172.0,58.25,19
00015_21-11-2025-14.12,OUIGO,2025,11,4,14.2,157.0,56.68,7
00016_21-11-2025-14.27,AVE,2025,11,4,14.45,177.0,93.31,2
00017_21-11-2025-14.42,IRYO,2025,11,4,14.7,179.0,66.02,12
00004_21-11-2025-14.57,AVE,2025,11,4,14.95,157.0,82.82,36
00018_21-11-2025-15.27,AVLO,2025,11,4,15.45,199.0,49.5,35
00004_21-11-2025-15.57,AVE,2025,11,4,15.95,157.0,107.54,5
00007_21-11-2025-16.27,AVE,2025,11,4,16.45,172.0,80.48,39
00002_21-11-2025-16.37,IRYO,2025,11,4,16.62,157.0,46.92,200
00004_21-11-2025-16.57,AVE,2025,11,4,16.95,157.0,98.59,11
00015_21-11-2025-17.17,OUIGO,2025,11,4,17.28,157.0,49.6,57
00009_21-11-2025-17.22,IRYO,2025,11,4,17.37,172.0,48.55,97
00018_21-11-2025-17.27,AVLO,2025,11,4,17.45,199.0,61.87,11
00004_21-11-2025-17.57,AVE,2025,11,4,17.95,157.0,61.77,133
00016_21-11-2025-18.27,AVE,2025,11,4,18.45,177.0,92.98,2
00002_21-11-2025-18.32,IRYO,2025,11,4,18.53,157.0,33.8,180
00004_21-11-2025-18.57,AVE,2025,11,4,18.95,157.0,73.11,14
00009_21-11-2025-19.29,IRYO,2025,11,4,19.48,172.0,56.93,3
00019_21-11-2025-19.34,AVLO,2025,11,4,19.57,201.0,27.28,601
00004_21-11-2025-20.05,AVE,2025,11,4,20.08,157.0,57.84,12
00009_21-11-2025-20.22,IRYO,2025,11,4,20.37,172.0,48.29,0
00020_21-11-2025-20.27,AVE,2025,11,4,20.45,201.0,54.44,3
00005_21-11-2025-21.02,OUIGO,2025,11,4,21.03,172.0,25.05,1402
00007_21-11-2025-21.07,AVE,2025,11,4,21.12,172.0,83.58,0
00021_22-11-2025-06.27,AVLO,2025,11,5,6.45,178.0,30.29,534
00005_22-11-2025-07.02,OUIGO,2025,11,5,7.03,172.0,48.71,21
00006_22-11-2025-07.27,AVE,2025,11,5,7.45,199.0,56.94,65
00009_22-11-2025-08.07,IRYO,2025,11,5,8.12,172.0,28.76,465
00007_22-11-2025-08.27,AVE,2025,11,5,8.45,172.0,65.67,16
00008_22-11-2025-08.57,AVE,2025,11,5,8.95,164.0,38.75,357
00009_22-11-2025-09.22,IRYO,2025,11,5,9.37,172.0,28.35,590
00010_22-11-2025-09.27,AVE,2025,11,5,9.45,194.0,53.24,93
00009_22-11-2025-09.57,IRYO,2025,11,5,9.95,172.0,46.16,53
00011_22-11-2025-10.02,OUIGO,2025,11,5,10.03,182.0,30.47,154
00012_22-11-2025-10.27,AVLO,2025,11,5,10.45,172.0,46.48,48
00009_22-11-2025-11.22,IRYO,2025,11,5,11.37,172.0,50.47,63
00006_22-11-2025-11.27,AVE,2025,11,5,11.45,199.0,58.31,164
00009_22-11-2025-12.22,IRYO,2025,11,5,12.37,172.0,51.12,71
00013_22-11-2025-12.27,AVE,2025,11,5,12.45,197.0,62.98,60
00014_22-11-2025-13.18,AVE,2025,11,5,13.3,184.0,82.74,1
00015_22-11-2025-14.12,OUIGO,2025,11,5,14.2,157.0,22.4,1259
00017_22-11-2025-14.42,IRYO,2025,11,5,14.7,179.0,57.09,27
00018_22-11-2025-15.27,AVLO,2025,11,5,15.45,199.0,27.31,409
00007_22-11-2025-16.27,AVE,2025,11,5,16.45,172.0,96.02,8
00002_22-11-2025-16.37,IRYO,2025,11,5,16.62,157.0,42.87,258
00015_22-11-2025-17.17,OUIGO,2025,11,5,17.28,157.0,28.69,295
00018_22-11-2025-17.27,AVLO,2025,11,5,17.45,199.0,32.55,137
00016_22-11-2025-18.27,AVE,2025,11,5,18.45,177.0,105.01,0
00009_22-11-2025-19.29,IRYO,2025,11,5,19.48,172.0,25.15,333
00019_22-11-2025-19.34,AVLO,2025,11,5,19.57,201.0,32.57,13
00009_22-11-2025-20.22,IRYO,2025,11,5,20.37,172.0,48.24,0
00020_22-11-2025-20.27,AVE,2025,11,5,20.45,201.0,35.7,22
00005_22-11-2025-21.02,OUIGO,2025,11,5,21.03,172.0,14.5,4407
00021_23-11-2025-06.27,AVLO,2025,11,6,6.45,178.0,51.38,270
00005_23-11-2025-07.02,OUIGO,2025,11,6,7.03,172.0,61.38,23
00006_23-11-2025-07.27,AVE,2025,11,6,7.45,199.0,60.89,151
00009_23-11-2025-08.07,IRYO,2025,11,6,8.12,172.0,53.42,131
00007_23-11-2025-08.27,AVE,2025,11,6,8.45,172.0,106.57,1
00009_23-11-2025-09.22,IRYO,2025,11,6,9.37,172.0,55.9,69
00010_23-11-2025-09.27,AVE,2025,11,6,9.45,194.0,62.51,168
00009_23-11-2025-09.57,IRYO,2025,11,6,9.95,172.0,69.15,16
00011_23-11-2025-10.02,OUIGO,2025,11,6,10.03,182.0,42.19,1678
00012_23-11-2025-10.27,AVLO,2025,11,6,10.45,172.0,40.84,4228
00009_23-11-2025-11.22,IRYO,2025,11,6,11.37,172.0,73.01,16
00006_23-11-2025-11.27,AVE,2025,11,6,11.45,199.0,142.3,0
00009_23-11-2025-12.22,IRYO,2025,11,6,12.37,172.0,58.0,103
00013_23-11-2025-12.27,AVE,2025,11,6,12.45,197.0,61.91,211
00014_23-11-2025-13.18,AVE,2025,11,6,13.3,184.0,55.14,255
00009_23-11-2025-14.02,IRYO,2025,11,6,14.03,172.0,95.59,0
00015_23-11-2025-14.12,OUIGO,2025,11,6,14.2,157.0,52.74,124
00016_23-11-2025-14.27,AVE,2025,11,6,14.45,177.0,100.86,12
00017_23-11-2025-14.42,IRYO,2025,11,6,14.7,179.0,66.15,65
00018_23-11-2025-15.27,AVLO,2025,11,6,15.45,199.0,70.63,42
00007_23-11-2025-16.27,AVE,2025,11,6,16.45,172.0,99.94,31
00002_23-11-2025-16.37,IRYO,2025,11,6,16.62,157.0,94.78,14
00004_23-11-2025-16.57,AVE,2025,11,6,16.95,157.0,98.59,71
00015_23-11-2025-17.17,OUIGO,2025,11,6,17.28,157.0,48.32,859
00009_23-11-2025-17.22,IRYO,2025,11,6,17.37,172.0,63.51,111
00018_23-11-2025-17.27,AVLO,2025,11,6,17.45,199.0,66.25,31
00004_23-11-2025-17.57,AVE,2025,11,6,17.95,157.0,77.05,155
00016_23-11-2025-18.27,AVE,2025,11,6,18.45,177.0,78.97,36
00002_23-11-2025-18.32,IRYO,2025,11,6,18.53,157.0,85.45,7
00004_23-11-2025-18.57,AVE,2025,11,6,18.95,157.0,106.06,2
00009_23-11-2025-19.29,IRYO,2025,11,6,19.48,172.0,73.73,3
00019_23-11-2025-19.34,AVLO,2025,11,6,19.57,201.0,79.33,0
00004_23-11-2025-20.05,AVE,2025,11,6,20.08,157.0,64.06,52
00009_23-11-2025-20.22,IRYO,2025,11,6,20.37,172.0,74.28,1
00020_23-11-2025-20.27,AVE,2025,11,6,20.45,201.0,68.46,0
00005_23-11-2025-21.02,OUIGO,2025,11,6,21.03,172.0,60.53,0
00007_23-11-2025-21.07,AVE,2025,11,6,21.12,172.0,125.09,0
00001_24-11-2025-06.12,AVLO,2025,11,0,6.2,157.0,27.91,639
00002_24-11-2025-06.22,IRYO,2025,11,0,6.37,157.0,36.17,324
00003_24-11-2025-06.27,AVE,2025,11,0,6.45,178.0,40.23,538
00004_24-11-2025-06.57,AVE,2025,11,0,6.95,157.0,44.6,413
00005_24-11-2025-07.02,OUIGO,2025,11,0,7.03,172.0,39.47,28
00002_24-11-2025-07.22,IRYO,2025,11,0,7.37,157.0,38.97,90
00006_24-11-2025-07.27,AVE,2025,11,0,7.45,199.0,51.58,60
00004_24-11-2025-07.57,AVE,2025,11,0,7.95,157.0,66.87,20
00007_24-11-2025-08.27,AVE,2025,11,0,8.45,172.0,71.58,9
00002_24-11-2025-08.32,IRYO,2025,11,0,8.53,157.0,45.5,32
00008_24-11-2025-08.57,AVE,2025,11,0,8.95,164.0,52.22,62
00009_24-11-2025-09.22,IRYO,2025,11,0,9.37,172.0,42.35,48
00010_24-11-2025-09.27,AVE,2025,11,0,9.45,194.0,72.55,3
00009_24-11-2025-09.57,IRYO,2025,11,0,9.95,172.0,30.17,145
00011_24-11-2025-10.02,OUIGO,2025,11,0,10.03,182.0,40.52,16
00012_24-11-2025-10.27,AVLO,2025,11,0,10.45,172.0,35.5,86
00009_24-11-2025-11.22,IRYO,2025,11,0,11.37,172.0,25.5,193
00006_24-11-2025-11.27,AVE,2025,11,0,11.45,199.0,40.03,141
00009_24-11-2025-12.22,IRYO,2025,11,0,12.37,172.0,26.66,122
00013_24-11-2025-12.27,AVE,2025,11,0,12.45,197.0,45.64,53
00004_24-11-2025-12.57,AVE,2025,11,0,12.95,157.0,32.94,334
00014_24-11-2025-13.18,AVE,2025,11,0,13.3,184.0,68.94,0
00009_24-11-2025-14.02,IRYO,2025,11,0,14.03,172.0,37.04,22
00015_24-11-2025-14.12,OUIGO,2025,11,0,14.2,157.0,38.61,9
00016_24-11-2025-14.27,AVE,2025,11,0,14.45,177.0,28.94,309
00017_24-11-2025-14.42,IRYO,2025,11,0,14.7,179.0,45.71,5
00004_24-11-2025-14.57,AVE,2025,11,0,14.95,157.0,45.5,150
00018_24-11-2025-15.27,AVLO,2025,11,0,15.45,199.0,33.01,40
00004_24-11-2025-15.57,AVE,2025,11,0,15.95,157.0,44.62,262
00007_24-11-2025-16.27,AVE,2025,11,0,16.45,172.0,66.94,23
00002_24-11-2025-16.37,IRYO,2025,11,0,16.62,157.0,21.57,636
00004_24-11-2025-16.57,AVE,2025,11,0,16.95,157.0,56.94,165
00015_24-11-2025-17.17,OUIGO,2025,11,0,17.28,157.0,35.2,59
00009_24-11-2025-17.22,IRYO,2025,11,0,17.37,172.0,46.34,24
00006_24-11-2025-17.27,AVE,2025,11,0,17.45,199.0,62.26,16
00004_24-11-2025-17.57,AVE,2025,11,0,17.95,157.0,33.06,465
00016_24-11-2025-18.27,AVE,2025,11,0,18.45,177.0,59.66,11
00002_24-11-2025-18.32,IRYO,2025,11,0,18.53,157.0,27.8,71
00004_24-11-2025-18.57,AVE,2025,11,0,18.95,157.0,43.79,65
00009_24-11-2025-19.29,IRYO,2025,11,0,19.48,172.0,48.02,1
00019_24-11-2025-19.34,AVLO,2025,11,0,19.57,201.0,22.6,17
00004_24-11-2025-20.05,AVE,2025,11,0,20.08,157.0,26.88,75
00009_24-11-2025-20.22,IRYO,2025,11,0,20.37,172.0,16.11,942
00020_24-11-2025-20.27,AVE,2025,11,0,20.45,201.0,18.33,300
00005_24-11-2025-21.02,OUIGO,2025,11,0,21.03,172.0,25.81,0
00007_24-11-2025-21.07,AVE,2025,11,0,21.12,172.0,34.04,6
00001_25-11-2025-06.12,AVLO,2025,11,1,6.2,157.0,32.49,369
00002_25-11-2025-06.22,IRYO,2025,11,1,6.37,157.0,21.71,683
00003_25-11-2025-06.27,AVE,2025,11,1,6.45,178.0,42.93,308
00004_25-11-2025-06.57,AVE,2025,11,1,6.95,157.0,105.73,0
00005_25-11-2025-07.02,OUIGO,2025,11,1,7.03,172.0,36.65,22
00002_25-11-2025-07.22,IRYO,2025,11,1,7.37,157.0,14.11,590
00006_25-11-2025-07.27,AVE,2025,11,1,7.45,199.0,51.68,27
00004_25-11-2025-07.57,AVE,2025,11,1,7.95,157.0,53.86,40
00007_25-11-2025-08.27,AVE,2025,11,1,8.45,172.0,52.89,23
00002_25-11-2025-08.32,IRYO,2025,11,1,8.53,157.0,42.7,7
00008_25-11-2025-08.57,AVE,2025,11,1,8.95,164.0,34.5,216
00009_25-11-2025-09.22,IRYO,2025,11,1,9.37,172.0,32.15,69
00010_25-11-2025-09.27,AVE,2025,11,1,9.45,194.0,64.76,5
00009_25-11-2025-09.57,IRYO,2025,11,1,9.95,172.0,40.42,27
00011_25-11-2025-10.02,OUIGO,2025,11,1,10.03,182.0,18.55,139
00012_25-11-2025-10.27,AVLO,2025,11,1,10.45,172.0,33.6,66
00009_25-11-2025-11.22,IRYO,2025,11,1,11.37,172.0,37.36,52
00006_25-11-2025-11.27,AVE,2025,11,1,11.45,199.0,35.22,188
00009_25-11-2025-12.22,IRYO,2025,11,1,12.37,172.0,28.33,106
00013_25-11-2025-12.27,AVE,2025,11,1,12.45,197.0,47.76,57
00004_25-11-2025-12.57,AVE,2025,11,1,12.95,157.0,48.92,62
00014_25-11-2025-13.18,AVE,2025,11,1,13.3,184.0,48.24,25
00009_25-11-2025-14.02,IRYO,2025,11,1,14.03,172.0,16.61,982
00015_25-11-2025-14.12,OUIGO,2025,11,1,14.2,157.0,20.69,214
00016_25-11-2025-14.27,AVE,2025,11,1,14.45,177.0,57.24,20
00017_25-11-2025-14.42,IRYO,2025,11,1,14.7,179.0,29.38,75
00004_25-11-2025-14.57,AVE,2025,11,1,14.95,157.0,50.58,90
00018_25-11-2025-15.27,AVLO,2025,11,1,15.45,199.0,29.49,45
00004_25-11-2025-15.57,AVE,2025,11,1,15.95,157.0,37.08,460
00007_25-11-2025-16.27,AVE,2025,11,1,16.45,172.0,46.64,192
00002_25-11-2025-16.37,IRYO,2025,11,1,16.62,157.0,27.94,257
00004_25-11-2025-16.57,AVE,2025,11,1,16.95,157.0,61.21,94
00015_25-11-2025-17.17,OUIGO,2025,11,1,17.28,157.0,28.48,124
00009_25-11-2025-17.22,IRYO,2025,11,1,17.37,172.0,37.06,74
00006_25-11-2025-17.27,AVE,2025,11,1,17.45,199.0,58.18,20
00004_25-11-2025-17.57,AVE,2025,11,1,17.95,157.0,67.53,19
00016_25-11-2025-18.27,AVE,2025,11,1,18.45,177.0,63.94,7
00002_25-11-2025-18.32,IRYO,2025,11,1,18.53,157.0,19.29,379
00004_25-11-2025-18.57,AVE,2025,11,1,18.95,157.0,29.18,222
00009_25-11-2025-19.29,IRYO,2025,11,1,19.48,172.0,49.8,0
00019_25-11-2025-19.34,AVLO,2025,11,1,19.57,201.0,30.83,4
00004_25-11-2025-20.05,AVE,2025,11,1,20.08,157.0,47.22,8
00009_25-11-2025-20.22,IRYO,2025,11,1,20.37,172.0,29.99,3
00020_25-11-2025-20.27,AVE,2025,11,1,20.45,201.0,30.51,5
00005_25-11-2025-21.02,OUIGO,2025,11,1,21.03,172.0,34.37,0
00007_25-11-2025-21.07,AVE,2025,11,1,21.12,172.0,53.62,0
00001_26-11-2025-06.12,AVLO,2025,11,2,6.2,157.0,36.56,649
00002_26-11-2025-06.22,IRYO,2025,11,2,6.37,157.0,35.11,600
00003_26-11-2025-06.27,AVE,2025,11,2,6.45,178.0,49.65,429
00004_26-11-2025-06.57,AVE,2025,11,2,6.95,157.0,96.9,3
00005_26-11-2025-07.02,OUIGO,2025,11,2,7.03,172.0,46.62,16
00002_26-11-2025-07.22,IRYO,2025,11,2,7.37,157.0,34.57,208
00006_26-11-2025-07.27,AVE,2025,11,2,7.45,199.0,37.73,267
00004_26-11-2025-07.57,AVE,2025,11,2,7.95,157.0,45.05,249
00007_26-11-2025-08.27,AVE,2025,11,2,8.45,172.0,70.14,9
00002_26-11-2025-08.32,IRYO,2025,11,2,8.53,157.0,47.63,14
00008_26-11-2025-08.57,AVE,2025,11,2,8.95,164.0,44.42,132
00009_26-11-2025-09.22,IRYO,2025,11,2,9.37,172.0,31.72,89
00010_26-11-2025-09.27,AVE,2025,11,2,9.45,194.0,98.54,0
00009_26-11-2025-09.57,IRYO,2025,11,2,9.95,172.0,24.76,261
00011_26-11-2025-10.02,OUIGO,2025,11,2,10.03,182.0,48.58,7
00012_26-11-2025-10.27,AVLO,2025,11,2,10.45,172.0,47.58,30
00009_26-11-2025-11.22,IRYO,2025,11,2,11.37,172.0,20.09,1529
00006_26-11-2025-11.27,AVE,2025,11,2,11.45,199.0,37.37,205
00009_26-11-2025-12.22,IRYO,2025,11,2,12.37,172.0,30.94,105
00013_26-11-2025-12.27,AVE,2025,11,2,12.45,197.0,45.44,94
00004_26-11-2025-12.57,AVE,2025,11,2,12.95,157.0,48.47,126
00014_26-11-2025-13.18,AVE,2025,11,2,13.3,184.0,48.24,30
00009_26-11-2025-14.02,IRYO,2025,11,2,14.03,172.0,40.49,40
00015_26-11-2025-14.12,OUIGO,2025,11,2,14.2,157.0,26.2,489
00016_26-11-2025-14.27,AVE,2025,11,2,14.45,177.0,39.92,274
00017_26-11-2025-14.42,IRYO,2025,11,2,14.7,179.0,59.1,5
00004_26-11-2025-14.57,AVE,2025,11,2,14.95,157.0,43.79,349
00018_26-11-2025-15.27,AVLO,2025,11,2,15.45,199.0,31.42,137
00004_26-11-2025-15.57,AVE,2025,11,2,15.95,157.0,51.45,362
00007_26-11-2025-16.27,AVE,2025,11,2,16.45,172.0,48.15,445
00002_26-11-2025-16.37,IRYO,2025,11,2,16.62,157.0,34.47,443
00004_26-11-2025-16.57,AVE,2025,11,2,16.95,157.0,117.44,1
00015_26-11-2025-17.17,OUIGO,2025,11,2,17.28,157.0,40.52,109
00009_26-11-2025-17.22,IRYO,2025,11,2,17.37,172.0,63.58,18
00006_26-11-2025-17.27,AVE,2025,11,2,17.45,199.0,59.1,96
00004_26-11-2025-17.57,AVE,2025,11,2,17.95,157.0,51.92,311
00016_26-11-2025-18.27,AVE,2025,11,2,18.45,177.0,74.88,12
00002_26-11-2025-18.32,IRYO,2025,11,2,18.53,157.0,65.85,5
00004_26-11-2025-18.57,AVE,2025,11,2,18.95,157.0,118.08,0
00009_26-11-2025-19.29,IRYO,2025,11,2,19.48,172.0,30.15,77
00019_26-11-2025-19.34,AVLO,2025,11,2,19.57,201.0,29.02,49
00004_26-11-2025-20.05,AVE,2025,11,2,20.08,157.0,52.53,29
00009_26-11-2025-20.22,IRYO,2025,11,2,20.37,172.0,39.15,9
00020_26-11-2025-20.27,AVE,2025,11,2,20.45,201.0,59.49,1
00005_26-11-2025-21.02,OUIGO,2025,11,2,21.03,172.0,39.39,0
00007_26-11-2025-21.07,AVE,2025,11,2,21.12,172.0,44.1,11
00001_27-11-2025-06.12,AVLO,2025,11,3,6.2,157.0,26.78,876
00002_27-11-2025-06.22,IRYO,2025,11,3,6.37,157.0,35.8,363
00003_27-11-2025-06.27,AVE,2025,11,3,6.45,178.0,42.63,499
00004_27-11-2025-06.57,AVE,2025,11,3,6.95,157.0,68.59,54
00005_27-11-2025-07.02,OUIGO,2025,11,3,7.03,172.0,38.43,22
00002_27-11-2025-07.22,IRYO,2025,11,3,7.37,157.0,45.73,32
00006_27-11-2025-07.27,AVE,2025,11,3,7.45,199.0,47.86,79
00004_27-11-2025-07.57,AVE,2025,11,3,7.95,157.0,40.35,295
00007_27-11-2025-08.27,AVE,2025,11,3,8.45,172.0,64.77,30
00002_27-11-2025-08.32,IRYO,2025,11,3,8.53,157.0,42.12,42
00008_27-11-2025-08.57,AVE,2025,11,3,8.95,164.0,67.84,17
00009_27-11-2025-09.22,IRYO,2025,11,3,9.37,172.0,49.45,33
00010_27-11-2025-09.27,AVE,2025,11,3,9.45,194.0,54.37,111
00009_27-11-2025-09.57,IRYO,2025,11,3,9.95,172.0,69.62,4
00011_27-11-2025-10.02,OUIGO,2025,11,3,10.03,182.0,54.59,9
00012_27-11-2025-10.27,AVLO,2025,11,3,10.45,172.0,47.32,71
00009_27-11-2025-11.22,IRYO,2025,11,3,11.37,172.0,42.94,107
00006_27-11-2025-11.27,AVE,2025,11,3,11.45,199.0,65.4,24
00009_27-11-2025-12.22,IRYO,2025,11,3,12.37,172.0,35.71,185
00013_27-11-2025-12.27,AVE,2025,11,3,12.45,197.0,40.52,323
00004_27-11-2025-12.57,AVE,2025,11,3,12.95,157.0,47.8,257
00014_27-11-2025-13.18,AVE,2025,11,3,13.3,184.0,55.14,50
00004_27-11-2025-13.57,AVE,2025,11,3,13.95,157.0,,0
00009_27-11-2025-14.02,IRYO,2025,11,3,14.03,172.0,,0
00015_27-11-2025-14.12,OUIGO,2025,11,3,14.2,157.0,,0
00016_27-11-2025-14.27,AVE,2025,11,3,14.45,177.0,85.54,10
00017_27-11-2025-14.42,IRYO,2025,11,3,14.7,179.0,39.58,281
00004_27-11-2025-14.57,AVE,2025,11,3,14.95,157.0,104.89,7
00018_27-11-2025-15.27,AVLO,2025,11,3,15.45,199.0,38.75,255
00004_27-11-2025-15.57,AVE,2025,11,3,15.95,157.0,109.67,6
00007_27-11-2025-16.27,AVE,2025,11,3,16.45,172.0,72.55,210
00002_27-11-2025-16.37,IRYO,2025,11,3,16.62,157.0,70.74,63
00004_27-11-2025-16.57,AVE,2025,11,3,16.95,157.0,160.0,0
00015_27-11-2025-17.17,OUIGO,2025,11,3,17.28,157.0,55.35,85
00009_27-11-2025-17.22,IRYO,2025,11,3,17.37,172.0,48.33,267
00006_27-11-2025-17.27,AVE,2025,11,3,17.45,199.0,101.04,1
00004_27-11-2025-17.57,AVE,2025,11,3,17.95,157.0,54.38,533
00016_27-11-2025-18.27,AVE,2025,11,3,18.45,177.0,67.56,53
00002_27-11-2025-18.32,IRYO,2025,11,3,18.53,157.0,43.73,181
00004_27-11-2025-18.57,AVE,2025,11,3,18.95,157.0,78.92,14
00009_27-11-2025-19.29,IRYO,2025,11,3,19.48,172.0,47.81,14
00019_27-11-2025-19.34,AVLO,2025,11,3,19.57,201.0,31.0,286
00004_27-11-2025-20.05,AVE,2025,11,3,20.08,157.0,71.34,9
00009_27-11-2025-20.22,IRYO,2025,11,3,20.37,172.0,35.91,29
00020_27-11-2025-20.27,AVE,2025,11,3,20.45,201.0,43.51,10
00005_27-11-2025-21.02,OUIGO,2025,11,3,21.03,172.0,28.76,872
00007_27-11-2025-21.07,AVE,2025,11,3,21.12,172.0,53.65,4
00002_28-11-2025-06.22,IRYO,2025,11,4,6.37,157.0,19.24,4436
00021_28-11-2025-06.27,AVLO,2025,11,4,6.45,178.0,23.63,1269
00004_28-11-2025-06.57,AVE,2025,11,4,6.95,157.0,52.87,138
00005_28-11-2025-07.02,OUIGO,2025,11,4,7.03,172.0,27.85,213
00002_28-11-2025-07.22,IRYO,2025,11,4,7.37,157.0,58.17,8
00006_28-11-2025-07.27,AVE,2025,11,4,7.45,199.0,75.29,5
00004_28-11-2025-07.57,AVE,2025,11,4,7.95,157.0,62.74,43
00002_28-11-2025-08.32,IRYO,2025,11,4,8.53,157.0,51.94,31
00008_28-11-2025-08.57,AVE,2025,11,4,8.95,164.0,110.6,0
00009_28-11-2025-09.22,IRYO,2025,11,4,9.37,172.0,46.46,90
00010_28-11-2025-09.27,AVE,2025,11,4,9.45,194.0,72.38,34
00009_28-11-2025-09.57,IRYO,2025,11,4,9.95,172.0,65.25,16
00011_28-11-2025-10.02,OUIGO,2025,11,4,10.03,182.0,35.69,155
00012_28-11-2025-10.27,AVLO,2025,11,4,10.45,172.0,48.79,107
00009_28-11-2025-11.22,IRYO,2025,11,4,11.37,172.0,55.95,54
00006_28-11-2025-11.27,AVE,2025,11,4,11.45,199.0,104.66,0
00009_28-11-2025-12.22,IRYO,2025,11,4,12.37,172.0,42.02,183
00013_28-11-2025-12.27,AVE,2025,11,4,12.45,197.0,49.12,257
00004_28-11-2025-12.57,AVE,2025,11,4,12.95,157.0,79.43,26
00014_28-11-2025-13.18,AVE,2025,11,4,13.3,184.0,55.14,73
00004_28-11-2025-13.57,AVE,2025,11,4,13.95,157.0,86.41,9
00009_28-11-2025-14.02,IRYO,2025,11,4,14.03,172.0,66.82,13
00015_28-11-2025-14.12,OUIGO,2025,11,4,14.2,157.0,32.35,611
00016_28-11-2025-14.27,AVE,2025,11,4,14.45,177.0,99.53,4
00017_28-11-2025-14.42,IRYO,2025,11,4,14.7,179.0,89.62,0
00004_28-11-2025-14.57,AVE,2025,11,4,14.95,157.0,93.64,6
00018_28-11-2025-15.27,AVLO,2025,11,4,15.45,199.0,53.5,46
00004_28-11-2025-15.57,AVE,2025,11,4,15.95,157.0,101.34,8
00007_28-11-2025-16.27,AVE,2025,11,4,16.45,172.0,101.53,8
00002_28-11-2025-16.37,IRYO,2025,11,4,16.62,157.0,64.7,53
00004_28-11-2025-16.57,AVE,2025,11,4,16.95,157.0,101.37,6
00015_28-11-2025-17.17,OUIGO,2025,11,4,17.28,157.0,34.99,328
00009_28-11-2025-17.22,IRYO,2025,11,4,17.37,172.0,56.88,64
00018_28-11-2025-17.27,AVLO,2025,11,4,17.45,199.0,50.99,30
00004_28-11-2025-17.57,AVE,2025,11,4,17.95,157.0,64.02,107
00016_28-11-2025-18.27,AVE,2025,11,4,18.45,177.0,84.49,5
00002_28-11-2025-18.32,IRYO,2025,11,4,18.53,157.0,40.62,93
00004_28-11-2025-18.57,AVE,2025,11,4,18.95,157.0,47.56,146
00009_28-11-2025-19.29,IRYO,2025,11,4,19.48,172.0,63.11,2
00019_28-11-2025-19.34,AVLO,2025,11,4,19.57,201.0,30.22,531
00004_28-11-2025-20.05,AVE,2025,11,4,20.08,157.0,65.54,6
00009_28-11-2025-20.22,IRYO,2025,11,4,20.37,172.0,44.09,0
00020_28-11-2025-20.27,AVE,2025,11,4,20.45,201.0,45.19,6
00005_28-11-2025-21.02,OUIGO,2025,11,4,21.03,172.0,37.56,1
00007_28-11-2025-21.07,AVE,2025,11,4,21.12,172.0,85.16,1
00021_29-11-2025-06.27,AVLO,2025,11,5,6.45,178.0,31.63,384
00005_29-11-2025-07.02,OUIGO,2025,11,5,7.03,172.0,50.74,23
00006_29-11-2025-07.27,AVE,2025,11,5,7.45,199.0,50.35,98
00009_29-11-2025-08.07,IRYO,2025,11,5,8.12,172.0,33.45,133
00007_29-11-2025-08.27,AVE,2025,11,5,8.45,172.0,63.07,45
00008_29-11-2025-08.57,AVE,2025,11,5,8.95,164.0,73.53,10
00009_29-11-2025-09.22,IRYO,2025,11,5,9.37,172.0,39.99,76
00010_29-11-2025-09.27,AVE,2025,11,5,9.45,194.0,68.04,20
00009_29-11-2025-09.57,IRYO,2025,11,5,9.95,172.0,26.97,370
00011_29-11-2025-10.02,OUIGO,2025,11,5,10.03,182.0,46.64,18
00012_29-11-2025-10.27,AVLO,2025,11,5,10.45,172.0,48.6,31
00009_29-11-2025-11.22,IRYO,2025,11,5,11.37,172.0,45.99,51
00006_29-11-2025-11.27,AVE,2025,11,5,11.45,199.0,56.67,73
00009_29-11-2025-12.22,IRYO,2025,11,5,12.37,172.0,26.22,393
00013_29-11-2025-12.27,AVE,2025,11,5,12.45,197.0,61.99,37
00014_29-11-2025-13.18,AVE,2025,11,5,13.3,184.0,82.74,0
00015_29-11-2025-14.12,OUIGO,2025,11,5,14.2,157.0,20.11,1008
00017_29-11-2025-14.42,IRYO,2025,11,5,14.7,179.0,30.92,133
00018_29-11-2025-15.27,AVLO,2025,11,5,15.45,199.0,29.08,122
00007_29-11-2025-16.27,AVE,2025,11,5,16.45,172.0,91.22,6
00002_29-11-2025-16.37,IRYO,2025,11,5,16.62,157.0,30.2,299
00015_29-11-2025-17.17,OUIGO,2025,11,5,17.28,157.0,32.9,112
00018_29-11-2025-17.27,AVLO,2025,11,5,17.45,199.0,23.39,225
00016_29-11-2025-18.27,AVE,2025,11,5,18.45,177.0,107.82,0
00009_29-11-2025-19.29,IRYO,2025,11,5,19.48,172.0,18.71,844
00019_29-11-2025-19.34,AVLO,2025,11,5,19.57,201.0,28.17,10
00009_29-11-2025-20.22,IRYO,2025,11,5,20.37,172.0,28.98,6
00020_29-11-2025-20.27,AVE,2025,11,5,20.45,201.0,15.31,3575
00005_29-11-2025-21.02,OUIGO,2025,11,5,21.03,172.0,22.11,51
00021_30-11-2025-06.27,AVLO,2025,11,6,6.45,178.0,53.47,180
00005_30-11-2025-07.02,OUIGO,2025,11,6,7.03,172.0,39.17,521
00006_30-11-2025-07.27,AVE,2025,11,6,7.45,199.0,71.17,52
00009_30-11-2025-08.07,IRYO,2025,11,6,8.12,172.0,39.17,1235
00007_30-11-2025-08.27,AVE,2025,11,6,8.45,172.0,72.96,41
00009_30-11-2025-09.22,IRYO,2025,11,6,9.37,172.0,60.8,30
00010_30-11-2025-09.27,AVE,2025,11,6,9.45,194.0,56.93,198
00009_30-11-2025-09.57,IRYO,2025,11,6,9.95,172.0,58.06,38
00011_30-11-2025-10.02,OUIGO,2025,11,6,10.03,182.0,33.91,4641
00012_30-11-2025-10.27,AVLO,2025,11,6,10.45,172.0,38.79,1811
00009_30-11-2025-11.22,IRYO,2025,11,6,11.37,172.0,99.23,0
00006_30-11-2025-11.27,AVE,2025,11,6,11.45,199.0,130.87,0
00009_30-11-2025-12.22,IRYO,2025,11,6,12.37,172.0,58.94,56
00013_30-11-2025-12.27,AVE,2025,11,6,12.45,197.0,49.37,543
00014_30-11-2025-13.18,AVE,2025,11,6,13.3,184.0,55.14,169
00009_30-11-2025-14.02,IRYO,2025,11,6,14.03,172.0,79.84,7
00015_30-11-2025-14.12,OUIGO,2025,11,6,14.2,157.0,52.33,73
00016_30-11-2025-14.27,AVE,2025,11,6,14.45,177.0,88.48,27
00017_30-11-2025-14.42,IRYO,2025,11,6,14.7,179.0,81.85,8
00018_30-11-2025-15.27,AVLO,2025,11,6,15.45,199.0,74.28,14
00007_30-11-2025-16.27,AVE,2025,11,6,16.45,172.0,96.78,20
00002_30-11-2025-16.37,IRYO,2025,11,6,16.62,157.0,97.28,8
00004_30-11-2025-16.57,AVE,2025,11,6,16.95,157.0,72.78,303
00015_30-11-2025-17.17,OUIGO,2025,11,6,17.28,157.0,53.3,110
00009_30-11-2025-17.22,IRYO,2025,11,6,17.37,172.0,64.39,59
00018_30-11-2025-17.27,AVLO,2025,11,6,17.45,199.0,69.57,13
00004_30-11-2025-17.57,AVE,2025,11,6,17.95,157.0,57.2,437
00016_30-11-2025-18.27,AVE,2025,11,6,18.45,177.0,103.67,1
00002_30-11-2025-18.32,IRYO,2025,11,6,18.53,157.0,86.28,4
00004_30-11-2025-18.57,AVE,2025,11,6,18.95,157.0,128.48,0
00009_30-11-2025-19.29,IRYO,2025,11,6,19.48,172.0,73.23,3
00019_30-11-2025-19.34,AVLO,2025,11,6,19.57,201.0,80.99,0
00004_30-11-2025-20.05,AVE,2025,11,6,20.08,157.0,66.32,26
00009_30-11-2025-20.22,IRYO,2025,11,6,20.37,172.0,65.58,1
00020_30-11-2025-20.27,AVE,2025,11,6,20.45,201.0,59.76,7
00005_30-11-2025-21.02,OUIGO,2025,11,6,21.03,172.0,69.15,0
00007_30-11-2025-21.07,AVE,2025,11,6,21.12,172.0,138.94,0
00001_01-12-2025-06.12,AVLO,2025,12,0,6.2,157.0,27.28,1675
00002_01-12-2025-06.22,IRYO,2025,12,0,6.37,157.0,42.52,456
00003_01-12-2025-06.27,AVE,2025,12,0,6.45,178.0,48.15,688
00004_01-12-2025-06.57,AVE,2025,12,0,6.95,157.0,58.91,327
00005_01-12-2025-07.02,OUIGO,2025,12,0,7.03,172.0,46.82,26
00002_01-12-2025-07.22,IRYO,2025,12,0,7.37,157.0,43.0,134
00006_01-12-2025-07.27,AVE,2025,12,0,7.45,199.0,61.4,36
00004_01-12-2025-07.57,AVE,2025,12,0,7.95,157.0,63.62,49
00007_01-12-2025-08.27,AVE,2025,12,0,8.45,172.0,73.57,9
00002_01-12-2025-08.32,IRYO,2025,12,0,8.53,157.0,33.74,179
00008_01-12-2025-08.57,AVE,2025,12,0,8.95,164.0,46.64,269
00009_01-12-2025-09.22,IRYO,2025,12,0,9.37,172.0,38.67,114
00010_01-12-2025-09.27,AVE,2025,12,0,9.45,194.0,64.83,37
00009_01-12-2025-09.57,IRYO,2025,12,0,9.95,172.0,34.76,198
00011_01-12-2025-10.02,OUIGO,2025,12,0,10.03,182.0,38.02,59
00012_01-12-2025-10.27,AVLO,2025,12,0,10.45,172.0,37.76,141
00009_01-12-2025-11.22,IRYO,2025,12,0,11.37,172.0,39.36,128
00006_01-12-2025-11.27,AVE,2025,12,0,11.45,199.0,39.24,302
00009_01-12-2025-12.22,IRYO,2025,12,0,12.37,172.0,23.32,432
00013_01-12-2025-12.27,AVE,2025,12,0,12.45,197.0,45.03,119
00004_01-12-2025-12.57,AVE,2025,12,0,12.95,157.0,37.44,434
00014_01-12-2025-13.18,AVE,2025,12,0,13.3,184.0,68.94,1
00009_01-12-2025-14.02,IRYO,2025,12,0,14.03,172.0,33.46,78
00015_01-12-2025-14.12,OUIGO,2025,12,0,14.2,157.0,30.28,50
00016_01-12-2025-14.27,AVE,2025,12,0,14.45,177.0,36.15,318
00017_01-12-2025-14.42,IRYO,2025,12,0,14.7,179.0,64.05,0
00004_01-12-2025-14.57,AVE,2025,12,0,14.95,157.0,33.93,630
00018_01-12-2025-15.27,AVLO,2025,12,0,15.45,199.0,38.1,24
00004_01-12-2025-15.57,AVE,2025,12,0,15.95,157.0,39.87,698
00007_01-12-2025-16.27,AVE,2025,12,0,16.45,172.0,75.63,19
00002_01-12-2025-16.37,IRYO,2025,12,0,16.62,157.0,30.66,411
00004_01-12-2025-16.57,AVE,2025,12,0,16.95,157.0,42.19,873
00015_01-12-2025-17.17,OUIGO,2025,12,0,17.28,157.0,26.16,262
00009_01-12-2025-17.22,IRYO,2025,12,0,17.37,172.0,46.96,59
00006_01-12-2025-17.27,AVE,2025,12,0,17.45,199.0,66.23,22
00004_01-12-2025-17.57,AVE,2025,12,0,17.95,157.0,47.02,262
00016_01-12-2025-18.27,AVE,2025,12,0,18.45,177.0,62.35,15
00002_01-12-2025-18.32,IRYO,2025,12,0,18.53,157.0,37.11,61
00004_01-12-2025-18.57,AVE,2025,12,0,18.95,157.0,47.77,94
00009_01-12-2025-19.29,IRYO,2025,12,0,19.48,172.0,58.1,1
00019_01-12-2025-19.34,AVLO,2025,12,0,19.57,201.0,23.9,34
00004_01-12-2025-20.05,AVE,2025,12,0,20.08,157.0,17.41,2252
00009_01-12-2025-20.22,IRYO,2025,12,0,20.37,172.0,20.07,380
00020_01-12-2025-20.27,AVE,2025,12,0,20.45,201.0,26.31,46
00005_01-12-2025-21.02,OUIGO,2025,12,0,21.03,172.0,39.87,0
00007_01-12-2025-21.07,AVE,2025,12,0,21.12,172.0,27.89,37
00001_02-12-2025-06.12,AVLO,2025,12,1,6.2,157.0,34.07,918
00002_02-12-2025-06.22,IRYO,2025,12,1,6.37,157.0,22.93,1821
00003_02-12-2025-06.27,AVE,2025,12,1,6.45,178.0,46.69,720
00004_02-12-2025-06.57,AVE,2025,12,1,6.95,157.0,108.84,0
00005_02-12-2025-07.02,OUIGO,2025,12,1,7.03,172.0,44.97,16
00002_02-12-2025-07.22,IRYO,2025,12,1,7.37,157.0,39.62,113
00006_02-12-2025-07.27,AVE,2025,12,1,7.45,199.0,30.92,586
00004_02-12-2025-07.57,AVE,2025,12,1,7.95,157.0,38.54,494
00007_02-12-2025-08.27,AVE,2025,12,1,8.45,172.0,76.43,0
00002_02-12-2025-08.32,IRYO,2025,12,1,8.53,157.0,24.48,377
00008_02-12-2025-08.57,AVE,2025,12,1,8.95,164.0,47.47,158
00009_02-12-2025-09.22,IRYO,2025,12,1,9.37,172.0,35.1,114
00010_02-12-2025-09.27,AVE,2025,12,1,9.45,194.0,86.91,0
00009_02-12-2025-09.57,IRYO,2025,12,1,9.95,172.0,42.97,74
00011_02-12-2025-10.02,OUIGO,2025,12,1,10.03,182.0,18.53,780
00012_02-12-2025-10.27,AVLO,2025,12,1,10.45,172.0,35.45,201
00009_02-12-2025-11.22,IRYO,2025,12,1,11.37,172.0,43.9,85
00006_02-12-2025-11.27,AVE,2025,12,1,11.45,199.0,42.84,323
00009_02-12-2025-12.22,IRYO,2025,12,1,12.37,172.0,28.37,257
00013_02-12-2025-12.27,AVE,2025,12,1,12.45,197.0,42.28,205
00004_02-12-2025-12.57,AVE,2025,12,1,12.95,157.0,48.17,195
00014_02-12-2025-13.18,AVE,2025,12,1,13.3,184.0,48.24,48
00009_02-12-2025-14.02,IRYO,2025,12,1,14.03,172.0,33.79,91
00015_02-12-2025-14.12,OUIGO,2025,12,1,14.2,157.0,31.48,50
00016_02-12-2025-14.27,AVE,2025,12,1,14.45,177.0,74.77,3
00017_02-12-2025-14.42,IRYO,2025,12,1,14.7,179.0,41.49,25
00004_02-12-2025-14.57,AVE,2025,12,1,14.95,157.0,26.48,1217
00018_02-12-2025-15.27,AVLO,2025,12,1,15.45,199.0,28.19,96
00004_02-12-2025-15.57,AVE,2025,12,1,15.95,157.0,28.07,1388
00007_02-12-2025-16.27,AVE,2025,12,1,16.45,172.0,36.18,668
00002_02-12-2025-16.37,IRYO,2025,12,1,16.62,157.0,28.47,406
00004_02-12-2025-16.57,AVE,2025,12,1,16.95,157.0,49.35,479
00015_02-12-2025-17.17,OUIGO,2025,12,1,17.28,157.0,44.42,37
00009_02-12-2025-17.22,IRYO,2025,12,1,17.37,172.0,23.21,652
00006_02-12-2025-17.27,AVE,2025,12,1,17.45,199.0,58.83,51
00004_02-12-2025-17.57,AVE,2025,12,1,17.95,157.0,67.35,39
00016_02-12-2025-18.27,AVE,2025,12,1,18.45,177.0,58.87,29
00002_02-12-2025-18.32,IRYO,2025,12,1,18.53,157.0,47.15,29
00004_02-12-2025-18.57,AVE,2025,12,1,18.95,157.0,35.14,316
00009_02-12-2025-19.29,IRYO,2025,12,1,19.48,172.0,54.65,2
00019_02-12-2025-19.34,AVLO,2025,12,1,19.57,201.0,29.06,9
00004_02-12-2025-20.05,AVE,2025,12,1,20.08,157.0,44.69,43
00009_02-12-2025-20.22,IRYO,2025,12,1,20.37,172.0,17.38,1950
00020_02-12-2025-20.27,AVE,2025,12,1,20.45,201.0,39.49,2
00005_02-12-2025-21.02,OUIGO,2025,12,1,21.03,172.0,38.18,0
00007_02-12-2025-21.07,AVE,2025,12,1,21.12,172.0,36.91,10
00001_03-12-2025-06.12,AVLO,2025,12,2,6.2,157.0,34.44,846
00002_03-12-2025-06.22,IRYO,2025,12,2,6.37,157.0,34.99,665
00003_03-12-2025-06.27,AVE,2025,12,2,6.45,178.0,42.44,857
00004_03-12-2025-06.57,AVE,2025,12,2,6.95,157.0,92.59,6
00005_03-12-2025-07.02,OUIGO,2025,12,2,7.03,172.0,40.88,37
00002_03-12-2025-07.22,IRYO,2025,12,2,7.37,157.0,43.04,108
00006_03-12-2025-07.27,AVE,2025,12,2,7.45,199.0,30.98,706
00004_03-12-2025-07.57,AVE,2025,12,2,7.95,157.0,56.59,110
00007_03-12-2025-08.27,AVE,2025,12,2,8.45,172.0,64.94,24
00002_03-12-2025-08.32,IRYO,2025,12,2,8.53,157.0,45.35,35
00008_03-12-2025-08.57,AVE,2025,12,2,8.95,164.0,58.46,73
00009_03-12-2025-09.22,IRYO,2025,12,2,9.37,172.0,49.08,42
00010_03-12-2025-09.27,AVE,2025,12,2,9.45,194.0,80.52,4
00009_03-12-2025-09.57,IRYO,2025,12,2,9.95,172.0,36.19,211
00011_03-12-2025-10.02,OUIGO,2025,12,2,10.03,182.0,47.31,37
00012_03-12-2025-10.27,AVLO,2025,12,2,10.45,172.0,47.84,85
00009_03-12-2025-11.22,IRYO,2025,12,2,11.37,172.0,52.88,38
00006_03-12-2025-11.27,AVE,2025,12,2,11.45,199.0,56.33,82
00009_03-12-2025-12.22,IRYO,2025,12,2,12.37,172.0,31.83,219
00013_03-12-2025-12.27,AVE,2025,12,2,12.45,197.0,61.19,23
00004_03-12-2025-12.57,AVE,2025,12,2,12.95,157.0,34.76,722
00014_03-12-2025-13.18,AVE,2025,12,2,13.3,184.0,48.24,46
00009_03-12-2025-14.02,IRYO,2025,12,2,14.03,172.0,31.33,153
00015_03-12-2025-14.12,OUIGO,2025,12,2,14.2,157.0,32.25,79
00016_03-12-2025-14.27,AVE,2025,12,2,14.45,177.0,53.26,92
00017_03-12-2025-14.42,IRYO,2025,12,2,14.7,179.0,55.2,7
00004_03-12-2025-14.57,AVE,2025,12,2,14.95,157.0,57.7,125
00018_03-12-2025-15.27,AVLO,2025,12,2,15.45,199.0,37.81,58
00004_03-12-2025-15.57,AVE,2025,12,2,15.95,157.0,33.44,1295
00007_03-12-2025-16.27,AVE,2025,12,2,16.45,172.0,67.28,65
00002_03-12-2025-16.37,IRYO,2025,12,2,16.62,157.0,38.29,285
00004_03-12-2025-16.57,AVE,2025,12,2,16.95,157.0,106.59,0
00015_03-12-2025-17.17,OUIGO,2025,12,2,17.28,157.0,21.43,1430
00009_03-12-2025-17.22,IRYO,2025,12,2,17.37,172.0,21.42,1575
00006_03-12-2025-17.27,AVE,2025,12,2,17.45,199.0,68.59,26
00004_03-12-2025-17.57,AVE,2025,12,2,17.95,157.0,64.8,97
00016_03-12-2025-18.27,AVE,2025,12,2,18.45,177.0,69.56,26
00002_03-12-2025-18.32,IRYO,2025,12,2,18.53,157.0,42.6,66
00004_03-12-2025-18.57,AVE,2025,12,2,18.95,157.0,101.95,1
00009_03-12-2025-19.29,IRYO,2025,12,2,19.48,172.0,37.49,30
00019_03-12-2025-19.34,AVLO,2025,12,2,19.57,201.0,33.98,3
00004_03-12-2025-20.05,AVE,2025,12,2,20.08,157.0,52.05,22
00009_03-12-2025-20.22,IRYO,2025,12,2,20.37,172.0,27.4,55
00020_03-12-2025-20.27,AVE,2025,12,2,20.45,201.0,34.05,24
00005_03-12-2025-21.02,OUIGO,2025,12,2,21.03,172.0,48.78,0
00007_03-12-2025-21.07,AVE,2025,12,2,21.12,172.0,56.89,2
00001_04-12-2025-06.12,AVLO,2025,12,3,6.2,157.0,27.59,1152
00002_04-12-2025-06.22,IRYO,2025,12,3,6.37,157.0,42.75,223
00003_04-12-2025-06.27,AVE,2025,12,3,6.45,178.0,35.52,1045
00004_04-12-2025-06.57,AVE,2025,12,3,6.95,157.0,44.04,568
00005_04-12-2025-07.02,OUIGO,2025,12,3,7.03,172.0,22.9,1047
00002_04-12-2025-07.22,IRYO,2025,12,3,7.37,157.0,55.48,11
00006_04-12-2025-07.27,AVE,2025,12,3,7.45,199.0,51.82,49
00004_04-12-2025-07.57,AVE,2025,12,3,7.95,157.0,29.29,1262
00007_04-12-2025-08.27,AVE,2025,12,3,8.45,172.0,63.44,23
00002_04-12-2025-08.32,IRYO,2025,12,3,8.53,157.0,39.77,56
00008_04-12-2025-08.57,AVE,2025,12,3,8.95,164.0,78.86,4
00009_04-12-2025-09.22,IRYO,2025,12,3,9.37,172.0,36.67,130
00010_04-12-2025-09.27,AVE,2025,12,3,9.45,194.0,37.23,545
00009_04-12-2025-09.57,IRYO,2025,12,3,9.95,172.0,47.74,54
00011_04-12-2025-10.02,OUIGO,2025,12,3,10.03,182.0,61.95,4
00012_04-12-2025-10.27,AVLO,2025,12,3,10.45,172.0,57.05,34
00009_04-12-2025-11.22,IRYO,2025,12,3,11.37,172.0,54.43,47
00006_04-12-2025-11.27,AVE,2025,12,3,11.45,199.0,55.05,186
00009_04-12-2025-12.22,IRYO,2025,12,3,12.37,172.0,45.43,115
00013_04-12-2025-12.27,AVE,2025,12,3,12.45,197.0,34.29,986
00004_04-12-2025-12.57,AVE,2025,12,3,12.95,157.0,63.47,139
00014_04-12-2025-13.18,AVE,2025,12,3,13.3,184.0,55.14,108
00004_04-12-2025-13.57,AVE,2025,12,3,13.95,157.0,,0
00009_04-12-2025-14.02,IRYO,2025,12,3,14.03,172.0,,0
00015_04-12-2025-14.12,OUIGO,2025,12,3,14.2,157.0,,0
00016_04-12-2025-14.27,AVE,2025,12,3,14.45,177.0,83.35,53
00017_04-12-2025-14.42,IRYO,2025,12,3,14.7,179.0,45.12,348
00004_04-12-2025-14.57,AVE,2025,12,3,14.95,157.0,86.77,76
00018_04-12-2025-15.27,AVLO,2025,12,3,15.45,199.0,48.17,252
00004_04-12-2025-15.57,AVE,2025,12,3,15.95,157.0,91.69,105
00007_04-12-2025-16.27,AVE,2025,12,3,16.45,172.0,65.93,750
00002_04-12-2025-16.37,IRYO,2025,12,3,16.62,157.0,53.31,665
00004_04-12-2025-16.57,AVE,2025,12,3,16.95,157.0,142.77,0
00015_04-12-2025-17.17,OUIGO,2025,12,3,17.28,157.0,57.3,143
00009_04-12-2025-17.22,IRYO,2025,12,3,17.37,172.0,85.19,11
00006_04-12-2025-17.27,AVE,2025,12,3,17.45,199.0,92.39,23
00004_04-12-2025-17.57,AVE,2025,12,3,17.95,157.0,62.71,715
00016_04-12-2025-18.27,AVE,2025,12,3,18.45,177.0,71.41,105
00002_04-12-2025-18.32,IRYO,2025,12,3,18.53,157.0,49.35,204
00004_04-12-2025-18.57,AVE,2025,12,3,18.95,157.0,76.69,67
00009_04-12-2025-19.29,IRYO,2025,12,3,19.48,172.0,50.91,33
00019_04-12-2025-19.34,AVLO,2025,12,3,19.57,201.0,30.12,957
00004_04-12-2025-20.05,AVE,2025,12,3,20.08,157.0,59.14,64
00009_04-12-2025-20.22,IRYO,2025,12,3,20.37,172.0,33.87,210
00020_04-12-2025-20.27,AVE,2025,12,3,20.45,201.0,54.81,4
00005_04-12-2025-21.02,OUIGO,2025,12,3,21.03,172.0,52.65,0
00007_04-12-2025-21.07,AVE,2025,12,3,21.12,172.0,71.09,0
00002_05-12-2025-06.22,IRYO,2025,12,4,6.37,157.0,22.43,4782
00021_05-12-2025-06.27,AVLO,2025,12,4,6.45,178.0,23.7,3062
00004_05-12-2025-06.57,AVE,2025,12,4,6.95,157.0,45.35,277
00005_05-12-2025-07.02,OUIGO,2025,12,4,7.03,172.0,43.77,11
00002_05-12-2025-07.22,IRYO,2025,12,4,7.37,157.0,50.83,19
00006_05-12-2025-07.27,AVE,2025,12,4,7.45,199.0,48.16,94
00004_05-12-2025-07.57,AVE,2025,12,4,7.95,157.0,40.53,445
00002_05-12-2025-08.32,IRYO,2025,12,4,8.53,157.0,42.83,82
00008_05-12-2025-08.57,AVE,2025,12,4,8.95,164.0,106.65,0
00009_05-12-2025-09.22,IRYO,2025,12,4,9.37,172.0,60.9,32
00010_05-12-2025-09.27,AVE,2025,12,4,9.45,194.0,75.91,47
00009_05-12-2025-09.57,IRYO,2025,12,4,9.95,172.0,56.48,77
00011_05-12-2025-10.02,OUIGO,2025,12,4,10.03,182.0,54.52,52
00012_05-12-2025-10.27,AVLO,2025,12,4,10.45,172.0,58.08,66
00009_05-12-2025-11.22,IRYO,2025,12,4,11.37,172.0,67.47,28
00006_05-12-2025-11.27,AVE,2025,12,4,11.45,199.0,123.56,1
00009_05-12-2025-12.22,IRYO,2025,12,4,12.37,172.0,48.56,164
00013_05-12-2025-12.27,AVE,2025,12,4,12.45,197.0,47.46,470
00004_05-12-2025-12.57,AVE,2025,12,4,12.95,157.0,81.3,41
00014_05-12-2025-13.18,AVE,2025,12,4,13.3,184.0,55.14,130
00004_05-12-2025-13.57,AVE,2025,12,4,13.95,157.0,72.4,64
00009_05-12-2025-14.02,IRYO,2025,12,4,14.03,172.0,76.48,8
00015_05-12-2025-14.12,OUIGO,2025,12,4,14.2,157.0,48.31,66
00016_05-12-2025-14.27,AVE,2025,12,4,14.45,177.0,93.75,3
00017_05-12-2025-14.42,IRYO,2025,12,4,14.7,179.0,67.74,17
00004_05-12-2025-14.57,AVE,2025,12,4,14.95,157.0,98.79,9
00018_05-12-2025-15.27,AVLO,2025,12,4,15.45,199.0,53.87,52
00004_05-12-2025-15.57,AVE,2025,12,4,15.95,157.0,96.98,20
00007_05-12-2025-16.27,AVE,2025,12,4,16.45,172.0,87.74,29
00002_05-12-2025-16.37,IRYO,2025,12,4,16.62,157.0,65.88,67
00004_05-12-2025-16.57,AVE,2025,12,4,16.95,157.0,93.47,36
00015_05-12-2025-17.17,OUIGO,2025,12,4,17.28,157.0,47.74,114
00009_05-12-2025-17.22,IRYO,2025,12,4,17.37,172.0,49.08,129
00018_05-12-2025-17.27,AVLO,2025,12,4,17.45,199.0,42.11,86
00004_05-12-2025-17.57,AVE,2025,12,4,17.95,157.0,49.4,375
00016_05-12-2025-18.27,AVE,2025,12,4,18.45,177.0,72.4,17
00002_05-12-2025-18.32,IRYO,2025,12,4,18.53,157.0,58.96,12
00004_05-12-2025-18.57,AVE,2025,12,4,18.95,157.0,55.39,77
00009_05-12-2025-19.29,IRYO,2025,12,4,19.48,172.0,35.59,229
00019_05-12-2025-19.34,AVLO,2025,12,4,19.57,201.0,38.89,13
00004_05-12-2025-20.05,AVE,2025,12,4,20.08,157.0,64.62,6
00009_05-12-2025-20.22,IRYO,2025,12,4,20.37,172.0,34.66,282
00020_05-12-2025-20.27,AVE,2025,12,4,20.45,201.0,53.6,1
00005_05-12-2025-21.02,OUIGO,2025,12,4,21.03,172.0,39.05,12
00007_05-12-2025-21.07,AVE,2025,12,4,21.12,172.0,91.86,0
00021_06-12-2025-06.27,AVLO,2025,12,5,6.45,178.0,27.71,883
00005_06-12-2025-07.02,OUIGO,2025,12,5,7.03,172.0,29.31,275
00006_06-12-2025-07.27,AVE,2025,12,5,7.45,199.0,51.11,155
00009_06-12-2025-08.07,IRYO,2025,12,5,8.12,172.0,29.51,299
00007_06-12-2025-08.27,AVE,2025,12,5,8.45,172.0,50.87,181
00008_06-12-2025-08.57,AVE,2025,12,5,8.95,164.0,49.4,226
00009_06-12-2025-09.22,IRYO,2025,12,5,9.37,172.0,63.79,4
00010_06-12-2025-09.27,AVE,2025,12,5,9.45,194.0,52.09,184
00009_06-12-2025-09.57,IRYO,2025,12,5,9.95,172.0,29.28,458
00011_06-12-2025-10.02,OUIGO,2025,12,5,10.03,182.0,28.39,250
00012_06-12-2025-10.27,AVLO,2025,12,5,10.45,172.0,47.96,94
00009_06-12-2025-11.22,IRYO,2025,12,5,11.37,172.0,47.44,121
00006_06-12-2025-11.27,AVE,2025,12,5,11.45,199.0,66.83,60
00009_06-12-2025-12.22,IRYO,2025,12,5,12.37,172.0,33.02,454
00013_06-12-2025-12.27,AVE,2025,12,5,12.45,197.0,57.7,153
00014_06-12-2025-13.18,AVE,2025,12,5,13.3,184.0,82.74,2
00015_06-12-2025-14.12,OUIGO,2025,12,5,14.2,157.0,20.36,972
00017_06-12-2025-14.42,IRYO,2025,12,5,14.7,179.0,29.54,325
00018_06-12-2025-15.27,AVLO,2025,12,5,15.45,199.0,30.53,177
00007_06-12-2025-16.27,AVE,2025,12,5,16.45,172.0,107.55,0
00002_06-12-2025-16.37,IRYO,2025,12,5,16.62,157.0,38.38,293
00015_06-12-2025-17.17,OUIGO,2025,12,5,17.28,157.0,10.0,9206
00018_06-12-2025-17.27,AVLO,2025,12,5,17.45,199.0,25.47,270
00016_06-12-2025-18.27,AVE,2025,12,5,18.45,177.0,96.81,0
00009_06-12-2025-19.29,IRYO,2025,12,5,19.48,172.0,40.92,12
00019_06-12-2025-19.34,AVLO,2025,12,5,19.57,201.0,31.39,6
00009_06-12-2025-20.22,IRYO,2025,12,5,20.37,172.0,18.83,555
00020_06-12-2025-20.27,AVE,2025,12,5,20.45,201.0,17.97,2703
00005_06-12-2025-21.02,OUIGO,2025,12,5,21.03,172.0,31.57,2
00021_07-12-2025-06.27,AVLO,2025,12,6,6.45,178.0,48.01,568
00005_07-12-2025-07.02,OUIGO,2025,12,6,7.03,172.0,49.68,111
00006_07-12-2025-07.27,AVE,2025,12,6,7.45,199.0,62.66,186
00009_07-12-2025-08.07,IRYO,2025,12,6,8.12,172.0,43.72,1388
00007_07-12-2025-08.27,AVE,2025,12,6,8.45,172.0,61.25,235
00009_07-12-2025-09.22,IRYO,2025,12,6,9.37,172.0,67.72,24
00010_07-12-2025-09.27,AVE,2025,12,6,9.45,194.0,69.79,112
00009_07-12-2025-09.57,IRYO,2025,12,6,9.95,172.0,56.38,100
00011_07-12-2025-10.02,OUIGO,2025,12,6,10.03,182.0,44.14,537
00012_07-12-2025-10.27,AVLO,2025,12,6,10.45,172.0,36.94,9453
00009_07-12-2025-11.22,IRYO,2025,12,6,11.37,172.0,63.98,64
00006_07-12-2025-11.27,AVE,2025,12,6,11.45,199.0,138.51,0
00009_07-12-2025-12.22,IRYO,2025,12,6,12.37,172.0,58.52,108
00013_07-12-2025-12.27,AVE,2025,12,6,12.45,197.0,47.39,2003
00014_07-12-2025-13.18,AVE,2025,12,6,13.3,184.0,55.14,275
00009_07-12-2025-14.02,IRYO,2025,12,6,14.03,172.0,79.89,13
00015_07-12-2025-14.12,OUIGO,2025,12,6,14.2,157.0,60.96,67
00016_07-12-2025-14.27,AVE,2025,12,6,14.45,177.0,81.93,88
00017_07-12-2025-14.42,IRYO,2025,12,6,14.7,179.0,82.05,15
00018_07-12-2025-15.27,AVLO,2025,12,6,15.45,199.0,61.78,82
00007_07-12-2025-16.27,AVE,2025,12,6,16.45,172.0,94.2,79
00002_07-12-2025-16.37,IRYO,2025,12,6,16.62,157.0,98.55,8
00004_07-12-2025-16.57,AVE,2025,12,6,16.95,157.0,76.54,520
00015_07-12-2025-17.17,OUIGO,2025,12,6,17.28,157.0,59.96,167
00009_07-12-2025-17.22,IRYO,2025,12,6,17.37,172.0,61.8,165
00018_07-12-2025-17.27,AVLO,2025,12,6,17.45,199.0,74.31,19
00004_07-12-2025-17.57,AVE,2025,12,6,17.95,157.0,69.9,403
00016_07-12-2025-18.27,AVE,2025,12,6,18.45,177.0,85.63,38
00002_07-12-2025-18.32,IRYO,2025,12,6,18.53,157.0,95.19,3
00004_07-12-2025-18.57,AVE,2025,12,6,18.95,157.0,119.43,3
00009_07-12-2025-19.29,IRYO,2025,12,6,19.48,172.0,81.38,5
00019_07-12-2025-19.34,AVLO,2025,12,6,19.57,201.0,92.47,0
00004_07-12-2025-20.05,AVE,2025,12,6,20.08,157.0,69.85,45
00009_07-12-2025-20.22,IRYO,2025,12,6,20.37,172.0,66.17,1
00020_07-12-2025-20.27,AVE,2025,12,6,20.45,201.0,69.43,6
00005_07-12-2025-21.02,OUIGO,2025,12,6,21.03,172.0,48.97,52
00007_07-12-2025-21.07,AVE,2025,12,6,21.12,172.0,108.73,0
00001_08-12-2025-06.12,AVLO,2025,12,0,6.2,157.0,23.19,774
00002_08-12-2025-06.22,IRYO,2025,12,0,6.37,157.0,26.95,418
00003_08-12-2025-06.27,AVE,2025,12,0,6.45,178.0,58.1,82
00004_08-12-2025-06.57,AVE,2025,12,0,6.95,157.0,55.08,132
00005_08-12-2025-07.02,OUIGO,2025,12,0,7.03,172.0,36.14,30
00002_08-12-2025-07.22,IRYO,2025,12,0,7.37,157.0,34.97,99
00006_08-12-2025-07.27,AVE,2025,12,0,7.45,199.0,54.66,37
00004_08-12-2025-07.57,AVE,2025,12,0,7.95,157.0,64.19,23
00007_08-12-2025-08.27,AVE,2025,12,0,8.45,172.0,70.83,12
00002_08-12-2025-08.32,IRYO,2025,12,0,8.53,157.0,39.16,61
00008_08-12-2025-08.57,AVE,2025,12,0,8.95,164.0,48.89,123
00009_08-12-2025-09.22,IRYO,2025,12,0,9.37,172.0,61.16,4
00010_08-12-2025-09.27,AVE,2025,12,0,9.45,194.0,73.73,2
00009_08-12-2025-09.57,IRYO,2025,12,0,9.95,172.0,24.56,495
00011_08-12-2025-10.02,OUIGO,2025,12,0,10.03,182.0,39.6,17
00012_08-12-2025-10.27,AVLO,2025,12,0,10.45,172.0,32.69,124
00009_08-12-2025-11.22,IRYO,2025,12,0,11.37,172.0,16.77,2878
00006_08-12-2025-11.27,AVE,2025,12,0,11.45,199.0,36.83,228
00009_08-12-2025-12.22,IRYO,2025,12,0,12.37,172.0,50.79,11
00013_08-12-2025-12.27,AVE,2025,12,0,12.45,197.0,52.94,27
00004_08-12-2025-12.57,AVE,2025,12,0,12.95,157.0,36.31,316
00014_08-12-2025-13.18,AVE,2025,12,0,13.3,184.0,68.94,1
00009_08-12-2025-14.02,IRYO,2025,12,0,14.03,172.0,25.35,169
00015_08-12-2025-14.12,OUIGO,2025,12,0,14.2,157.0,24.57,105
00016_08-12-2025-14.27,AVE,2025,12,0,14.45,177.0,39.53,146
00017_08-12-2025-14.42,IRYO,2025,12,0,14.7,179.0,38.16,15
00004_08-12-2025-14.57,AVE,2025,12,0,14.95,157.0,34.29,315
00018_08-12-2025-15.27,AVLO,2025,12,0,15.45,199.0,33.06,33
00004_08-12-2025-15.57,AVE,2025,12,0,15.95,157.0,47.14,170
00007_08-12-2025-16.27,AVE,2025,12,0,16.45,172.0,66.31,32
00002_08-12-2025-16.37,IRYO,2025,12,0,16.62,157.0,49.97,26
00004_08-12-2025-16.57,AVE,2025,12,0,16.95,157.0,51.72,177
00015_08-12-2025-17.17,OUIGO,2025,12,0,17.28,157.0,37.09,42
00009_08-12-2025-17.22,IRYO,2025,12,0,17.37,172.0,48.97,22
00006_08-12-2025-17.27,AVE,2025,12,0,17.45,199.0,66.12,7
00004_08-12-2025-17.57,AVE,2025,12,0,17.95,157.0,44.41,163
00016_08-12-2025-18.27,AVE,2025,12,0,18.45,177.0,49.12,29
00002_08-12-2025-18.32,IRYO,2025,12,0,18.53,157.0,26.96,82
00004_08-12-2025-18.57,AVE,2025,12,0,18.95,157.0,31.36,142
00009_08-12-2025-19.29,IRYO,2025,12,0,19.48,172.0,27.93,6
00019_08-12-2025-19.34,AVLO,2025,12,0,19.57,201.0,20.71,145
00004_08-12-2025-20.05,AVE,2025,12,0,20.08,157.0,25.04,315
00009_08-12-2025-20.22,IRYO,2025,12,0,20.37,172.0,34.96,4
00020_08-12-2025-20.27,AVE,2025,12,0,20.45,201.0,19.8,1069
00005_08-12-2025-21.02,OUIGO,2025,12,0,21.03,172.0,10.0,4148
00007_08-12-2025-21.07,AVE,2025,12,0,21.12,172.0,32.6,7
00001_09-12-2025-06.12,AVLO,2025,12,1,6.2,157.0,33.11,1530
00002_09-12-2025-06.22,IRYO,2025,12,1,6.37,157.0,43.1,571
00003_09-12-2025-06.27,AVE,2025,12,1,6.45,178.0,39.91,1598
00004_09-12-2025-06.57,AVE,2025,12,1,6.95,157.0,110.58,0
00005_09-12-2025-07.02,OUIGO,2025,12,1,7.03,172.0,55.59,6
00002_09-12-2025-07.22,IRYO,2025,12,1,7.37,157.0,39.01,223
00006_09-12-2025-07.27,AVE,2025,12,1,7.45,199.0,29.28,967
00004_09-12-2025-07.57,AVE,2025,12,1,7.95,157.0,44.26,481
00007_09-12-2025-08.27,AVE,2025,12,1,8.45,172.0,72.24,2
00002_09-12-2025-08.32,IRYO,2025,12,1,8.53,157.0,35.68,124
00008_09-12-2025-08.57,AVE,2025,12,1,8.95,164.0,37.89,493
00009_09-12-2025-09.22,IRYO,2025,12,1,9.37,172.0,36.84,110
00010_09-12-2025-09.27,AVE,2025,12,1,9.45,194.0,60.62,46
00009_09-12-2025-09.57,IRYO,2025,12,1,9.95,172.0,43.76,61
00011_09-12-2025-10.02,OUIGO,2025,12,1,10.03,182.0,36.86,40
00012_09-12-2025-10.27,AVLO,2025,12,1,10.45,172.0,33.67,234
00009_09-12-2025-11.22,IRYO,2025,12,1,11.37,172.0,21.58,633
00006_09-12-2025-11.27,AVE,2025,12,1,11.45,199.0,37.18,422
00009_09-12-2025-12.22,IRYO,2025,12,1,12.37,172.0,37.12,110
00013_09-12-2025-12.27,AVE,2025,12,1,12.45,197.0,46.35,120
00004_09-12-2025-12.57,AVE,2025,12,1,12.95,157.0,42.34,349
00014_09-12-2025-13.18,AVE,2025,12,1,13.3,184.0,48.24,37
00009_09-12-2025-14.02,IRYO,2025,12,1,14.03,172.0,11.86,2446
00015_09-12-2025-14.12,OUIGO,2025,12,1,14.2,157.0,26.99,57
00016_09-12-2025-14.27,AVE,2025,12,1,14.45,177.0,76.64,2
00017_09-12-2025-14.42,IRYO,2025,12,1,14.7,179.0,29.09,100
00004_09-12-2025-14.57,AVE,2025,12,1,14.95,157.0,33.95,714
00018_09-12-2025-15.27,AVLO,2025,12,1,15.45,199.0,30.16,77
00004_09-12-2025-15.57,AVE,2025,12,1,15.95,157.0,37.53,845
00007_09-12-2025-16.27,AVE,2025,12,1,16.45,172.0,34.53,978
00002_09-12-2025-16.37,IRYO,2025,12,1,16.62,157.0,26.68,549
00004_09-12-2025-16.57,AVE,2025,12,1,16.95,157.0,46.22,650
00015_09-12-2025-17.17,OUIGO,2025,12,1,17.28,157.0,11.22,2824
00009_09-12-2025-17.22,IRYO,2025,12,1,17.37,172.0,49.06,35
00006_09-12-2025-17.27,AVE,2025,12,1,17.45,199.0,54.52,76
00004_09-12-2025-17.57,AVE,2025,12,1,17.95,157.0,69.07,33
00016_09-12-2025-18.27,AVE,2025,12,1,18.45,177.0,55.16,47
00002_09-12-2025-18.32,IRYO,2025,12,1,18.53,157.0,22.54,263
00004_09-12-2025-18.57,AVE,2025,12,1,18.95,157.0,34.8,344
00009_09-12-2025-19.29,IRYO,2025,12,1,19.48,172.0,39.03,6
00019_09-12-2025-19.34,AVLO,2025,12,1,19.57,201.0,30.23,13
00004_09-12-2025-20.05,AVE,2025,12,1,20.08,157.0,41.82,50
00009_09-12-2025-20.22,IRYO,2025,12,1,20.37,172.0,26.5,14
00020_09-12-2025-20.27,AVE,2025,12,1,20.45,201.0,43.99,7
00005_09-12-2025-21.02,OUIGO,2025,12,1,21.03,172.0,46.71,0
00007_09-12-2025-21.07,AVE,2025,12,1,21.12,172.0,41.46,6
00001_10-12-2025-06.12,AVLO,2025,12,2,6.2,157.0,37.2,1165
00002_10-12-2025-06.22,IRYO,2025,12,2,6.37,157.0,30.11,1662
00003_10-12-2025-06.27,AVE,2025,12,2,6.45,178.0,44.72,1288
00004_10-12-2025-06.57,AVE,2025,12,2,6.95,157.0,108.89,1
00005_10-12-2025-07.02,OUIGO,2025,12,2,7.03,172.0,54.15,4
00002_10-12-2025-07.22,IRYO,2025,12,2,7.37,157.0,38.04,317
00006_10-12-2025-07.27,AVE,2025,12,2,7.45,199.0,40.75,400
00004_10-12-2025-07.57,AVE,2025,12,2,7.95,157.0,51.42,276
00007_10-12-2025-08.27,AVE,2025,12,2,8.45,172.0,84.22,3
00002_10-12-2025-08.32,IRYO,2025,12,2,8.53,157.0,48.11,45
00008_10-12-2025-08.57,AVE,2025,12,2,8.95,164.0,43.78,410
00009_10-12-2025-09.22,IRYO,2025,12,2,9.37,172.0,53.15,26
00010_10-12-2025-09.27,AVE,2025,12,2,9.45,194.0,63.84,43
00009_10-12-2025-09.57,IRYO,2025,12,2,9.95,172.0,37.2,215
00011_10-12-2025-10.02,OUIGO,2025,12,2,10.03,182.0,43.65,35
00012_10-12-2025-10.27,AVLO,2025,12,2,10.45,172.0,51.31,36
00009_10-12-2025-11.22,IRYO,2025,12,2,11.37,172.0,19.64,2794
00006_10-12-2025-11.27,AVE,2025,12,2,11.45,199.0,41.97,268
00009_10-12-2025-12.22,IRYO,2025,12,2,12.37,172.0,35.91,113
00013_10-12-2025-12.27,AVE,2025,12,2,12.45,197.0,32.56,470
00004_10-12-2025-12.57,AVE,2025,12,2,12.95,157.0,36.15,665
00014_10-12-2025-13.18,AVE,2025,12,2,13.3,184.0,48.24,32
00009_10-12-2025-14.02,IRYO,2025,12,2,14.03,172.0,24.35,1229
00015_10-12-2025-14.12,OUIGO,2025,12,2,14.2,157.0,26.78,370
00016_10-12-2025-14.27,AVE,2025,12,2,14.45,177.0,51.63,112
00017_10-12-2025-14.42,IRYO,2025,12,2,14.7,179.0,36.26,109
00004_10-12-2025-14.57,AVE,2025,12,2,14.95,157.0,34.32,1203
00018_10-12-2025-15.27,AVLO,2025,12,2,15.45,199.0,39.11,76
00004_10-12-2025-15.57,AVE,2025,12,2,15.95,157.0,49.72,708
00007_10-12-2025-16.27,AVE,2025,12,2,16.45,172.0,47.9,802
00002_10-12-2025-16.37,IRYO,2025,12,2,16.62,157.0,45.72,261
00004_10-12-2025-16.57,AVE,2025,12,2,16.95,157.0,107.74,1
00015_10-12-2025-17.17,OUIGO,2025,12,2,17.28,157.0,40.76,164
00009_10-12-2025-17.22,IRYO,2025,12,2,17.37,172.0,38.8,283
00006_10-12-2025-17.27,AVE,2025,12,2,17.45,199.0,37.71,711
00004_10-12-2025-17.57,AVE,2025,12,2,17.95,157.0,48.84,549
00016_10-12-2025-18.27,AVE,2025,12,2,18.45,177.0,69.15,22
00002_10-12-2025-18.32,IRYO,2025,12,2,18.53,157.0,47.83,63
00004_10-12-2025-18.57,AVE,2025,12,2,18.95,157.0,92.26,1
00009_10-12-2025-19.29,IRYO,2025,12,2,19.48,172.0,33.2,51
00019_10-12-2025-19.34,AVLO,2025,12,2,19.57,201.0,30.49,23
00004_10-12-2025-20.05,AVE,2025,12,2,20.08,157.0,41.48,89
00009_10-12-2025-20.22,IRYO,2025,12,2,20.37,172.0,45.75,4
00020_10-12-2025-20.27,AVE,2025,12,2,20.45,201.0,42.38,9
00005_10-12-2025-21.02,OUIGO,2025,12,2,21.03,172.0,27.43,81
00007_10-12-2025-21.07,AVE,2025,12,2,21.12,172.0,67.54,0
00001_11-12-2025-06.12,AVLO,2025,12,3,6.2,157.0,37.21,565
00002_11-12-2025-06.22,IRYO,2025,12,3,6.37,157.0,27.91,1047
00003_11-12-2025-06.27,AVE,2025,12,3,6.45,178.0,43.83,687
00004_11-12-2025-06.57,AVE,2025,12,3,6.95,157.0,52.27,338
00005_11-12-2025-07.02,OUIGO,2025,12,3,7.03,172.0,38.23,26
00002_11-12-2025-07.22,IRYO,2025,12,3,7.37,157.0,10.96,4236
00006_11-12-2025-07.27,AVE,2025,12,3,7.45,199.0,21.75,1123
00004_11-12-2025-07.57,AVE,2025,12,3,7.95,157.0,46.92,164
00007_11-12-2025-08.27,AVE,2025,12,3,8.45,172.0,60.34,26
00002_11-12-2025-08.32,IRYO,2025,12,3,8.53,157.0,45.69,20
00008_11-12-2025-08.57,AVE,2025,12,3,8.95,164.0,49.26,119
00009_11-12-2025-09.22,IRYO,2025,12,3,9.37,172.0,52.46,8
00010_11-12-2025-09.27,AVE,2025,12,3,9.45,194.0,30.98,817
00009_11-12-2025-09.57,IRYO,2025,12,3,9.95,172.0,35.51,148
00011_11-12-2025-10.02,OUIGO,2025,12,3,10.03,182.0,56.78,4
00012_11-12-2025-10.27,AVLO,2025,12,3,10.45,172.0,50.49,51
00009_11-12-2025-11.22,IRYO,2025,12,3,11.37,172.0,58.81,25
00006_11-12-2025-11.27,AVE,2025,12,3,11.45,199.0,49.75,360
00009_11-12-2025-12.22,IRYO,2025,12,3,12.37,172.0,55.13,49
00013_11-12-2025-12.27,AVE,2025,12,3,12.45,197.0,52.61,341
00004_11-12-2025-12.57,AVE,2025,12,3,12.95,157.0,55.85,377
00014_11-12-2025-13.18,AVE,2025,12,3,13.3,184.0,55.14,153
00004_11-12-2025-13.57,AVE,2025,12,3,13.95,157.0,,0
00009_11-12-2025-14.02,IRYO,2025,12,3,14.03,172.0,,0
00015_11-12-2025-14.12,OUIGO,2025,12,3,14.2,157.0,,0
00016_11-12-2025-14.27,AVE,2025,12,3,14.45,177.0,68.21,279
00017_11-12-2025-14.42,IRYO,2025,12,3,14.7,179.0,45.22,427
00004_11-12-2025-14.57,AVE,2025,12,3,14.95,157.0,71.72,405
00018_11-12-2025-15.27,AVLO,2025,12,3,15.45,199.0,37.68,784
00004_11-12-2025-15.57,AVE,2025,12,3,15.95,157.0,95.75,89
00007_11-12-2025-16.27,AVE,2025,12,3,16.45,172.0,89.8,148
00002_11-12-2025-16.37,IRYO,2025,12,3,16.62,157.0,59.32,553
00004_11-12-2025-16.57,AVE,2025,12,3,16.95,157.0,141.25,0
00015_11-12-2025-17.17,OUIGO,2025,12,3,17.28,157.0,54.95,297
00009_11-12-2025-17.22,IRYO,2025,12,3,17.37,172.0,75.4,65
00006_11-12-2025-17.27,AVE,2025,12,3,17.45,199.0,99.99,13
00004_11-12-2025-17.57,AVE,2025,12,3,17.95,157.0,73.71,398
00016_11-12-2025-18.27,AVE,2025,12,3,18.45,177.0,90.41,14
00002_11-12-2025-18.32,IRYO,2025,12,3,18.53,157.0,51.2,277
00004_11-12-2025-18.57,AVE,2025,12,3,18.95,157.0,66.38,229
00009_11-12-2025-19.29,IRYO,2025,12,3,19.48,172.0,35.05,190
00019_11-12-2025-19.34,AVLO,2025,12,3,19.57,201.0,33.26,67
00004_11-12-2025-20.05,AVE,2025,12,3,20.08,157.0,54.62,132
00009_11-12-2025-20.22,IRYO,2025,12,3,20.37,172.0,27.46,164
00020_11-12-2025-20.27,AVE,2025,12,3,20.45,201.0,36.81,110
00005_11-12-2025-21.02,OUIGO,2025,12,3,21.03,172.0,37.58,3
00007_11-12-2025-21.07,AVE,2025,12,3,21.12,172.0,54.61,14
00002_12-12-2025-06.22,IRYO,2025,12,4,6.37,157.0,43.52,166
00021_12-12-2025-06.27,AVLO,2025,12,4,6.45,178.0,31.01,410
00004_12-12-2025-06.57,AVE,2025,12,4,6.95,157.0,45.42,365
00005_12-12-2025-07.02,OUIGO,2025,12,4,7.03,172.0,44.57,19
00002_12-12-2025-07.22,IRYO,2025,12,4,7.37,157.0,49.67,41
00006_12-12-2025-07.27,AVE,2025,12,4,7.45,199.0,81.24,2
00004_12-12-2025-07.57,AVE,2025,12,4,7.95,157.0,50.5,163
00002_12-12-2025-08.32,IRYO,2025,12,4,8.53,157.0,23.39,3421
00008_12-12-2025-08.57,AVE,2025,12,4,8.95,164.0,120.22,0
00009_12-12-2025-09.22,IRYO,2025,12,4,9.37,172.0,47.81,111
00010_12-12-2025-09.27,AVE,2025,12,4,9.45,194.0,77.89,13
00009_12-12-2025-09.57,IRYO,2025,12,4,9.95,172.0,67.87,15
00011_12-12-2025-10.02,OUIGO,2025,12,4,10.03,182.0,50.65,45
00012_12-12-2025-10.27,AVLO,2025,12,4,10.45,172.0,72.09,16
00009_12-12-2025-11.22,IRYO,2025,12,4,11.37,172.0,52.55,126
00006_12-12-2025-11.27,AVE,2025,12,4,11.45,199.0,97.39,3
00009_12-12-2025-12.22,IRYO,2025,12,4,12.37,172.0,44.2,227
00013_12-12-2025-12.27,AVE,2025,12,4,12.45,197.0,54.16,272
00004_12-12-2025-12.57,AVE,2025,12,4,12.95,157.0,79.21,39
00014_12-12-2025-13.18,AVE,2025,12,4,13.3,184.0,55.14,100
00004_12-12-2025-13.57,AVE,2025,12,4,13.95,157.0,79.77,32
00009_12-12-2025-14.02,IRYO,2025,12,4,14.03,172.0,56.5,48
00015_12-12-2025-14.12,OUIGO,2025,12,4,14.2,157.0,49.35,43
00016_12-12-2025-14.27,AVE,2025,12,4,14.45,177.0,77.73,24
00017_12-12-2025-14.42,IRYO,2025,12,4,14.7,179.0,75.69,3
00004_12-12-2025-14.57,AVE,2025,12,4,14.95,157.0,85.94,23
00018_12-12-2025-15.27,AVLO,2025,12,4,15.45,199.0,49.48,44
00004_12-12-2025-15.57,AVE,2025,12,4,15.95,157.0,104.05,4
00007_12-12-2025-16.27,AVE,2025,12,4,16.45,172.0,80.68,39
00002_12-12-2025-16.37,IRYO,2025,12,4,16.62,157.0,52.85,96
00004_12-12-2025-16.57,AVE,2025,12,4,16.95,157.0,101.21,4
00015_12-12-2025-17.17,OUIGO,2025,12,4,17.28,157.0,20.18,4067
00009_12-12-2025-17.22,IRYO,2025,12,4,17.37,172.0,80.02,1
00018_12-12-2025-17.27,AVLO,2025,12,4,17.45,199.0,53.87,17
00004_12-12-2025-17.57,AVE,2025,12,4,17.95,157.0,55.03,175
00016_12-12-2025-18.27,AVE,2025,12,4,18.45,177.0,69.34,13
00002_12-12-2025-18.32,IRYO,2025,12,4,18.53,157.0,28.67,447
00004_12-12-2025-18.57,AVE,2025,12,4,18.95,157.0,75.16,8
00009_12-12-2025-19.29,IRYO,2025,12,4,19.48,172.0,55.71,1
00019_12-12-2025-19.34,AVLO,2025,12,4,19.57,201.0,35.03,8
00004_12-12-2025-20.05,AVE,2025,12,4,20.08,157.0,68.92,1
00009_12-12-2025-20.22,IRYO,2025,12,4,20.37,172.0,26.71,356
00020_12-12-2025-20.27,AVE,2025,12,4,20.45,201.0,38.59,18
00005_12-12-2025-21.02,OUIGO,2025,12,4,21.03,172.0,32.84,6
00007_12-12-2025-21.07,AVE,2025,12,4,21.12,172.0,80.73,0
00021_13-12-2025-06.27,AVLO,2025,12,5,6.45,178.0,28.76,1509
00005_13-12-2025-07.02,OUIGO,2025,12,5,7.03,172.0,30.95,385
00006_13-12-2025-07.27,AVE,2025,12,5,7.45,199.0,54.37,114
00009_13-12-2025-08.07,IRYO,2025,12,5,8.12,172.0,28.52,1354
00007_13-12-2025-08.27,AVE,2025,12,5,8.45,172.0,64.17,66
00008_13-12-2025-08.57,AVE,2025,12,5,8.95,164.0,52.32,230
00009_13-12-2025-09.22,IRYO,2025,12,5,9.37,172.0,34.38,388
00010_13-12-2025-09.27,AVE,2025,12,5,9.45,194.0,59.41,117
00009_13-12-2025-09.57,IRYO,2025,12,5,9.95,172.0,37.56,286
00011_13-12-2025-10.02,OUIGO,2025,12,5,10.03,182.0,36.11,153
00012_13-12-2025-10.27,AVLO,2025,12,5,10.45,172.0,49.01,100
00009_13-12-2025-11.22,IRYO,2025,12,5,11.37,172.0,46.92,136
00006_13-12-2025-11.27,AVE,2025,12,5,11.45,199.0,54.58,214
00009_13-12-2025-12.22,IRYO,2025,12,5,12.37,172.0,33.3,492
00013_13-12-2025-12.27,AVE,2025,12,5,12.45,197.0,42.4,585
00014_13-12-2025-13.18,AVE,2025,12,5,13.3,184.0,82.74,3
00015_13-12-2025-14.12,OUIGO,2025,12,5,14.2,157.0,27.74,731
00017_13-12-2025-14.42,IRYO,2025,12,5,14.7,179.0,30.56,575
00018_13-12-2025-15.27,AVLO,2025,12,5,15.45,199.0,29.69,551
00007_13-12-2025-16.27,AVE,2025,12,5,16.45,172.0,81.59,40
00002_13-12-2025-16.37,IRYO,2025,12,5,16.62,157.0,39.0,525
00015_13-12-2025-17.17,OUIGO,2025,12,5,17.28,157.0,40.9,165
00018_13-12-2025-17.27,AVLO,2025,12,5,17.45,199.0,18.0,10297
00016_13-12-2025-18.27,AVE,2025,12,5,18.45,177.0,84.05,6
00009_13-12-2025-19.29,IRYO,2025,12,5,19.48,172.0,37.15,36
00019_13-12-2025-19.34,AVLO,2025,12,5,19.57,201.0,26.55,410
00009_13-12-2025-20.22,IRYO,2025,12,5,20.37,172.0,29.78,130
00020_13-12-2025-20.27,AVE,2025,12,5,20.45,201.0,28.74,886
00005_13-12-2025-21.02,OUIGO,2025,12,5,21.03,172.0,43.39,0
00021_14-12-2025-06.27,AVLO,2025,12,6,6.45,178.0,48.09,324
00005_14-12-2025-07.02,OUIGO,2025,12,6,7.03,172.0,43.51,364
00006_14-12-2025-07.27,AVE,2025,12,6,7.45,199.0,62.72,77
00009_14-12-2025-08.07,IRYO,2025,12,6,8.12,172.0,45.22,649
00007_14-12-2025-08.27,AVE,2025,12,6,8.45,172.0,67.54,74
00009_14-12-2025-09.22,IRYO,2025,12,6,9.37,172.0,43.0,1332
00010_14-12-2025-09.27,AVE,2025,12,6,9.45,194.0,51.35,653
00009_14-12-2025-09.57,IRYO,2025,12,6,9.95,172.0,54.02,86
00011_14-12-2025-10.02,OUIGO,2025,12,6,10.03,182.0,42.14,836
00012_14-12-2025-10.27,AVLO,2025,12,6,10.45,172.0,53.42,104
00009_14-12-2025-11.22,IRYO,2025,12,6,11.37,172.0,66.55,31
00006_14-12-2025-11.27,AVE,2025,12,6,11.45,199.0,146.31,0
00009_14-12-2025-12.22,IRYO,2025,12,6,12.37,172.0,48.49,334
00013_14-12-2025-12.27,AVE,2025,12,6,12.45,197.0,51.93,491
00014_14-12-2025-13.18,AVE,2025,12,6,13.3,184.0,55.14,150
00009_14-12-2025-14.02,IRYO,2025,12,6,14.03,172.0,87.45,1
00015_14-12-2025-14.12,OUIGO,2025,12,6,14.2,157.0,52.78,44
00016_14-12-2025-14.27,AVE,2025,12,6,14.45,177.0,93.83,11
00017_14-12-2025-14.42,IRYO,2025,12,6,14.7,179.0,74.46,16
00018_14-12-2025-15.27,AVLO,2025,12,6,15.45,199.0,59.67,42
00007_14-12-2025-16.27,AVE,2025,12,6,16.45,172.0,98.65,18
00002_14-12-2025-16.37,IRYO,2025,12,6,16.62,157.0,116.25,0
00004_14-12-2025-16.57,AVE,2025,12,6,16.95,157.0,68.91,281
00015_14-12-2025-17.17,OUIGO,2025,12,6,17.28,157.0,59.23,44
00009_14-12-2025-17.22,IRYO,2025,12,6,17.37,172.0,87.16,3
00018_14-12-2025-17.27,AVLO,2025,12,6,17.45,199.0,69.32,4
00004_14-12-2025-17.57,AVE,2025,12,6,17.95,157.0,42.63,4138
00016_14-12-2025-18.27,AVE,2025,12,6,18.45,177.0,111.27,0
00002_14-12-2025-18.32,IRYO,2025,12,6,18.53,157.0,113.85,1
00004_14-12-2025-18.57,AVE,2025,12,6,18.95,157.0,101.7,0
00009_14-12-2025-19.29,IRYO,2025,12,6,19.48,172.0,102.93,0
00019_14-12-2025-19.34,AVLO,2025,12,6,19.57,201.0,72.62,1
00004_14-12-2025-20.05,AVE,2025,12,6,20.08,157.0,56.81,28
00009_14-12-2025-20.22,IRYO,2025,12,6,20.37,172.0,80.41,0
00020_14-12-2025-20.27,AVE,2025,12,6,20.45,201.0,79.32,0
00005_14-12-2025-21.02,OUIGO,2025,12,6,21.03,172.0,80.79,0
00007_14-12-2025-21.07,AVE,2025,12,6,21.12,172.0,125.48,0
00001_15-12-2025-06.12,AVLO,2025,12,0,6.2,157.0,29.36,1950
00002_15-12-2025-06.22,IRYO,2025,12,0,6.37,157.0,48.18,327
00003_15-12-2025-06.27,AVE,2025,12,0,6.45,178.0,48.81,897
00004_15-12-2025-06.57,AVE,2025,12,0,6.95,157.0,63.81,277
00005_15-12-2025-07.02,OUIGO,2025,12,0,7.03,172.0,40.32,95
00002_15-12-2025-07.22,IRYO,2025,12,0,7.37,157.0,31.06,551
00006_15-12-2025-07.27,AVE,2025,12,0,7.45,199.0,65.63,19
00004_15-12-2025-07.57,AVE,2025,12,0,7.95,157.0,52.01,275
00007_15-12-2025-08.27,AVE,2025,12,0,8.45,172.0,63.81,37
00002_15-12-2025-08.32,IRYO,2025,12,0,8.53,157.0,33.79,196
00008_15-12-2025-08.57,AVE,2025,12,0,8.95,164.0,51.47,182
00009_15-12-2025-09.22,IRYO,2025,12,0,9.37,172.0,51.33,43
00010_15-12-2025-09.27,AVE,2025,12,0,9.45,194.0,68.37,33
00009_15-12-2025-09.57,IRYO,2025,12,0,9.95,172.0,24.24,886
00011_15-12-2025-10.02,OUIGO,2025,12,0,10.03,182.0,39.99,59
00012_15-12-2025-10.27,AVLO,2025,12,0,10.45,172.0,39.25,194
00009_15-12-2025-11.22,IRYO,2025,12,0,11.37,172.0,63.34,13
00006_15-12-2025-11.27,AVE,2025,12,0,11.45,199.0,46.38,311
00009_15-12-2025-12.22,IRYO,2025,12,0,12.37,172.0,42.75,102
00013_15-12-2025-12.27,AVE,2025,12,0,12.45,197.0,52.54,120
00004_15-12-2025-12.57,AVE,2025,12,0,12.95,157.0,39.92,658
00014_15-12-2025-13.18,AVE,2025,12,0,13.3,184.0,68.94,7
00009_15-12-2025-14.02,IRYO,2025,12,0,14.03,172.0,42.75,47
00015_15-12-2025-14.12,OUIGO,2025,12,0,14.2,157.0,31.19,116
00016_15-12-2025-14.27,AVE,2025,12,0,14.45,177.0,39.16,414
00017_15-12-2025-14.42,IRYO,2025,12,0,14.7,179.0,61.93,1
00004_15-12-2025-14.57,AVE,2025,12,0,14.95,157.0,43.05,522
00018_15-12-2025-15.27,AVLO,2025,12,0,15.45,199.0,37.9,45
00004_15-12-2025-15.57,AVE,2025,12,0,15.95,157.0,44.31,672
00007_15-12-2025-16.27,AVE,2025,12,0,16.45,172.0,61.78,108
00002_15-12-2025-16.37,IRYO,2025,12,0,16.62,157.0,26.34,1068
00004_15-12-2025-16.57,AVE,2025,12,0,16.95,157.0,42.54,1028
00015_15-12-2025-17.17,OUIGO,2025,12,0,17.28,157.0,23.9,1268
00009_15-12-2025-17.22,IRYO,2025,12,0,17.37,172.0,41.48,102
00006_15-12-2025-17.27,AVE,2025,12,0,17.45,199.0,74.06,6
00004_15-12-2025-17.57,AVE,2025,12,0,17.95,157.0,40.59,565
00016_15-12-2025-18.27,AVE,2025,12,0,18.45,177.0,55.15,49
00002_15-12-2025-18.32,IRYO,2025,12,0,18.53,157.0,56.78,6
00004_15-12-2025-18.57,AVE,2025,12,0,18.95,157.0,37.01,256
00009_15-12-2025-19.29,IRYO,2025,12,0,19.48,172.0,59.52,1
00019_15-12-2025-19.34,AVLO,2025,12,0,19.57,201.0,25.56,111
00004_15-12-2025-20.05,AVE,2025,12,0,20.08,157.0,23.27,1277
00009_15-12-2025-20.22,IRYO,2025,12,0,20.37,172.0,33.94,1
00020_15-12-2025-20.27,AVE,2025,12,0,20.45,201.0,23.93,399
00005_15-12-2025-21.02,OUIGO,2025,12,0,21.03,172.0,26.23,68
00007_15-12-2025-21.07,AVE,2025,12,0,21.12,172.0,34.42,14
00001_16-12-2025-06.12,AVLO,2025,12,1,6.2,157.0,33.99,1277
00002_16-12-2025-06.22,IRYO,2025,12,1,6.37,157.0,40.14,677
00003_16-12-2025-06.27,AVE,2025,12,1,6.45,178.0,41.55,1448
00004_16-12-2025-06.57,AVE,2025,12,1,6.95,157.0,113.19,0
00005_16-12-2025-07.02,OUIGO,2025,12,1,7.03,172.0,48.51,21
00002_16-12-2025-07.22,IRYO,2025,12,1,7.37,157.0,35.2,289
00006_16-12-2025-07.27,AVE,2025,12,1,7.45,199.0,33.91,509
00004_16-12-2025-07.57,AVE,2025,12,1,7.95,157.0,44.25,419
00007_16-12-2025-08.27,AVE,2025,12,1,8.45,172.0,59.43,32
00002_16-12-2025-08.32,IRYO,2025,12,1,8.53,157.0,46.87,25
00008_16-12-2025-08.57,AVE,2025,12,1,8.95,164.0,33.15,647
00009_16-12-2025-09.22,IRYO,2025,12,1,9.37,172.0,47.09,36
00010_16-12-2025-09.27,AVE,2025,12,1,9.45,194.0,70.21,10
00009_16-12-2025-09.57,IRYO,2025,12,1,9.95,172.0,37.98,118
00011_16-12-2025-10.02,OUIGO,2025,12,1,10.03,182.0,24.93,154
00012_16-12-2025-10.27,AVLO,2025,12,1,10.45,172.0,34.83,141
00009_16-12-2025-11.22,IRYO,2025,12,1,11.37,172.0,33.09,182
00006_16-12-2025-11.27,AVE,2025,12,1,11.45,199.0,31.02,596
00009_16-12-2025-12.22,IRYO,2025,12,1,12.37,172.0,29.82,178
00013_16-12-2025-12.27,AVE,2025,12,1,12.45,197.0,43.62,173
00004_16-12-2025-12.57,AVE,2025,12,1,12.95,157.0,46.97,183
00014_16-12-2025-13.18,AVE,2025,12,1,13.3,184.0,48.24,34
00009_16-12-2025-14.02,IRYO,2025,12,1,14.03,172.0,10.0,4065
00015_16-12-2025-14.12,OUIGO,2025,12,1,14.2,157.0,33.6,45
00016_16-12-2025-14.27,AVE,2025,12,1,14.45,177.0,58.44,42
00017_16-12-2025-14.42,IRYO,2025,12,1,14.7,179.0,26.81,192
00004_16-12-2025-14.57,AVE,2025,12,1,14.95,157.0,47.84,275
00018_16-12-2025-15.27,AVLO,2025,12,1,15.45,199.0,28.45,143
00004_16-12-2025-15.57,AVE,2025,12,1,15.95,157.0,40.94,836
00007_16-12-2025-16.27,AVE,2025,12,1,16.45,172.0,39.58,886
00002_16-12-2025-16.37,IRYO,2025,12,1,16.62,157.0,26.75,721
00004_16-12-2025-16.57,AVE,2025,12,1,16.95,157.0,60.41,274
00015_16-12-2025-17.17,OUIGO,2025,12,1,17.28,157.0,50.43,32
00009_16-12-2025-17.22,IRYO,2025,12,1,17.37,172.0,30.37,355
00006_16-12-2025-17.27,AVE,2025,12,1,17.45,199.0,56.76,90
00004_16-12-2025-17.57,AVE,2025,12,1,17.95,157.0,69.36,39
00016_16-12-2025-18.27,AVE,2025,12,1,18.45,177.0,61.72,38
00002_16-12-2025-18.32,IRYO,2025,12,1,18.53,157.0,20.59,431
00004_16-12-2025-18.57,AVE,2025,12,1,18.95,157.0,42.12,217
00009_16-12-2025-19.29,IRYO,2025,12,1,19.48,172.0,44.98,7
00019_16-12-2025-19.34,AVLO,2025,12,1,19.57,201.0,27.69,17
00004_16-12-2025-20.05,AVE,2025,12,1,20.08,157.0,40.78,46
00009_16-12-2025-20.22,IRYO,2025,12,1,20.37,172.0,22.06,30
00020_16-12-2025-20.27,AVE,2025,12,1,20.45,201.0,28.21,37
00005_16-12-2025-21.02,OUIGO,2025,12,1,21.03,172.0,37.55,0
00007_16-12-2025-21.07,AVE,2025,12,1,21.12,172.0,49.07,1
00001_17-12-2025-06.12,AVLO,2025,12,2,6.2,157.0,34.57,1384
00002_17-12-2025-06.22,IRYO,2025,12,2,6.37,157.0,39.56,806
00003_17-12-2025-06.27,AVE,2025,12,2,6.45,178.0,46.97,1119
00004_17-12-2025-06.57,AVE,2025,12,2,6.95,157.0,83.31,26
00005_17-12-2025-07.02,OUIGO,2025,12,2,7.03,172.0,35.42,121
00002_17-12-2025-07.22,IRYO,2025,12,2,7.37,157.0,24.86,1268
00006_17-12-2025-07.27,AVE,2025,12,2,7.45,199.0,31.43,1148
00004_17-12-2025-07.57,AVE,2025,12,2,7.95,157.0,63.77,68
00007_17-12-2025-08.27,AVE,2025,12,2,8.45,172.0,90.06,0
00002_17-12-2025-08.32,IRYO,2025,12,2,8.53,157.0,48.82,42
00008_17-12-2025-08.57,AVE,2025,12,2,8.95,164.0,39.98,735
00009_17-12-2025-09.22,IRYO,2025,12,2,9.37,172.0,48.4,72
00010_17-12-2025-09.27,AVE,2025,12,2,9.45,194.0,77.12,13
00009_17-12-2025-09.57,IRYO,2025,12,2,9.95,172.0,44.67,155
00011_17-12-2025-10.02,OUIGO,2025,12,2,10.03,182.0,40.83,121
00012_17-12-2025-10.27,AVLO,2025,12,2,10.45,172.0,46.34,177
00009_17-12-2025-11.22,IRYO,2025,12,2,11.37,172.0,45.9,236
00006_17-12-2025-11.27,AVE,2025,12,2,11.45,199.0,55.23,319
00009_17-12-2025-12.22,IRYO,2025,12,2,12.37,172.0,53.76,62
00013_17-12-2025-12.27,AVE,2025,12,2,12.45,197.0,56.35,190
00004_17-12-2025-12.57,AVE,2025,12,2,12.95,157.0,67.05,111
00014_17-12-2025-13.18,AVE,2025,12,2,13.3,184.0,48.24,132
00009_17-12-2025-14.02,IRYO,2025,12,2,14.03,172.0,36.39,178
00015_17-12-2025-14.12,OUIGO,2025,12,2,14.2,157.0,20.99,3619
00016_17-12-2025-14.27,AVE,2025,12,2,14.45,177.0,40.45,613
00017_17-12-2025-14.42,IRYO,2025,12,2,14.7,179.0,49.92,40
00004_17-12-2025-14.57,AVE,2025,12,2,14.95,157.0,42.83,893
00018_17-12-2025-15.27,AVLO,2025,12,2,15.45,199.0,33.58,227
00004_17-12-2025-15.57,AVE,2025,12,2,15.95,157.0,52.97,702
00007_17-12-2025-16.27,AVE,2025,12,2,16.45,172.0,48.9,1002
00002_17-12-2025-16.37,IRYO,2025,12,2,16.62,157.0,31.16,1225
00004_17-12-2025-16.57,AVE,2025,12,2,16.95,157.0,121.06,0
00015_17-12-2025-17.17,OUIGO,2025,12,2,17.28,157.0,61.74,26
00009_17-12-2025-17.22,IRYO,2025,12,2,17.37,172.0,49.03,205
00006_17-12-2025-17.27,AVE,2025,12,2,17.45,199.0,65.03,150
00004_17-12-2025-17.57,AVE,2025,12,2,17.95,157.0,70.45,185
00016_17-12-2025-18.27,AVE,2025,12,2,18.45,177.0,79.67,21
00002_17-12-2025-18.32,IRYO,2025,12,2,18.53,157.0,47.3,165
00004_17-12-2025-18.57,AVE,2025,12,2,18.95,157.0,131.68,0
00009_17-12-2025-19.29,IRYO,2025,12,2,19.48,172.0,36.4,62
00019_17-12-2025-19.34,AVLO,2025,12,2,19.57,201.0,30.63,56
00004_17-12-2025-20.05,AVE,2025,12,2,20.08,157.0,66.65,25
00009_17-12-2025-20.22,IRYO,2025,12,2,20.37,172.0,53.88,2
00020_17-12-2025-20.27,AVE,2025,12,2,20.45,201.0,41.94,38
00005_17-12-2025-21.02,OUIGO,2025,12,2,21.03,172.0,26.89,84
00007_17-12-2025-21.07,AVE,2025,12,2,21.12,172.0,34.68,58
00001_18-12-2025-06.12,AVLO,2025,12,3,6.2,157.0,31.69,1179
00002_18-12-2025-06.22,IRYO,2025,12,3,6.37,157.0,37.32,647
00003_18-12-2025-06.27,AVE,2025,12,3,6.45,178.0,36.86,1563
00004_18-12-2025-06.57,AVE,2025,12,3,6.95,157.0,69.68,80
00005_18-12-2025-07.02,OUIGO,2025,12,3,7.03,172.0,52.52,11
00002_18-12-2025-07.22,IRYO,2025,12,3,7.37,157.0,36.51,216
00006_18-12-2025-07.27,AVE,2025,12,3,7.45,199.0,38.37,448
00004_18-12-2025-07.57,AVE,2025,12,3,7.95,157.0,40.2,652
00007_18-12-2025-08.27,AVE,2025,12,3,8.45,172.0,54.35,125
00002_18-12-2025-08.32,IRYO,2025,12,3,8.53,157.0,46.29,47
00008_18-12-2025-08.57,AVE,2025,12,3,8.95,164.0,70.75,27
00009_18-12-2025-09.22,IRYO,2025,12,3,9.37,172.0,72.41,6
00010_18-12-2025-09.27,AVE,2025,12,3,9.45,194.0,66.59,89
00009_18-12-2025-09.57,IRYO,2025,12,3,9.95,172.0,44.79,194
00011_18-12-2025-10.02,OUIGO,2025,12,3,10.03,182.0,59.3,12
00012_18-12-2025-10.27,AVLO,2025,12,3,10.45,172.0,51.67,102
00009_18-12-2025-11.22,IRYO,2025,12,3,11.37,172.0,49.97,152
00006_18-12-2025-11.27,AVE,2025,12,3,11.45,199.0,57.48,163
00009_18-12-2025-12.22,IRYO,2025,12,3,12.37,172.0,41.79,213
00013_18-12-2025-12.27,AVE,2025,12,3,12.45,197.0,41.52,693
00004_18-12-2025-12.57,AVE,2025,12,3,12.95,157.0,50.67,503
00014_18-12-2025-13.18,AVE,2025,12,3,13.3,184.0,55.14,129
00004_18-12-2025-13.57,AVE,2025,12,3,13.95,157.0,,0
00009_18-12-2025-14.02,IRYO,2025,12,3,14.03,172.0,,0
00015_18-12-2025-14.12,OUIGO,2025,12,3,14.2,157.0,,0
00016_18-12-2025-14.27,AVE,2025,12,3,14.45,177.0,75.39,90
00017_18-12-2025-14.42,IRYO,2025,12,3,14.7,179.0,44.45,347
00004_18-12-2025-14.57,AVE,2025,12,3,14.95,157.0,96.39,24
00018_18-12-2025-15.27,AVLO,2025,12,3,15.45,199.0,39.25,445
00004_18-12-2025-15.57,AVE,2025,12,3,15.95,157.0,94.67,63
00007_18-12-2025-16.27,AVE,2025,12,3,16.45,172.0,85.42,117
00002_18-12-2025-16.37,IRYO,2025,12,3,16.62,157.0,58.54,338
00004_18-12-2025-16.57,AVE,2025,12,3,16.95,157.0,126.39,2
00015_18-12-2025-17.17,OUIGO,2025,12,3,17.28,157.0,50.14,228
00009_18-12-2025-17.22,IRYO,2025,12,3,17.37,172.0,47.6,442
00006_18-12-2025-17.27,AVE,2025,12,3,17.45,199.0,99.68,5
00004_18-12-2025-17.57,AVE,2025,12,3,17.95,157.0,50.91,1195
00016_18-12-2025-18.27,AVE,2025,12,3,18.45,177.0,63.13,156
00002_18-12-2025-18.32,IRYO,2025,12,3,18.53,157.0,44.85,225
00004_18-12-2025-18.57,AVE,2025,12,3,18.95,157.0,78.53,26
00009_18-12-2025-19.29,IRYO,2025,12,3,19.48,172.0,25.15,1769
00019_18-12-2025-19.34,AVLO,2025,12,3,19.57,201.0,25.28,1103
00004_18-12-2025-20.05,AVE,2025,12,3,20.08,157.0,42.4,226
00009_18-12-2025-20.22,IRYO,2025,12,3,20.37,172.0,41.85,6
00020_18-12-2025-20.27,AVE,2025,12,3,20.45,201.0,42.75,19
00005_18-12-2025-21.02,OUIGO,2025,12,3,21.03,172.0,28.97,124
00007_18-12-2025-21.07,AVE,2025,12,3,21.12,172.0,55.92,5
00002_19-12-2025-06.22,IRYO,2025,12,4,6.37,157.0,32.29,473
00021_19-12-2025-06.27,AVLO,2025,12,4,6.45,178.0,19.44,5193
00004_19-12-2025-06.57,AVE,2025,12,4,6.95,157.0,48.07,284
00005_19-12-2025-07.02,OUIGO,2025,12,4,7.03,172.0,25.37,621
00002_19-12-2025-07.22,IRYO,2025,12,4,7.37,157.0,30.99,370
00006_19-12-2025-07.27,AVE,2025,12,4,7.45,199.0,58.41,27
00004_19-12-2025-07.57,AVE,2025,12,4,7.95,157.0,39.79,426
00002_19-12-2025-08.32,IRYO,2025,12,4,8.53,157.0,36.47,131
00008_19-12-2025-08.57,AVE,2025,12,4,8.95,164.0,98.95,0
00009_19-12-2025-09.22,IRYO,2025,12,4,9.37,172.0,36.47,297
00010_19-12-2025-09.27,AVE,2025,12,4,9.45,194.0,58.73,150
00009_19-12-2025-09.57,IRYO,2025,12,4,9.95,172.0,43.54,188
00011_19-12-2025-10.02,OUIGO,2025,12,4,10.03,182.0,47.34,52
00012_19-12-2025-10.27,AVLO,2025,12,4,10.45,172.0,57.52,63
00009_19-12-2025-11.22,IRYO,2025,12,4,11.37,172.0,69.38,16
00006_19-12-2025-11.27,AVE,2025,12,4,11.45,199.0,122.65,0
00009_19-12-2025-12.22,IRYO,2025,12,4,12.37,172.0,33.68,621
00013_19-12-2025-12.27,AVE,2025,12,4,12.45,197.0,48.82,414
00004_19-12-2025-12.57,AVE,2025,12,4,12.95,157.0,74.64,78
00014_19-12-2025-13.18,AVE,2025,12,4,13.3,184.0,55.14,125
00004_19-12-2025-13.57,AVE,2025,12,4,13.95,157.0,89.78,14
00009_19-12-2025-14.02,IRYO,2025,12,4,14.03,172.0,73.6,7
00015_19-12-2025-14.12,OUIGO,2025,12,4,14.2,157.0,64.19,18
00016_19-12-2025-14.27,AVE,2025,12,4,14.45,177.0,105.22,1
00017_19-12-2025-14.42,IRYO,2025,12,4,14.7,179.0,89.29,5
00004_19-12-2025-14.57,AVE,2025,12,4,14.95,157.0,87.81,54
00018_19-12-2025-15.27,AVLO,2025,12,4,15.45,199.0,57.96,55
00004_19-12-2025-15.57,AVE,2025,12,4,15.95,157.0,99.07,19
00007_19-12-2025-16.27,AVE,2025,12,4,16.45,172.0,97.89,11
00002_19-12-2025-16.37,IRYO,2025,12,4,16.62,157.0,43.22,590
00004_19-12-2025-16.57,AVE,2025,12,4,16.95,157.0,86.41,99
00015_19-12-2025-17.17,OUIGO,2025,12,4,17.28,157.0,59.78,34
00009_19-12-2025-17.22,IRYO,2025,12,4,17.37,172.0,76.35,18
00018_19-12-2025-17.27,AVLO,2025,12,4,17.45,199.0,52.24,54
00004_19-12-2025-17.57,AVE,2025,12,4,17.95,157.0,56.53,431
00016_19-12-2025-18.27,AVE,2025,12,4,18.45,177.0,94.45,1
00002_19-12-2025-18.32,IRYO,2025,12,4,18.53,157.0,47.37,96
00004_19-12-2025-18.57,AVE,2025,12,4,18.95,157.0,70.65,39
00009_19-12-2025-19.29,IRYO,2025,12,4,19.48,172.0,57.2,5
00019_19-12-2025-19.34,AVLO,2025,12,4,19.57,201.0,42.02,9
00004_19-12-2025-20.05,AVE,2025,12,4,20.08,157.0,57.89,35
00009_19-12-2025-20.22,IRYO,2025,12,4,20.37,172.0,35.12,16
00020_19-12-2025-20.27,AVE,2025,12,4,20.45,201.0,45.12,14
00005_19-12-2025-21.02,OUIGO,2025,12,4,21.03,172.0,17.31,4577
00007_19-12-2025-21.07,AVE,2025,12,4,21.12,172.0,92.5,0
00021_20-12-2025-06.27,AVLO,2025,12,5,6.45,178.0,30.27,811
00005_20-12-2025-07.02,OUIGO,2025,12,5,7.03,172.0,47.29,48
00006_20-12-2025-07.27,AVE,2025,12,5,7.45,199.0,48.53,226
00009_20-12-2025-08.07,IRYO,2025,12,5,8.12,172.0,43.44,59
00007_20-12-2025-08.27,AVE,2025,12,5,8.45,172.0,55.0,77
00008_20-12-2025-08.57,AVE,2025,12,5,8.95,164.0,48.86,169
00009_20-12-2025-09.22,IRYO,2025,12,5,9.37,172.0,20.75,678
00010_20-12-2025-09.27,AVE,2025,12,5,9.45,194.0,39.77,218
00009_20-12-2025-09.57,IRYO,2025,12,5,9.95,172.0,23.51,400
00011_20-12-2025-10.02,OUIGO,2025,12,5,10.03,182.0,29.03,62
00012_20-12-2025-10.27,AVLO,2025,12,5,10.45,172.0,47.5,17
00009_20-12-2025-11.22,IRYO,2025,12,5,11.37,172.0,22.31,528
00006_20-12-2025-11.27,AVE,2025,12,5,11.45,199.0,43.96,161
00009_20-12-2025-12.22,IRYO,2025,12,5,12.37,172.0,10.0,7002
00013_20-12-2025-12.27,AVE,2025,12,5,12.45,197.0,50.88,66
00014_20-12-2025-13.18,AVE,2025,12,5,13.3,184.0,82.74,0
00015_20-12-2025-14.12,OUIGO,2025,12,5,14.2,157.0,20.21,272
00017_20-12-2025-14.42,IRYO,2025,12,5,14.7,179.0,28.01,187
00018_20-12-2025-15.27,AVLO,2025,12,5,15.45,199.0,28.69,124
00007_20-12-2025-16.27,AVE,2025,12,5,16.45,172.0,91.41,4
00002_20-12-2025-16.37,IRYO,2025,12,5,16.62,157.0,10.0,7167
00015_20-12-2025-17.17,OUIGO,2025,12,5,17.28,157.0,27.01,191
00018_20-12-2025-17.27,AVLO,2025,12,5,17.45,199.0,26.31,168
00016_20-12-2025-18.27,AVE,2025,12,5,18.45,177.0,101.35,1
00009_20-12-2025-19.29,IRYO,2025,12,5,19.48,172.0,42.24,19
00019_20-12-2025-19.34,AVLO,2025,12,5,19.57,201.0,30.7,12
00009_20-12-2025-20.22,IRYO,2025,12,5,20.37,172.0,41.29,5
00020_20-12-2025-20.27,AVE,2025,12,5,20.45,201.0,23.7,118
00005_20-12-2025-21.02,OUIGO,2025,12,5,21.03,172.0,46.82,0
00021_21-12-2025-06.27,AVLO,2025,12,6,6.45,178.0,54.89,301
00005_21-12-2025-07.02,OUIGO,2025,12,6,7.03,172.0,36.11,5711
00006_21-12-2025-07.27,AVE,2025,12,6,7.45,199.0,60.65,313
00009_21-12-2025-08.07,IRYO,2025,12,6,8.12,172.0,63.52,41
00007_21-12-2025-08.27,AVE,2025,12,6,8.45,172.0,75.14,74
00009_21-12-2025-09.22,IRYO,2025,12,6,9.37,172.0,57.15,131
00010_21-12-2025-09.27,AVE,2025,12,6,9.45,194.0,68.16,202
00009_21-12-2025-09.57,IRYO,2025,12,6,9.95,172.0,68.43,34
00011_21-12-2025-10.02,OUIGO,2025,12,6,10.03,182.0,48.51,250
00012_21-12-2025-10.27,AVLO,2025,12,6,10.45,172.0,38.41,9506
00009_21-12-2025-11.22,IRYO,2025,12,6,11.37,172.0,49.2,693
00006_21-12-2025-11.27,AVE,2025,12,6,11.45,199.0,127.17,0
00009_21-12-2025-12.22,IRYO,2025,12,6,12.37,172.0,74.27,41
00013_21-12-2025-12.27,AVE,2025,12,6,12.45,197.0,62.79,478
00014_21-12-2025-13.18,AVE,2025,12,6,13.3,184.0,55.14,523
00009_21-12-2025-14.02,IRYO,2025,12,6,14.03,172.0,100.03,2
00015_21-12-2025-14.12,OUIGO,2025,12,6,14.2,157.0,65.01,90
00016_21-12-2025-14.27,AVE,2025,12,6,14.45,177.0,91.59,82
00017_21-12-2025-14.42,IRYO,2025,12,6,14.7,179.0,78.81,48
00018_21-12-2025-15.27,AVLO,2025,12,6,15.45,199.0,68.74,77
00007_21-12-2025-16.27,AVE,2025,12,6,16.45,172.0,96.86,112
00002_21-12-2025-16.37,IRYO,2025,12,6,16.62,157.0,105.51,9
00004_21-12-2025-16.57,AVE,2025,12,6,16.95,157.0,93.64,199
00015_21-12-2025-17.17,OUIGO,2025,12,6,17.28,157.0,53.06,411
00009_21-12-2025-17.22,IRYO,2025,12,6,17.37,172.0,81.27,45
00018_21-12-2025-17.27,AVLO,2025,12,6,17.45,199.0,64.96,75
00004_21-12-2025-17.57,AVE,2025,12,6,17.95,157.0,62.47,914
00016_21-12-2025-18.27,AVE,2025,12,6,18.45,177.0,89.23,39
00002_21-12-2025-18.32,IRYO,2025,12,6,18.53,157.0,95.93,2
00004_21-12-2025-18.57,AVE,2025,12,6,18.95,157.0,90.04,33
00009_21-12-2025-19.29,IRYO,2025,12,6,19.48,172.0,88.56,3
00019_21-12-2025-19.34,AVLO,2025,12,6,19.57,201.0,75.37,5
00004_21-12-2025-20.05,AVE,2025,12,6,20.08,157.0,72.26,32
00009_21-12-2025-20.22,IRYO,2025,12,6,20.37,172.0,91.39,1
00020_21-12-2025-20.27,AVE,2025,12,6,20.45,201.0,83.16,0
00005_21-12-2025-21.02,OUIGO,2025,12,6,21.03,172.0,64.07,1
00007_21-12-2025-21.07,AVE,2025,12,6,21.12,172.0,95.84,0
00001_22-12-2025-06.12,AVLO,2025,12,0,6.2,157.0,29.59,1282
00002_22-12-2025-06.22,IRYO,2025,12,0,6.37,157.0,32.88,841
00003_22-12-2025-06.27,AVE,2025,12,0,6.45,178.0,40.79,1036
00004_22-12-2025-06.57,AVE,2025,12,0,6.95,157.0,53.42,401
00005_22-12-2025-07.02,OUIGO,2025,12,0,7.03,172.0,39.99,46
00002_22-12-2025-07.22,IRYO,2025,12,0,7.37,157.0,39.9,137
00006_22-12-2025-07.27,AVE,2025,12,0,7.45,199.0,55.21,74
00004_22-12-2025-07.57,AVE,2025,12,0,7.95,157.0,64.02,43
00007_22-12-2025-08.27,AVE,2025,12,0,8.45,172.0,86.61,3
00002_22-12-2025-08.32,IRYO,2025,12,0,8.53,157.0,44.97,46
00008_22-12-2025-08.57,AVE,2025,12,0,8.95,164.0,42.24,392
00009_22-12-2025-09.22,IRYO,2025,12,0,9.37,172.0,52.48,27
00010_22-12-2025-09.27,AVE,2025,12,0,9.45,194.0,67.51,20
00009_22-12-2025-09.57,IRYO,2025,12,0,9.95,172.0,35.8,180
00011_22-12-2025-10.02,OUIGO,2025,12,0,10.03,182.0,30.67,99
00012_22-12-2025-10.27,AVLO,2025,12,0,10.45,172.0,36.58,175
00009_22-12-2025-11.22,IRYO,2025,12,0,11.37,172.0,34.71,204
00006_22-12-2025-11.27,AVE,2025,12,0,11.45,199.0,44.41,231
00009_22-12-2025-12.22,IRYO,2025,12,0,12.37,172.0,43.19,53
00013_22-12-2025-12.27,AVE,2025,12,0,12.45,197.0,44.8,133
00004_22-12-2025-12.57,AVE,2025,12,0,12.95,157.0,33.84,674
00014_22-12-2025-13.18,AVE,2025,12,0,13.3,184.0,68.94,4
00009_22-12-2025-14.02,IRYO,2025,12,0,14.03,172.0,18.5,585
00015_22-12-2025-14.12,OUIGO,2025,12,0,14.2,157.0,39.76,26
00016_22-12-2025-14.27,AVE,2025,12,0,14.45,177.0,42.52,244
00017_22-12-2025-14.42,IRYO,2025,12,0,14.7,179.0,52.08,9
00004_22-12-2025-14.57,AVE,2025,12,0,14.95,157.0,47.3,289
00018_22-12-2025-15.27,AVLO,2025,12,0,15.45,199.0,35.88,48
00004_22-12-2025-15.57,AVE,2025,12,0,15.95,157.0,51.08,341
00007_22-12-2025-16.27,AVE,2025,12,0,16.45,172.0,55.66,158
00002_22-12-2025-16.37,IRYO,2025,12,0,16.62,157.0,26.24,592
00004_22-12-2025-16.57,AVE,2025,12,0,16.95,157.0,41.8,916
00015_22-12-2025-17.17,OUIGO,2025,12,0,17.28,157.0,36.37,90
00009_22-12-2025-17.22,IRYO,2025,12,0,17.37,172.0,32.04,216
00006_22-12-2025-17.27,AVE,2025,12,0,17.45,199.0,61.24,22
00004_22-12-2025-17.57,AVE,2025,12,0,17.95,157.0,50.8,191
00016_22-12-2025-18.27,AVE,2025,12,0,18.45,177.0,51.05,46
00002_22-12-2025-18.32,IRYO,2025,12,0,18.53,157.0,27.41,144
00004_22-12-2025-18.57,AVE,2025,12,0,18.95,157.0,26.53,495
00009_22-12-2025-19.29,IRYO,2025,12,0,19.48,172.0,24.1,23
00019_22-12-2025-19.34,AVLO,2025,12,0,19.57,201.0,22.75,14
00004_22-12-2025-20.05,AVE,2025,12,0,20.08,157.0,27.87,118
00009_22-12-2025-20.22,IRYO,2025,12,0,20.37,172.0,29.39,4
00020_22-12-2025-20.27,AVE,2025,12,0,20.45,201.0,18.78,223
00005_22-12-2025-21.02,OUIGO,2025,12,0,21.03,172.0,10.0,2158
00007_22-12-2025-21.07,AVE,2025,12,0,21.12,172.0,30.42,13
00001_23-12-2025-06.12,AVLO,2025,12,1,6.2,157.0,36.27,1062
00002_23-12-2025-06.22,IRYO,2025,12,1,6.37,157.0,52.97,200
00003_23-12-2025-06.27,AVE,2025,12,1,6.45,178.0,44.4,1104
00004_23-12-2025-06.57,AVE,2025,12,1,6.95,157.0,120.0,0
00005_23-12-2025-07.02,OUIGO,2025,12,1,7.03,172.0,55.58,7
00002_23-12-2025-07.22,IRYO,2025,12,1,7.37,157.0,24.4,790
00006_23-12-2025-07.27,AVE,2025,12,1,7.45,199.0,27.36,1005
00004_23-12-2025-07.57,AVE,2025,12,1,7.95,157.0,31.86,1167
00007_23-12-2025-08.27,AVE,2025,12,1,8.45,172.0,64.53,19
00002_23-12-2025-08.32,IRYO,2025,12,1,8.53,157.0,62.24,2
00008_23-12-2025-08.57,AVE,2025,12,1,8.95,164.0,54.73,75
00009_23-12-2025-09.22,IRYO,2025,12,1,9.37,172.0,23.71,428
00010_23-12-2025-09.27,AVE,2025,12,1,9.45,194.0,70.04,14
00009_23-12-2025-09.57,IRYO,2025,12,1,9.95,172.0,39.66,97
00011_23-12-2025-10.02,OUIGO,2025,12,1,10.03,182.0,36.92,62
00012_23-12-2025-10.27,AVLO,2025,12,1,10.45,172.0,34.91,180
00009_23-12-2025-11.22,IRYO,2025,12,1,11.37,172.0,35.56,181
00006_23-12-2025-11.27,AVE,2025,12,1,11.45,199.0,43.58,256
00009_23-12-2025-12.22,IRYO,2025,12,1,12.37,172.0,24.63,334
00013_23-12-2025-12.27,AVE,2025,12,1,12.45,197.0,45.36,139
00004_23-12-2025-12.57,AVE,2025,12,1,12.95,157.0,38.05,469
00014_23-12-2025-13.18,AVE,2025,12,1,13.3,184.0,48.24,36
00009_23-12-2025-14.02,IRYO,2025,12,1,14.03,172.0,14.23,3542
00015_23-12-2025-14.12,OUIGO,2025,12,1,14.2,157.0,25.68,101
00016_23-12-2025-14.27,AVE,2025,12,1,14.45,177.0,70.38,8
00017_23-12-2025-14.42,IRYO,2025,12,1,14.7,179.0,41.17,31
00004_23-12-2025-14.57,AVE,2025,12,1,14.95,157.0,39.0,557
00018_23-12-2025-15.27,AVLO,2025,12,1,15.45,199.0,30.09,112
00004_23-12-2025-15.57,AVE,2025,12,1,15.95,157.0,35.25,1206
00007_23-12-2025-16.27,AVE,2025,12,1,16.45,172.0,42.94,656
00002_23-12-2025-16.37,IRYO,2025,12,1,16.62,157.0,27.03,705
00004_23-12-2025-16.57,AVE,2025,12,1,16.95,157.0,60.47,247
00015_23-12-2025-17.17,OUIGO,2025,12,1,17.28,157.0,31.09,192
00009_23-12-2025-17.22,IRYO,2025,12,1,17.37,172.0,37.3,180
00006_23-12-2025-17.27,AVE,2025,12,1,17.45,199.0,54.79,88
00004_23-12-2025-17.57,AVE,2025,12,1,17.95,157.0,69.08,43
00016_23-12-2025-18.27,AVE,2025,12,1,18.45,177.0,60.2,32
00002_23-12-2025-18.32,IRYO,2025,12,1,18.53,157.0,21.85,418
00004_23-12-2025-18.57,AVE,2025,12,1,18.95,157.0,35.08,395
00009_23-12-2025-19.29,IRYO,2025,12,1,19.48,172.0,25.3,54
00019_23-12-2025-19.34,AVLO,2025,12,1,19.57,201.0,27.52,9
00004_23-12-2025-20.05,AVE,2025,12,1,20.08,157.0,56.7,13
00009_23-12-2025-20.22,IRYO,2025,12,1,20.37,172.0,34.17,6
00020_23-12-2025-20.27,AVE,2025,12,1,20.45,201.0,28.1,26
00005_23-12-2025-21.02,OUIGO,2025,12,1,21.03,172.0,25.2,4
00007_23-12-2025-21.07,AVE,2025,12,1,21.12,172.0,35.56,12
00001_24-12-2025-06.12,AVLO,2025,12,2,6.2,157.0,34.04,1332
00002_24-12-2025-06.22,IRYO,2025,12,2,6.37,157.0,29.37,1556
00003_24-12-2025-06.27,AVE,2025,12,2,6.45,178.0,47.94,896
00004_24-12-2025-06.57,AVE,2025,12,2,6.95,157.0,107.92,0
00005_24-12-2025-07.02,OUIGO,2025,12,2,7.03,172.0,45.32,31
00002_24-12-2025-07.22,IRYO,2025,12,2,7.37,157.0,27.49,766
00006_24-12-2025-07.27,AVE,2025,12,2,7.45,199.0,29.04,1258
00004_24-12-2025-07.57,AVE,2025,12,2,7.95,157.0,40.31,636
00007_24-12-2025-08.27,AVE,2025,12,2,8.45,172.0,74.76,4
00002_24-12-2025-08.32,IRYO,2025,12,2,8.53,157.0,54.14,4
00008_24-12-2025-08.57,AVE,2025,12,2,8.95,164.0,41.57,408
00009_24-12-2025-09.22,IRYO,2025,12,2,9.37,172.0,42.81,89
00010_24-12-2025-09.27,AVE,2025,12,2,9.45,194.0,61.99,67
00009_24-12-2025-09.57,IRYO,2025,12,2,9.95,172.0,45.72,78
00011_24-12-2025-10.02,OUIGO,2025,12,2,10.03,182.0,27.18,358
00012_24-12-2025-10.27,AVLO,2025,12,2,10.45,172.0,48.82,70
00009_24-12-2025-11.22,IRYO,2025,12,2,11.37,172.0,38.6,191
00006_24-12-2025-11.27,AVE,2025,12,2,11.45,199.0,34.36,970
00009_24-12-2025-12.22,IRYO,2025,12,2,12.37,172.0,44.6,90
00013_24-12-2025-12.27,AVE,2025,12,2,12.45,197.0,62.58,55
00004_24-12-2025-12.57,AVE,2025,12,2,12.95,157.0,46.97,436
00014_24-12-2025-13.18,AVE,2025,12,2,13.3,184.0,48.24,86
00009_24-12-2025-14.02,IRYO,2025,12,2,14.03,172.0,34.35,213
00015_24-12-2025-14.12,OUIGO,2025,12,2,14.2,157.0,39.3,75
00016_24-12-2025-14.27,AVE,2025,12,2,14.45,177.0,52.67,214
00017_24-12-2025-14.42,IRYO,2025,12,2,14.7,179.0,52.17,21
00004_24-12-2025-14.57,AVE,2025,12,2,14.95,157.0,39.43,1171
00018_24-12-2025-15.27,AVLO,2025,12,2,15.45,199.0,35.79,167
00004_24-12-2025-15.57,AVE,2025,12,2,15.95,157.0,57.06,449
00007_24-12-2025-16.27,AVE,2025,12,2,16.45,172.0,55.75,528
00002_24-12-2025-16.37,IRYO,2025,12,2,16.62,157.0,24.89,4249
00004_24-12-2025-16.57,AVE,2025,12,2,16.95,157.0,132.22,0
00015_24-12-2025-17.17,OUIGO,2025,12,2,17.28,157.0,44.53,151
00009_24-12-2025-17.22,IRYO,2025,12,2,17.37,172.0,42.56,284
00006_24-12-2025-17.27,AVE,2025,12,2,17.45,199.0,62.45,143
00004_24-12-2025-17.57,AVE,2025,12,2,17.95,157.0,49.77,775
00016_24-12-2025-18.27,AVE,2025,12,2,18.45,177.0,64.41,82
00002_24-12-2025-18.32,IRYO,2025,12,2,18.53,157.0,53.22,61
00004_24-12-2025-18.57,AVE,2025,12,2,18.95,157.0,104.94,0
00009_24-12-2025-19.29,IRYO,2025,12,2,19.48,172.0,39.18,46
00019_24-12-2025-19.34,AVLO,2025,12,2,19.57,201.0,34.85,24
00004_24-12-2025-20.05,AVE,2025,12,2,20.08,157.0,67.02,13
00009_24-12-2025-20.22,IRYO,2025,12,2,20.37,172.0,26.2,652
00020_24-12-2025-20.27,AVE,2025,12,2,20.45,201.0,45.99,11
00005_24-12-2025-21.02,OUIGO,2025,12,2,21.03,172.0,54.26,0
00007_24-12-2025-21.07,AVE,2025,12,2,21.12,172.0,74.5,0
00001_25-12-2025-06.12,AVLO,2025,12,3,6.2,157.0,30.91,917
00002_25-12-2025-06.22,IRYO,2025,12,3,6.37,157.0,27.55,1982
00003_25-12-2025-06.27,AVE,2025,12,3,6.45,178.0,54.79,118
00004_25-12-2025-06.57,AVE,2025,12,3,6.95,157.0,72.61,21
00005_25-12-2025-07.02,OUIGO,2025,12,3,7.03,172.0,42.95,11
00002_25-12-2025-07.22,IRYO,2025,12,3,7.37,157.0,26.02,3813
00006_25-12-2025-07.27,AVE,2025,12,3,7.45,199.0,34.66,1308
00004_25-12-2025-07.57,AVE,2025,12,3,7.95,157.0,54.19,65
00007_25-12-2025-08.27,AVE,2025,12,3,8.45,172.0,48.02,146
00002_25-12-2025-08.32,IRYO,2025,12,3,8.53,157.0,52.33,22
00008_25-12-2025-08.57,AVE,2025,12,3,8.95,164.0,52.73,143
00009_25-12-2025-09.22,IRYO,2025,12,3,9.37,172.0,69.46,2
00010_25-12-2025-09.27,AVE,2025,12,3,9.45,194.0,61.38,81
00009_25-12-2025-09.57,IRYO,2025,12,3,9.95,172.0,53.18,54
00011_25-12-2025-10.02,OUIGO,2025,12,3,10.03,182.0,37.62,128
00012_25-12-2025-10.27,AVLO,2025,12,3,10.45,172.0,48.38,114
00009_25-12-2025-11.22,IRYO,2025,12,3,11.37,172.0,52.44,79
00006_25-12-2025-11.27,AVE,2025,12,3,11.45,199.0,58.7,157
00009_25-12-2025-12.22,IRYO,2025,12,3,12.37,172.0,59.33,31
00013_25-12-2025-12.27,AVE,2025,12,3,12.45,197.0,58.59,157
00004_25-12-2025-12.57,AVE,2025,12,3,12.95,157.0,47.0,565
00014_25-12-2025-13.18,AVE,2025,12,3,13.3,184.0,55.14,84
00004_25-12-2025-13.57,AVE,2025,12,3,13.95,157.0,,0
00009_25-12-2025-14.02,IRYO,2025,12,3,14.03,172.0,,0
00015_25-12-2025-14.12,OUIGO,2025,12,3,14.2,157.0,,0
00016_25-12-2025-14.27,AVE,2025,12,3,14.45,177.0,65.38,102
00017_25-12-2025-14.42,IRYO,2025,12,3,14.7,179.0,48.62,110
00004_25-12-2025-14.57,AVE,2025,12,3,14.95,157.0,89.65,17
00018_25-12-2025-15.27,AVLO,2025,12,3,15.45,199.0,37.61,211
00004_25-12-2025-15.57,AVE,2025,12,3,15.95,157.0,88.34,27
00007_25-12-2025-16.27,AVE,2025,12,3,16.45,172.0,62.37,221
00002_25-12-2025-16.37,IRYO,2025,12,3,16.62,157.0,58.73,90
00004_25-12-2025-16.57,AVE,2025,12,3,16.95,157.0,148.82,0
00015_25-12-2025-17.17,OUIGO,2025,12,3,17.28,157.0,53.92,36
00009_25-12-2025-17.22,IRYO,2025,12,3,17.37,172.0,79.06,2
00006_25-12-2025-17.27,AVE,2025,12,3,17.45,199.0,101.3,0
00004_25-12-2025-17.57,AVE,2025,12,3,17.95,157.0,43.52,585
00016_25-12-2025-18.27,AVE,2025,12,3,18.45,177.0,71.04,18
00002_25-12-2025-18.32,IRYO,2025,12,3,18.53,157.0,42.34,67
00004_25-12-2025-18.57,AVE,2025,12,3,18.95,157.0,73.43,12
00009_25-12-2025-19.29,IRYO,2025,12,3,19.48,172.0,50.62,4
00019_25-12-2025-19.34,AVLO,2025,12,3,19.57,201.0,29.65,1647
00004_25-12-2025-20.05,AVE,2025,12,3,20.08,157.0,33.87,1038
00009_25-12-2025-20.22,IRYO,2025,12,3,20.37,172.0,58.25,0
00020_25-12-2025-20.27,AVE,2025,12,3,20.45,201.0,61.74,0
00005_25-12-2025-21.02,OUIGO,2025,12,3,21.03,172.0,59.62,0
00007_25-12-2025-21.07,AVE,2025,12,3,21.12,172.0,53.54,3
00002_26-12-2025-06.22,IRYO,2025,12,4,6.37,157.0,24.21,2018
00021_26-12-2025-06.27,AVLO,2025,12,4,6.45,178.0,19.09,7856
00004_26-12-2025-06.57,AVE,2025,12,4,6.95,157.0,53.51,92
00005_26-12-2025-07.02,OUIGO,2025,12,4,7.03,172.0,44.21,10
00002_26-12-2025-07.22,IRYO,2025,12,4,7.37,157.0,33.13,179
00006_26-12-2025-07.27,AVE,2025,12,4,7.45,199.0,58.66,21
00004_26-12-2025-07.57,AVE,2025,12,4,7.95,157.0,35.25,778
00002_26-12-2025-08.32,IRYO,2025,12,4,8.53,157.0,48.01,24
00008_26-12-2025-08.57,AVE,2025,12,4,8.95,164.0,108.64,0
00009_26-12-2025-09.22,IRYO,2025,12,4,9.37,172.0,52.44,36
00010_26-12-2025-09.27,AVE,2025,12,4,9.45,194.0,70.17,21
00009_26-12-2025-09.57,IRYO,2025,12,4,9.95,172.0,43.42,91
00011_26-12-2025-10.02,OUIGO,2025,12,4,10.03,182.0,25.62,1865
00012_26-12-2025-10.27,AVLO,2025,12,4,10.45,172.0,54.87,39
00009_26-12-2025-11.22,IRYO,2025,12,4,11.37,172.0,70.08,7
00006_26-12-2025-11.27,AVE,2025,12,4,11.45,199.0,115.66,0
00009_26-12-2025-12.22,IRYO,2025,12,4,12.37,172.0,43.13,91
00013_26-12-2025-12.27,AVE,2025,12,4,12.45,197.0,32.04,1737
00004_26-12-2025-12.57,AVE,2025,12,4,12.95,157.0,78.62,18
00014_26-12-2025-13.18,AVE,2025,12,4,13.3,184.0,55.14,51
00004_26-12-2025-13.57,AVE,2025,12,4,13.95,157.0,83.53,12
00009_26-12-2025-14.02,IRYO,2025,12,4,14.03,172.0,62.49,18
00015_26-12-2025-14.12,OUIGO,2025,12,4,14.2,157.0,51.33,23
00016_26-12-2025-14.27,AVE,2025,12,4,14.45,177.0,85.8,16
00017_26-12-2025-14.42,IRYO,2025,12,4,14.7,179.0,90.69,1
00004_26-12-2025-14.57,AVE,2025,12,4,14.95,157.0,89.47,13
00018_26-12-2025-15.27,AVLO,2025,12,4,15.45,199.0,48.29,48
00004_26-12-2025-15.57,AVE,2025,12,4,15.95,157.0,97.52,11
00007_26-12-2025-16.27,AVE,2025,12,4,16.45,172.0,74.22,70
00002_26-12-2025-16.37,IRYO,2025,12,4,16.62,157.0,51.39,171
00004_26-12-2025-16.57,AVE,2025,12,4,16.95,157.0,89.8,29
00015_26-12-2025-17.17,OUIGO,2025,12,4,17.28,157.0,37.22,179
00009_26-12-2025-17.22,IRYO,2025,12,4,17.37,172.0,65.39,24
00018_26-12-2025-17.27,AVLO,2025,12,4,17.45,199.0,53.21,36
00004_26-12-2025-17.57,AVE,2025,12,4,17.95,157.0,70.62,78
00016_26-12-2025-18.27,AVE,2025,12,4,18.45,177.0,83.07,10
00002_26-12-2025-18.32,IRYO,2025,12,4,18.53,157.0,68.58,9
00004_26-12-2025-18.57,AVE,2025,12,4,18.95,157.0,59.44,54
00009_26-12-2025-19.29,IRYO,2025,12,4,19.48,172.0,46.05,14
00019_26-12-2025-19.34,AVLO,2025,12,4,19.57,201.0,46.2,1
00004_26-12-2025-20.05,AVE,2025,12,4,20.08,157.0,62.79,6
00009_26-12-2025-20.22,IRYO,2025,12,4,20.37,172.0,47.44,2
00020_26-12-2025-20.27,AVE,2025,12,4,20.45,201.0,46.76,5
00005_26-12-2025-21.02,OUIGO,2025,12,4,21.03,172.0,32.98,177
00007_26-12-2025-21.07,AVE,2025,12,4,21.12,172.0,73.84,0
00021_27-12-2025-06.27,AVLO,2025,12,5,6.45,178.0,29.62,874
00005_27-12-2025-07.02,OUIGO,2025,12,5,7.03,172.0,32.98,225
00006_27-12-2025-07.27,AVE,2025,12,5,7.45,199.0,39.91,496
00009_27-12-2025-08.07,IRYO,2025,12,5,8.12,172.0,54.97,17
00007_27-12-2025-08.27,AVE,2025,12,5,8.45,172.0,57.86,85
00008_27-12-2025-08.57,AVE,2025,12,5,8.95,164.0,55.59,137
00009_27-12-2025-09.22,IRYO,2025,12,5,9.37,172.0,43.63,63
00010_27-12-2025-09.27,AVE,2025,12,5,9.45,194.0,61.26,37
00009_27-12-2025-09.57,IRYO,2025,12,5,9.95,172.0,27.89,327
00011_27-12-2025-10.02,OUIGO,2025,12,5,10.03,182.0,29.87,101
00012_27-12-2025-10.27,AVLO,2025,12,5,10.45,172.0,47.96,37
00009_27-12-2025-11.22,IRYO,2025,12,5,11.37,172.0,10.0,8503
00006_27-12-2025-11.27,AVE,2025,12,5,11.45,199.0,44.14,238
00009_27-12-2025-12.22,IRYO,2025,12,5,12.37,172.0,37.04,104
00013_27-12-2025-12.27,AVE,2025,12,5,12.45,197.0,46.03,197
00014_27-12-2025-13.18,AVE,2025,12,5,13.3,184.0,82.74,1
00015_27-12-2025-14.12,OUIGO,2025,12,5,14.2,157.0,10.0,6347
00017_27-12-2025-14.42,IRYO,2025,12,5,14.7,179.0,36.01,164
00018_27-12-2025-15.27,AVLO,2025,12,5,15.45,199.0,28.14,314
00007_27-12-2025-16.27,AVE,2025,12,5,16.45,172.0,104.67,1
00002_27-12-2025-16.37,IRYO,2025,12,5,16.62,157.0,45.69,291
00015_27-12-2025-17.17,OUIGO,2025,12,5,17.28,157.0,25.92,511
00018_27-12-2025-17.27,AVLO,2025,12,5,17.45,199.0,24.23,413
00016_27-12-2025-18.27,AVE,2025,12,5,18.45,177.0,90.74,3
00009_27-12-2025-19.29,IRYO,2025,12,5,19.48,172.0,23.6,95
00019_27-12-2025-19.34,AVLO,2025,12,5,19.57,201.0,28.58,22
00009_27-12-2025-20.22,IRYO,2025,12,5,20.37,172.0,30.43,11
00020_27-12-2025-20.27,AVE,2025,12,5,20.45,201.0,34.45,17
00005_27-12-2025-21.02,OUIGO,2025,12,5,21.03,172.0,12.5,864
00021_28-12-2025-06.27,AVLO,2025,12,6,6.45,178.0,47.34,242
00005_28-12-2025-07.02,OUIGO,2025,12,6,7.03,172.0,36.52,1520
00006_28-12-2025-07.27,AVE,2025,12,6,7.45,199.0,66.47,66
00009_28-12-2025-08.07,IRYO,2025,12,6,8.12,172.0,61.62,15
00007_28-12-2025-08.27,AVE,2025,12,6,8.45,172.0,57.17,175
00009_28-12-2025-09.22,IRYO,2025,12,6,9.37,172.0,34.55,6548
00010_28-12-2025-09.27,AVE,2025,12,6,9.45,194.0,53.21,367
00009_28-12-2025-09.57,IRYO,2025,12,6,9.95,172.0,56.74,62
00011_28-12-2025-10.02,OUIGO,2025,12,6,10.03,182.0,47.72,85
00012_28-12-2025-10.27,AVLO,2025,12,6,10.45,172.0,50.51,201
00009_28-12-2025-11.22,IRYO,2025,12,6,11.37,172.0,83.43,10
00006_28-12-2025-11.27,AVE,2025,12,6,11.45,199.0,150.86,0
00009_28-12-2025-12.22,IRYO,2025,12,6,12.37,172.0,77.14,27
00013_28-12-2025-12.27,AVE,2025,12,6,12.45,197.0,70.32,222
00014_28-12-2025-13.18,AVE,2025,12,6,13.3,184.0,55.14,346
00009_28-12-2025-14.02,IRYO,2025,12,6,14.03,172.0,80.55,14
00015_28-12-2025-14.12,OUIGO,2025,12,6,14.2,157.0,76.19,9
00016_28-12-2025-14.27,AVE,2025,12,6,14.45,177.0,94.44,33
00017_28-12-2025-14.42,IRYO,2025,12,6,14.7,179.0,86.48,8
00018_28-12-2025-15.27,AVLO,2025,12,6,15.45,199.0,69.56,43
00007_28-12-2025-16.27,AVE,2025,12,6,16.45,172.0,88.99,88
00002_28-12-2025-16.37,IRYO,2025,12,6,16.62,157.0,84.11,43
00004_28-12-2025-16.57,AVE,2025,12,6,16.95,157.0,91.98,126
00015_28-12-2025-17.17,OUIGO,2025,12,6,17.28,157.0,57.22,125
00009_28-12-2025-17.22,IRYO,2025,12,6,17.37,172.0,62.36,124
00018_28-12-2025-17.27,AVLO,2025,12,6,17.45,199.0,48.54,200
00004_28-12-2025-17.57,AVE,2025,12,6,17.95,157.0,64.96,396
00016_28-12-2025-18.27,AVE,2025,12,6,18.45,177.0,100.4,8
00002_28-12-2025-18.32,IRYO,2025,12,6,18.53,157.0,93.52,2
00004_28-12-2025-18.57,AVE,2025,12,6,18.95,157.0,113.33,1
00009_28-12-2025-19.29,IRYO,2025,12,6,19.48,172.0,95.8,0
00019_28-12-2025-19.34,AVLO,2025,12,6,19.57,201.0,76.08,2
00004_28-12-2025-20.05,AVE,2025,12,6,20.08,157.0,63.78,44
00009_28-12-2025-20.22,IRYO,2025,12,6,20.37,172.0,68.54,1
00020_28-12-2025-20.27,AVE,2025,12,6,20.45,201.0,77.13,1
00005_28-12-2025-21.02,OUIGO,2025,12,6,21.03,172.0,65.31,1
00007_28-12-2025-21.07,AVE,2025,12,6,21.12,172.0,112.24,0
00001_29-12-2025-06.12,AVLO,2025,12,0,6.2,157.0,30.66,1766
00002_29-12-2025-06.22,IRYO,2025,12,0,6.37,157.0,35.67,1073
00003_29-12-2025-06.27,AVE,2025,12,0,6.45,178.0,51.28,723
00004_29-12-2025-06.57,AVE,2025,12,0,6.95,157.0,57.33,547
00005_29-12-2025-07.02,OUIGO,2025,12,0,7.03,172.0,37.6,104
00002_29-12-2025-07.22,IRYO,2025,12,0,7.37,157.0,44.05,160
00006_29-12-2025-07.27,AVE,2025,12,0,7.45,199.0,58.61,76
00004_29-12-2025-07.57,AVE,2025,12,0,7.95,157.0,67.98,41
00007_29-12-2025-08.27,AVE,2025,12,0,8.45,172.0,63.53,63
00002_29-12-2025-08.32,IRYO,2025,12,0,8.53,157.0,54.7,22
00008_29-12-2025-08.57,AVE,2025,12,0,8.95,164.0,52.23,217
00009_29-12-2025-09.22,IRYO,2025,12,0,9.37,172.0,45.6,67
00010_29-12-2025-09.27,AVE,2025,12,0,9.45,194.0,72.59,16
00009_29-12-2025-09.57,IRYO,2025,12,0,9.95,172.0,32.29,326
00011_29-12-2025-10.02,OUIGO,2025,12,0,10.03,182.0,22.3,343
00012_29-12-2025-10.27,AVLO,2025,12,0,10.45,172.0,36.35,197
00009_29-12-2025-11.22,IRYO,2025,12,0,11.37,172.0,26.91,446
00006_29-12-2025-11.27,AVE,2025,12,0,11.45,199.0,45.33,255
00009_29-12-2025-12.22,IRYO,2025,12,0,12.37,172.0,31.8,172
00013_29-12-2025-12.27,AVE,2025,12,0,12.45,197.0,50.11,112
00004_29-12-2025-12.57,AVE,2025,12,0,12.95,157.0,41.44,457
00014_29-12-2025-13.18,AVE,2025,12,0,13.3,184.0,68.94,3
00009_29-12-2025-14.02,IRYO,2025,12,0,14.03,172.0,26.66,231
00015_29-12-2025-14.12,OUIGO,2025,12,0,14.2,157.0,37.49,36
00016_29-12-2025-14.27,AVE,2025,12,0,14.45,177.0,33.77,562
00017_29-12-2025-14.42,IRYO,2025,12,0,14.7,179.0,26.71,211
00004_29-12-2025-14.57,AVE,2025,12,0,14.95,157.0,42.36,468
00018_29-12-2025-15.27,AVLO,2025,12,0,15.45,199.0,35.27,59
00004_29-12-2025-15.57,AVE,2025,12,0,15.95,157.0,40.84,851
00007_29-12-2025-16.27,AVE,2025,12,0,16.45,172.0,63.33,141
00002_29-12-2025-16.37,IRYO,2025,12,0,16.62,157.0,32.04,490
00004_29-12-2025-16.57,AVE,2025,12,0,16.95,157.0,46.0,832
00015_29-12-2025-17.17,OUIGO,2025,12,0,17.28,157.0,28.61,240
00009_29-12-2025-17.22,IRYO,2025,12,0,17.37,172.0,39.05,152
00006_29-12-2025-17.27,AVE,2025,12,0,17.45,199.0,65.71,17
00004_29-12-2025-17.57,AVE,2025,12,0,17.95,157.0,36.79,789
00016_29-12-2025-18.27,AVE,2025,12,0,18.45,177.0,58.8,23
00002_29-12-2025-18.32,IRYO,2025,12,0,18.53,157.0,31.85,104
00004_29-12-2025-18.57,AVE,2025,12,0,18.95,157.0,50.28,96
00009_29-12-2025-19.29,IRYO,2025,12,0,19.48,172.0,39.02,9
00019_29-12-2025-19.34,AVLO,2025,12,0,19.57,201.0,17.48,86
00004_29-12-2025-20.05,AVE,2025,12,0,20.08,157.0,18.53,552
00009_29-12-2025-20.22,IRYO,2025,12,0,20.37,172.0,10.0,2829
00020_29-12-2025-20.27,AVE,2025,12,0,20.45,201.0,17.57,213
00005_29-12-2025-21.02,OUIGO,2025,12,0,21.03,172.0,26.78,1
00007_29-12-2025-21.07,AVE,2025,12,0,21.12,172.0,42.83,2
00001_30-12-2025-06.12,AVLO,2025,12,1,6.2,157.0,32.7,886
00002_30-12-2025-06.22,IRYO,2025,12,1,6.37,157.0,31.77,782
00003_30-12-2025-06.27,AVE,2025,12,1,6.45,178.0,30.36,1890
00004_30-12-2025-06.57,AVE,2025,12,1,6.95,157.0,117.02,0
00005_30-12-2025-07.02,OUIGO,2025,12,1,7.03,172.0,50.0,4
00002_30-12-2025-07.22,IRYO,2025,12,1,7.37,157.0,28.85,365
00006_30-12-2025-07.27,AVE,2025,12,1,7.45,199.0,48.61,95
00004_30-12-2025-07.57,AVE,2025,12,1,7.95,157.0,32.47,937
00007_30-12-2025-08.27,AVE,2025,12,1,8.45,172.0,77.17,8
00002_30-12-2025-08.32,IRYO,2025,12,1,8.53,157.0,52.0,17
00008_30-12-2025-08.57,AVE,2025,12,1,8.95,164.0,59.25,65
00009_30-12-2025-09.22,IRYO,2025,12,1,9.37,172.0,39.61,134
00010_30-12-2025-09.27,AVE,2025,12,1,9.45,194.0,75.02,14
00009_30-12-2025-09.57,IRYO,2025,12,1,9.95,172.0,41.32,118
00011_30-12-2025-10.02,OUIGO,2025,12,1,10.03,182.0,35.48,86
00012_30-12-2025-10.27,AVLO,2025,12,1,10.45,172.0,36.15,263
00009_30-12-2025-11.22,IRYO,2025,12,1,11.37,172.0,37.06,187
00006_30-12-2025-11.27,AVE,2025,12,1,11.45,199.0,47.96,230
00009_30-12-2025-12.22,IRYO,2025,12,1,12.37,172.0,30.92,227
00013_30-12-2025-12.27,AVE,2025,12,1,12.45,197.0,62.3,20
00004_30-12-2025-12.57,AVE,2025,12,1,12.95,157.0,36.29,669
00014_30-12-2025-13.18,AVE,2025,12,1,13.3,184.0,48.24,46
00009_30-12-2025-14.02,IRYO,2025,12,1,14.03,172.0,37.5,57
00015_30-12-2025-14.12,OUIGO,2025,12,1,14.2,157.0,23.27,628
00016_30-12-2025-14.27,AVE,2025,12,1,14.45,177.0,52.25,79
00017_30-12-2025-14.42,IRYO,2025,12,1,14.7,179.0,32.85,80
00004_30-12-2025-14.57,AVE,2025,12,1,14.95,157.0,42.98,347
00018_30-12-2025-15.27,AVLO,2025,12,1,15.45,199.0,30.7,77
00004_30-12-2025-15.57,AVE,2025,12,1,15.95,157.0,30.1,1441
00007_30-12-2025-16.27,AVE,2025,12,1,16.45,172.0,33.67,1013
00002_30-12-2025-16.37,IRYO,2025,12,1,16.62,157.0,25.99,654
00004_30-12-2025-16.57,AVE,2025,12,1,16.95,157.0,59.45,167
00015_30-12-2025-17.17,OUIGO,2025,12,1,17.28,157.0,34.31,118
00009_30-12-2025-17.22,IRYO,2025,12,1,17.37,172.0,46.16,59
00006_30-12-2025-17.27,AVE,2025,12,1,17.45,199.0,60.95,52
00004_30-12-2025-17.57,AVE,2025,12,1,17.95,157.0,72.49,30
00016_30-12-2025-18.27,AVE,2025,12,1,18.45,177.0,46.46,119
00002_30-12-2025-18.32,IRYO,2025,12,1,18.53,157.0,19.48,2395
00004_30-12-2025-18.57,AVE,2025,12,1,18.95,157.0,46.71,108
00009_30-12-2025-19.29,IRYO,2025,12,1,19.48,172.0,48.81,3
00019_30-12-2025-19.34,AVLO,2025,12,1,19.57,201.0,30.03,17
00004_30-12-2025-20.05,AVE,2025,12,1,20.08,157.0,43.09,48
00009_30-12-2025-20.22,IRYO,2025,12,1,20.37,172.0,44.69,2
00020_30-12-2025-20.27,AVE,2025,12,1,20.45,201.0,29.79,27
00005_30-12-2025-21.02,OUIGO,2025,12,1,21.03,172.0,29.32,5
00007_30-12-2025-21.07,AVE,2025,12,1,21.12,172.0,36.99,12
00001_31-12-2025-06.12,AVLO,2025,12,2,6.2,157.0,32.37,739
00002_31-12-2025-06.22,IRYO,2025,12,2,6.37,157.0,24.29,1023
00003_31-12-2025-06.27,AVE,2025,12,2,6.45,178.0,47.0,403
00004_31-12-2025-06.57,AVE,2025,12,2,6.95,157.0,94.42,3
00005_31-12-2025-07.02,OUIGO,2025,12,2,7.03,172.0,48.91,11
00002_31-12-2025-07.22,IRYO,2025,12,2,7.37,157.0,24.33,467
00006_31-12-2025-07.27,AVE,2025,12,2,7.45,199.0,41.81,154
00004_31-12-2025-07.57,AVE,2025,12,2,7.95,157.0,37.87,394
00007_31-12-2025-08.27,AVE,2025,12,2,8.45,172.0,82.95,0
00002_31-12-2025-08.32,IRYO,2025,12,2,8.53,157.0,27.11,191
00008_31-12-2025-08.57,AVE,2025,12,2,8.95,164.0,34.72,407
00009_31-12-2025-09.22,IRYO,2025,12,2,9.37,172.0,35.83,96
00010_31-12-2025-09.27,AVE,2025,12,2,9.45,194.0,63.54,33
00009_31-12-2025-09.57,IRYO,2025,12,2,9.95,172.0,56.34,17
00011_31-12-2025-10.02,OUIGO,2025,12,2,10.03,182.0,47.74,13
00012_31-12-2025-10.27,AVLO,2025,12,2,10.45,172.0,45.72,55
00009_31-12-2025-11.22,IRYO,2025,12,2,11.37,172.0,49.9,46
00006_31-12-2025-11.27,AVE,2025,12,2,11.45,199.0,58.32,57
00009_31-12-2025-12.22,IRYO,2025,12,2,12.37,172.0,25.84,456
00013_31-12-2025-12.27,AVE,2025,12,2,12.45,197.0,39.14,230
00004_31-12-2025-12.57,AVE,2025,12,2,12.95,157.0,47.14,216
00014_31-12-2025-13.18,AVE,2025,12,2,13.3,184.0,48.24,31
00009_31-12-2025-14.02,IRYO,2025,12,2,14.03,172.0,42.49,42
00015_31-12-2025-14.12,OUIGO,2025,12,2,14.2,157.0,36.35,40
00016_31-12-2025-14.27,AVE,2025,12,2,14.45,177.0,32.63,518
00017_31-12-2025-14.42,IRYO,2025,12,2,14.7,179.0,55.76,6
00004_31-12-2025-14.57,AVE,2025,12,2,14.95,157.0,36.95,590
00018_31-12-2025-15.27,AVLO,2025,12,2,15.45,199.0,32.85,100
00004_31-12-2025-15.57,AVE,2025,12,2,15.95,157.0,46.19,565
00007_31-12-2025-16.27,AVE,2025,12,2,16.45,172.0,53.31,359
00002_31-12-2025-16.37,IRYO,2025,12,2,16.62,157.0,43.71,219
00004_31-12-2025-16.57,AVE,2025,12,2,16.95,157.0,124.88,0
00015_31-12-2025-17.17,OUIGO,2025,12,2,17.28,157.0,29.6,335
00009_31-12-2025-17.22,IRYO,2025,12,2,17.37,172.0,53.5,58
00006_31-12-2025-17.27,AVE,2025,12,2,17.45,199.0,64.18,66
00004_31-12-2025-17.57,AVE,2025,12,2,17.95,157.0,63.71,131
00016_31-12-2025-18.27,AVE,2025,12,2,18.45,177.0,76.05,13
00002_31-12-2025-18.32,IRYO,2025,12,2,18.53,157.0,58.28,15
00004_31-12-2025-18.57,AVE,2025,12,2,18.95,157.0,96.87,2
00009_31-12-2025-19.29,IRYO,2025,12,2,19.48,172.0,34.28,24
00019_31-12-2025-19.34,AVLO,2025,12,2,19.57,201.0,25.68,101
00004_31-12-2025-20.05,AVE,2025,12,2,20.08,157.0,21.42,1823
00009_31-12-2025-20.22,IRYO,2025,12,2,20.37,172.0,31.22,10
00020_31-12-2025-20.27,AVE,2025,12,2,20.45,201.0,55.58,0
00005_31-12-2025-21.02,OUIGO,2025,12,2,21.03,172.0,24.94,122
00007_31-12-2025-21.07,AVE,2025,12,2,21.12,172.0,62.89,1
