service_id,duration,time_distance_competitor_-2,price_competitor_-2,time_distance_competitor_-1,price_competitor_-1,time_distance_competitor_1,price_competitor_1,time_distance_competitor_2,price_competitor_2,month_sin,month_cos,day_of_week_sin,day_of_week_cos,train_type_IRYO,train_type_OUIGO,price
00005_01-01-2025-07.02,172.0,-34.8,55.7,-4.8,82.99,25.2,27.76,55.2,47.82,0.49999999999999994,0.8660254037844387,0.9749279121818236,-0.22252093395631434,0,1,36.73
00002_01-01-2025-07.22,157.0,-55.2,55.7,-25.2,82.99,4.8,27.76,34.8,47.82,0.49999999999999994,0.8660254037844387,0.9749279121818236,-0.22252093395631434,1,0,30.65
00002_01-01-2025-08.32,157.0,-34.8,47.82,-4.8,104.56,25.2,63.01,55.2,66.83,0.49999999999999994,0.8660254037844387,0.9749279121818236,-0.22252093395631434,1,0,38.41
00009_01-01-2025-09.22,172.0,-55.2,104.56,-25.2,63.01,4.8,66.83,64.8,49.08,0.49999999999999994,0.8660254037844387,0.9749279121818236,-0.22252093395631434,1,0,34.27
00009_01-01-2025-09.57,172.0,-60.0,63.01,-30.0,66.83,30.0,49.08,90.0,50.32,0.49999999999999994,0.8660254037844387,0.9749279121818236,-0.22252093395631434,1,0,47.13
00011_01-01-2025-10.02,182.0,-64.8,63.01,-34.8,66.83,25.2,49.08,85.2,50.32,0.49999999999999994,0.8660254037844387,0.9749279121818236,-0.22252093395631434,0,1,42.64
00009_01-01-2025-11.22,172.0,-115.2,66.83,-55.2,49.08,4.8,50.32,64.8,38.25,0.49999999999999994,0.8660254037844387,0.9749279121818236,-0.22252093395631434,1,0,53.55
00009_01-01-2025-12.22,172.0,-115.2,49.08,-55.2,50.32,4.8,38.25,34.8,40.42,0.49999999999999994,0.8660254037844387,0.9749279121818236,-0.22252093395631434,1,0,29.04
00009_01-01-2025-14.02,172.0,-64.8,40.42,-43.8,48.24,25.2,40.44,55.2,50.45,0.49999999999999994,0.8660254037844387,0.9749279121818236,-0.22252093395631434,1,0,46.08
00015_01-01-2025-14.12,157.0,-75.0,40.42,-54.0,48.24,15.0,40.44,45.0,50.45,0.49999999999999994,0.8660254037844387,0.9749279121818236,-0.22252093395631434,0,1,35.73
00017_01-01-2025-14.42,179.0,-84.0,48.24,-15.0,40.44,15.0,50.45,45.0,29.46,0.49999999999999994,0.8660254037844387,0.9749279121818236,-0.22252093395631434,1,0,37.35
00002_01-01-2025-16.37,157.0,-40.2,59.65,-10.2,55.52,19.8,128.54,49.8,51.8,0.49999999999999994,0.8660254037844387,0.9749279121818236,-0.22252093395631434,1,0,36.89
00015_01-01-2025-17.17,157.0,-49.8,55.52,-19.8,128.54,10.2,51.8,40.2,71.29,0.49999999999999994,0.8660254037844387,0.9749279121818236,-0.22252093395631434,0,1,27.26
00009_01-01-2025-17.22,172.0,-55.2,55.52,-25.2,128.54,4.8,51.8,34.8,71.29,0.49999999999999994,0.8660254037844387,0.9749279121818236,-0.22252093395631434,1,0,25.63
00002_01-01-2025-18.32,157.0,-34.8,71.29,-4.8,67.02,25.2,112.03,62.4,32.14,0.49999999999999994,0.8660254037844387,0.9749279121818236,-0.22252093395631434,1,0,36.09
00009_01-01-2025-19.29,172.0,-61.8,67.02,-31.8,112.03,5.4,32.14,36.0,48.83,0.49999999999999994,0.8660254037844387,0.9749279121818236,-0.22252093395631434,1,0,41.75
00009_01-01-2025-20.22,172.0,-48.0,32.14,-17.4,48.83,4.8,49.29,45.0,55.9,0.49999999999999994,0.8660254037844387,0.9749279121818236,-0.22252093395631434,1,0,32.04
00005_01-01-2025-21.02,172.0,-57.0,48.83,-34.8,49.29,5.4,55.9,550.2,30.29,0.49999999999999994,0.8660254037844387,0.9749279121818236,-0.22252093395631434,0,1,36.1
00002_02-01-2025-06.22,157.0,-555.0,55.9,-10.2,30.29,4.8,53.32,34.8,64.48,0.49999999999999994,0.8660254037844387,0.43388373911755823,-0.900968867902419,1,0,50.13
00005_02-01-2025-07.02,172.0,-34.8,53.32,-4.8,64.48,25.2,32.35,55.2,36.28,0.49999999999999994,0.8660254037844387,0.43388373911755823,-0.900968867902419,0,1,43.57
00002_02-01-2025-07.22,157.0,-55.2,53.32,-25.2,64.48,4.8,32.35,34.8,36.28,0.49999999999999994,0.8660254037844387,0.43388373911755823,-0.900968867902419,1,0,36.67
00002_02-01-2025-08.32,157.0,-34.8,36.28,-4.8,55.7,25.2,55.46,55.2,62.61,0.49999999999999994,0.8660254037844387,0.43388373911755823,-0.900968867902419,1,0,39.61
00009_02-01-2025-09.22,172.0,-55.2,55.7,-25.2,55.46,4.8,62.61,64.8,55.21,0.49999999999999994,0.8660254037844387,0.43388373911755823,-0.900968867902419,1,0,60.42
00009_02-01-2025-09.57,172.0,-60.0,55.46,-30.0,62.61,30.0,55.21,90.0,52.04,0.49999999999999994,0.8660254037844387,0.43388373911755823,-0.900968867902419,1,0,69.42
00011_02-01-2025-10.02,182.0,-64.8,55.46,-34.8,62.61,25.2,55.21,85.2,52.04,0.49999999999999994,0.8660254037844387,0.43388373911755823,-0.900968867902419,0,1,48.58
00009_02-01-2025-11.22,172.0,-115.2,62.61,-55.2,55.21,4.8,52.04,64.8,42.32,0.49999999999999994,0.8660254037844387,0.43388373911755823,-0.900968867902419,1,0,56.61
00009_02-01-2025-12.22,172.0,-115.2,55.21,-55.2,52.04,4.8,42.32,34.8,56.21,0.49999999999999994,0.8660254037844387,0.43388373911755823,-0.900968867902419,1,0,53.26
00002_02-01-2025-16.37,157.0,-40.2,85.83,-10.2,84.42,19.8,158.59,49.8,105.88,0.49999999999999994,0.8660254037844387,0.43388373911755823,-0.900968867902419,1,0,40.98
00015_02-01-2025-17.17,157.0,-49.8,84.42,-19.8,158.59,10.2,105.88,40.2,48.4,0.49999999999999994,0.8660254037844387,0.43388373911755823,-0.900968867902419,0,1,46.54
00009_02-01-2025-17.22,172.0,-55.2,84.42,-25.2,158.59,4.8,105.88,34.8,48.4,0.49999999999999994,0.8660254037844387,0.43388373911755823,-0.900968867902419,1,0,82.59
00002_02-01-2025-18.32,157.0,-34.8,48.4,-4.8,79.61,25.2,80.27,62.4,28.74,0.49999999999999994,0.8660254037844387,0.43388373911755823,-0.900968867902419,1,0,44.53
00009_02-01-2025-19.29,172.0,-61.8,79.61,-31.8,80.27,5.4,28.74,36.0,50.24,0.49999999999999994,0.8660254037844387,0.43388373911755823,-0.900968867902419,1,0,29.95
00009_02-01-2025-20.22,172.0,-48.0,28.74,-17.4,50.24,4.8,35.65,45.0,64.02,0.49999999999999994,0.8660254037844387,0.43388373911755823,-0.900968867902419,1,0,31.51
00005_02-01-2025-21.02,172.0,-57.0,50.24,-34.8,35.65,5.4,64.02,565.2,30.33,0.49999999999999994,0.8660254037844387,0.43388373911755823,-0.900968867902419,0,1,43.77
00002_03-01-2025-06.22,157.0,-595.2,35.65,-555.0,64.02,4.8,30.33,34.8,39.76,0.49999999999999994,0.8660254037844387,-0.433883739117558,-0.9009688679024191,1,0,21.14
00005_03-01-2025-07.02,172.0,-34.8,30.33,-4.8,39.76,25.2,67.57,55.2,52.29,0.49999999999999994,0.8660254037844387,-0.433883739117558,-0.9009688679024191,0,1,43.35
00002_03-01-2025-07.22,157.0,-55.2,30.33,-25.2,39.76,4.8,67.57,34.8,52.29,0.49999999999999994,0.8660254037844387,-0.433883739117558,-0.9009688679024191,1,0,61.31
00002_03-01-2025-08.32,157.0,-64.8,67.57,-34.8,52.29,25.2,103.69,55.2,77.13,0.49999999999999994,0.8660254037844387,-0.433883739117558,-0.9009688679024191,1,0,21.3
00009_03-01-2025-09.22,172.0,-85.2,52.29,-25.2,103.69,4.8,77.13,64.8,52.35,0.49999999999999994,0.8660254037844387,-0.433883739117558,-0.9009688679024191,1,0,55.57
00009_03-01-2025-09.57,172.0,-60.0,103.69,-30.0,77.13,30.0,52.35,90.0,98.13,0.49999999999999994,0.8660254037844387,-0.433883739117558,-0.9009688679024191,1,0,42.73
00011_03-01-2025-10.02,182.0,-64.8,103.69,-34.8,77.13,25.2,52.35,85.2,98.13,0.49999999999999994,0.8660254037844387,-0.433883739117558,-0.9009688679024191,0,1,44.26
00009_03-01-2025-11.22,172.0,-115.2,77.13,-55.2,52.35,4.8,98.13,64.8,41.44,0.49999999999999994,0.8660254037844387,-0.433883739117558,-0.9009688679024191,1,0,46.71
00009_03-01-2025-12.22,172.0,-115.2,52.35,-55.2,98.13,4.8,41.44,34.8,78.11,0.49999999999999994,0.8660254037844387,-0.433883739117558,-0.9009688679024191,1,0,40.37
00009_03-01-2025-14.02,172.0,-43.8,55.14,-4.8,91.9,25.2,96.56,55.2,85.14,0.49999999999999994,0.8660254037844387,-0.433883739117558,-0.9009688679024191,1,0,80.08
00015_03-01-2025-14.12,157.0,-54.0,55.14,-15.0,91.9,15.0,96.56,45.0,85.14,0.49999999999999994,0.8660254037844387,-0.433883739117558,-0.9009688679024191,0,1,67.25
00017_03-01-2025-14.42,179.0,-45.0,91.9,-15.0,96.56,15.0,85.14,45.0,56.2,0.49999999999999994,0.8660254037844387,-0.433883739117558,-0.9009688679024191,1,0,79.9
00002_03-01-2025-16.37,157.0,-40.2,85.09,-10.2,96.12,19.8,87.11,49.8,51.14,0.49999999999999994,0.8660254037844387,-0.433883739117558,-0.9009688679024191,1,0,73.08
00015_03-01-2025-17.17,157.0,-49.8,96.12,-19.8,87.11,10.2,51.14,40.2,56.81,0.49999999999999994,0.8660254037844387,-0.433883739117558,-0.9009688679024191,0,1,62.67
00009_03-01-2025-17.22,172.0,-55.2,96.12,-25.2,87.11,4.8,51.14,34.8,56.81,0.49999999999999994,0.8660254037844387,-0.433883739117558,-0.9009688679024191,1,0,63.56
00002_03-01-2025-18.32,157.0,-34.8,56.81,-4.8,75.94,25.2,56.49,62.4,36.42,0.49999999999999994,0.8660254037844387,-0.433883739117558,-0.9009688679024191,1,0,35.1
00009_03-01-2025-19.29,172.0,-61.8,75.94,-31.8,56.49,5.4,36.42,36.0,51.46,0.49999999999999994,0.8660254037844387,-0.433883739117558,-0.9009688679024191,1,0,59.26
00009_03-01-2025-20.22,172.0,-48.0,36.42,-17.4,51.46,4.8,57.33,45.0,71.44,0.49999999999999994,0.8660254037844387,-0.433883739117558,-0.9009688679024191,1,0,52.31
00005_03-01-2025-21.02,172.0,-57.0,51.46,-34.8,57.33,5.4,71.44,565.2,25.35,0.49999999999999994,0.8660254037844387,-0.433883739117558,-0.9009688679024191,0,1,41.42
00005_04-01-2025-07.02,172.0,-594.6,71.44,-34.8,25.35,25.2,53.8,85.2,34.64,0.49999999999999994,0.8660254037844387,-0.9749279121818236,-0.2225209339563146,0,1,33.84
00009_04-01-2025-08.07,172.0,-100.2,25.35,-40.2,53.8,19.8,34.64,49.8,56.77,0.49999999999999994,0.8660254037844387,-0.9749279121818236,-0.2225209339563146,1,0,19.88
00009_04-01-2025-09.22,172.0,-55.2,34.64,-25.2,56.77,4.8,48.38,64.8,48.03,0.49999999999999994,0.8660254037844387,-0.9749279121818236,-0.2225209339563146,1,0,27.59
00009_04-01-2025-09.57,172.0,-60.0,56.77,-30.0,48.38,30.0,48.03,90.0,47.23,0.49999999999999994,0.8660254037844387,-0.9749279121818236,-0.2225209339563146,1,0,59.55
00011_04-01-2025-10.02,182.0,-64.8,56.77,-34.8,48.38,25.2,48.03,85.2,47.23,0.49999999999999994,0.8660254037844387,-0.9749279121818236,-0.2225209339563146,0,1,34.12
00009_04-01-2025-11.22,172.0,-115.2,48.38,-55.2,48.03,4.8,47.23,64.8,63.47,0.49999999999999994,0.8660254037844387,-0.9749279121818236,-0.2225209339563146,1,0,49.9
00009_04-01-2025-12.22,172.0,-115.2,48.03,-55.2,47.23,4.8,63.47,55.8,82.74,0.49999999999999994,0.8660254037844387,-0.9749279121818236,-0.2225209339563146,1,0,43.92
00015_04-01-2025-14.12,157.0,-105.0,63.47,-54.0,82.74,75.0,32.95,135.0,96.52,0.49999999999999994,0.8660254037844387,-0.9749279121818236,-0.2225209339563146,0,1,15.47
00017_04-01-2025-14.42,179.0,-135.0,63.47,-84.0,82.74,45.0,32.95,105.0,96.52,0.49999999999999994,0.8660254037844387,-0.9749279121818236,-0.2225209339563146,1,0,33.08
00002_04-01-2025-16.37,157.0,-70.2,32.95,-10.2,96.52,49.8,20.88,109.8,98.52,0.49999999999999994,0.8660254037844387,-0.9749279121818236,-0.2225209339563146,1,0,32.16
00015_04-01-2025-17.17,157.0,-109.8,32.95,-49.8,96.52,10.2,20.88,70.2,98.52,0.49999999999999994,0.8660254037844387,-0.9749279121818236,-0.2225209339563146,0,1,35.8
00009_04-01-2025-19.29,172.0,-121.8,20.88,-61.8,98.52,5.4,27.13,58.2,22.11,0.49999999999999994,0.8660254037844387,-0.9749279121818236,-0.2225209339563146,1,0,27.54
00009_04-01-2025-20.22,172.0,-115.2,98.52,-48.0,27.13,4.8,22.11,604.8,50.92,0.49999999999999994,0.8660254037844387,-0.9749279121818236,-0.2225209339563146,1,0,50.94
00005_04-01-2025-21.02,172.0,-87.6,27.13,-34.8,22.11,565.2,50.92,625.2,57.06,0.49999999999999994,0.8660254037844387,-0.9749279121818236,-0.2225209339563146,0,1,27.09
00005_05-01-2025-07.02,172.0,-634.8,22.11,-34.8,50.92,25.2,57.06,85.2,81.47,0.49999999999999994,0.8660254037844387,-0.7818314824680299,0.6234898018587334,0,1,29.34
00009_05-01-2025-08.07,172.0,-100.2,50.92,-40.2,57.06,19.8,81.47,79.8,32.06,0.49999999999999994,0.8660254037844387,-0.7818314824680299,0.6234898018587334,1,0,64.44
00009_05-01-2025-09.22,172.0,-115.2,57.06,-55.2,81.47,4.8,32.06,64.8,55.01,0.49999999999999994,0.8660254037844387,-0.7818314824680299,0.6234898018587334,1,0,32.64
00009_05-01-2025-09.57,172.0,-90.0,81.47,-30.0,32.06,30.0,55.01,90.0,156.58,0.49999999999999994,0.8660254037844387,-0.7818314824680299,0.6234898018587334,1,0,42.89
00011_05-01-2025-10.02,182.0,-94.8,81.47,-34.8,32.06,25.2,55.01,85.2,156.58,0.49999999999999994,0.8660254037844387,-0.7818314824680299,0.6234898018587334,0,1,52.98
00009_05-01-2025-11.22,172.0,-115.2,32.06,-55.2,55.01,4.8,156.58,64.8,48.2,0.49999999999999994,0.8660254037844387,-0.7818314824680299,0.6234898018587334,1,0,75.76
00009_05-01-2025-12.22,172.0,-115.2,55.01,-55.2,156.58,4.8,48.2,55.8,55.14,0.49999999999999994,0.8660254037844387,-0.7818314824680299,0.6234898018587334,1,0,62.61
00009_05-01-2025-14.02,172.0,-94.8,48.2,-43.8,55.14,25.2,102.56,85.2,63.55,0.49999999999999994,0.8660254037844387,-0.7818314824680299,0.6234898018587334,1,0,68.29
00015_05-01-2025-14.12,157.0,-105.0,48.2,-54.0,55.14,15.0,102.56,75.0,63.55,0.49999999999999994,0.8660254037844387,-0.7818314824680299,0.6234898018587334,0,1,55.99
00017_05-01-2025-14.42,179.0,-84.0,55.14,-15.0,102.56,45.0,63.55,105.0,80.51,0.49999999999999994,0.8660254037844387,-0.7818314824680299,0.6234898018587334,1,0,90.6
00002_05-01-2025-16.37,157.0,-70.2,63.55,-10.2,80.51,19.8,92.93,49.8,56.8,0.49999999999999994,0.8660254037844387,-0.7818314824680299,0.6234898018587334,1,0,92.04
00015_05-01-2025-17.17,157.0,-49.8,80.51,-19.8,92.93,10.2,56.8,40.2,77.77,0.49999999999999994,0.8660254037844387,-0.7818314824680299,0.6234898018587334,0,1,48.72
00009_05-01-2025-17.22,172.0,-55.2,80.51,-25.2,92.93,4.8,56.8,34.8,77.77,0.49999999999999994,0.8660254037844387,-0.7818314824680299,0.6234898018587334,1,0,72.19
00002_05-01-2025-18.32,157.0,-34.8,77.77,-4.8,110.04,25.2,106.95,62.4,91.22,0.49999999999999994,0.8660254037844387,-0.7818314824680299,0.6234898018587334,1,0,96.02
00009_05-01-2025-19.29,172.0,-61.8,110.04,-31.8,106.95,5.4,91.22,36.0,73.69,0.49999999999999994,0.8660254037844387,-0.7818314824680299,0.6234898018587334,1,0,106.97
00009_05-01-2025-20.22,172.0,-48.0,91.22,-17.4,73.69,4.8,94.6,45.0,123.06,0.49999999999999994,0.8660254037844387,-0.7818314824680299,0.6234898018587334,1,0,81.03
00005_05-01-2025-21.02,172.0,-57.0,73.69,-34.8,94.6,5.4,123.06,550.2,27.55,0.49999999999999994,0.8660254037844387,-0.7818314824680299,0.6234898018587334,0,1,78.29
00002_06-01-2025-06.22,157.0,-555.0,123.06,-10.2,27.55,4.8,45.97,34.8,43.31,0.49999999999999994,0.8660254037844387,0.0,1.0,1,0,36.3
00005_06-01-2025-07.02,172.0,-34.8,45.97,-4.8,43.31,25.2,50.13,55.2,69.1,0.49999999999999994,0.8660254037844387,0.0,1.0,0,1,23.59
00002_06-01-2025-07.22,157.0,-55.2,45.97,-25.2,43.31,4.8,50.13,34.8,69.1,0.49999999999999994,0.8660254037844387,0.0,1.0,1,0,45.58
00002_06-01-2025-08.32,157.0,-34.8,69.1,-4.8,63.8,25.2,51.13,55.2,85.59,0.49999999999999994,0.8660254037844387,0.0,1.0,1,0,45.65
00009_06-01-2025-09.22,172.0,-55.2,63.8,-25.2,51.13,4.8,85.59,64.8,33.53,0.49999999999999994,0.8660254037844387,0.0,1.0,1,0,64.06
00009_06-01-2025-09.57,172.0,-60.0,51.13,-30.0,85.59,30.0,33.53,90.0,43.34,0.49999999999999994,0.8660254037844387,0.0,1.0,1,0,52.38
00011_06-01-2025-10.02,182.0,-64.8,51.13,-34.8,85.59,25.2,33.53,85.2,43.34,0.49999999999999994,0.8660254037844387,0.0,1.0,0,1,31.36
00009_06-01-2025-11.22,172.0,-115.2,85.59,-55.2,33.53,4.8,43.34,64.8,39.53,0.49999999999999994,0.8660254037844387,0.0,1.0,1,0,25.63
00009_06-01-2025-12.22,172.0,-115.2,33.53,-55.2,43.34,4.8,39.53,34.8,46.34,0.49999999999999994,0.8660254037844387,0.0,1.0,1,0,10.48
00009_06-01-2025-14.02,172.0,-64.8,46.34,-43.8,68.94,25.2,30.55,55.2,34.86,0.49999999999999994,0.8660254037844387,0.0,1.0,1,0,27.93
00015_06-01-2025-14.12,157.0,-75.0,46.34,-54.0,68.94,15.0,30.55,45.0,34.86,0.49999999999999994,0.8660254037844387,0.0,1.0,0,1,38.34
00017_06-01-2025-14.42,179.0,-84.0,68.94,-15.0,30.55,15.0,34.86,45.0,33.76,0.49999999999999994,0.8660254037844387,0.0,1.0,1,0,67.94
00002_06-01-2025-16.37,157.0,-40.2,33.14,-10.2,72.22,19.8,55.18,49.8,69.65,0.49999999999999994,0.8660254037844387,0.0,1.0,1,0,22.28
00015_06-01-2025-17.17,157.0,-49.8,72.22,-19.8,55.18,10.2,69.65,40.2,30.43,0.49999999999999994,0.8660254037844387,0.0,1.0,0,1,33.71
00009_06-01-2025-17.22,172.0,-55.2,72.22,-25.2,55.18,4.8,69.65,34.8,30.43,0.49999999999999994,0.8660254037844387,0.0,1.0,1,0,30.97
00002_06-01-2025-18.32,157.0,-34.8,30.43,-4.8,64.75,25.2,43.57,62.4,23.35,0.49999999999999994,0.8660254037844387,0.0,1.0,1,0,34.07
00009_06-01-2025-19.29,172.0,-61.8,64.75,-31.8,43.57,5.4,23.35,36.0,14.7,0.49999999999999994,0.8660254037844387,0.0,1.0,1,0,50.68
00009_06-01-2025-20.22,172.0,-48.0,23.35,-17.4,14.7,4.8,20.02,45.0,34.76,0.49999999999999994,0.8660254037844387,0.0,1.0,1,0,33.58
00005_06-01-2025-21.02,172.0,-57.0,14.7,-34.8,20.02,5.4,34.76,550.2,34.92,0.49999999999999994,0.8660254037844387,0.0,1.0,0,1,17.31
00002_07-01-2025-06.22,157.0,-555.0,34.76,-10.2,34.92,4.8,45.97,34.8,107.12,0.49999999999999994,0.8660254037844387,0.7818314824680298,0.6234898018587336,1,0,20.25
00005_07-01-2025-07.02,172.0,-34.8,45.97,-4.8,107.12,25.2,30.61,55.2,34.59,0.49999999999999994,0.8660254037844387,0.7818314824680298,0.6234898018587336,0,1,43.12
00002_07-01-2025-07.22,157.0,-55.2,45.97,-25.2,107.12,4.8,30.61,34.8,34.59,0.49999999999999994,0.8660254037844387,0.7818314824680298,0.6234898018587336,1,0,21.22
00002_07-01-2025-08.32,157.0,-34.8,34.59,-4.8,67.1,25.2,26.05,55.2,76.61,0.49999999999999994,0.8660254037844387,0.7818314824680298,0.6234898018587336,1,0,23.34
00009_07-01-2025-09.22,172.0,-55.2,67.1,-25.2,26.05,4.8,76.61,64.8,35.34,0.49999999999999994,0.8660254037844387,0.7818314824680298,0.6234898018587336,1,0,31.76
00009_07-01-2025-09.57,172.0,-60.0,26.05,-30.0,76.61,30.0,35.34,90.0,40.56,0.49999999999999994,0.8660254037844387,0.7818314824680298,0.6234898018587336,1,0,20.94
00011_07-01-2025-10.02,182.0,-64.8,26.05,-34.8,76.61,25.2,35.34,85.2,40.56,0.49999999999999994,0.8660254037844387,0.7818314824680298,0.6234898018587336,0,1,36.84
00009_07-01-2025-11.22,172.0,-115.2,76.61,-55.2,35.34,4.8,40.56,64.8,47.54,0.49999999999999994,0.8660254037844387,0.7818314824680298,0.6234898018587336,1,0,26.74
00009_07-01-2025-12.22,172.0,-115.2,35.34,-55.2,40.56,4.8,47.54,34.8,42.95,0.49999999999999994,0.8660254037844387,0.7818314824680298,0.6234898018587336,1,0,38.5
00009_07-01-2025-14.02,172.0,-64.8,42.95,-43.8,48.24,25.2,81.53,55.2,30.63,0.49999999999999994,0.8660254037844387,0.7818314824680298,0.6234898018587336,1,0,34.91
00015_07-01-2025-14.12,157.0,-75.0,42.95,-54.0,48.24,15.0,81.53,45.0,30.63,0.49999999999999994,0.8660254037844387,0.7818314824680298,0.6234898018587336,0,1,24.39
00017_07-01-2025-14.42,179.0,-84.0,48.24,-15.0,81.53,15.0,30.63,45.0,28.42,0.49999999999999994,0.8660254037844387,0.7818314824680298,0.6234898018587336,1,0,50.29
00002_07-01-2025-16.37,157.0,-40.2,31.44,-10.2,35.82,19.8,75.75,49.8,63.53,0.49999999999999994,0.8660254037844387,0.7818314824680298,0.6234898018587336,1,0,34.34
00015_07-01-2025-17.17,157.0,-49.8,35.82,-19.8,75.75,10.2,63.53,40.2,73.26,0.49999999999999994,0.8660254037844387,0.7818314824680298,0.6234898018587336,0,1,38.32
00009_07-01-2025-17.22,172.0,-55.2,35.82,-25.2,75.75,4.8,63.53,34.8,73.26,0.49999999999999994,0.8660254037844387,0.7818314824680298,0.6234898018587336,1,0,55.47
00002_07-01-2025-18.32,157.0,-34.8,73.26,-4.8,48.07,25.2,24.67,62.4,28.86,0.49999999999999994,0.8660254037844387,0.7818314824680298,0.6234898018587336,1,0,14.53
00009_07-01-2025-19.29,172.0,-61.8,48.07,-31.8,24.67,5.4,28.86,36.0,46.89,0.49999999999999994,0.8660254037844387,0.7818314824680298,0.6234898018587336,1,0,36.06
00009_07-01-2025-20.22,172.0,-48.0,28.86,-17.4,46.89,4.8,41.96,45.0,48.37,0.49999999999999994,0.8660254037844387,0.7818314824680298,0.6234898018587336,1,0,35.75
00005_07-01-2025-21.02,172.0,-57.0,46.89,-34.8,41.96,5.4,48.37,550.2,31.96,0.49999999999999994,0.8660254037844387,0.7818314824680298,0.6234898018587336,0,1,35.59
00002_08-01-2025-06.22,157.0,-555.0,48.37,-10.2,31.96,4.8,33.63,34.8,98.41,0.49999999999999994,0.8660254037844387,0.9749279121818236,-0.22252093395631434,1,0,10.0
00005_08-01-2025-07.02,172.0,-34.8,33.63,-4.8,98.41,25.2,39.22,55.2,50.9,0.49999999999999994,0.8660254037844387,0.9749279121818236,-0.22252093395631434,0,1,31.53
00002_08-01-2025-07.22,157.0,-55.2,33.63,-25.2,98.41,4.8,39.22,34.8,50.9,0.49999999999999994,0.8660254037844387,0.9749279121818236,-0.22252093395631434,1,0,30.62
00002_08-01-2025-08.32,157.0,-34.8,50.9,-4.8,90.56,25.2,57.17,55.2,81.65,0.49999999999999994,0.8660254037844387,0.9749279121818236,-0.22252093395631434,1,0,42.78
00009_08-01-2025-09.22,172.0,-55.2,90.56,-25.2,57.17,4.8,81.65,64.8,49.13,0.49999999999999994,0.8660254037844387,0.9749279121818236,-0.22252093395631434,1,0,46.59
00009_08-01-2025-09.57,172.0,-60.0,57.17,-30.0,81.65,30.0,49.13,90.0,31.77,0.49999999999999994,0.8660254037844387,0.9749279121818236,-0.22252093395631434,1,0,24.92
00011_08-01-2025-10.02,182.0,-64.8,57.17,-34.8,81.65,25.2,49.13,85.2,31.77,0.49999999999999994,0.8660254037844387,0.9749279121818236,-0.22252093395631434,0,1,42.05
00009_08-01-2025-11.22,172.0,-115.2,81.65,-55.2,49.13,4.8,31.77,64.8,41.88,0.49999999999999994,0.8660254037844387,0.9749279121818236,-0.22252093395631434,1,0,17.58
00009_08-01-2025-12.22,172.0,-115.2,49.13,-55.2,31.77,4.8,41.88,34.8,46.52,0.49999999999999994,0.8660254037844387,0.9749279121818236,-0.22252093395631434,1,0,34.38
00009_08-01-2025-14.02,172.0,-64.8,46.52,-43.8,48.24,25.2,34.22,55.2,45.63,0.49999999999999994,0.8660254037844387,0.9749279121818236,-0.22252093395631434,1,0,21.93
00015_08-01-2025-14.12,157.0,-75.0,46.52,-54.0,48.24,15.0,34.22,45.0,45.63,0.49999999999999994,0.8660254037844387,0.9749279121818236,-0.22252093395631434,0,1,37.95
00017_08-01-2025-14.42,179.0,-84.0,48.24,-15.0,34.22,15.0,45.63,45.0,34.12,0.49999999999999994,0.8660254037844387,0.9749279121818236,-0.22252093395631434,1,0,35.27
00002_08-01-2025-16.37,157.0,-40.2,55.98,-10.2,51.87,19.8,133.02,49.8,41.01,0.49999999999999994,0.8660254037844387,0.9749279121818236,-0.22252093395631434,1,0,43.38
00015_08-01-2025-17.17,157.0,-49.8,51.87,-19.8,133.02,10.2,41.01,40.2,56.06,0.49999999999999994,0.8660254037844387,0.9749279121818236,-0.22252093395631434,0,1,40.15
00009_08-01-2025-17.22,172.0,-55.2,51.87,-25.2,133.02,4.8,41.01,34.8,56.06,0.49999999999999994,0.8660254037844387,0.9749279121818236,-0.22252093395631434,1,0,28.41
00002_08-01-2025-18.32,157.0,-34.8,56.06,-4.8,80.84,25.2,119.64,62.4,29.31,0.49999999999999994,0.8660254037844387,0.9749279121818236,-0.22252093395631434,1,0,52.33
00009_08-01-2025-19.29,172.0,-61.8,80.84,-31.8,119.64,5.4,29.31,36.0,57.57,0.49999999999999994,0.8660254037844387,0.9749279121818236,-0.22252093395631434,1,0,39.97
00009_08-01-2025-20.22,172.0,-48.0,29.31,-17.4,57.57,4.8,49.9,45.0,59.14,0.49999999999999994,0.8660254037844387,0.9749279121818236,-0.22252093395631434,1,0,43.15
00005_08-01-2025-21.02,172.0,-57.0,57.57,-34.8,49.9,5.4,59.14,550.2,32.98,0.49999999999999994,0.8660254037844387,0.9749279121818236,-0.22252093395631434,0,1,35.04
00002_09-01-2025-06.22,157.0,-555.0,59.14,-10.2,32.98,4.8,51.81,34.8,57.82,0.49999999999999994,0.8660254037844387,0.43388373911755823,-0.900968867902419,1,0,26.47
00005_09-01-2025-07.02,172.0,-34.8,51.81,-4.8,57.82,25.2,35.26,55.2,55.31,0.49999999999999994,0.8660254037844387,0.43388373911755823,-0.900968867902419,0,1,36.45
00002_09-01-2025-07.22,157.0,-55.2,51.81,-25.2,57.82,4.8,35.26,34.8,55.31,0.49999999999999994,0.8660254037844387,0.43388373911755823,-0.900968867902419,1,0,19.23
00002_09-01-2025-08.32,157.0,-34.8,55.31,-4.8,72.19,25.2,63.98,55.2,44.81,0.49999999999999994,0.8660254037844387,0.43388373911755823,-0.900968867902419,1,0,45.75
00009_09-01-2025-09.22,172.0,-55.2,72.19,-25.2,63.98,4.8,44.81,64.8,59.32,0.49999999999999994,0.8660254037844387,0.43388373911755823,-0.900968867902419,1,0,45.36
00009_09-01-2025-09.57,172.0,-60.0,63.98,-30.0,44.81,30.0,59.32,90.0,51.93,0.49999999999999994,0.8660254037844387,0.43388373911755823,-0.900968867902419,1,0,50.74
00011_09-01-2025-10.02,182.0,-64.8,63.98,-34.8,44.81,25.2,59.32,85.2,51.93,0.49999999999999994,0.8660254037844387,0.43388373911755823,-0.900968867902419,0,1,53.4
00009_09-01-2025-11.22,172.0,-115.2,44.81,-55.2,59.32,4.8,51.93,64.8,44.79,0.49999999999999994,0.8660254037844387,0.43388373911755823,-0.900968867902419,1,0,74.65
00009_09-01-2025-12.22,172.0,-115.2,59.32,-55.2,51.93,4.8,44.79,34.8,33.19,0.49999999999999994,0.8660254037844387,0.43388373911755823,-0.900968867902419,1,0,61.11
00002_09-01-2025-16.37,157.0,-40.2,91.23,-10.2,59.03,19.8,137.11,49.8,81.24,0.49999999999999994,0.8660254037844387,0.43388373911755823,-0.900968867902419,1,0,49.13
00015_09-01-2025-17.17,157.0,-49.8,59.03,-19.8,137.11,10.2,81.24,40.2,51.22,0.49999999999999994,0.8660254037844387,0.43388373911755823,-0.900968867902419,0,1,53.39
00009_09-01-2025-17.22,172.0,-55.2,59.03,-25.2,137.11,4.8,81.24,34.8,51.22,0.49999999999999994,0.8660254037844387,0.43388373911755823,-0.900968867902419,1,0,50.87
00002_09-01-2025-18.32,157.0,-34.8,51.22,-4.8,64.31,25.2,77.77,62.4,35.39,0.49999999999999994,0.8660254037844387,0.43388373911755823,-0.900968867902419,1,0,34.79
00009_09-01-2025-19.29,172.0,-61.8,64.31,-31.8,77.77,5.4,35.39,36.0,39.61,0.49999999999999994,0.8660254037844387,0.43388373911755823,-0.900968867902419,1,0,40.13
00009_09-01-2025-20.22,172.0,-48.0,35.39,-17.4,39.61,4.8,52.44,45.0,60.18,0.49999999999999994,0.8660254037844387,0.43388373911755823,-0.900968867902419,1,0,48.27
00005_09-01-2025-21.02,172.0,-57.0,39.61,-34.8,52.44,5.4,60.18,565.2,21.36,0.49999999999999994,0.8660254037844387,0.43388373911755823,-0.900968867902419,0,1,54.56
00002_10-01-2025-06.22,157.0,-595.2,52.44,-555.0,60.18,4.8,21.36,34.8,53.32,0.49999999999999994,0.8660254037844387,-0.433883739117558,-0.9009688679024191,1,0,18.63
00005_10-01-2025-07.02,172.0,-34.8,21.36,-4.8,53.32,25.2,67.74,55.2,64.14,0.49999999999999994,0.8660254037844387,-0.433883739117558,-0.9009688679024191,0,1,23.29
00002_10-01-2025-07.22,157.0,-55.2,21.36,-25.2,53.32,4.8,67.74,34.8,64.14,0.49999999999999994,0.8660254037844387,-0.433883739117558,-0.9009688679024191,1,0,50.69
00002_10-01-2025-08.32,157.0,-64.8,67.74,-34.8,64.14,25.2,122.76,55.2,75.58,0.49999999999999994,0.8660254037844387,-0.433883739117558,-0.9009688679024191,1,0,42.05
00009_10-01-2025-09.22,172.0,-85.2,64.14,-25.2,122.76,4.8,75.58,64.8,49.72,0.49999999999999994,0.8660254037844387,-0.433883739117558,-0.9009688679024191,1,0,55.81
00009_10-01-2025-09.57,172.0,-60.0,122.76,-30.0,75.58,30.0,49.72,90.0,109.92,0.49999999999999994,0.8660254037844387,-0.433883739117558,-0.9009688679024191,1,0,68.97
00011_10-01-2025-10.02,182.0,-64.8,122.76,-34.8,75.58,25.2,49.72,85.2,109.92,0.49999999999999994,0.8660254037844387,-0.433883739117558,-0.9009688679024191,0,1,52.42
00009_10-01-2025-11.22,172.0,-115.2,75.58,-55.2,49.72,4.8,109.92,64.8,54.56,0.49999999999999994,0.8660254037844387,-0.433883739117558,-0.9009688679024191,1,0,70.79
00009_10-01-2025-12.22,172.0,-115.2,49.72,-55.2,109.92,4.8,54.56,34.8,89.3,0.49999999999999994,0.8660254037844387,-0.433883739117558,-0.9009688679024191,1,0,36.57
00009_10-01-2025-14.02,172.0,-43.8,55.14,-4.8,98.58,25.2,100.33,55.2,92.06,0.49999999999999994,0.8660254037844387,-0.433883739117558,-0.9009688679024191,1,0,64.34
00015_10-01-2025-14.12,157.0,-54.0,55.14,-15.0,98.58,15.0,100.33,45.0,92.06,0.49999999999999994,0.8660254037844387,-0.433883739117558,-0.9009688679024191,0,1,39.94
00017_10-01-2025-14.42,179.0,-45.0,98.58,-15.0,100.33,15.0,92.06,45.0,49.69,0.49999999999999994,0.8660254037844387,-0.433883739117558,-0.9009688679024191,1,0,87.29
00002_10-01-2025-16.37,157.0,-40.2,102.17,-10.2,89.78,19.8,102.55,49.8,52.89,0.49999999999999994,0.8660254037844387,-0.433883739117558,-0.9009688679024191,1,0,63.48
00015_10-01-2025-17.17,157.0,-49.8,89.78,-19.8,102.55,10.2,52.89,40.2,64.73,0.49999999999999994,0.8660254037844387,-0.433883739117558,-0.9009688679024191,0,1,43.22
00009_10-01-2025-17.22,172.0,-55.2,89.78,-25.2,102.55,4.8,52.89,34.8,64.73,0.49999999999999994,0.8660254037844387,-0.433883739117558,-0.9009688679024191,1,0,77.5
00002_10-01-2025-18.32,157.0,-34.8,64.73,-4.8,69.95,25.2,59.94,62.4,35.84,0.49999999999999994,0.8660254037844387,-0.433883739117558,-0.9009688679024191,1,0,38.68
00009_10-01-2025-19.29,172.0,-61.8,69.95,-31.8,59.94,5.4,35.84,36.0,72.57,0.49999999999999994,0.8660254037844387,-0.433883739117558,-0.9009688679024191,1,0,47.16
00009_10-01-2025-20.22,172.0,-48.0,35.84,-17.4,72.57,4.8,52.33,45.0,73.57,0.49999999999999994,0.8660254037844387,-0.433883739117558,-0.9009688679024191,1,0,38.69
00005_10-01-2025-21.02,172.0,-57.0,72.57,-34.8,52.33,5.4,73.57,565.2,34.11,0.49999999999999994,0.8660254037844387,-0.433883739117558,-0.9009688679024191,0,1,37.32
00005_11-01-2025-07.02,172.0,-594.6,73.57,-34.8,34.11,25.2,69.29,85.2,71.69,0.49999999999999994,0.8660254037844387,-0.9749279121818236,-0.2225209339563146,0,1,43.13
00009_11-01-2025-08.07,172.0,-100.2,34.11,-40.2,69.29,19.8,71.69,49.8,60.17,0.49999999999999994,0.8660254037844387,-0.9749279121818236,-0.2225209339563146,1,0,21.64
00009_11-01-2025-09.22,172.0,-55.2,71.69,-25.2,60.17,4.8,75.12,64.8,49.22,0.49999999999999994,0.8660254037844387,-0.9749279121818236,-0.2225209339563146,1,0,29.4
00009_11-01-2025-09.57,172.0,-60.0,60.17,-30.0,75.12,30.0,49.22,90.0,51.71,0.49999999999999994,0.8660254037844387,-0.9749279121818236,-0.2225209339563146,1,0,35.41
00011_11-01-2025-10.02,182.0,-64.8,60.17,-34.8,75.12,25.2,49.22,85.2,51.71,0.49999999999999994,0.8660254037844387,-0.9749279121818236,-0.2225209339563146,0,1,30.9
00009_11-01-2025-11.22,172.0,-115.2,75.12,-55.2,49.22,4.8,51.71,64.8,55.84,0.49999999999999994,0.8660254037844387,-0.9749279121818236,-0.2225209339563146,1,0,39.63
00009_11-01-2025-12.22,172.0,-115.2,49.22,-55.2,51.71,4.8,55.84,55.8,82.74,0.49999999999999994,0.8660254037844387,-0.9749279121818236,-0.2225209339563146,1,0,33.22
00015_11-01-2025-14.12,157.0,-105.0,55.84,-54.0,82.74,75.0,28.96,135.0,97.28,0.49999999999999994,0.8660254037844387,-0.9749279121818236,-0.2225209339563146,0,1,26.13
00017_11-01-2025-14.42,179.0,-135.0,55.84,-84.0,82.74,45.0,28.96,105.0,97.28,0.49999999999999994,0.8660254037844387,-0.9749279121818236,-0.2225209339563146,1,0,27.7
00002_11-01-2025-16.37,157.0,-70.2,28.96,-10.2,97.28,49.8,21.43,109.8,96.73,0.49999999999999994,0.8660254037844387,-0.9749279121818236,-0.2225209339563146,1,0,35.87
00015_11-01-2025-17.17,157.0,-109.8,28.96,-49.8,97.28,10.2,21.43,70.2,96.73,0.49999999999999994,0.8660254037844387,-0.9749279121818236,-0.2225209339563146,0,1,25.38
00009_11-01-2025-19.29,172.0,-121.8,21.43,-61.8,96.73,5.4,21.9,58.2,36.95,0.49999999999999994,0.8660254037844387,-0.9749279121818236,-0.2225209339563146,1,0,31.65
00009_11-01-2025-20.22,172.0,-115.2,96.73,-48.0,21.9,4.8,36.95,604.8,44.19,0.49999999999999994,0.8660254037844387,-0.9749279121818236,-0.2225209339563146,1,0,17.71
00005_11-01-2025-21.02,172.0,-87.6,21.9,-34.8,36.95,565.2,44.19,625.2,57.25,0.49999999999999994,0.8660254037844387,-0.9749279121818236,-0.2225209339563146,0,1,32.82
00005_12-01-2025-07.02,172.0,-634.8,36.95,-34.8,44.19,25.2,57.25,85.2,84.05,0.49999999999999994,0.8660254037844387,-0.7818314824680299,0.6234898018587334,0,1,38.92
00009_12-01-2025-08.07,172.0,-100.2,44.19,-40.2,57.25,19.8,84.05,79.8,53.97,0.49999999999999994,0.8660254037844387,-0.7818314824680299,0.6234898018587334,1,0,48.61
00009_12-01-2025-09.22,172.0,-115.2,57.25,-55.2,84.05,4.8,53.97,64.8,43.29,0.49999999999999994,0.8660254037844387,-0.7818314824680299,0.6234898018587334,1,0,28.34
00009_12-01-2025-09.57,172.0,-90.0,84.05,-30.0,53.97,30.0,43.29,90.0,147.22,0.49999999999999994,0.8660254037844387,-0.7818314824680299,0.6234898018587334,1,0,62.35
00011_12-01-2025-10.02,182.0,-94.8,84.05,-34.8,53.97,25.2,43.29,85.2,147.22,0.49999999999999994,0.8660254037844387,-0.7818314824680299,0.6234898018587334,0,1,55.73
00009_12-01-2025-11.22,172.0,-115.2,53.97,-55.2,43.29,4.8,147.22,64.8,61.2,0.49999999999999994,0.8660254037844387,-0.7818314824680299,0.6234898018587334,1,0,83.68
00009_12-01-2025-12.22,172.0,-115.2,43.29,-55.2,147.22,4.8,61.2,55.8,55.14,0.49999999999999994,0.8660254037844387,-0.7818314824680299,0.6234898018587334,1,0,65.85
00009_12-01-2025-14.02,172.0,-94.8,61.2,-43.8,55.14,25.2,89.36,85.2,72.16,0.49999999999999994,0.8660254037844387,-0.7818314824680299,0.6234898018587334,1,0,75.29
00015_12-01-2025-14.12,157.0,-105.0,61.2,-54.0,55.14,15.0,89.36,75.0,72.16,0.49999999999999994,0.8660254037844387,-0.7818314824680299,0.6234898018587334,0,1,59.43
00017_12-01-2025-14.42,179.0,-84.0,55.14,-15.0,89.36,45.0,72.16,105.0,71.37,0.49999999999999994,0.8660254037844387,-0.7818314824680299,0.6234898018587334,1,0,85.73
00002_12-01-2025-16.37,157.0,-70.2,72.16,-10.2,71.37,19.8,84.27,49.8,59.43,0.49999999999999994,0.8660254037844387,-0.7818314824680299,0.6234898018587334,1,0,92.69
00015_12-01-2025-17.17,157.0,-49.8,71.37,-19.8,84.27,10.2,59.43,40.2,76.97,0.49999999999999994,0.8660254037844387,-0.7818314824680299,0.6234898018587334,0,1,56.14
00009_12-01-2025-17.22,172.0,-55.2,71.37,-25.2,84.27,4.8,59.43,34.8,76.97,0.49999999999999994,0.8660254037844387,-0.7818314824680299,0.6234898018587334,1,0,85.85
00002_12-01-2025-18.32,157.0,-34.8,76.97,-4.8,86.3,25.2,125.46,62.4,72.75,0.49999999999999994,0.8660254037844387,-0.7818314824680299,0.6234898018587334,1,0,83.46
00009_12-01-2025-19.29,172.0,-61.8,86.3,-31.8,125.46,5.4,72.75,36.0,50.89,0.49999999999999994,0.8660254037844387,-0.7818314824680299,0.6234898018587334,1,0,88.5
00009_12-01-2025-20.22,172.0,-48.0,72.75,-17.4,50.89,4.8,80.12,45.0,125.19,0.49999999999999994,0.8660254037844387,-0.7818314824680299,0.6234898018587334,1,0,93.77
00005_12-01-2025-21.02,172.0,-57.0,50.89,-34.8,80.12,5.4,125.19,550.2,33.2,0.49999999999999994,0.8660254037844387,-0.7818314824680299,0.6234898018587334,0,1,82.06
00002_13-01-2025-06.22,157.0,-555.0,125.19,-10.2,33.2,4.8,49.04,34.8,60.65,0.49999999999999994,0.8660254037844387,0.0,1.0,1,0,44.47
00005_13-01-2025-07.02,172.0,-34.8,49.04,-4.8,60.65,25.2,48.82,55.2,62.9,0.49999999999999994,0.8660254037844387,0.0,1.0,0,1,59.35
00002_13-01-2025-07.22,157.0,-55.2,49.04,-25.2,60.65,4.8,48.82,34.8,62.9,0.49999999999999994,0.8660254037844387,0.0,1.0,1,0,31.99
00002_13-01-2025-08.32,157.0,-34.8,62.9,-4.8,63.47,25.2,47.48,55.2,73.76,0.49999999999999994,0.8660254037844387,0.0,1.0,1,0,28.52
00009_13-01-2025-09.22,172.0,-55.2,63.47,-25.2,47.48,4.8,73.76,64.8,33.09,0.49999999999999994,0.8660254037844387,0.0,1.0,1,0,50.08
00009_13-01-2025-09.57,172.0,-60.0,47.48,-30.0,73.76,30.0,33.09,90.0,44.01,0.49999999999999994,0.8660254037844387,0.0,1.0,1,0,39.45
00011_13-01-2025-10.02,182.0,-64.8,47.48,-34.8,73.76,25.2,33.09,85.2,44.01,0.49999999999999994,0.8660254037844387,0.0,1.0,0,1,23.35
00009_13-01-2025-11.22,172.0,-115.2,73.76,-55.2,33.09,4.8,44.01,64.8,52.73,0.49999999999999994,0.8660254037844387,0.0,1.0,1,0,29.93
00009_13-01-2025-12.22,172.0,-115.2,33.09,-55.2,44.01,4.8,52.73,34.8,28.71,0.49999999999999994,0.8660254037844387,0.0,1.0,1,0,15.44
00009_13-01-2025-14.02,172.0,-64.8,28.71,-43.8,68.94,25.2,29.32,55.2,36.91,0.49999999999999994,0.8660254037844387,0.0,1.0,1,0,39.57
00015_13-01-2025-14.12,157.0,-75.0,28.71,-54.0,68.94,15.0,29.32,45.0,36.91,0.49999999999999994,0.8660254037844387,0.0,1.0,0,1,20.3
00017_13-01-2025-14.42,179.0,-84.0,68.94,-15.0,29.32,15.0,36.91,45.0,34.66,0.49999999999999994,0.8660254037844387,0.0,1.0,1,0,47.59
00002_13-01-2025-16.37,157.0,-40.2,41.13,-10.2,61.94,19.8,46.61,49.8,64.38,0.49999999999999994,0.8660254037844387,0.0,1.0,1,0,48.11
00015_13-01-2025-17.17,157.0,-49.8,61.94,-19.8,46.61,10.2,64.38,40.2,47.68,0.49999999999999994,0.8660254037844387,0.0,1.0,0,1,27.43
00009_13-01-2025-17.22,172.0,-55.2,61.94,-25.2,46.61,4.8,64.38,34.8,47.68,0.49999999999999994,0.8660254037844387,0.0,1.0,1,0,35.78
00002_13-01-2025-18.32,157.0,-34.8,47.68,-4.8,53.39,25.2,36.12,62.4,24.29,0.49999999999999994,0.8660254037844387,0.0,1.0,1,0,34.36
00009_13-01-2025-19.29,172.0,-61.8,53.39,-31.8,36.12,5.4,24.29,36.0,20.44,0.49999999999999994,0.8660254037844387,0.0,1.0,1,0,29.15
00009_13-01-2025-20.22,172.0,-48.0,24.29,-17.4,20.44,4.8,10.0,45.0,31.86,0.49999999999999994,0.8660254037844387,0.0,1.0,1,0,20.58
00005_13-01-2025-21.02,172.0,-57.0,20.44,-34.8,10.0,5.4,31.86,550.2,33.92,0.49999999999999994,0.8660254037844387,0.0,1.0,0,1,44.99
00002_14-01-2025-06.22,157.0,-555.0,31.86,-10.2,33.92,4.8,31.11,34.8,115.48,0.49999999999999994,0.8660254037844387,0.7818314824680298,0.6234898018587336,1,0,27.63
00005_14-01-2025-07.02,172.0,-34.8,31.11,-4.8,115.48,25.2,35.42,55.2,41.79,0.49999999999999994,0.8660254037844387,0.7818314824680298,0.6234898018587336,0,1,51.62
00002_14-01-2025-07.22,157.0,-55.2,31.11,-25.2,115.48,4.8,35.42,34.8,41.79,0.49999999999999994,0.8660254037844387,0.7818314824680298,0.6234898018587336,1,0,35.38
00002_14-01-2025-08.32,157.0,-34.8,41.79,-4.8,86.89,25.2,36.5,55.2,49.4,0.49999999999999994,0.8660254037844387,0.7818314824680298,0.6234898018587336,1,0,43.54
00009_14-01-2025-09.22,172.0,-55.2,86.89,-25.2,36.5,4.8,49.4,64.8,34.06,0.49999999999999994,0.8660254037844387,0.7818314824680298,0.6234898018587336,1,0,36.36
00009_14-01-2025-09.57,172.0,-60.0,36.5,-30.0,49.4,30.0,34.06,90.0,29.93,0.49999999999999994,0.8660254037844387,0.7818314824680298,0.6234898018587336,1,0,28.85
00011_14-01-2025-10.02,182.0,-64.8,36.5,-34.8,49.4,25.2,34.06,85.2,29.93,0.49999999999999994,0.8660254037844387,0.7818314824680298,0.6234898018587336,0,1,30.25
00009_14-01-2025-11.22,172.0,-115.2,49.4,-55.2,34.06,4.8,29.93,64.8,51.71,0.49999999999999994,0.8660254037844387,0.7818314824680298,0.6234898018587336,1,0,29.83
00009_14-01-2025-12.22,172.0,-115.2,34.06,-55.2,29.93,4.8,51.71,34.8,47.74,0.49999999999999994,0.8660254037844387,0.7818314824680298,0.6234898018587336,1,0,58.64
00009_14-01-2025-14.02,172.0,-64.8,47.74,-43.8,48.24,25.2,52.25,55.2,37.0,0.49999999999999994,0.8660254037844387,0.7818314824680298,0.6234898018587336,1,0,27.84
00015_14-01-2025-14.12,157.0,-75.0,47.74,-54.0,48.24,15.0,52.25,45.0,37.0,0.49999999999999994,0.8660254037844387,0.7818314824680298,0.6234898018587336,0,1,34.36
00017_14-01-2025-14.42,179.0,-84.0,48.24,-15.0,52.25,15.0,37.0,45.0,29.64,0.49999999999999994,0.8660254037844387,0.7818314824680298,0.6234898018587336,1,0,46.05
00002_14-01-2025-16.37,157.0,-40.2,21.17,-10.2,40.19,19.8,53.16,49.8,47.35,0.49999999999999994,0.8660254037844387,0.7818314824680298,0.6234898018587336,1,0,47.32
00015_14-01-2025-17.17,157.0,-49.8,40.19,-19.8,53.16,10.2,47.35,40.2,67.57,0.49999999999999994,0.8660254037844387,0.7818314824680298,0.6234898018587336,0,1,47.06
00009_14-01-2025-17.22,172.0,-55.2,40.19,-25.2,53.16,4.8,47.35,34.8,67.57,0.49999999999999994,0.8660254037844387,0.7818314824680298,0.6234898018587336,1,0,40.59
00002_14-01-2025-18.32,157.0,-34.8,67.57,-4.8,46.84,25.2,32.62,62.4,30.82,0.49999999999999994,0.8660254037844387,0.7818314824680298,0.6234898018587336,1,0,40.65
00009_14-01-2025-19.29,172.0,-61.8,46.84,-31.8,32.62,5.4,30.82,36.0,38.52,0.49999999999999994,0.8660254037844387,0.7818314824680298,0.6234898018587336,1,0,25.16
00009_14-01-2025-20.22,172.0,-48.0,30.82,-17.4,38.52,4.8,25.49,45.0,30.2,0.49999999999999994,0.8660254037844387,0.7818314824680298,0.6234898018587336,1,0,31.78
00005_14-01-2025-21.02,172.0,-57.0,38.52,-34.8,25.49,5.4,30.2,550.2,35.32,0.49999999999999994,0.8660254037844387,0.7818314824680298,0.6234898018587336,0,1,36.83
00002_15-01-2025-06.22,157.0,-555.0,30.2,-10.2,35.32,4.8,39.48,34.8,94.08,0.49999999999999994,0.8660254037844387,0.9749279121818236,-0.22252093395631434,1,0,13.45
00005_15-01-2025-07.02,172.0,-34.8,39.48,-4.8,94.08,25.2,26.19,55.2,43.93,0.49999999999999994,0.8660254037844387,0.9749279121818236,-0.22252093395631434,0,1,41.24
00002_15-01-2025-07.22,157.0,-55.2,39.48,-25.2,94.08,4.8,26.19,34.8,43.93,0.49999999999999994,0.8660254037844387,0.9749279121818236,-0.22252093395631434,1,0,28.27
00002_15-01-2025-08.32,157.0,-34.8,43.93,-4.8,93.12,25.2,41.13,55.2,68.23,0.49999999999999994,0.8660254037844387,0.9749279121818236,-0.22252093395631434,1,0,39.17
00009_15-01-2025-09.22,172.0,-55.2,93.12,-25.2,41.13,4.8,68.23,64.8,43.56,0.49999999999999994,0.8660254037844387,0.9749279121818236,-0.22252093395631434,1,0,19.32
00009_15-01-2025-09.57,172.0,-60.0,41.13,-30.0,68.23,30.0,43.56,90.0,42.81,0.49999999999999994,0.8660254037844387,0.9749279121818236,-0.22252093395631434,1,0,43.9
00011_15-01-2025-10.02,182.0,-64.8,41.13,-34.8,68.23,25.2,43.56,85.2,42.81,0.49999999999999994,0.8660254037844387,0.9749279121818236,-0.22252093395631434,0,1,32.85
00009_15-01-2025-11.22,172.0,-115.2,68.23,-55.2,43.56,4.8,42.81,64.8,44.6,0.49999999999999994,0.8660254037844387,0.9749279121818236,-0.22252093395631434,1,0,59.92
00009_15-01-2025-12.22,172.0,-115.2,43.56,-55.2,42.81,4.8,44.6,34.8,44.43,0.49999999999999994,0.8660254037844387,0.9749279121818236,-0.22252093395631434,1,0,20.37
00009_15-01-2025-14.02,172.0,-64.8,44.43,-43.8,48.24,25.2,30.09,55.2,45.49,0.49999999999999994,0.8660254037844387,0.9749279121818236,-0.22252093395631434,1,0,34.1
00015_15-01-2025-14.12,157.0,-75.0,44.43,-54.0,48.24,15.0,30.09,45.0,45.49,0.49999999999999994,0.8660254037844387,0.9749279121818236,-0.22252093395631434,0,1,30.87
00017_15-01-2025-14.42,179.0,-84.0,48.24,-15.0,30.09,15.0,45.49,45.0,39.02,0.49999999999999994,0.8660254037844387,0.9749279121818236,-0.22252093395631434,1,0,39.32
00002_15-01-2025-16.37,157.0,-40.2,39.75,-10.2,62.92,19.8,151.66,49.8,52.7,0.49999999999999994,0.8660254037844387,0.9749279121818236,-0.22252093395631434,1,0,33.03
00015_15-01-2025-17.17,157.0,-49.8,62.92,-19.8,151.66,10.2,52.7,40.2,68.92,0.49999999999999994,0.8660254037844387,0.9749279121818236,-0.22252093395631434,0,1,60.68
00009_15-01-2025-17.22,172.0,-55.2,62.92,-25.2,151.66,4.8,52.7,34.8,68.92,0.49999999999999994,0.8660254037844387,0.9749279121818236,-0.22252093395631434,1,0,37.14
00002_15-01-2025-18.32,157.0,-34.8,68.92,-4.8,55.73,25.2,126.48,62.4,30.61,0.49999999999999994,0.8660254037844387,0.9749279121818236,-0.22252093395631434,1,0,32.6
00009_15-01-2025-19.29,172.0,-61.8,55.73,-31.8,126.48,5.4,30.61,36.0,61.29,0.49999999999999994,0.8660254037844387,0.9749279121818236,-0.22252093395631434,1,0,31.56
00009_15-01-2025-20.22,172.0,-48.0,30.61,-17.4,61.29,4.8,32.23,45.0,56.63,0.49999999999999994,0.8660254037844387,0.9749279121818236,-0.22252093395631434,1,0,49.04
00005_15-01-2025-21.02,172.0,-57.0,61.29,-34.8,32.23,5.4,56.63,550.2,25.01,0.49999999999999994,0.8660254037844387,0.9749279121818236,-0.22252093395631434,0,1,51.74
00002_16-01-2025-06.22,157.0,-555.0,56.63,-10.2,25.01,4.8,38.03,34.8,47.86,0.49999999999999994,0.8660254037844387,0.43388373911755823,-0.900968867902419,1,0,21.38
00005_16-01-2025-07.02,172.0,-34.8,38.03,-4.8,47.86,25.2,40.51,55.2,40.27,0.49999999999999994,0.8660254037844387,0.43388373911755823,-0.900968867902419,0,1,20.63
00002_16-01-2025-07.22,157.0,-55.2,38.03,-25.2,47.86,4.8,40.51,34.8,40.27,0.49999999999999994,0.8660254037844387,0.43388373911755823,-0.900968867902419,1,0,32.74
00002_16-01-2025-08.32,157.0,-34.8,40.27,-4.8,48.13,25.2,73.35,55.2,31.44,0.49999999999999994,0.8660254037844387,0.43388373911755823,-0.900968867902419,1,0,54.28
00009_16-01-2025-09.22,172.0,-55.2,48.13,-25.2,73.35,4.8,31.44,64.8,49.88,0.49999999999999994,0.8660254037844387,0.43388373911755823,-0.900968867902419,1,0,50.22
00009_16-01-2025-09.57,172.0,-60.0,73.35,-30.0,31.44,30.0,49.88,90.0,45.75,0.49999999999999994,0.8660254037844387,0.43388373911755823,-0.900968867902419,1,0,45.22
00011_16-01-2025-10.02,182.0,-64.8,73.35,-34.8,31.44,25.2,49.88,85.2,45.75,0.49999999999999994,0.8660254037844387,0.43388373911755823,-0.900968867902419,0,1,52.78
00009_16-01-2025-11.22,172.0,-115.2,31.44,-55.2,49.88,4.8,45.75,64.8,52.55,0.49999999999999994,0.8660254037844387,0.43388373911755823,-0.900968867902419,1,0,67.29
00009_16-01-2025-12.22,172.0,-115.2,49.88,-55.2,45.75,4.8,52.55,34.8,68.29,0.49999999999999994,0.8660254037844387,0.43388373911755823,-0.900968867902419,1,0,49.64
00002_16-01-2025-16.37,157.0,-40.2,108.82,-10.2,69.88,19.8,140.34,49.8,109.04,0.49999999999999994,0.8660254037844387,0.43388373911755823,-0.900968867902419,1,0,47.61
00015_16-01-2025-17.17,157.0,-49.8,69.88,-19.8,140.34,10.2,109.04,40.2,58.49,0.49999999999999994,0.8660254037844387,0.43388373911755823,-0.900968867902419,0,1,55.58
00009_16-01-2025-17.22,172.0,-55.2,69.88,-25.2,140.34,4.8,109.04,34.8,58.49,0.49999999999999994,0.8660254037844387,0.43388373911755823,-0.900968867902419,1,0,66.12
00002_16-01-2025-18.32,157.0,-34.8,58.49,-4.8,62.3,25.2,70.78,62.4,34.29,0.49999999999999994,0.8660254037844387,0.43388373911755823,-0.900968867902419,1,0,38.11
00009_16-01-2025-19.29,172.0,-61.8,62.3,-31.8,70.78,5.4,34.29,36.0,59.6,0.49999999999999994,0.8660254037844387,0.43388373911755823,-0.900968867902419,1,0,31.14
00009_16-01-2025-20.22,172.0,-48.0,34.29,-17.4,59.6,4.8,45.27,45.0,49.46,0.49999999999999994,0.8660254037844387,0.43388373911755823,-0.900968867902419,1,0,30.6
00005_16-01-2025-21.02,172.0,-57.0,59.6,-34.8,45.27,5.4,49.46,565.2,23.15,0.49999999999999994,0.8660254037844387,0.43388373911755823,-0.900968867902419,0,1,44.49
00002_17-01-2025-06.22,157.0,-595.2,45.27,-555.0,49.46,4.8,23.15,34.8,63.9,0.49999999999999994,0.8660254037844387,-0.433883739117558,-0.9009688679024191,1,0,13.91
00005_17-01-2025-07.02,172.0,-34.8,23.15,-4.8,63.9,25.2,72.08,55.2,53.57,0.49999999999999994,0.8660254037844387,-0.433883739117558,-0.9009688679024191,0,1,39.2
00002_17-01-2025-07.22,157.0,-55.2,23.15,-25.2,63.9,4.8,72.08,34.8,53.57,0.49999999999999994,0.8660254037844387,-0.433883739117558,-0.9009688679024191,1,0,44.53
00002_17-01-2025-08.32,157.0,-64.8,72.08,-34.8,53.57,25.2,113.07,55.2,72.65,0.49999999999999994,0.8660254037844387,-0.433883739117558,-0.9009688679024191,1,0,40.36
00009_17-01-2025-09.22,172.0,-85.2,53.57,-25.2,113.07,4.8,72.65,64.8,58.94,0.49999999999999994,0.8660254037844387,-0.433883739117558,-0.9009688679024191,1,0,40.4
00009_17-01-2025-09.57,172.0,-60.0,113.07,-30.0,72.65,30.0,58.94,90.0,116.56,0.49999999999999994,0.8660254037844387,-0.433883739117558,-0.9009688679024191,1,0,67.05
00011_17-01-2025-10.02,182.0,-64.8,113.07,-34.8,72.65,25.2,58.94,85.2,116.56,0.49999999999999994,0.8660254037844387,-0.433883739117558,-0.9009688679024191,0,1,29.67
00009_17-01-2025-11.22,172.0,-115.2,72.65,-55.2,58.94,4.8,116.56,64.8,47.32,0.49999999999999994,0.8660254037844387,-0.433883739117558,-0.9009688679024191,1,0,53.17
00009_17-01-2025-12.22,172.0,-115.2,58.94,-55.2,116.56,4.8,47.32,34.8,86.57,0.49999999999999994,0.8660254037844387,-0.433883739117558,-0.9009688679024191,1,0,39.78
00009_17-01-2025-14.02,172.0,-43.8,55.14,-4.8,87.94,25.2,85.39,55.2,94.51,0.49999999999999994,0.8660254037844387,-0.433883739117558,-0.9009688679024191,1,0,68.73
00015_17-01-2025-14.12,157.0,-54.0,55.14,-15.0,87.94,15.0,85.39,45.0,94.51,0.49999999999999994,0.8660254037844387,-0.433883739117558,-0.9009688679024191,0,1,37.29
00017_17-01-2025-14.42,179.0,-45.0,87.94,-15.0,85.39,15.0,94.51,45.0,66.28,0.49999999999999994,0.8660254037844387,-0.433883739117558,-0.9009688679024191,1,0,84.73
00002_17-01-2025-16.37,157.0,-40.2,112.88,-10.2,105.45,19.8,101.88,49.8,52.26,0.49999999999999994,0.8660254037844387,-0.433883739117558,-0.9009688679024191,1,0,64.79
00015_17-01-2025-17.17,157.0,-49.8,105.45,-19.8,101.88,10.2,52.26,40.2,62.79,0.49999999999999994,0.8660254037844387,-0.433883739117558,-0.9009688679024191,0,1,33.09
00009_17-01-2025-17.22,172.0,-55.2,105.45,-25.2,101.88,4.8,52.26,34.8,62.79,0.49999999999999994,0.8660254037844387,-0.433883739117558,-0.9009688679024191,1,0,55.95
00002_17-01-2025-18.32,157.0,-34.8,62.79,-4.8,78.32,25.2,74.26,62.4,28.38,0.49999999999999994,0.8660254037844387,-0.433883739117558,-0.9009688679024191,1,0,31.45
00009_17-01-2025-19.29,172.0,-61.8,78.32,-31.8,74.26,5.4,28.38,36.0,71.85,0.49999999999999994,0.8660254037844387,-0.433883739117558,-0.9009688679024191,1,0,64.21
00009_17-01-2025-20.22,172.0,-48.0,28.38,-17.4,71.85,4.8,33.76,45.0,83.02,0.49999999999999994,0.8660254037844387,-0.433883739117558,-0.9009688679024191,1,0,40.03
00005_17-01-2025-21.02,172.0,-57.0,71.85,-34.8,33.76,5.4,83.02,565.2,36.63,0.49999999999999994,0.8660254037844387,-0.433883739117558,-0.9009688679024191,0,1,23.72
00005_18-01-2025-07.02,172.0,-594.6,83.02,-34.8,36.63,25.2,38.32,85.2,58.78,0.49999999999999994,0.8660254037844387,-0.9749279121818236,-0.2225209339563146,0,1,40.26
00009_18-01-2025-08.07,172.0,-100.2,36.63,-40.2,38.32,19.8,58.78,49.8,52.37,0.49999999999999994,0.8660254037844387,-0.9749279121818236,-0.2225209339563146,1,0,27.1
00009_18-01-2025-09.22,172.0,-55.2,58.78,-25.2,52.37,4.8,70.05,64.8,39.96,0.49999999999999994,0.8660254037844387,-0.9749279121818236,-0.2225209339563146,1,0,56.63
00009_18-01-2025-09.57,172.0,-60.0,52.37,-30.0,70.05,30.0,39.96,90.0,35.49,0.49999999999999994,0.8660254037844387,-0.9749279121818236,-0.2225209339563146,1,0,45.53
00011_18-01-2025-10.02,182.0,-64.8,52.37,-34.8,70.05,25.2,39.96,85.2,35.49,0.49999999999999994,0.8660254037844387,-0.9749279121818236,-0.2225209339563146,0,1,49.43
00009_18-01-2025-11.22,172.0,-115.2,70.05,-55.2,39.96,4.8,35.49,64.8,77.08,0.49999999999999994,0.8660254037844387,-0.9749279121818236,-0.2225209339563146,1,0,28.51
00009_18-01-2025-12.22,172.0,-115.2,39.96,-55.2,35.49,4.8,77.08,55.8,82.74,0.49999999999999994,0.8660254037844387,-0.9749279121818236,-0.2225209339563146,1,0,54.09
00015_18-01-2025-14.12,157.0,-105.0,77.08,-54.0,82.74,75.0,29.49,135.0,92.74,0.49999999999999994,0.8660254037844387,-0.9749279121818236,-0.2225209339563146,0,1,20.7
00017_18-01-2025-14.42,179.0,-135.0,77.08,-84.0,82.74,45.0,29.49,105.0,92.74,0.49999999999999994,0.8660254037844387,-0.9749279121818236,-0.2225209339563146,1,0,40.8
00002_18-01-2025-16.37,157.0,-70.2,29.49,-10.2,92.74,49.8,25.04,109.8,92.89,0.49999999999999994,0.8660254037844387,-0.9749279121818236,-0.2225209339563146,1,0,36.74
00015_18-01-2025-17.17,157.0,-109.8,29.49,-49.8,92.74,10.2,25.04,70.2,92.89,0.49999999999999994,0.8660254037844387,-0.9749279121818236,-0.2225209339563146,0,1,15.27
00009_18-01-2025-19.29,172.0,-121.8,25.04,-61.8,92.89,5.4,29.11,58.2,18.74,0.49999999999999994,0.8660254037844387,-0.9749279121818236,-0.2225209339563146,1,0,34.99
00009_18-01-2025-20.22,172.0,-115.2,92.89,-48.0,29.11,4.8,18.74,604.8,55.09,0.49999999999999994,0.8660254037844387,-0.9749279121818236,-0.2225209339563146,1,0,18.81
00005_18-01-2025-21.02,172.0,-87.6,29.11,-34.8,18.74,565.2,55.09,625.2,60.18,0.49999999999999994,0.8660254037844387,-0.9749279121818236,-0.2225209339563146,0,1,18.23
00005_19-01-2025-07.02,172.0,-634.8,18.74,-34.8,55.09,25.2,60.18,85.2,95.0,0.49999999999999994,0.8660254037844387,-0.7818314824680299,0.6234898018587334,0,1,31.87
00009_19-01-2025-08.07,172.0,-100.2,55.09,-40.2,60.18,19.8,95.0,79.8,61.36,0.49999999999999994,0.8660254037844387,-0.7818314824680299,0.6234898018587334,1,0,41.1
00009_19-01-2025-09.22,172.0,-115.2,60.18,-55.2,95.0,4.8,61.36,64.8,48.82,0.49999999999999994,0.8660254037844387,-0.7818314824680299,0.6234898018587334,1,0,34.82
00009_19-01-2025-09.57,172.0,-90.0,95.0,-30.0,61.36,30.0,48.82,90.0,137.11,0.49999999999999994,0.8660254037844387,-0.7818314824680299,0.6234898018587334,1,0,73.55
00011_19-01-2025-10.02,182.0,-94.8,95.0,-34.8,61.36,25.2,48.82,85.2,137.11,0.49999999999999994,0.8660254037844387,-0.7818314824680299,0.6234898018587334,0,1,35.93
00009_19-01-2025-11.22,172.0,-115.2,61.36,-55.2,48.82,4.8,137.11,64.8,69.97,0.49999999999999994,0.8660254037844387,-0.7818314824680299,0.6234898018587334,1,0,69.25
00009_19-01-2025-12.22,172.0,-115.2,48.82,-55.2,137.11,4.8,69.97,55.8,55.14,0.49999999999999994,0.8660254037844387,-0.7818314824680299,0.6234898018587334,1,0,81.34
00009_19-01-2025-14.02,172.0,-94.8,69.97,-43.8,55.14,25.2,90.57,85.2,63.26,0.49999999999999994,0.8660254037844387,-0.7818314824680299,0.6234898018587334,1,0,84.84
00015_19-01-2025-14.12,157.0,-105.0,69.97,-54.0,55.14,15.0,90.57,75.0,63.26,0.49999999999999994,0.8660254037844387,-0.7818314824680299,0.6234898018587334,0,1,50.24
00017_19-01-2025-14.42,179.0,-84.0,55.14,-15.0,90.57,45.0,63.26,105.0,73.9,0.49999999999999994,0.8660254037844387,-0.7818314824680299,0.6234898018587334,1,0,66.05
00002_19-01-2025-16.37,157.0,-70.2,63.26,-10.2,73.9,19.8,83.87,49.8,64.48,0.49999999999999994,0.8660254037844387,-0.7818314824680299,0.6234898018587334,1,0,95.18
00015_19-01-2025-17.17,157.0,-49.8,73.9,-19.8,83.87,10.2,64.48,40.2,75.61,0.49999999999999994,0.8660254037844387,-0.7818314824680299,0.6234898018587334,0,1,59.66
00009_19-01-2025-17.22,172.0,-55.2,73.9,-25.2,83.87,4.8,64.48,34.8,75.61,0.49999999999999994,0.8660254037844387,-0.7818314824680299,0.6234898018587334,1,0,84.25
00002_19-01-2025-18.32,157.0,-34.8,75.61,-4.8,84.57,25.2,114.96,62.4,90.85,0.49999999999999994,0.8660254037844387,-0.7818314824680299,0.6234898018587334,1,0,89.95
00009_19-01-2025-19.29,172.0,-61.8,84.57,-31.8,114.96,5.4,90.85,36.0,55.19,0.49999999999999994,0.8660254037844387,-0.7818314824680299,0.6234898018587334,1,0,74.42
00009_19-01-2025-20.22,172.0,-48.0,90.85,-17.4,55.19,4.8,76.9,45.0,126.96,0.49999999999999994,0.8660254037844387,-0.7818314824680299,0.6234898018587334,1,0,74.0
00005_19-01-2025-21.02,172.0,-57.0,55.19,-34.8,76.9,5.4,126.96,550.2,28.33,0.49999999999999994,0.8660254037844387,-0.7818314824680299,0.6234898018587334,0,1,66.94
00002_20-01-2025-06.22,157.0,-555.0,126.96,-10.2,28.33,4.8,44.15,34.8,53.5,0.49999999999999994,0.8660254037844387,0.0,1.0,1,0,46.11
00005_20-01-2025-07.02,172.0,-34.8,44.15,-4.8,53.5,25.2,53.42,55.2,60.04,0.49999999999999994,0.8660254037844387,0.0,1.0,0,1,39.72
00002_20-01-2025-07.22,157.0,-55.2,44.15,-25.2,53.5,4.8,53.42,34.8,60.04,0.49999999999999994,0.8660254037844387,0.0,1.0,1,0,35.12
00002_20-01-2025-08.32,157.0,-34.8,60.04,-4.8,86.49,25.2,42.84,55.2,71.79,0.49999999999999994,0.8660254037844387,0.0,1.0,1,0,35.45
00009_20-01-2025-09.22,172.0,-55.2,86.49,-25.2,42.84,4.8,71.79,64.8,39.01,0.49999999999999994,0.8660254037844387,0.0,1.0,1,0,41.12
00009_20-01-2025-09.57,172.0,-60.0,42.84,-30.0,71.79,30.0,39.01,90.0,41.54,0.49999999999999994,0.8660254037844387,0.0,1.0,1,0,56.1
00011_20-01-2025-10.02,182.0,-64.8,42.84,-34.8,71.79,25.2,39.01,85.2,41.54,0.49999999999999994,0.8660254037844387,0.0,1.0,0,1,28.69
00009_20-01-2025-11.22,172.0,-115.2,71.79,-55.2,39.01,4.8,41.54,64.8,49.31,0.49999999999999994,0.8660254037844387,0.0,1.0,1,0,32.62
00009_20-01-2025-12.22,172.0,-115.2,39.01,-55.2,41.54,4.8,49.31,34.8,28.82,0.49999999999999994,0.8660254037844387,0.0,1.0,1,0,30.69
00009_20-01-2025-14.02,172.0,-64.8,28.82,-43.8,68.94,25.2,37.37,55.2,40.55,0.49999999999999994,0.8660254037844387,0.0,1.0,1,0,31.54
00015_20-01-2025-14.12,157.0,-75.0,28.82,-54.0,68.94,15.0,37.37,45.0,40.55,0.49999999999999994,0.8660254037844387,0.0,1.0,0,1,20.11
00017_20-01-2025-14.42,179.0,-84.0,68.94,-15.0,37.37,15.0,40.55,45.0,32.44,0.49999999999999994,0.8660254037844387,0.0,1.0,1,0,41.5
00002_20-01-2025-16.37,157.0,-40.2,37.44,-10.2,68.37,19.8,54.75,49.8,70.57,0.49999999999999994,0.8660254037844387,0.0,1.0,1,0,41.87
00015_20-01-2025-17.17,157.0,-49.8,68.37,-19.8,54.75,10.2,70.57,40.2,28.21,0.49999999999999994,0.8660254037844387,0.0,1.0,0,1,33.56
00009_20-01-2025-17.22,172.0,-55.2,68.37,-25.2,54.75,4.8,70.57,34.8,28.21,0.49999999999999994,0.8660254037844387,0.0,1.0,1,0,38.61
00002_20-01-2025-18.32,157.0,-34.8,28.21,-4.8,45.44,25.2,37.1,62.4,25.25,0.49999999999999994,0.8660254037844387,0.0,1.0,1,0,25.71
00009_20-01-2025-19.29,172.0,-61.8,45.44,-31.8,37.1,5.4,25.25,36.0,14.07,0.49999999999999994,0.8660254037844387,0.0,1.0,1,0,45.57
00009_20-01-2025-20.22,172.0,-48.0,25.25,-17.4,14.07,4.8,20.11,45.0,32.06,0.49999999999999994,0.8660254037844387,0.0,1.0,1,0,31.12
00005_20-01-2025-21.02,172.0,-57.0,14.07,-34.8,20.11,5.4,32.06,550.2,34.47,0.49999999999999994,0.8660254037844387,0.0,1.0,0,1,21.95
00002_21-01-2025-06.22,157.0,-555.0,32.06,-10.2,34.47,4.8,48.82,34.8,122.67,0.49999999999999994,0.8660254037844387,0.7818314824680298,0.6234898018587336,1,0,40.18
00005_21-01-2025-07.02,172.0,-34.8,48.82,-4.8,122.67,25.2,35.38,55.2,26.18,0.49999999999999994,0.8660254037844387,0.7818314824680298,0.6234898018587336,0,1,47.73
00002_21-01-2025-07.22,157.0,-55.2,48.82,-25.2,122.67,4.8,35.38,34.8,26.18,0.49999999999999994,0.8660254037844387,0.7818314824680298,0.6234898018587336,1,0,27.93
00002_21-01-2025-08.32,157.0,-34.8,26.18,-4.8,76.37,25.2,49.82,55.2,61.94,0.49999999999999994,0.8660254037844387,0.7818314824680298,0.6234898018587336,1,0,34.18
00009_21-01-2025-09.22,172.0,-55.2,76.37,-25.2,49.82,4.8,61.94,64.8,33.77,0.49999999999999994,0.8660254037844387,0.7818314824680298,0.6234898018587336,1,0,33.32
00009_21-01-2025-09.57,172.0,-60.0,49.82,-30.0,61.94,30.0,33.77,90.0,45.85,0.49999999999999994,0.8660254037844387,0.7818314824680298,0.6234898018587336,1,0,25.6
00011_21-01-2025-10.02,182.0,-64.8,49.82,-34.8,61.94,25.2,33.77,85.2,45.85,0.49999999999999994,0.8660254037844387,0.7818314824680298,0.6234898018587336,0,1,28.97
00009_21-01-2025-11.22,172.0,-115.2,61.94,-55.2,33.77,4.8,45.85,64.8,41.65,0.49999999999999994,0.8660254037844387,0.7818314824680298,0.6234898018587336,1,0,10.0
00009_21-01-2025-12.22,172.0,-115.2,33.77,-55.2,45.85,4.8,41.65,34.8,48.83,0.49999999999999994,0.8660254037844387,0.7818314824680298,0.6234898018587336,1,0,36.4
00009_21-01-2025-14.02,172.0,-64.8,48.83,-43.8,48.24,25.2,75.18,55.2,41.05,0.49999999999999994,0.8660254037844387,0.7818314824680298,0.6234898018587336,1,0,37.8
00015_21-01-2025-14.12,157.0,-75.0,48.83,-54.0,48.24,15.0,75.18,45.0,41.05,0.49999999999999994,0.8660254037844387,0.7818314824680298,0.6234898018587336,0,1,30.65
00017_21-01-2025-14.42,179.0,-84.0,48.24,-15.0,75.18,15.0,41.05,45.0,30.84,0.49999999999999994,0.8660254037844387,0.7818314824680298,0.6234898018587336,1,0,30.25
00002_21-01-2025-16.37,157.0,-40.2,18.42,-10.2,26.8,19.8,49.59,49.8,49.94,0.49999999999999994,0.8660254037844387,0.7818314824680298,0.6234898018587336,1,0,22.48
00015_21-01-2025-17.17,157.0,-49.8,26.8,-19.8,49.59,10.2,49.94,40.2,68.21,0.49999999999999994,0.8660254037844387,0.7818314824680298,0.6234898018587336,0,1,45.38
00009_21-01-2025-17.22,172.0,-55.2,26.8,-25.2,49.59,4.8,49.94,34.8,68.21,0.49999999999999994,0.8660254037844387,0.7818314824680298,0.6234898018587336,1,0,32.86
00002_21-01-2025-18.32,157.0,-34.8,68.21,-4.8,58.72,25.2,37.46,62.4,28.28,0.49999999999999994,0.8660254037844387,0.7818314824680298,0.6234898018587336,1,0,33.83
00009_21-01-2025-19.29,172.0,-61.8,58.72,-31.8,37.46,5.4,28.28,36.0,41.63,0.49999999999999994,0.8660254037844387,0.7818314824680298,0.6234898018587336,1,0,32.23
00009_21-01-2025-20.22,172.0,-48.0,28.28,-17.4,41.63,4.8,29.65,45.0,33.66,0.49999999999999994,0.8660254037844387,0.7818314824680298,0.6234898018587336,1,0,22.24
00005_21-01-2025-21.02,172.0,-57.0,41.63,-34.8,29.65,5.4,33.66,550.2,38.89,0.49999999999999994,0.8660254037844387,0.7818314824680298,0.6234898018587336,0,1,15.84
00002_22-01-2025-06.22,157.0,-555.0,33.66,-10.2,38.89,4.8,44.66,34.8,98.91,0.49999999999999994,0.8660254037844387,0.9749279121818236,-0.22252093395631434,1,0,46.98
00005_22-01-2025-07.02,172.0,-34.8,44.66,-4.8,98.91,25.2,25.73,55.2,54.6,0.49999999999999994,0.8660254037844387,0.9749279121818236,-0.22252093395631434,0,1,47.9
00002_22-01-2025-07.22,157.0,-55.2,44.66,-25.2,98.91,4.8,25.73,34.8,54.6,0.49999999999999994,0.8660254037844387,0.9749279121818236,-0.22252093395631434,1,0,30.31
00002_22-01-2025-08.32,157.0,-34.8,54.6,-4.8,77.35,25.2,41.36,55.2,61.55,0.49999999999999994,0.8660254037844387,0.9749279121818236,-0.22252093395631434,1,0,38.23
00009_22-01-2025-09.22,172.0,-55.2,77.35,-25.2,41.36,4.8,61.55,64.8,49.11,0.49999999999999994,0.8660254037844387,0.9749279121818236,-0.22252093395631434,1,0,27.4
00009_22-01-2025-09.57,172.0,-60.0,41.36,-30.0,61.55,30.0,49.11,90.0,64.11,0.49999999999999994,0.8660254037844387,0.9749279121818236,-0.22252093395631434,1,0,24.21
00011_22-01-2025-10.02,182.0,-64.8,41.36,-34.8,61.55,25.2,49.11,85.2,64.11,0.49999999999999994,0.8660254037844387,0.9749279121818236,-0.22252093395631434,0,1,49.0
00009_22-01-2025-11.22,172.0,-115.2,61.55,-55.2,49.11,4.8,64.11,64.8,55.28,0.49999999999999994,0.8660254037844387,0.9749279121818236,-0.22252093395631434,1,0,56.46
00009_22-01-2025-12.22,172.0,-115.2,49.11,-55.2,64.11,4.8,55.28,34.8,31.54,0.49999999999999994,0.8660254037844387,0.9749279121818236,-0.22252093395631434,1,0,32.0
00009_22-01-2025-14.02,172.0,-64.8,31.54,-43.8,48.24,25.2,66.16,55.2,52.55,0.49999999999999994,0.8660254037844387,0.9749279121818236,-0.22252093395631434,1,0,52.92
00015_22-01-2025-14.12,157.0,-75.0,31.54,-54.0,48.24,15.0,66.16,45.0,52.55,0.49999999999999994,0.8660254037844387,0.9749279121818236,-0.22252093395631434,0,1,47.14
00017_22-01-2025-14.42,179.0,-84.0,48.24,-15.0,66.16,15.0,52.55,45.0,33.7,0.49999999999999994,0.8660254037844387,0.9749279121818236,-0.22252093395631434,1,0,43.97
00002_22-01-2025-16.37,157.0,-40.2,50.65,-10.2,42.74,19.8,128.08,49.8,47.86,0.49999999999999994,0.8660254037844387,0.9749279121818236,-0.22252093395631434,1,0,34.44
00015_22-01-2025-17.17,157.0,-49.8,42.74,-19.8,128.08,10.2,47.86,40.2,51.69,0.49999999999999994,0.8660254037844387,0.9749279121818236,-0.22252093395631434,0,1,40.65
00009_22-01-2025-17.22,172.0,-55.2,42.74,-25.2,128.08,4.8,47.86,34.8,51.69,0.49999999999999994,0.8660254037844387,0.9749279121818236,-0.22252093395631434,1,0,34.44
00002_22-01-2025-18.32,157.0,-34.8,51.69,-4.8,74.49,25.2,124.14,62.4,27.07,0.49999999999999994,0.8660254037844387,0.9749279121818236,-0.22252093395631434,1,0,52.42
00009_22-01-2025-19.29,172.0,-61.8,74.49,-31.8,124.14,5.4,27.07,36.0,34.62,0.49999999999999994,0.8660254037844387,0.9749279121818236,-0.22252093395631434,1,0,27.38
00009_22-01-2025-20.22,172.0,-48.0,27.07,-17.4,34.62,4.8,45.31,45.0,57.93,0.49999999999999994,0.8660254037844387,0.9749279121818236,-0.22252093395631434,1,0,40.28
00005_22-01-2025-21.02,172.0,-57.0,34.62,-34.8,45.31,5.4,57.93,550.2,32.36,0.49999999999999994,0.8660254037844387,0.9749279121818236,-0.22252093395631434,0,1,55.1
00002_23-01-2025-06.22,157.0,-555.0,57.93,-10.2,32.36,4.8,30.37,34.8,72.4,0.49999999999999994,0.8660254037844387,0.43388373911755823,-0.900968867902419,1,0,41.54
00005_23-01-2025-07.02,172.0,-34.8,30.37,-4.8,72.4,25.2,35.34,55.2,57.47,0.49999999999999994,0.8660254037844387,0.43388373911755823,-0.900968867902419,0,1,40.99
00002_23-01-2025-07.22,157.0,-55.2,30.37,-25.2,72.4,4.8,35.34,34.8,57.47,0.49999999999999994,0.8660254037844387,0.43388373911755823,-0.900968867902419,1,0,51.75
00002_23-01-2025-08.32,157.0,-34.8,57.47,-4.8,60.06,25.2,65.8,55.2,46.65,0.49999999999999994,0.8660254037844387,0.43388373911755823,-0.900968867902419,1,0,37.55
00009_23-01-2025-09.22,172.0,-55.2,60.06,-25.2,65.8,4.8,46.65,64.8,49.13,0.49999999999999994,0.8660254037844387,0.43388373911755823,-0.900968867902419,1,0,60.32
00009_23-01-2025-09.57,172.0,-60.0,65.8,-30.0,46.65,30.0,49.13,90.0,48.18,0.49999999999999994,0.8660254037844387,0.43388373911755823,-0.900968867902419,1,0,40.94
00011_23-01-2025-10.02,182.0,-64.8,65.8,-34.8,46.65,25.2,49.13,85.2,48.18,0.49999999999999994,0.8660254037844387,0.43388373911755823,-0.900968867902419,0,1,55.19
00009_23-01-2025-11.22,172.0,-115.2,46.65,-55.2,49.13,4.8,48.18,64.8,38.91,0.49999999999999994,0.8660254037844387,0.43388373911755823,-0.900968867902419,1,0,63.74
00009_23-01-2025-12.22,172.0,-115.2,49.13,-55.2,48.18,4.8,38.91,34.8,59.19,0.49999999999999994,0.8660254037844387,0.43388373911755823,-0.900968867902419,1,0,61.7
00002_23-01-2025-16.37,157.0,-40.2,96.85,-10.2,71.37,19.8,133.83,49.8,87.63,0.49999999999999994,0.8660254037844387,0.43388373911755823,-0.900968867902419,1,0,35.95
00015_23-01-2025-17.17,157.0,-49.8,71.37,-19.8,133.83,10.2,87.63,40.2,48.45,0.49999999999999994,0.8660254037844387,0.43388373911755823,-0.900968867902419,0,1,56.45
00009_23-01-2025-17.22,172.0,-55.2,71.37,-25.2,133.83,4.8,87.63,34.8,48.45,0.49999999999999994,0.8660254037844387,0.43388373911755823,-0.900968867902419,1,0,59.76
00002_23-01-2025-18.32,157.0,-34.8,48.45,-4.8,43.79,25.2,96.73,62.4,31.6,0.49999999999999994,0.8660254037844387,0.43388373911755823,-0.900968867902419,1,0,46.73
00009_23-01-2025-19.29,172.0,-61.8,43.79,-31.8,96.73,5.4,31.6,36.0,57.65,0.49999999999999994,0.8660254037844387,0.43388373911755823,-0.900968867902419,1,0,32.95
00009_23-01-2025-20.22,172.0,-48.0,31.6,-17.4,57.65,4.8,43.62,45.0,47.31,0.49999999999999994,0.8660254037844387,0.43388373911755823,-0.900968867902419,1,0,45.15
00005_23-01-2025-21.02,172.0,-57.0,57.65,-34.8,43.62,5.4,47.31,565.2,16.05,0.49999999999999994,0.8660254037844387,0.43388373911755823,-0.900968867902419,0,1,27.32
00002_24-01-2025-06.22,157.0,-595.2,43.62,-555.0,47.31,4.8,16.05,34.8,52.84,0.49999999999999994,0.8660254037844387,-0.433883739117558,-0.9009688679024191,1,0,18.54
00005_24-01-2025-07.02,172.0,-34.8,16.05,-4.8,52.84,25.2,72.46,55.2,49.59,0.49999999999999994,0.8660254037844387,-0.433883739117558,-0.9009688679024191,0,1,49.0
00002_24-01-2025-07.22,157.0,-55.2,16.05,-25.2,52.84,4.8,72.46,34.8,49.59,0.49999999999999994,0.8660254037844387,-0.433883739117558,-0.9009688679024191,1,0,38.08
00002_24-01-2025-08.32,157.0,-64.8,72.46,-34.8,49.59,25.2,123.21,55.2,73.94,0.49999999999999994,0.8660254037844387,-0.433883739117558,-0.9009688679024191,1,0,42.44
00009_24-01-2025-09.22,172.0,-85.2,49.59,-25.2,123.21,4.8,73.94,64.8,55.86,0.49999999999999994,0.8660254037844387,-0.433883739117558,-0.9009688679024191,1,0,38.42
00009_24-01-2025-09.57,172.0,-60.0,123.21,-30.0,73.94,30.0,55.86,90.0,110.73,0.49999999999999994,0.8660254037844387,-0.433883739117558,-0.9009688679024191,1,0,64.9
00011_24-01-2025-10.02,182.0,-64.8,123.21,-34.8,73.94,25.2,55.86,85.2,110.73,0.49999999999999994,0.8660254037844387,-0.433883739117558,-0.9009688679024191,0,1,50.61
00009_24-01-2025-11.22,172.0,-115.2,73.94,-55.2,55.86,4.8,110.73,64.8,45.98,0.49999999999999994,0.8660254037844387,-0.433883739117558,-0.9009688679024191,1,0,63.33
00009_24-01-2025-12.22,172.0,-115.2,55.86,-55.2,110.73,4.8,45.98,34.8,97.37,0.49999999999999994,0.8660254037844387,-0.433883739117558,-0.9009688679024191,1,0,45.12
00009_24-01-2025-14.02,172.0,-43.8,55.14,-4.8,63.2,25.2,114.43,55.2,85.61,0.49999999999999994,0.8660254037844387,-0.433883739117558,-0.9009688679024191,1,0,53.33
00015_24-01-2025-14.12,157.0,-54.0,55.14,-15.0,63.2,15.0,114.43,45.0,85.61,0.49999999999999994,0.8660254037844387,-0.433883739117558,-0.9009688679024191,0,1,35.93
00017_24-01-2025-14.42,179.0,-45.0,63.2,-15.0,114.43,15.0,85.61,45.0,66.52,0.49999999999999994,0.8660254037844387,-0.433883739117558,-0.9009688679024191,1,0,87.65
00002_24-01-2025-16.37,157.0,-40.2,97.94,-10.2,83.45,19.8,100.71,49.8,53.02,0.49999999999999994,0.8660254037844387,-0.433883739117558,-0.9009688679024191,1,0,91.22
00015_24-01-2025-17.17,157.0,-49.8,83.45,-19.8,100.71,10.2,53.02,40.2,60.43,0.49999999999999994,0.8660254037844387,-0.433883739117558,-0.9009688679024191,0,1,52.94
00009_24-01-2025-17.22,172.0,-55.2,83.45,-25.2,100.71,4.8,53.02,34.8,60.43,0.49999999999999994,0.8660254037844387,-0.433883739117558,-0.9009688679024191,1,0,68.28
00002_24-01-2025-18.32,157.0,-34.8,60.43,-4.8,79.99,25.2,53.2,62.4,37.27,0.49999999999999994,0.8660254037844387,-0.433883739117558,-0.9009688679024191,1,0,59.57
00009_24-01-2025-19.29,172.0,-61.8,79.99,-31.8,53.2,5.4,37.27,36.0,67.49,0.49999999999999994,0.8660254037844387,-0.433883739117558,-0.9009688679024191,1,0,50.88
00009_24-01-2025-20.22,172.0,-48.0,37.27,-17.4,67.49,4.8,48.64,45.0,92.86,0.49999999999999994,0.8660254037844387,-0.433883739117558,-0.9009688679024191,1,0,31.51
00005_24-01-2025-21.02,172.0,-57.0,67.49,-34.8,48.64,5.4,92.86,565.2,31.69,0.49999999999999994,0.8660254037844387,-0.433883739117558,-0.9009688679024191,0,1,39.93
00005_25-01-2025-07.02,172.0,-594.6,92.86,-34.8,31.69,25.2,60.01,85.2,56.82,0.49999999999999994,0.8660254037844387,-0.9749279121818236,-0.2225209339563146,0,1,13.78
00009_25-01-2025-08.07,172.0,-100.2,31.69,-40.2,60.01,19.8,56.82,49.8,48.87,0.49999999999999994,0.8660254037844387,-0.9749279121818236,-0.2225209339563146,1,0,31.28
00009_25-01-2025-09.22,172.0,-55.2,56.82,-25.2,48.87,4.8,49.82,64.8,47.29,0.49999999999999994,0.8660254037844387,-0.9749279121818236,-0.2225209339563146,1,0,51.37
00009_25-01-2025-09.57,172.0,-60.0,48.87,-30.0,49.82,30.0,47.29,90.0,42.16,0.49999999999999994,0.8660254037844387,-0.9749279121818236,-0.2225209339563146,1,0,64.24
00011_25-01-2025-10.02,182.0,-64.8,48.87,-34.8,49.82,25.2,47.29,85.2,42.16,0.49999999999999994,0.8660254037844387,-0.9749279121818236,-0.2225209339563146,0,1,27.44
00009_25-01-2025-11.22,172.0,-115.2,49.82,-55.2,47.29,4.8,42.16,64.8,59.83,0.49999999999999994,0.8660254037844387,-0.9749279121818236,-0.2225209339563146,1,0,33.12
00009_25-01-2025-12.22,172.0,-115.2,47.29,-55.2,42.16,4.8,59.83,55.8,82.74,0.49999999999999994,0.8660254037844387,-0.9749279121818236,-0.2225209339563146,1,0,27.45
00015_25-01-2025-14.12,157.0,-105.0,59.83,-54.0,82.74,75.0,32.38,135.0,109.16,0.49999999999999994,0.8660254037844387,-0.9749279121818236,-0.2225209339563146,0,1,21.69
00017_25-01-2025-14.42,179.0,-135.0,59.83,-84.0,82.74,45.0,32.38,105.0,109.16,0.49999999999999994,0.8660254037844387,-0.9749279121818236,-0.2225209339563146,1,0,41.46
00002_25-01-2025-16.37,157.0,-70.2,32.38,-10.2,109.16,49.8,19.78,109.8,78.35,0.49999999999999994,0.8660254037844387,-0.9749279121818236,-0.2225209339563146,1,0,48.62
00015_25-01-2025-17.17,157.0,-109.8,32.38,-49.8,109.16,10.2,19.78,70.2,78.35,0.49999999999999994,0.8660254037844387,-0.9749279121818236,-0.2225209339563146,0,1,15.96
00009_25-01-2025-19.29,172.0,-121.8,19.78,-61.8,78.35,5.4,30.24,58.2,36.91,0.49999999999999994,0.8660254037844387,-0.9749279121818236,-0.2225209339563146,1,0,49.91
00009_25-01-2025-20.22,172.0,-115.2,78.35,-48.0,30.24,4.8,36.91,604.8,50.25,0.49999999999999994,0.8660254037844387,-0.9749279121818236,-0.2225209339563146,1,0,27.82
00005_25-01-2025-21.02,172.0,-87.6,30.24,-34.8,36.91,565.2,50.25,625.2,52.98,0.49999999999999994,0.8660254037844387,-0.9749279121818236,-0.2225209339563146,0,1,22.52
00005_26-01-2025-07.02,172.0,-634.8,36.91,-34.8,50.25,25.2,52.98,85.2,83.5,0.49999999999999994,0.8660254037844387,-0.7818314824680299,0.6234898018587334,0,1,38.97
00009_26-01-2025-08.07,172.0,-100.2,50.25,-40.2,52.98,19.8,83.5,79.8,53.07,0.49999999999999994,0.8660254037844387,-0.7818314824680299,0.6234898018587334,1,0,37.39
00009_26-01-2025-09.22,172.0,-115.2,52.98,-55.2,83.5,4.8,53.07,64.8,49.69,0.49999999999999994,0.8660254037844387,-0.7818314824680299,0.6234898018587334,1,0,43.08
00009_26-01-2025-09.57,172.0,-90.0,83.5,-30.0,53.07,30.0,49.69,90.0,138.98,0.49999999999999994,0.8660254037844387,-0.7818314824680299,0.6234898018587334,1,0,64.92
00011_26-01-2025-10.02,182.0,-94.8,83.5,-34.8,53.07,25.2,49.69,85.2,138.98,0.49999999999999994,0.8660254037844387,-0.7818314824680299,0.6234898018587334,0,1,48.52
00009_26-01-2025-11.22,172.0,-115.2,53.07,-55.2,49.69,4.8,138.98,64.8,40.47,0.49999999999999994,0.8660254037844387,-0.7818314824680299,0.6234898018587334,1,0,86.15
00009_26-01-2025-12.22,172.0,-115.2,49.69,-55.2,138.98,4.8,40.47,55.8,55.14,0.49999999999999994,0.8660254037844387,-0.7818314824680299,0.6234898018587334,1,0,53.5
00009_26-01-2025-14.02,172.0,-94.8,40.47,-43.8,55.14,25.2,104.05,85.2,66.44,0.49999999999999994,0.8660254037844387,-0.7818314824680299,0.6234898018587334,1,0,87.02
00015_26-01-2025-14.12,157.0,-105.0,40.47,-54.0,55.14,15.0,104.05,75.0,66.44,0.49999999999999994,0.8660254037844387,-0.7818314824680299,0.6234898018587334,0,1,59.75
00017_26-01-2025-14.42,179.0,-84.0,55.14,-15.0,104.05,45.0,66.44,105.0,84.31,0.49999999999999994,0.8660254037844387,-0.7818314824680299,0.6234898018587334,1,0,85.57
00002_26-01-2025-16.37,157.0,-70.2,66.44,-10.2,84.31,19.8,70.82,49.8,59.46,0.49999999999999994,0.8660254037844387,-0.7818314824680299,0.6234898018587334,1,0,84.31
00015_26-01-2025-17.17,157.0,-49.8,84.31,-19.8,70.82,10.2,59.46,40.2,59.69,0.49999999999999994,0.8660254037844387,-0.7818314824680299,0.6234898018587334,0,1,53.02
00009_26-01-2025-17.22,172.0,-55.2,84.31,-25.2,70.82,4.8,59.46,34.8,59.69,0.49999999999999994,0.8660254037844387,-0.7818314824680299,0.6234898018587334,1,0,82.24
00002_26-01-2025-18.32,157.0,-34.8,59.69,-4.8,104.62,25.2,132.8,62.4,88.16,0.49999999999999994,0.8660254037844387,-0.7818314824680299,0.6234898018587334,1,0,109.67
00009_26-01-2025-19.29,172.0,-61.8,104.62,-31.8,132.8,5.4,88.16,36.0,62.53,0.49999999999999994,0.8660254037844387,-0.7818314824680299,0.6234898018587334,1,0,78.78
00009_26-01-2025-20.22,172.0,-48.0,88.16,-17.4,62.53,4.8,89.84,45.0,139.5,0.49999999999999994,0.8660254037844387,-0.7818314824680299,0.6234898018587334,1,0,75.23
00005_26-01-2025-21.02,172.0,-57.0,62.53,-34.8,89.84,5.4,139.5,550.2,28.41,0.49999999999999994,0.8660254037844387,-0.7818314824680299,0.6234898018587334,0,1,46.1
00002_27-01-2025-06.22,157.0,-555.0,139.5,-10.2,28.41,4.8,55.23,34.8,61.63,0.49999999999999994,0.8660254037844387,0.0,1.0,1,0,38.06
00005_27-01-2025-07.02,172.0,-34.8,55.23,-4.8,61.63,25.2,50.33,55.2,68.78,0.49999999999999994,0.8660254037844387,0.0,1.0,0,1,27.25
00002_27-01-2025-07.22,157.0,-55.2,55.23,-25.2,61.63,4.8,50.33,34.8,68.78,0.49999999999999994,0.8660254037844387,0.0,1.0,1,0,37.52
00002_27-01-2025-08.32,157.0,-34.8,68.78,-4.8,82.19,25.2,47.49,55.2,79.62,0.49999999999999994,0.8660254037844387,0.0,1.0,1,0,27.11
00009_27-01-2025-09.22,172.0,-55.2,82.19,-25.2,47.49,4.8,79.62,64.8,34.22,0.49999999999999994,0.8660254037844387,0.0,1.0,1,0,62.29
00009_27-01-2025-09.57,172.0,-60.0,47.49,-30.0,79.62,30.0,34.22,90.0,47.03,0.49999999999999994,0.8660254037844387,0.0,1.0,1,0,41.18
00011_27-01-2025-10.02,182.0,-64.8,47.49,-34.8,79.62,25.2,34.22,85.2,47.03,0.49999999999999994,0.8660254037844387,0.0,1.0,0,1,28.55
00009_27-01-2025-11.22,172.0,-115.2,79.62,-55.2,34.22,4.8,47.03,64.8,44.65,0.49999999999999994,0.8660254037844387,0.0,1.0,1,0,28.87
00009_27-01-2025-12.22,172.0,-115.2,34.22,-55.2,47.03,4.8,44.65,34.8,38.48,0.49999999999999994,0.8660254037844387,0.0,1.0,1,0,18.47
00009_27-01-2025-14.02,172.0,-64.8,38.48,-43.8,68.94,25.2,42.28,55.2,48.99,0.49999999999999994,0.8660254037844387,0.0,1.0,1,0,41.43
00015_27-01-2025-14.12,157.0,-75.0,38.48,-54.0,68.94,15.0,42.28,45.0,48.99,0.49999999999999994,0.8660254037844387,0.0,1.0,0,1,24.55
00017_27-01-2025-14.42,179.0,-84.0,68.94,-15.0,42.28,15.0,48.99,45.0,33.99,0.49999999999999994,0.8660254037844387,0.0,1.0,1,0,41.99
00002_27-01-2025-16.37,157.0,-40.2,46.7,-10.2,73.97,19.8,58.91,49.8,66.82,0.49999999999999994,0.8660254037844387,0.0,1.0,1,0,45.79
00015_27-01-2025-17.17,157.0,-49.8,73.97,-19.8,58.91,10.2,66.82,40.2,37.86,0.49999999999999994,0.8660254037844387,0.0,1.0,0,1,14.87
00009_27-01-2025-17.22,172.0,-55.2,73.97,-25.2,58.91,4.8,66.82,34.8,37.86,0.49999999999999994,0.8660254037844387,0.0,1.0,1,0,36.24
00002_27-01-2025-18.32,157.0,-34.8,37.86,-4.8,63.28,25.2,34.19,62.4,21.62,0.49999999999999994,0.8660254037844387,0.0,1.0,1,0,30.84
00009_27-01-2025-19.29,172.0,-61.8,63.28,-31.8,34.19,5.4,21.62,36.0,20.04,0.49999999999999994,0.8660254037844387,0.0,1.0,1,0,64.27
00009_27-01-2025-20.22,172.0,-48.0,21.62,-17.4,20.04,4.8,23.11,45.0,30.21,0.49999999999999994,0.8660254037844387,0.0,1.0,1,0,21.81
00005_27-01-2025-21.02,172.0,-57.0,20.04,-34.8,23.11,5.4,30.21,550.2,33.93,0.49999999999999994,0.8660254037844387,0.0,1.0,0,1,38.38
00002_28-01-2025-06.22,157.0,-555.0,30.21,-10.2,33.93,4.8,45.73,34.8,127.19,0.49999999999999994,0.8660254037844387,0.7818314824680298,0.6234898018587336,1,0,43.58
00005_28-01-2025-07.02,172.0,-34.8,45.73,-4.8,127.19,25.2,39.97,55.2,45.97,0.49999999999999994,0.8660254037844387,0.7818314824680298,0.6234898018587336,0,1,56.24
00002_28-01-2025-07.22,157.0,-55.2,45.73,-25.2,127.19,4.8,39.97,34.8,45.97,0.49999999999999994,0.8660254037844387,0.7818314824680298,0.6234898018587336,1,0,34.26
00002_28-01-2025-08.32,157.0,-34.8,45.97,-4.8,68.48,25.2,43.6,55.2,66.78,0.49999999999999994,0.8660254037844387,0.7818314824680298,0.6234898018587336,1,0,32.53
00009_28-01-2025-09.22,172.0,-55.2,68.48,-25.2,43.6,4.8,66.78,64.8,34.31,0.49999999999999994,0.8660254037844387,0.7818314824680298,0.6234898018587336,1,0,38.1
00009_28-01-2025-09.57,172.0,-60.0,43.6,-30.0,66.78,30.0,34.31,90.0,24.7,0.49999999999999994,0.8660254037844387,0.7818314824680298,0.6234898018587336,1,0,29.77
00011_28-01-2025-10.02,182.0,-64.8,43.6,-34.8,66.78,25.2,34.31,85.2,24.7,0.49999999999999994,0.8660254037844387,0.7818314824680298,0.6234898018587336,0,1,28.38
00009_28-01-2025-11.22,172.0,-115.2,66.78,-55.2,34.31,4.8,24.7,64.8,46.72,0.49999999999999994,0.8660254037844387,0.7818314824680298,0.6234898018587336,1,0,18.06
00009_28-01-2025-12.22,172.0,-115.2,34.31,-55.2,24.7,4.8,46.72,34.8,40.2,0.49999999999999994,0.8660254037844387,0.7818314824680298,0.6234898018587336,1,0,29.76
00009_28-01-2025-14.02,172.0,-64.8,40.2,-43.8,48.24,25.2,70.37,55.2,39.33,0.49999999999999994,0.8660254037844387,0.7818314824680298,0.6234898018587336,1,0,10.11
00015_28-01-2025-14.12,157.0,-75.0,40.2,-54.0,48.24,15.0,70.37,45.0,39.33,0.49999999999999994,0.8660254037844387,0.7818314824680298,0.6234898018587336,0,1,17.94
00017_28-01-2025-14.42,179.0,-84.0,48.24,-15.0,70.37,15.0,39.33,45.0,28.33,0.49999999999999994,0.8660254037844387,0.7818314824680298,0.6234898018587336,1,0,37.22
00002_28-01-2025-16.37,157.0,-40.2,18.53,-10.2,34.44,19.8,53.98,49.8,55.95,0.49999999999999994,0.8660254037844387,0.7818314824680298,0.6234898018587336,1,0,12.27
00015_28-01-2025-17.17,157.0,-49.8,34.44,-19.8,53.98,10.2,55.95,40.2,63.74,0.49999999999999994,0.8660254037844387,0.7818314824680298,0.6234898018587336,0,1,23.86
00009_28-01-2025-17.22,172.0,-55.2,34.44,-25.2,53.98,4.8,55.95,34.8,63.74,0.49999999999999994,0.8660254037844387,0.7818314824680298,0.6234898018587336,1,0,47.67
00002_28-01-2025-18.32,157.0,-34.8,63.74,-4.8,57.84,25.2,24.45,62.4,31.21,0.49999999999999994,0.8660254037844387,0.7818314824680298,0.6234898018587336,1,0,32.64
00009_28-01-2025-19.29,172.0,-61.8,57.84,-31.8,24.45,5.4,31.21,36.0,49.66,0.49999999999999994,0.8660254037844387,0.7818314824680298,0.6234898018587336,1,0,50.56
00009_28-01-2025-20.22,172.0,-48.0,31.21,-17.4,49.66,4.8,10.0,45.0,39.76,0.49999999999999994,0.8660254037844387,0.7818314824680298,0.6234898018587336,1,0,10.0
00005_28-01-2025-21.02,172.0,-57.0,49.66,-34.8,10.0,5.4,39.76,550.2,30.52,0.49999999999999994,0.8660254037844387,0.7818314824680298,0.6234898018587336,0,1,10.77
00002_29-01-2025-06.22,157.0,-555.0,39.76,-10.2,30.52,4.8,47.26,34.8,81.86,0.49999999999999994,0.8660254037844387,0.9749279121818236,-0.22252093395631434,1,0,43.02
00005_29-01-2025-07.02,172.0,-34.8,47.26,-4.8,81.86,25.2,10.09,55.2,48.74,0.49999999999999994,0.8660254037844387,0.9749279121818236,-0.22252093395631434,0,1,53.67
00002_29-01-2025-07.22,157.0,-55.2,47.26,-25.2,81.86,4.8,10.09,34.8,48.74,0.49999999999999994,0.8660254037844387,0.9749279121818236,-0.22252093395631434,1,0,40.88
00002_29-01-2025-08.32,157.0,-34.8,48.74,-4.8,86.02,25.2,49.61,55.2,87.86,0.49999999999999994,0.8660254037844387,0.9749279121818236,-0.22252093395631434,1,0,38.71
00009_29-01-2025-09.22,172.0,-55.2,86.02,-25.2,49.61,4.8,87.86,64.8,48.92,0.49999999999999994,0.8660254037844387,0.9749279121818236,-0.22252093395631434,1,0,32.94
00009_29-01-2025-09.57,172.0,-60.0,49.61,-30.0,87.86,30.0,48.92,90.0,43.98,0.49999999999999994,0.8660254037844387,0.9749279121818236,-0.22252093395631434,1,0,50.51
00011_29-01-2025-10.02,182.0,-64.8,49.61,-34.8,87.86,25.2,48.92,85.2,43.98,0.49999999999999994,0.8660254037844387,0.9749279121818236,-0.22252093395631434,0,1,12.93
00009_29-01-2025-11.22,172.0,-115.2,87.86,-55.2,48.92,4.8,43.98,64.8,38.58,0.49999999999999994,0.8660254037844387,0.9749279121818236,-0.22252093395631434,1,0,39.91
00009_29-01-2025-12.22,172.0,-115.2,48.92,-55.2,43.98,4.8,38.58,34.8,43.17,0.49999999999999994,0.8660254037844387,0.9749279121818236,-0.22252093395631434,1,0,26.32
00009_29-01-2025-14.02,172.0,-64.8,43.17,-43.8,48.24,25.2,45.79,55.2,44.52,0.49999999999999994,0.8660254037844387,0.9749279121818236,-0.22252093395631434,1,0,26.21
00015_29-01-2025-14.12,157.0,-75.0,43.17,-54.0,48.24,15.0,45.79,45.0,44.52,0.49999999999999994,0.8660254037844387,0.9749279121818236,-0.22252093395631434,0,1,35.83
00017_29-01-2025-14.42,179.0,-84.0,48.24,-15.0,45.79,15.0,44.52,45.0,35.52,0.49999999999999994,0.8660254037844387,0.9749279121818236,-0.22252093395631434,1,0,46.09
00002_29-01-2025-16.37,157.0,-40.2,52.92,-10.2,56.44,19.8,125.66,49.8,59.23,0.49999999999999994,0.8660254037844387,0.9749279121818236,-0.22252093395631434,1,0,45.58
00015_29-01-2025-17.17,157.0,-49.8,56.44,-19.8,125.66,10.2,59.23,40.2,66.05,0.49999999999999994,0.8660254037844387,0.9749279121818236,-0.22252093395631434,0,1,27.44
00009_29-01-2025-17.22,172.0,-55.2,56.44,-25.2,125.66,4.8,59.23,34.8,66.05,0.49999999999999994,0.8660254037844387,0.9749279121818236,-0.22252093395631434,1,0,53.45
00002_29-01-2025-18.32,157.0,-34.8,66.05,-4.8,47.65,25.2,132.14,62.4,27.37,0.49999999999999994,0.8660254037844387,0.9749279121818236,-0.22252093395631434,1,0,54.34
00009_29-01-2025-19.29,172.0,-61.8,47.65,-31.8,132.14,5.4,27.37,36.0,34.13,0.49999999999999994,0.8660254037844387,0.9749279121818236,-0.22252093395631434,1,0,27.66
00009_29-01-2025-20.22,172.0,-48.0,27.37,-17.4,34.13,4.8,49.16,45.0,57.48,0.49999999999999994,0.8660254037844387,0.9749279121818236,-0.22252093395631434,1,0,54.5
00005_29-01-2025-21.02,172.0,-57.0,34.13,-34.8,49.16,5.4,57.48,550.2,30.56,0.49999999999999994,0.8660254037844387,0.9749279121818236,-0.22252093395631434,0,1,22.72
00002_30-01-2025-06.22,157.0,-555.0,57.48,-10.2,30.56,4.8,47.03,34.8,71.29,0.49999999999999994,0.8660254037844387,0.43388373911755823,-0.900968867902419,1,0,46.71
00005_30-01-2025-07.02,172.0,-34.8,47.03,-4.8,71.29,25.2,46.33,55.2,49.35,0.49999999999999994,0.8660254037844387,0.43388373911755823,-0.900968867902419,0,1,33.94
00002_30-01-2025-07.22,157.0,-55.2,47.03,-25.2,71.29,4.8,46.33,34.8,49.35,0.49999999999999994,0.8660254037844387,0.43388373911755823,-0.900968867902419,1,0,20.98
00002_30-01-2025-08.32,157.0,-34.8,49.35,-4.8,24.23,25.2,71.58,55.2,60.45,0.49999999999999994,0.8660254037844387,0.43388373911755823,-0.900968867902419,1,0,30.6
00009_30-01-2025-09.22,172.0,-55.2,24.23,-25.2,71.58,4.8,60.45,64.8,51.13,0.49999999999999994,0.8660254037844387,0.43388373911755823,-0.900968867902419,1,0,53.5
00009_30-01-2025-09.57,172.0,-60.0,71.58,-30.0,60.45,30.0,51.13,90.0,49.06,0.49999999999999994,0.8660254037844387,0.43388373911755823,-0.900968867902419,1,0,51.17
00011_30-01-2025-10.02,182.0,-64.8,71.58,-34.8,60.45,25.2,51.13,85.2,49.06,0.49999999999999994,0.8660254037844387,0.43388373911755823,-0.900968867902419,0,1,45.6
00009_30-01-2025-11.22,172.0,-115.2,60.45,-55.2,51.13,4.8,49.06,64.8,53.48,0.49999999999999994,0.8660254037844387,0.43388373911755823,-0.900968867902419,1,0,33.98
00009_30-01-2025-12.22,172.0,-115.2,51.13,-55.2,49.06,4.8,53.48,34.8,51.5,0.49999999999999994,0.8660254037844387,0.43388373911755823,-0.900968867902419,1,0,59.63
00002_30-01-2025-16.37,157.0,-40.2,87.97,-10.2,77.96,19.8,145.77,49.8,85.6,0.49999999999999994,0.8660254037844387,0.43388373911755823,-0.900968867902419,1,0,57.16
00015_30-01-2025-17.17,157.0,-49.8,77.96,-19.8,145.77,10.2,85.6,40.2,57.68,0.49999999999999994,0.8660254037844387,0.43388373911755823,-0.900968867902419,0,1,67.83
00009_30-01-2025-17.22,172.0,-55.2,77.96,-25.2,145.77,4.8,85.6,34.8,57.68,0.49999999999999994,0.8660254037844387,0.43388373911755823,-0.900968867902419,1,0,60.85
00002_30-01-2025-18.32,157.0,-34.8,57.68,-4.8,74.08,25.2,97.34,62.4,29.97,0.49999999999999994,0.8660254037844387,0.43388373911755823,-0.900968867902419,1,0,58.54
00009_30-01-2025-19.29,172.0,-61.8,74.08,-31.8,97.34,5.4,29.97,36.0,40.39,0.49999999999999994,0.8660254037844387,0.43388373911755823,-0.900968867902419,1,0,50.5
00009_30-01-2025-20.22,172.0,-48.0,29.97,-17.4,40.39,4.8,57.1,45.0,49.4,0.49999999999999994,0.8660254037844387,0.43388373911755823,-0.900968867902419,1,0,34.57
00005_30-01-2025-21.02,172.0,-57.0,40.39,-34.8,57.1,5.4,49.4,565.2,23.61,0.49999999999999994,0.8660254037844387,0.43388373911755823,-0.900968867902419,0,1,44.2
00002_31-01-2025-06.22,157.0,-595.2,57.1,-555.0,49.4,4.8,23.61,34.8,45.79,0.49999999999999994,0.8660254037844387,-0.433883739117558,-0.9009688679024191,1,0,15.3
00005_31-01-2025-07.02,172.0,-34.8,23.61,-4.8,45.79,25.2,69.81,55.2,37.49,0.49999999999999994,0.8660254037844387,-0.433883739117558,-0.9009688679024191,0,1,35.04
00002_31-01-2025-07.22,157.0,-55.2,23.61,-25.2,45.79,4.8,69.81,34.8,37.49,0.49999999999999994,0.8660254037844387,-0.433883739117558,-0.9009688679024191,1,0,36.25
00002_31-01-2025-08.32,157.0,-64.8,69.81,-34.8,37.49,25.2,139.36,55.2,65.77,0.49999999999999994,0.8660254037844387,-0.433883739117558,-0.9009688679024191,1,0,25.85
00009_31-01-2025-09.22,172.0,-85.2,37.49,-25.2,139.36,4.8,65.77,64.8,56.91,0.49999999999999994,0.8660254037844387,-0.433883739117558,-0.9009688679024191,1,0,38.93
00009_31-01-2025-09.57,172.0,-60.0,139.36,-30.0,65.77,30.0,56.91,90.0,101.18,0.49999999999999994,0.8660254037844387,-0.433883739117558,-0.9009688679024191,1,0,49.67
00011_31-01-2025-10.02,182.0,-64.8,139.36,-34.8,65.77,25.2,56.91,85.2,101.18,0.49999999999999994,0.8660254037844387,-0.433883739117558,-0.9009688679024191,0,1,61.1
00009_31-01-2025-11.22,172.0,-115.2,65.77,-55.2,56.91,4.8,101.18,64.8,49.28,0.49999999999999994,0.8660254037844387,-0.433883739117558,-0.9009688679024191,1,0,52.23
00009_31-01-2025-12.22,172.0,-115.2,56.91,-55.2,101.18,4.8,49.28,34.8,85.03,0.49999999999999994,0.8660254037844387,-0.433883739117558,-0.9009688679024191,1,0,43.01
00009_31-01-2025-14.02,172.0,-43.8,55.14,-4.8,79.22,25.2,88.7,55.2,101.08,0.49999999999999994,0.8660254037844387,-0.433883739117558,-0.9009688679024191,1,0,71.8
00015_31-01-2025-14.12,157.0,-54.0,55.14,-15.0,79.22,15.0,88.7,45.0,101.08,0.49999999999999994,0.8660254037844387,-0.433883739117558,-0.9009688679024191,0,1,61.81
00017_31-01-2025-14.42,179.0,-45.0,79.22,-15.0,88.7,15.0,101.08,45.0,51.99,0.49999999999999994,0.8660254037844387,-0.433883739117558,-0.9009688679024191,1,0,81.8
00002_31-01-2025-16.37,157.0,-40.2,85.64,-10.2,74.6,19.8,93.21,49.8,50.45,0.49999999999999994,0.8660254037844387,-0.433883739117558,-0.9009688679024191,1,0,48.4
00015_31-01-2025-17.17,157.0,-49.8,74.6,-19.8,93.21,10.2,50.45,40.2,30.56,0.49999999999999994,0.8660254037844387,-0.433883739117558,-0.9009688679024191,0,1,35.51
00009_31-01-2025-17.22,172.0,-55.2,74.6,-25.2,93.21,4.8,50.45,34.8,30.56,0.49999999999999994,0.8660254037844387,-0.433883739117558,-0.9009688679024191,1,0,69.65
00002_31-01-2025-18.32,157.0,-34.8,30.56,-4.8,86.55,25.2,66.0,62.4,31.14,0.49999999999999994,0.8660254037844387,-0.433883739117558,-0.9009688679024191,1,0,39.71
00009_31-01-2025-19.29,172.0,-61.8,86.55,-31.8,66.0,5.4,31.14,36.0,67.03,0.49999999999999994,0.8660254037844387,-0.433883739117558,-0.9009688679024191,1,0,65.8
00009_31-01-2025-20.22,172.0,-48.0,31.14,-17.4,67.03,4.8,48.55,45.0,79.65,0.49999999999999994,0.8660254037844387,-0.433883739117558,-0.9009688679024191,1,0,27.52
00005_31-01-2025-21.02,172.0,-57.0,67.03,-34.8,48.55,5.4,79.65,565.2,28.82,0.49999999999999994,0.8660254037844387,-0.433883739117558,-0.9009688679024191,0,1,33.15
00005_01-02-2025-07.02,172.0,-594.6,79.65,-34.8,28.82,25.2,50.65,85.2,57.94,0.8660254037844386,0.5000000000000001,-0.9749279121818236,-0.2225209339563146,0,1,49.43
00009_01-02-2025-08.07,172.0,-100.2,28.82,-40.2,50.65,19.8,57.94,49.8,55.24,0.8660254037844386,0.5000000000000001,-0.9749279121818236,-0.2225209339563146,1,0,32.55
00009_01-02-2025-09.22,172.0,-55.2,57.94,-25.2,55.24,4.8,61.66,64.8,46.12,0.8660254037844386,0.5000000000000001,-0.9749279121818236,-0.2225209339563146,1,0,37.41
00009_01-02-2025-09.57,172.0,-60.0,55.24,-30.0,61.66,30.0,46.12,90.0,43.74,0.8660254037844386,0.5000000000000001,-0.9749279121818236,-0.2225209339563146,1,0,41.57
00011_01-02-2025-10.02,182.0,-64.8,55.24,-34.8,61.66,25.2,46.12,85.2,43.74,0.8660254037844386,0.5000000000000001,-0.9749279121818236,-0.2225209339563146,0,1,48.09
00009_01-02-2025-11.22,172.0,-115.2,61.66,-55.2,46.12,4.8,43.74,64.8,59.57,0.8660254037844386,0.5000000000000001,-0.9749279121818236,-0.2225209339563146,1,0,36.09
00009_01-02-2025-12.22,172.0,-115.2,46.12,-55.2,43.74,4.8,59.57,55.8,82.74,0.8660254037844386,0.5000000000000001,-0.9749279121818236,-0.2225209339563146,1,0,36.43
00015_01-02-2025-14.12,157.0,-105.0,59.57,-54.0,82.74,75.0,27.94,135.0,88.2,0.8660254037844386,0.5000000000000001,-0.9749279121818236,-0.2225209339563146,0,1,34.28
00017_01-02-2025-14.42,179.0,-135.0,59.57,-84.0,82.74,45.0,27.94,105.0,88.2,0.8660254037844386,0.5000000000000001,-0.9749279121818236,-0.2225209339563146,1,0,43.76
00002_01-02-2025-16.37,157.0,-70.2,27.94,-10.2,88.2,49.8,26.71,109.8,103.29,0.8660254037844386,0.5000000000000001,-0.9749279121818236,-0.2225209339563146,1,0,59.61
00015_01-02-2025-17.17,157.0,-109.8,27.94,-49.8,88.2,10.2,26.71,70.2,103.29,0.8660254037844386,0.5000000000000001,-0.9749279121818236,-0.2225209339563146,0,1,20.06
00009_01-02-2025-19.29,172.0,-121.8,26.71,-61.8,103.29,5.4,30.44,58.2,19.66,0.8660254037844386,0.5000000000000001,-0.9749279121818236,-0.2225209339563146,1,0,35.17
00009_01-02-2025-20.22,172.0,-115.2,103.29,-48.0,30.44,4.8,19.66,604.8,66.91,0.8660254037844386,0.5000000000000001,-0.9749279121818236,-0.2225209339563146,1,0,25.51
00005_01-02-2025-21.02,172.0,-87.6,30.44,-34.8,19.66,565.2,66.91,625.2,71.66,0.8660254037844386,0.5000000000000001,-0.9749279121818236,-0.2225209339563146,0,1,14.6
00005_02-02-2025-07.02,172.0,-634.8,19.66,-34.8,66.91,25.2,71.66,85.2,95.12,0.8660254037844386,0.5000000000000001,-0.7818314824680299,0.6234898018587334,0,1,43.07
00009_02-02-2025-08.07,172.0,-100.2,66.91,-40.2,71.66,19.8,95.12,79.8,59.72,0.8660254037844386,0.5000000000000001,-0.7818314824680299,0.6234898018587334,1,0,64.63
00009_02-02-2025-09.22,172.0,-115.2,71.66,-55.2,95.12,4.8,59.72,64.8,45.28,0.8660254037844386,0.5000000000000001,-0.7818314824680299,0.6234898018587334,1,0,58.4
00009_02-02-2025-09.57,172.0,-90.0,95.12,-30.0,59.72,30.0,45.28,90.0,145.68,0.8660254037844386,0.5000000000000001,-0.7818314824680299,0.6234898018587334,1,0,53.81
00011_02-02-2025-10.02,182.0,-94.8,95.12,-34.8,59.72,25.2,45.28,85.2,145.68,0.8660254037844386,0.5000000000000001,-0.7818314824680299,0.6234898018587334,0,1,42.7
00009_02-02-2025-11.22,172.0,-115.2,59.72,-55.2,45.28,4.8,145.68,64.8,58.26,0.8660254037844386,0.5000000000000001,-0.7818314824680299,0.6234898018587334,1,0,47.43
00009_02-02-2025-12.22,172.0,-115.2,45.28,-55.2,145.68,4.8,58.26,55.8,55.14,0.8660254037844386,0.5000000000000001,-0.7818314824680299,0.6234898018587334,1,0,64.42
00009_02-02-2025-14.02,172.0,-94.8,58.26,-43.8,55.14,25.2,91.88,85.2,65.96,0.8660254037844386,0.5000000000000001,-0.7818314824680299,0.6234898018587334,1,0,75.87
00015_02-02-2025-14.12,157.0,-105.0,58.26,-54.0,55.14,15.0,91.88,75.0,65.96,0.8660254037844386,0.5000000000000001,-0.7818314824680299,0.6234898018587334,0,1,57.71
00017_02-02-2025-14.42,179.0,-84.0,55.14,-15.0,91.88,45.0,65.96,105.0,75.53,0.8660254037844386,0.5000000000000001,-0.7818314824680299,0.6234898018587334,1,0,83.69
00002_02-02-2025-16.37,157.0,-70.2,65.96,-10.2,75.53,19.8,90.34,49.8,64.76,0.8660254037844386,0.5000000000000001,-0.7818314824680299,0.6234898018587334,1,0,82.96
00015_02-02-2025-17.17,157.0,-49.8,75.53,-19.8,90.34,10.2,64.76,40.2,92.88,0.8660254037844386,0.5000000000000001,-0.7818314824680299,0.6234898018587334,0,1,51.93
00009_02-02-2025-17.22,172.0,-55.2,75.53,-25.2,90.34,4.8,64.76,34.8,92.88,0.8660254037844386,0.5000000000000001,-0.7818314824680299,0.6234898018587334,1,0,72.62
00002_02-02-2025-18.32,157.0,-34.8,92.88,-4.8,90.74,25.2,115.7,62.4,92.87,0.8660254037844386,0.5000000000000001,-0.7818314824680299,0.6234898018587334,1,0,88.2
00009_02-02-2025-19.29,172.0,-61.8,90.74,-31.8,115.7,5.4,92.87,36.0,55.75,0.8660254037844386,0.5000000000000001,-0.7818314824680299,0.6234898018587334,1,0,87.95
00009_02-02-2025-20.22,172.0,-48.0,92.87,-17.4,55.75,4.8,95.48,45.0,113.38,0.8660254037844386,0.5000000000000001,-0.7818314824680299,0.6234898018587334,1,0,85.95
00005_02-02-2025-21.02,172.0,-57.0,55.75,-34.8,95.48,5.4,113.38,550.2,30.21,0.8660254037844386,0.5000000000000001,-0.7818314824680299,0.6234898018587334,0,1,70.6
00002_03-02-2025-06.22,157.0,-555.0,113.38,-10.2,30.21,4.8,47.76,34.8,55.91,0.8660254037844386,0.5000000000000001,0.0,1.0,1,0,51.77
00005_03-02-2025-07.02,172.0,-34.8,47.76,-4.8,55.91,25.2,64.2,55.2,73.17,0.8660254037844386,0.5000000000000001,0.0,1.0,0,1,51.63
00002_03-02-2025-07.22,157.0,-55.2,47.76,-25.2,55.91,4.8,64.2,34.8,73.17,0.8660254037844386,0.5000000000000001,0.0,1.0,1,0,26.89
00002_03-02-2025-08.32,157.0,-34.8,73.17,-4.8,73.27,25.2,48.35,55.2,63.32,0.8660254037844386,0.5000000000000001,0.0,1.0,1,0,35.99
00009_03-02-2025-09.22,172.0,-55.2,73.27,-25.2,48.35,4.8,63.32,64.8,36.45,0.8660254037844386,0.5000000000000001,0.0,1.0,1,0,39.75
00009_03-02-2025-09.57,172.0,-60.0,48.35,-30.0,63.32,30.0,36.45,90.0,41.18,0.8660254037844386,0.5000000000000001,0.0,1.0,1,0,33.66
00011_03-02-2025-10.02,182.0,-64.8,48.35,-34.8,63.32,25.2,36.45,85.2,41.18,0.8660254037844386,0.5000000000000001,0.0,1.0,0,1,35.83
00009_03-02-2025-11.22,172.0,-115.2,63.32,-55.2,36.45,4.8,41.18,64.8,44.28,0.8660254037844386,0.5000000000000001,0.0,1.0,1,0,28.09
00009_03-02-2025-12.22,172.0,-115.2,36.45,-55.2,41.18,4.8,44.28,34.8,42.11,0.8660254037844386,0.5000000000000001,0.0,1.0,1,0,18.85
00009_03-02-2025-14.02,172.0,-64.8,42.11,-43.8,68.94,25.2,33.51,55.2,43.32,0.8660254037844386,0.5000000000000001,0.0,1.0,1,0,27.94
00015_03-02-2025-14.12,157.0,-75.0,42.11,-54.0,68.94,15.0,33.51,45.0,43.32,0.8660254037844386,0.5000000000000001,0.0,1.0,0,1,26.66
00017_03-02-2025-14.42,179.0,-84.0,68.94,-15.0,33.51,15.0,43.32,45.0,40.34,0.8660254037844386,0.5000000000000001,0.0,1.0,1,0,56.7
00002_03-02-2025-16.37,157.0,-40.2,38.69,-10.2,75.67,19.8,62.8,49.8,71.79,0.8660254037844386,0.5000000000000001,0.0,1.0,1,0,50.66
00015_03-02-2025-17.17,157.0,-49.8,75.67,-19.8,62.8,10.2,71.79,40.2,42.97,0.8660254037844386,0.5000000000000001,0.0,1.0,0,1,44.77
00009_03-02-2025-17.22,172.0,-55.2,75.67,-25.2,62.8,4.8,71.79,34.8,42.97,0.8660254037844386,0.5000000000000001,0.0,1.0,1,0,34.54
00002_03-02-2025-18.32,157.0,-34.8,42.97,-4.8,61.69,25.2,41.29,62.4,23.79,0.8660254037844386,0.5000000000000001,0.0,1.0,1,0,40.71
00009_03-02-2025-19.29,172.0,-61.8,61.69,-31.8,41.29,5.4,23.79,36.0,16.42,0.8660254037844386,0.5000000000000001,0.0,1.0,1,0,50.91
00009_03-02-2025-20.22,172.0,-48.0,23.79,-17.4,16.42,4.8,20.28,45.0,43.17,0.8660254037844386,0.5000000000000001,0.0,1.0,1,0,30.14
00005_03-02-2025-21.02,172.0,-57.0,16.42,-34.8,20.28,5.4,43.17,550.2,34.9,0.8660254037844386,0.5000000000000001,0.0,1.0,0,1,15.12
00002_04-02-2025-06.22,157.0,-555.0,43.17,-10.2,34.9,4.8,57.3,34.8,114.65,0.8660254037844386,0.5000000000000001,0.7818314824680298,0.6234898018587336,1,0,38.22
00005_04-02-2025-07.02,172.0,-34.8,57.3,-4.8,114.65,25.2,41.18,55.2,34.5,0.8660254037844386,0.5000000000000001,0.7818314824680298,0.6234898018587336,0,1,53.98
00002_04-02-2025-07.22,157.0,-55.2,57.3,-25.2,114.65,4.8,41.18,34.8,34.5,0.8660254037844386,0.5000000000000001,0.7818314824680298,0.6234898018587336,1,0,34.36
00002_04-02-2025-08.32,157.0,-34.8,34.5,-4.8,67.57,25.2,37.85,55.2,69.77,0.8660254037844386,0.5000000000000001,0.7818314824680298,0.6234898018587336,1,0,31.91
00009_04-02-2025-09.22,172.0,-55.2,67.57,-25.2,37.85,4.8,69.77,64.8,35.61,0.8660254037844386,0.5000000000000001,0.7818314824680298,0.6234898018587336,1,0,40.76
00009_04-02-2025-09.57,172.0,-60.0,37.85,-30.0,69.77,30.0,35.61,90.0,30.25,0.8660254037844386,0.5000000000000001,0.7818314824680298,0.6234898018587336,1,0,38.9
00011_04-02-2025-10.02,182.0,-64.8,37.85,-34.8,69.77,25.2,35.61,85.2,30.25,0.8660254037844386,0.5000000000000001,0.7818314824680298,0.6234898018587336,0,1,29.23
00009_04-02-2025-11.22,172.0,-115.2,69.77,-55.2,35.61,4.8,30.25,64.8,39.6,0.8660254037844386,0.5000000000000001,0.7818314824680298,0.6234898018587336,1,0,28.43
00009_04-02-2025-12.22,172.0,-115.2,35.61,-55.2,30.25,4.8,39.6,34.8,41.17,0.8660254037844386,0.5000000000000001,0.7818314824680298,0.6234898018587336,1,0,44.64
00009_04-02-2025-14.02,172.0,-64.8,41.17,-43.8,48.24,25.2,81.35,55.2,31.17,0.8660254037844386,0.5000000000000001,0.7818314824680298,0.6234898018587336,1,0,18.65
00015_04-02-2025-14.12,157.0,-75.0,41.17,-54.0,48.24,15.0,81.35,45.0,31.17,0.8660254037844386,0.5000000000000001,0.7818314824680298,0.6234898018587336,0,1,44.55
00017_04-02-2025-14.42,179.0,-84.0,48.24,-15.0,81.35,15.0,31.17,45.0,27.87,0.8660254037844386,0.5000000000000001,0.7818314824680298,0.6234898018587336,1,0,45.67
00002_04-02-2025-16.37,157.0,-40.2,28.42,-10.2,45.26,19.8,47.64,49.8,50.82,0.8660254037844386,0.5000000000000001,0.7818314824680298,0.6234898018587336,1,0,29.43
00015_04-02-2025-17.17,157.0,-49.8,45.26,-19.8,47.64,10.2,50.82,40.2,81.77,0.8660254037844386,0.5000000000000001,0.7818314824680298,0.6234898018587336,0,1,36.27
00009_04-02-2025-17.22,172.0,-55.2,45.26,-25.2,47.64,4.8,50.82,34.8,81.77,0.8660254037844386,0.5000000000000001,0.7818314824680298,0.6234898018587336,1,0,30.36
00002_04-02-2025-18.32,157.0,-34.8,81.77,-4.8,52.87,25.2,32.29,62.4,30.24,0.8660254037844386,0.5000000000000001,0.7818314824680298,0.6234898018587336,1,0,39.22
00009_04-02-2025-19.29,172.0,-61.8,52.87,-31.8,32.29,5.4,30.24,36.0,46.94,0.8660254037844386,0.5000000000000001,0.7818314824680298,0.6234898018587336,1,0,49.0
00009_04-02-2025-20.22,172.0,-48.0,30.24,-17.4,46.94,4.8,33.32,45.0,26.63,0.8660254037844386,0.5000000000000001,0.7818314824680298,0.6234898018587336,1,0,31.12
00005_04-02-2025-21.02,172.0,-57.0,46.94,-34.8,33.32,5.4,26.63,550.2,34.46,0.8660254037844386,0.5000000000000001,0.7818314824680298,0.6234898018587336,0,1,34.18
00002_05-02-2025-06.22,157.0,-555.0,26.63,-10.2,34.46,4.8,51.9,34.8,68.76,0.8660254037844386,0.5000000000000001,0.9749279121818236,-0.22252093395631434,1,0,36.51
00005_05-02-2025-07.02,172.0,-34.8,51.9,-4.8,68.76,25.2,47.34,55.2,46.73,0.8660254037844386,0.5000000000000001,0.9749279121818236,-0.22252093395631434,0,1,35.17
00002_05-02-2025-07.22,157.0,-55.2,51.9,-25.2,68.76,4.8,47.34,34.8,46.73,0.8660254037844386,0.5000000000000001,0.9749279121818236,-0.22252093395631434,1,0,22.14
00002_05-02-2025-08.32,157.0,-34.8,46.73,-4.8,65.88,25.2,44.14,55.2,86.66,0.8660254037844386,0.5000000000000001,0.9749279121818236,-0.22252093395631434,1,0,46.27
00009_05-02-2025-09.22,172.0,-55.2,65.88,-25.2,44.14,4.8,86.66,64.8,49.16,0.8660254037844386,0.5000000000000001,0.9749279121818236,-0.22252093395631434,1,0,28.97
00009_05-02-2025-09.57,172.0,-60.0,44.14,-30.0,86.66,30.0,49.16,90.0,49.87,0.8660254037844386,0.5000000000000001,0.9749279121818236,-0.22252093395631434,1,0,24.07
00011_05-02-2025-10.02,182.0,-64.8,44.14,-34.8,86.66,25.2,49.16,85.2,49.87,0.8660254037844386,0.5000000000000001,0.9749279121818236,-0.22252093395631434,0,1,42.29
00009_05-02-2025-11.22,172.0,-115.2,86.66,-55.2,49.16,4.8,49.87,64.8,47.76,0.8660254037844386,0.5000000000000001,0.9749279121818236,-0.22252093395631434,1,0,28.78
00009_05-02-2025-12.22,172.0,-115.2,49.16,-55.2,49.87,4.8,47.76,34.8,26.52,0.8660254037844386,0.5000000000000001,0.9749279121818236,-0.22252093395631434,1,0,40.19
00009_05-02-2025-14.02,172.0,-64.8,26.52,-43.8,48.24,25.2,51.49,55.2,40.12,0.8660254037844386,0.5000000000000001,0.9749279121818236,-0.22252093395631434,1,0,67.72
00015_05-02-2025-14.12,157.0,-75.0,26.52,-54.0,48.24,15.0,51.49,45.0,40.12,0.8660254037844386,0.5000000000000001,0.9749279121818236,-0.22252093395631434,0,1,21.08
00017_05-02-2025-14.42,179.0,-84.0,48.24,-15.0,51.49,15.0,40.12,45.0,36.51,0.8660254037844386,0.5000000000000001,0.9749279121818236,-0.22252093395631434,1,0,50.23
00002_05-02-2025-16.37,157.0,-40.2,40.94,-10.2,61.26,19.8,116.71,49.8,58.92,0.8660254037844386,0.5000000000000001,0.9749279121818236,-0.22252093395631434,1,0,40.94
00015_05-02-2025-17.17,157.0,-49.8,61.26,-19.8,116.71,10.2,58.92,40.2,41.34,0.8660254037844386,0.5000000000000001,0.9749279121818236,-0.22252093395631434,0,1,53.45
00009_05-02-2025-17.22,172.0,-55.2,61.26,-25.2,116.71,4.8,58.92,34.8,41.34,0.8660254037844386,0.5000000000000001,0.9749279121818236,-0.22252093395631434,1,0,53.81
00002_05-02-2025-18.32,157.0,-34.8,41.34,-4.8,53.02,25.2,109.05,62.4,29.09,0.8660254037844386,0.5000000000000001,0.9749279121818236,-0.22252093395631434,1,0,30.43
00009_05-02-2025-19.29,172.0,-61.8,53.02,-31.8,109.05,5.4,29.09,36.0,49.97,0.8660254037844386,0.5000000000000001,0.9749279121818236,-0.22252093395631434,1,0,33.88
00009_05-02-2025-20.22,172.0,-48.0,29.09,-17.4,49.97,4.8,31.49,45.0,50.18,0.8660254037844386,0.5000000000000001,0.9749279121818236,-0.22252093395631434,1,0,30.23
00005_05-02-2025-21.02,172.0,-57.0,49.97,-34.8,31.49,5.4,50.18,550.2,29.72,0.8660254037844386,0.5000000000000001,0.9749279121818236,-0.22252093395631434,0,1,41.22
00002_06-02-2025-06.22,157.0,-555.0,50.18,-10.2,29.72,4.8,52.69,34.8,76.21,0.8660254037844386,0.5000000000000001,0.43388373911755823,-0.900968867902419,1,0,56.53
00005_06-02-2025-07.02,172.0,-34.8,52.69,-4.8,76.21,25.2,42.43,55.2,63.56,0.8660254037844386,0.5000000000000001,0.43388373911755823,-0.900968867902419,0,1,38.39
00002_06-02-2025-07.22,157.0,-55.2,52.69,-25.2,76.21,4.8,42.43,34.8,63.56,0.8660254037844386,0.5000000000000001,0.43388373911755823,-0.900968867902419,1,0,21.05
00002_06-02-2025-08.32,157.0,-34.8,63.56,-4.8,54.38,25.2,87.16,55.2,69.19,0.8660254037844386,0.5000000000000001,0.43388373911755823,-0.900968867902419,1,0,60.73
00009_06-02-2025-09.22,172.0,-55.2,54.38,-25.2,87.16,4.8,69.19,64.8,52.09,0.8660254037844386,0.5000000000000001,0.43388373911755823,-0.900968867902419,1,0,65.8
00009_06-02-2025-09.57,172.0,-60.0,87.16,-30.0,69.19,30.0,52.09,90.0,48.88,0.8660254037844386,0.5000000000000001,0.43388373911755823,-0.900968867902419,1,0,62.09
00011_06-02-2025-10.02,182.0,-64.8,87.16,-34.8,69.19,25.2,52.09,85.2,48.88,0.8660254037844386,0.5000000000000001,0.43388373911755823,-0.900968867902419,0,1,39.94
00009_06-02-2025-11.22,172.0,-115.2,69.19,-55.2,52.09,4.8,48.88,64.8,46.39,0.8660254037844386,0.5000000000000001,0.43388373911755823,-0.900968867902419,1,0,49.55
00009_06-02-2025-12.22,172.0,-115.2,52.09,-55.2,48.88,4.8,46.39,34.8,67.81,0.8660254037844386,0.5000000000000001,0.43388373911755823,-0.900968867902419,1,0,63.19
00002_06-02-2025-16.37,157.0,-40.2,94.2,-10.2,60.94,19.8,157.8,49.8,117.39,0.8660254037844386,0.5000000000000001,0.43388373911755823,-0.900968867902419,1,0,57.54
00015_06-02-2025-17.17,157.0,-49.8,60.94,-19.8,157.8,10.2,117.39,40.2,61.91,0.8660254037844386,0.5000000000000001,0.43388373911755823,-0.900968867902419,0,1,58.54
00009_06-02-2025-17.22,172.0,-55.2,60.94,-25.2,157.8,4.8,117.39,34.8,61.91,0.8660254037844386,0.5000000000000001,0.43388373911755823,-0.900968867902419,1,0,70.25
00002_06-02-2025-18.32,157.0,-34.8,61.91,-4.8,77.83,25.2,74.67,62.4,40.32,0.8660254037844386,0.5000000000000001,0.43388373911755823,-0.900968867902419,1,0,51.12
00009_06-02-2025-19.29,172.0,-61.8,77.83,-31.8,74.67,5.4,40.32,36.0,48.24,0.8660254037844386,0.5000000000000001,0.43388373911755823,-0.900968867902419,1,0,39.92
00009_06-02-2025-20.22,172.0,-48.0,40.32,-17.4,48.24,4.8,48.45,45.0,48.43,0.8660254037844386,0.5000000000000001,0.43388373911755823,-0.900968867902419,1,0,35.65
00005_06-02-2025-21.02,172.0,-57.0,48.24,-34.8,48.45,5.4,48.43,565.2,20.85,0.8660254037844386,0.5000000000000001,0.43388373911755823,-0.900968867902419,0,1,54.5
00002_07-02-2025-06.22,157.0,-595.2,48.45,-555.0,48.43,4.8,20.85,34.8,53.71,0.8660254037844386,0.5000000000000001,-0.433883739117558,-0.9009688679024191,1,0,31.15
00005_07-02-2025-07.02,172.0,-34.8,20.85,-4.8,53.71,25.2,81.02,55.2,39.0,0.8660254037844386,0.5000000000000001,-0.433883739117558,-0.9009688679024191,0,1,33.41
00002_07-02-2025-07.22,157.0,-55.2,20.85,-25.2,53.71,4.8,81.02,34.8,39.0,0.8660254037844386,0.5000000000000001,-0.433883739117558,-0.9009688679024191,1,0,39.78
00002_07-02-2025-08.32,157.0,-64.8,81.02,-34.8,39.0,25.2,107.08,55.2,70.97,0.8660254037844386,0.5000000000000001,-0.433883739117558,-0.9009688679024191,1,0,20.84
00009_07-02-2025-09.22,172.0,-85.2,39.0,-25.2,107.08,4.8,70.97,64.8,58.39,0.8660254037844386,0.5000000000000001,-0.433883739117558,-0.9009688679024191,1,0,27.69
00009_07-02-2025-09.57,172.0,-60.0,107.08,-30.0,70.97,30.0,58.39,90.0,113.05,0.8660254037844386,0.5000000000000001,-0.433883739117558,-0.9009688679024191,1,0,61.36
00011_07-02-2025-10.02,182.0,-64.8,107.08,-34.8,70.97,25.2,58.39,85.2,113.05,0.8660254037844386,0.5000000000000001,-0.433883739117558,-0.9009688679024191,0,1,54.55
00009_07-02-2025-11.22,172.0,-115.2,70.97,-55.2,58.39,4.8,113.05,64.8,42.64,0.8660254037844386,0.5000000000000001,-0.433883739117558,-0.9009688679024191,1,0,62.0
00009_07-02-2025-12.22,172.0,-115.2,58.39,-55.2,113.05,4.8,42.64,34.8,76.48,0.8660254037844386,0.5000000000000001,-0.433883739117558,-0.9009688679024191,1,0,38.9
00009_07-02-2025-14.02,172.0,-43.8,55.14,-4.8,85.3,25.2,91.69,55.2,103.35,0.8660254037844386,0.5000000000000001,-0.433883739117558,-0.9009688679024191,1,0,48.7
00015_07-02-2025-14.12,157.0,-54.0,55.14,-15.0,85.3,15.0,91.69,45.0,103.35,0.8660254037844386,0.5000000000000001,-0.433883739117558,-0.9009688679024191,0,1,35.32
00017_07-02-2025-14.42,179.0,-45.0,85.3,-15.0,91.69,15.0,103.35,45.0,58.53,0.8660254037844386,0.5000000000000001,-0.433883739117558,-0.9009688679024191,1,0,94.26
00002_07-02-2025-16.37,157.0,-40.2,99.58,-10.2,93.43,19.8,104.14,49.8,62.61,0.8660254037844386,0.5000000000000001,-0.433883739117558,-0.9009688679024191,1,0,59.74
00015_07-02-2025-17.17,157.0,-49.8,93.43,-19.8,104.14,10.2,62.61,40.2,48.44,0.8660254037844386,0.5000000000000001,-0.433883739117558,-0.9009688679024191,0,1,31.32
00009_07-02-2025-17.22,172.0,-55.2,93.43,-25.2,104.14,4.8,62.61,34.8,48.44,0.8660254037844386,0.5000000000000001,-0.433883739117558,-0.9009688679024191,1,0,66.58
00002_07-02-2025-18.32,157.0,-34.8,48.44,-4.8,91.41,25.2,67.96,62.4,34.11,0.8660254037844386,0.5000000000000001,-0.433883739117558,-0.9009688679024191,1,0,50.07
00009_07-02-2025-19.29,172.0,-61.8,91.41,-31.8,67.96,5.4,34.11,36.0,80.71,0.8660254037844386,0.5000000000000001,-0.433883739117558,-0.9009688679024191,1,0,72.91
00009_07-02-2025-20.22,172.0,-48.0,34.11,-17.4,80.71,4.8,41.88,45.0,82.97,0.8660254037844386,0.5000000000000001,-0.433883739117558,-0.9009688679024191,1,0,54.53
00005_07-02-2025-21.02,172.0,-57.0,80.71,-34.8,41.88,5.4,82.97,565.2,30.71,0.8660254037844386,0.5000000000000001,-0.433883739117558,-0.9009688679024191,0,1,13.59
00005_08-02-2025-07.02,172.0,-594.6,82.97,-34.8,30.71,25.2,53.09,85.2,62.68,0.8660254037844386,0.5000000000000001,-0.9749279121818236,-0.2225209339563146,0,1,23.84
00009_08-02-2025-08.07,172.0,-100.2,30.71,-40.2,53.09,19.8,62.68,49.8,71.85,0.8660254037844386,0.5000000000000001,-0.9749279121818236,-0.2225209339563146,1,0,43.4
00009_08-02-2025-09.22,172.0,-55.2,62.68,-25.2,71.85,4.8,65.25,64.8,42.6,0.8660254037844386,0.5000000000000001,-0.9749279121818236,-0.2225209339563146,1,0,29.27
00009_08-02-2025-09.57,172.0,-60.0,71.85,-30.0,65.25,30.0,42.6,90.0,40.89,0.8660254037844386,0.5000000000000001,-0.9749279121818236,-0.2225209339563146,1,0,34.62
00011_08-02-2025-10.02,182.0,-64.8,71.85,-34.8,65.25,25.2,42.6,85.2,40.89,0.8660254037844386,0.5000000000000001,-0.9749279121818236,-0.2225209339563146,0,1,18.26
00009_08-02-2025-11.22,172.0,-115.2,65.25,-55.2,42.6,4.8,40.89,64.8,64.03,0.8660254037844386,0.5000000000000001,-0.9749279121818236,-0.2225209339563146,1,0,55.11
00009_08-02-2025-12.22,172.0,-115.2,42.6,-55.2,40.89,4.8,64.03,55.8,82.74,0.8660254037844386,0.5000000000000001,-0.9749279121818236,-0.2225209339563146,1,0,47.15
00015_08-02-2025-14.12,157.0,-105.0,64.03,-54.0,82.74,75.0,29.65,135.0,86.74,0.8660254037844386,0.5000000000000001,-0.9749279121818236,-0.2225209339563146,0,1,17.76
00017_08-02-2025-14.42,179.0,-135.0,64.03,-84.0,82.74,45.0,29.65,105.0,86.74,0.8660254037844386,0.5000000000000001,-0.9749279121818236,-0.2225209339563146,1,0,43.92
00002_08-02-2025-16.37,157.0,-70.2,29.65,-10.2,86.74,49.8,15.28,109.8,79.86,0.8660254037844386,0.5000000000000001,-0.9749279121818236,-0.2225209339563146,1,0,36.05
00015_08-02-2025-17.17,157.0,-109.8,29.65,-49.8,86.74,10.2,15.28,70.2,79.86,0.8660254037844386,0.5000000000000001,-0.9749279121818236,-0.2225209339563146,0,1,20.58
00009_08-02-2025-19.29,172.0,-121.8,15.28,-61.8,79.86,5.4,27.44,58.2,33.66,0.8660254037844386,0.5000000000000001,-0.9749279121818236,-0.2225209339563146,1,0,20.53
00009_08-02-2025-20.22,172.0,-115.2,79.86,-48.0,27.44,4.8,33.66,604.8,54.85,0.8660254037844386,0.5000000000000001,-0.9749279121818236,-0.2225209339563146,1,0,23.12
00005_08-02-2025-21.02,172.0,-87.6,27.44,-34.8,33.66,565.2,54.85,625.2,58.17,0.8660254037844386,0.5000000000000001,-0.9749279121818236,-0.2225209339563146,0,1,24.17
00005_09-02-2025-07.02,172.0,-634.8,33.66,-34.8,54.85,25.2,58.17,85.2,87.29,0.8660254037844386,0.5000000000000001,-0.7818314824680299,0.6234898018587334,0,1,46.39
00009_09-02-2025-08.07,172.0,-100.2,54.85,-40.2,58.17,19.8,87.29,79.8,54.34,0.8660254037844386,0.5000000000000001,-0.7818314824680299,0.6234898018587334,1,0,57.81
00009_09-02-2025-09.22,172.0,-115.2,58.17,-55.2,87.29,4.8,54.34,64.8,53.27,0.8660254037844386,0.5000000000000001,-0.7818314824680299,0.6234898018587334,1,0,47.91
00009_09-02-2025-09.57,172.0,-90.0,87.29,-30.0,54.34,30.0,53.27,90.0,139.41,0.8660254037844386,0.5000000000000001,-0.7818314824680299,0.6234898018587334,1,0,41.78
00011_09-02-2025-10.02,182.0,-94.8,87.29,-34.8,54.34,25.2,53.27,85.2,139.41,0.8660254037844386,0.5000000000000001,-0.7818314824680299,0.6234898018587334,0,1,48.27
00009_09-02-2025-11.22,172.0,-115.2,54.34,-55.2,53.27,4.8,139.41,64.8,56.86,0.8660254037844386,0.5000000000000001,-0.7818314824680299,0.6234898018587334,1,0,66.56
00009_09-02-2025-12.22,172.0,-115.2,53.27,-55.2,139.41,4.8,56.86,55.8,55.14,0.8660254037844386,0.5000000000000001,-0.7818314824680299,0.6234898018587334,1,0,69.37
00009_09-02-2025-14.02,172.0,-94.8,56.86,-43.8,55.14,25.2,93.11,85.2,67.46,0.8660254037844386,0.5000000000000001,-0.7818314824680299,0.6234898018587334,1,0,72.13
00015_09-02-2025-14.12,157.0,-105.0,56.86,-54.0,55.14,15.0,93.11,75.0,67.46,0.8660254037844386,0.5000000000000001,-0.7818314824680299,0.6234898018587334,0,1,54.34
00017_09-02-2025-14.42,179.0,-84.0,55.14,-15.0,93.11,45.0,67.46,105.0,85.5,0.8660254037844386,0.5000000000000001,-0.7818314824680299,0.6234898018587334,1,0,95.61
00002_09-02-2025-16.37,157.0,-70.2,67.46,-10.2,85.5,19.8,96.03,49.8,72.62,0.8660254037844386,0.5000000000000001,-0.7818314824680299,0.6234898018587334,1,0,92.0
00015_09-02-2025-17.17,157.0,-49.8,85.5,-19.8,96.03,10.2,72.62,40.2,57.04,0.8660254037844386,0.5000000000000001,-0.7818314824680299,0.6234898018587334,0,1,62.96
00009_09-02-2025-17.22,172.0,-55.2,85.5,-25.2,96.03,4.8,72.62,34.8,57.04,0.8660254037844386,0.5000000000000001,-0.7818314824680299,0.6234898018587334,1,0,98.83
00002_09-02-2025-18.32,157.0,-34.8,57.04,-4.8,87.16,25.2,114.84,62.4,83.5,0.8660254037844386,0.5000000000000001,-0.7818314824680299,0.6234898018587334,1,0,104.1
00009_09-02-2025-19.29,172.0,-61.8,87.16,-31.8,114.84,5.4,83.5,36.0,85.72,0.8660254037844386,0.5000000000000001,-0.7818314824680299,0.6234898018587334,1,0,96.59
00009_09-02-2025-20.22,172.0,-48.0,83.5,-17.4,85.72,4.8,89.87,45.0,124.01,0.8660254037844386,0.5000000000000001,-0.7818314824680299,0.6234898018587334,1,0,78.15
00005_09-02-2025-21.02,172.0,-57.0,85.72,-34.8,89.87,5.4,124.01,550.2,31.55,0.8660254037844386,0.5000000000000001,-0.7818314824680299,0.6234898018587334,0,1,75.08
00002_10-02-2025-06.22,157.0,-555.0,124.01,-10.2,31.55,4.8,39.87,34.8,59.24,0.8660254037844386,0.5000000000000001,0.0,1.0,1,0,33.86
00005_10-02-2025-07.02,172.0,-34.8,39.87,-4.8,59.24,25.2,58.85,55.2,52.56,0.8660254037844386,0.5000000000000001,0.0,1.0,0,1,32.55
00002_10-02-2025-07.22,157.0,-55.2,39.87,-25.2,59.24,4.8,58.85,34.8,52.56,0.8660254037844386,0.5000000000000001,0.0,1.0,1,0,12.29
00002_10-02-2025-08.32,157.0,-34.8,52.56,-4.8,63.43,25.2,47.93,55.2,67.59,0.8660254037844386,0.5000000000000001,0.0,1.0,1,0,37.69
00009_10-02-2025-09.22,172.0,-55.2,63.43,-25.2,47.93,4.8,67.59,64.8,34.61,0.8660254037844386,0.5000000000000001,0.0,1.0,1,0,56.23
00009_10-02-2025-09.57,172.0,-60.0,47.93,-30.0,67.59,30.0,34.61,90.0,41.15,0.8660254037844386,0.5000000000000001,0.0,1.0,1,0,22.02
00011_10-02-2025-10.02,182.0,-64.8,47.93,-34.8,67.59,25.2,34.61,85.2,41.15,0.8660254037844386,0.5000000000000001,0.0,1.0,0,1,39.38
00009_10-02-2025-11.22,172.0,-115.2,67.59,-55.2,34.61,4.8,41.15,64.8,40.3,0.8660254037844386,0.5000000000000001,0.0,1.0,1,0,35.02
00009_10-02-2025-12.22,172.0,-115.2,34.61,-55.2,41.15,4.8,40.3,34.8,40.67,0.8660254037844386,0.5000000000000001,0.0,1.0,1,0,28.46
00009_10-02-2025-14.02,172.0,-64.8,40.67,-43.8,68.94,25.2,43.5,55.2,31.76,0.8660254037844386,0.5000000000000001,0.0,1.0,1,0,35.42
00015_10-02-2025-14.12,157.0,-75.0,40.67,-54.0,68.94,15.0,43.5,45.0,31.76,0.8660254037844386,0.5000000000000001,0.0,1.0,0,1,41.09
00017_10-02-2025-14.42,179.0,-84.0,68.94,-15.0,43.5,15.0,31.76,45.0,32.4,0.8660254037844386,0.5000000000000001,0.0,1.0,1,0,45.43
00002_10-02-2025-16.37,157.0,-40.2,43.85,-10.2,80.75,19.8,45.74,49.8,69.81,0.8660254037844386,0.5000000000000001,0.0,1.0,1,0,41.9
00015_10-02-2025-17.17,157.0,-49.8,80.75,-19.8,45.74,10.2,69.81,40.2,38.34,0.8660254037844386,0.5000000000000001,0.0,1.0,0,1,24.79
00009_10-02-2025-17.22,172.0,-55.2,80.75,-25.2,45.74,4.8,69.81,34.8,38.34,0.8660254037844386,0.5000000000000001,0.0,1.0,1,0,38.68
00002_10-02-2025-18.32,157.0,-34.8,38.34,-4.8,42.24,25.2,34.71,62.4,24.68,0.8660254037844386,0.5000000000000001,0.0,1.0,1,0,28.92
00009_10-02-2025-19.29,172.0,-61.8,42.24,-31.8,34.71,5.4,24.68,36.0,23.23,0.8660254037844386,0.5000000000000001,0.0,1.0,1,0,57.88
00009_10-02-2025-20.22,172.0,-48.0,24.68,-17.4,23.23,4.8,18.15,45.0,33.54,0.8660254037844386,0.5000000000000001,0.0,1.0,1,0,27.97
00005_10-02-2025-21.02,172.0,-57.0,23.23,-34.8,18.15,5.4,33.54,550.2,34.24,0.8660254037844386,0.5000000000000001,0.0,1.0,0,1,26.91
00002_11-02-2025-06.22,157.0,-555.0,33.54,-10.2,34.24,4.8,28.44,34.8,103.66,0.8660254037844386,0.5000000000000001,0.7818314824680298,0.6234898018587336,1,0,39.76
00005_11-02-2025-07.02,172.0,-34.8,28.44,-4.8,103.66,25.2,32.04,55.2,37.51,0.8660254037844386,0.5000000000000001,0.7818314824680298,0.6234898018587336,0,1,47.47
00002_11-02-2025-07.22,157.0,-55.2,28.44,-25.2,103.66,4.8,32.04,34.8,37.51,0.8660254037844386,0.5000000000000001,0.7818314824680298,0.6234898018587336,1,0,27.21
00002_11-02-2025-08.32,157.0,-34.8,37.51,-4.8,55.98,25.2,45.74,55.2,75.62,0.8660254037844386,0.5000000000000001,0.7818314824680298,0.6234898018587336,1,0,25.78
00009_11-02-2025-09.22,172.0,-55.2,55.98,-25.2,45.74,4.8,75.62,64.8,35.86,0.8660254037844386,0.5000000000000001,0.7818314824680298,0.6234898018587336,1,0,30.01
00009_11-02-2025-09.57,172.0,-60.0,45.74,-30.0,75.62,30.0,35.86,90.0,35.38,0.8660254037844386,0.5000000000000001,0.7818314824680298,0.6234898018587336,1,0,29.01
00011_11-02-2025-10.02,182.0,-64.8,45.74,-34.8,75.62,25.2,35.86,85.2,35.38,0.8660254037844386,0.5000000000000001,0.7818314824680298,0.6234898018587336,0,1,24.91
00009_11-02-2025-11.22,172.0,-115.2,75.62,-55.2,35.86,4.8,35.38,64.8,57.47,0.8660254037844386,0.5000000000000001,0.7818314824680298,0.6234898018587336,1,0,20.64
00009_11-02-2025-12.22,172.0,-115.2,35.86,-55.2,35.38,4.8,57.47,34.8,37.52,0.8660254037844386,0.5000000000000001,0.7818314824680298,0.6234898018587336,1,0,45.02
00009_11-02-2025-14.02,172.0,-64.8,37.52,-43.8,48.24,25.2,61.37,55.2,58.67,0.8660254037844386,0.5000000000000001,0.7818314824680298,0.6234898018587336,1,0,17.86
00015_11-02-2025-14.12,157.0,-75.0,37.52,-54.0,48.24,15.0,61.37,45.0,58.67,0.8660254037844386,0.5000000000000001,0.7818314824680298,0.6234898018587336,0,1,38.13
00017_11-02-2025-14.42,179.0,-84.0,48.24,-15.0,61.37,15.0,58.67,45.0,29.45,0.8660254037844386,0.5000000000000001,0.7818314824680298,0.6234898018587336,1,0,42.61
00002_11-02-2025-16.37,157.0,-40.2,23.61,-10.2,34.34,19.8,65.5,49.8,58.97,0.8660254037844386,0.5000000000000001,0.7818314824680298,0.6234898018587336,1,0,41.74
00015_11-02-2025-17.17,157.0,-49.8,34.34,-19.8,65.5,10.2,58.97,40.2,69.23,0.8660254037844386,0.5000000000000001,0.7818314824680298,0.6234898018587336,0,1,58.18
00009_11-02-2025-17.22,172.0,-55.2,34.34,-25.2,65.5,4.8,58.97,34.8,69.23,0.8660254037844386,0.5000000000000001,0.7818314824680298,0.6234898018587336,1,0,61.71
00002_11-02-2025-18.32,157.0,-34.8,69.23,-4.8,62.05,25.2,33.01,62.4,28.67,0.8660254037844386,0.5000000000000001,0.7818314824680298,0.6234898018587336,1,0,28.37
00009_11-02-2025-19.29,172.0,-61.8,62.05,-31.8,33.01,5.4,28.67,36.0,34.07,0.8660254037844386,0.5000000000000001,0.7818314824680298,0.6234898018587336,1,0,30.4
00009_11-02-2025-20.22,172.0,-48.0,28.67,-17.4,34.07,4.8,40.31,45.0,30.48,0.8660254037844386,0.5000000000000001,0.7818314824680298,0.6234898018587336,1,0,19.47
00005_11-02-2025-21.02,172.0,-57.0,34.07,-34.8,40.31,5.4,30.48,550.2,33.37,0.8660254037844386,0.5000000000000001,0.7818314824680298,0.6234898018587336,0,1,10.06
00002_12-02-2025-06.22,157.0,-555.0,30.48,-10.2,33.37,4.8,55.12,34.8,91.59,0.8660254037844386,0.5000000000000001,0.9749279121818236,-0.22252093395631434,1,0,43.13
00005_12-02-2025-07.02,172.0,-34.8,55.12,-4.8,91.59,25.2,46.32,55.2,42.18,0.8660254037844386,0.5000000000000001,0.9749279121818236,-0.22252093395631434,0,1,36.01
00002_12-02-2025-07.22,157.0,-55.2,55.12,-25.2,91.59,4.8,46.32,34.8,42.18,0.8660254037844386,0.5000000000000001,0.9749279121818236,-0.22252093395631434,1,0,22.0
00002_12-02-2025-08.32,157.0,-34.8,42.18,-4.8,74.95,25.2,62.49,55.2,54.89,0.8660254037844386,0.5000000000000001,0.9749279121818236,-0.22252093395631434,1,0,46.92
00009_12-02-2025-09.22,172.0,-55.2,74.95,-25.2,62.49,4.8,54.89,64.8,39.21,0.8660254037844386,0.5000000000000001,0.9749279121818236,-0.22252093395631434,1,0,31.52
00009_12-02-2025-09.57,172.0,-60.0,62.49,-30.0,54.89,30.0,39.21,90.0,39.72,0.8660254037844386,0.5000000000000001,0.9749279121818236,-0.22252093395631434,1,0,37.92
00011_12-02-2025-10.02,182.0,-64.8,62.49,-34.8,54.89,25.2,39.21,85.2,39.72,0.8660254037844386,0.5000000000000001,0.9749279121818236,-0.22252093395631434,0,1,42.67
00009_12-02-2025-11.22,172.0,-115.2,54.89,-55.2,39.21,4.8,39.72,64.8,48.28,0.8660254037844386,0.5000000000000001,0.9749279121818236,-0.22252093395631434,1,0,39.53
00009_12-02-2025-12.22,172.0,-115.2,39.21,-55.2,39.72,4.8,48.28,34.8,49.28,0.8660254037844386,0.5000000000000001,0.9749279121818236,-0.22252093395631434,1,0,49.35
00009_12-02-2025-14.02,172.0,-64.8,49.28,-43.8,48.24,25.2,41.01,55.2,37.57,0.8660254037844386,0.5000000000000001,0.9749279121818236,-0.22252093395631434,1,0,36.01
00015_12-02-2025-14.12,157.0,-75.0,49.28,-54.0,48.24,15.0,41.01,45.0,37.57,0.8660254037844386,0.5000000000000001,0.9749279121818236,-0.22252093395631434,0,1,33.42
00017_12-02-2025-14.42,179.0,-84.0,48.24,-15.0,41.01,15.0,37.57,45.0,33.6,0.8660254037844386,0.5000000000000001,0.9749279121818236,-0.22252093395631434,1,0,57.84
00002_12-02-2025-16.37,157.0,-40.2,38.82,-10.2,48.12,19.8,137.86,49.8,54.65,0.8660254037844386,0.5000000000000001,0.9749279121818236,-0.22252093395631434,1,0,43.2
00015_12-02-2025-17.17,157.0,-49.8,48.12,-19.8,137.86,10.2,54.65,40.2,56.06,0.8660254037844386,0.5000000000000001,0.9749279121818236,-0.22252093395631434,0,1,56.86
00009_12-02-2025-17.22,172.0,-55.2,48.12,-25.2,137.86,4.8,54.65,34.8,56.06,0.8660254037844386,0.5000000000000001,0.9749279121818236,-0.22252093395631434,1,0,61.89
00002_12-02-2025-18.32,157.0,-34.8,56.06,-4.8,85.79,25.2,116.05,62.4,26.54,0.8660254037844386,0.5000000000000001,0.9749279121818236,-0.22252093395631434,1,0,42.09
00009_12-02-2025-19.29,172.0,-61.8,85.79,-31.8,116.05,5.4,26.54,36.0,41.46,0.8660254037844386,0.5000000000000001,0.9749279121818236,-0.22252093395631434,1,0,26.25
00009_12-02-2025-20.22,172.0,-48.0,26.54,-17.4,41.46,4.8,41.92,45.0,39.69,0.8660254037844386,0.5000000000000001,0.9749279121818236,-0.22252093395631434,1,0,23.9
00005_12-02-2025-21.02,172.0,-57.0,41.46,-34.8,41.92,5.4,39.69,550.2,34.8,0.8660254037844386,0.5000000000000001,0.9749279121818236,-0.22252093395631434,0,1,47.55
00002_13-02-2025-06.22,157.0,-555.0,39.69,-10.2,34.8,4.8,33.62,34.8,53.15,0.8660254037844386,0.5000000000000001,0.43388373911755823,-0.900968867902419,1,0,32.83
00005_13-02-2025-07.02,172.0,-34.8,33.62,-4.8,53.15,25.2,42.68,55.2,65.92,0.8660254037844386,0.5000000000000001,0.43388373911755823,-0.900968867902419,0,1,31.34
00002_13-02-2025-07.22,157.0,-55.2,33.62,-25.2,53.15,4.8,42.68,34.8,65.92,0.8660254037844386,0.5000000000000001,0.43388373911755823,-0.900968867902419,1,0,32.3
00002_13-02-2025-08.32,157.0,-34.8,65.92,-4.8,59.6,25.2,76.71,55.2,56.64,0.8660254037844386,0.5000000000000001,0.43388373911755823,-0.900968867902419,1,0,36.64
00009_13-02-2025-09.22,172.0,-55.2,59.6,-25.2,76.71,4.8,56.64,64.8,52.24,0.8660254037844386,0.5000000000000001,0.43388373911755823,-0.900968867902419,1,0,34.41
00009_13-02-2025-09.57,172.0,-60.0,76.71,-30.0,56.64,30.0,52.24,90.0,54.0,0.8660254037844386,0.5000000000000001,0.43388373911755823,-0.900968867902419,1,0,51.25
00011_13-02-2025-10.02,182.0,-64.8,76.71,-34.8,56.64,25.2,52.24,85.2,54.0,0.8660254037844386,0.5000000000000001,0.43388373911755823,-0.900968867902419,0,1,53.54
00009_13-02-2025-11.22,172.0,-115.2,56.64,-55.2,52.24,4.8,54.0,64.8,51.94,0.8660254037844386,0.5000000000000001,0.43388373911755823,-0.900968867902419,1,0,35.57
00009_13-02-2025-12.22,172.0,-115.2,52.24,-55.2,54.0,4.8,51.94,34.8,63.53,0.8660254037844386,0.5000000000000001,0.43388373911755823,-0.900968867902419,1,0,50.92
00002_13-02-2025-16.37,157.0,-40.2,122.71,-10.2,82.6,19.8,125.55,49.8,108.32,0.8660254037844386,0.5000000000000001,0.43388373911755823,-0.900968867902419,1,0,41.65
00015_13-02-2025-17.17,157.0,-49.8,82.6,-19.8,125.55,10.2,108.32,40.2,45.98,0.8660254037844386,0.5000000000000001,0.43388373911755823,-0.900968867902419,0,1,55.3
00009_13-02-2025-17.22,172.0,-55.2,82.6,-25.2,125.55,4.8,108.32,34.8,45.98,0.8660254037844386,0.5000000000000001,0.43388373911755823,-0.900968867902419,1,0,70.9
00002_13-02-2025-18.32,157.0,-34.8,45.98,-4.8,74.9,25.2,71.11,62.4,36.18,0.8660254037844386,0.5000000000000001,0.43388373911755823,-0.900968867902419,1,0,38.45
00009_13-02-2025-19.29,172.0,-61.8,74.9,-31.8,71.11,5.4,36.18,36.0,62.35,0.8660254037844386,0.5000000000000001,0.43388373911755823,-0.900968867902419,1,0,37.06
00009_13-02-2025-20.22,172.0,-48.0,36.18,-17.4,62.35,4.8,55.18,45.0,41.51,0.8660254037844386,0.5000000000000001,0.43388373911755823,-0.900968867902419,1,0,54.15
00005_13-02-2025-21.02,172.0,-57.0,62.35,-34.8,55.18,5.4,41.51,565.2,26.97,0.8660254037844386,0.5000000000000001,0.43388373911755823,-0.900968867902419,0,1,32.2
00002_14-02-2025-06.22,157.0,-595.2,55.18,-555.0,41.51,4.8,26.97,34.8,52.81,0.8660254037844386,0.5000000000000001,-0.433883739117558,-0.9009688679024191,1,0,43.35
00005_14-02-2025-07.02,172.0,-34.8,26.97,-4.8,52.81,25.2,61.55,55.2,65.9,0.8660254037844386,0.5000000000000001,-0.433883739117558,-0.9009688679024191,0,1,31.53
00002_14-02-2025-07.22,157.0,-55.2,26.97,-25.2,52.81,4.8,61.55,34.8,65.9,0.8660254037844386,0.5000000000000001,-0.433883739117558,-0.9009688679024191,1,0,53.45
00002_14-02-2025-08.32,157.0,-64.8,61.55,-34.8,65.9,25.2,117.18,55.2,63.83,0.8660254037844386,0.5000000000000001,-0.433883739117558,-0.9009688679024191,1,0,48.84
00009_14-02-2025-09.22,172.0,-85.2,65.9,-25.2,117.18,4.8,63.83,64.8,56.86,0.8660254037844386,0.5000000000000001,-0.433883739117558,-0.9009688679024191,1,0,53.75
00009_14-02-2025-09.57,172.0,-60.0,117.18,-30.0,63.83,30.0,56.86,90.0,116.79,0.8660254037844386,0.5000000000000001,-0.433883739117558,-0.9009688679024191,1,0,59.71
00011_14-02-2025-10.02,182.0,-64.8,117.18,-34.8,63.83,25.2,56.86,85.2,116.79,0.8660254037844386,0.5000000000000001,-0.433883739117558,-0.9009688679024191,0,1,35.76
00009_14-02-2025-11.22,172.0,-115.2,63.83,-55.2,56.86,4.8,116.79,64.8,38.5,0.8660254037844386,0.5000000000000001,-0.433883739117558,-0.9009688679024191,1,0,70.33
00009_14-02-2025-12.22,172.0,-115.2,56.86,-55.2,116.79,4.8,38.5,34.8,69.24,0.8660254037844386,0.5000000000000001,-0.433883739117558,-0.9009688679024191,1,0,42.26
00009_14-02-2025-14.02,172.0,-43.8,55.14,-4.8,71.99,25.2,120.17,55.2,105.33,0.8660254037844386,0.5000000000000001,-0.433883739117558,-0.9009688679024191,1,0,44.87
00015_14-02-2025-14.12,157.0,-54.0,55.14,-15.0,71.99,15.0,120.17,45.0,105.33,0.8660254037844386,0.5000000000000001,-0.433883739117558,-0.9009688679024191,0,1,56.35
00017_14-02-2025-14.42,179.0,-45.0,71.99,-15.0,120.17,15.0,105.33,45.0,60.11,0.8660254037844386,0.5000000000000001,-0.433883739117558,-0.9009688679024191,1,0,96.35
00002_14-02-2025-16.37,157.0,-40.2,107.17,-10.2,83.92,19.8,89.72,49.8,49.7,0.8660254037844386,0.5000000000000001,-0.433883739117558,-0.9009688679024191,1,0,61.5
00015_14-02-2025-17.17,157.0,-49.8,83.92,-19.8,89.72,10.2,49.7,40.2,62.61,0.8660254037844386,0.5000000000000001,-0.433883739117558,-0.9009688679024191,0,1,36.18
00009_14-02-2025-17.22,172.0,-55.2,83.92,-25.2,89.72,4.8,49.7,34.8,62.61,0.8660254037844386,0.5000000000000001,-0.433883739117558,-0.9009688679024191,1,0,58.07
00002_14-02-2025-18.32,157.0,-34.8,62.61,-4.8,77.5,25.2,54.46,62.4,40.26,0.8660254037844386,0.5000000000000001,-0.433883739117558,-0.9009688679024191,1,0,48.16
00009_14-02-2025-19.29,172.0,-61.8,77.5,-31.8,54.46,5.4,40.26,36.0,79.02,0.8660254037844386,0.5000000000000001,-0.433883739117558,-0.9009688679024191,1,0,57.0
00009_14-02-2025-20.22,172.0,-48.0,40.26,-17.4,79.02,4.8,37.81,45.0,88.21,0.8660254037844386,0.5000000000000001,-0.433883739117558,-0.9009688679024191,1,0,31.82
00005_14-02-2025-21.02,172.0,-57.0,79.02,-34.8,37.81,5.4,88.21,565.2,30.72,0.8660254037844386,0.5000000000000001,-0.433883739117558,-0.9009688679024191,0,1,38.96
00005_15-02-2025-07.02,172.0,-594.6,88.21,-34.8,30.72,25.2,62.2,85.2,57.06,0.8660254037844386,0.5000000000000001,-0.9749279121818236,-0.2225209339563146,0,1,37.44
00009_15-02-2025-08.07,172.0,-100.2,30.72,-40.2,62.2,19.8,57.06,49.8,61.92,0.8660254037844386,0.5000000000000001,-0.9749279121818236,-0.2225209339563146,1,0,36.08
00009_15-02-2025-09.22,172.0,-55.2,57.06,-25.2,61.92,4.8,57.99,64.8,51.2,0.8660254037844386,0.5000000000000001,-0.9749279121818236,-0.2225209339563146,1,0,57.96
00009_15-02-2025-09.57,172.0,-60.0,61.92,-30.0,57.99,30.0,51.2,90.0,52.64,0.8660254037844386,0.5000000000000001,-0.9749279121818236,-0.2225209339563146,1,0,35.31
00011_15-02-2025-10.02,182.0,-64.8,61.92,-34.8,57.99,25.2,51.2,85.2,52.64,0.8660254037844386,0.5000000000000001,-0.9749279121818236,-0.2225209339563146,0,1,23.85
00009_15-02-2025-11.22,172.0,-115.2,57.99,-55.2,51.2,4.8,52.64,64.8,51.76,0.8660254037844386,0.5000000000000001,-0.9749279121818236,-0.2225209339563146,1,0,22.24
00009_15-02-2025-12.22,172.0,-115.2,51.2,-55.2,52.64,4.8,51.76,55.8,82.74,0.8660254037844386,0.5000000000000001,-0.9749279121818236,-0.2225209339563146,1,0,35.64
00015_15-02-2025-14.12,157.0,-105.0,51.76,-54.0,82.74,75.0,31.4,135.0,91.53,0.8660254037844386,0.5000000000000001,-0.9749279121818236,-0.2225209339563146,0,1,15.04
00017_15-02-2025-14.42,179.0,-135.0,51.76,-84.0,82.74,45.0,31.4,105.0,91.53,0.8660254037844386,0.5000000000000001,-0.9749279121818236,-0.2225209339563146,1,0,25.41
00002_15-02-2025-16.37,157.0,-70.2,31.4,-10.2,91.53,49.8,19.37,109.8,90.42,0.8660254037844386,0.5000000000000001,-0.9749279121818236,-0.2225209339563146,1,0,45.92
00015_15-02-2025-17.17,157.0,-109.8,31.4,-49.8,91.53,10.2,19.37,70.2,90.42,0.8660254037844386,0.5000000000000001,-0.9749279121818236,-0.2225209339563146,0,1,20.41
00009_15-02-2025-19.29,172.0,-121.8,19.37,-61.8,90.42,5.4,31.93,58.2,43.18,0.8660254037844386,0.5000000000000001,-0.9749279121818236,-0.2225209339563146,1,0,23.83
00009_15-02-2025-20.22,172.0,-115.2,90.42,-48.0,31.93,4.8,43.18,604.8,62.84,0.8660254037844386,0.5000000000000001,-0.9749279121818236,-0.2225209339563146,1,0,40.28
00005_15-02-2025-21.02,172.0,-87.6,31.93,-34.8,43.18,565.2,62.84,625.2,73.88,0.8660254037844386,0.5000000000000001,-0.9749279121818236,-0.2225209339563146,0,1,14.14
00005_16-02-2025-07.02,172.0,-634.8,43.18,-34.8,62.84,25.2,73.88,85.2,87.32,0.8660254037844386,0.5000000000000001,-0.7818314824680299,0.6234898018587334,0,1,34.33
00009_16-02-2025-08.07,172.0,-100.2,62.84,-40.2,73.88,19.8,87.32,79.8,49.86,0.8660254037844386,0.5000000000000001,-0.7818314824680299,0.6234898018587334,1,0,48.79
00009_16-02-2025-09.22,172.0,-115.2,73.88,-55.2,87.32,4.8,49.86,64.8,44.97,0.8660254037844386,0.5000000000000001,-0.7818314824680299,0.6234898018587334,1,0,56.06
00009_16-02-2025-09.57,172.0,-90.0,87.32,-30.0,49.86,30.0,44.97,90.0,135.29,0.8660254037844386,0.5000000000000001,-0.7818314824680299,0.6234898018587334,1,0,59.84
00011_16-02-2025-10.02,182.0,-94.8,87.32,-34.8,49.86,25.2,44.97,85.2,135.29,0.8660254037844386,0.5000000000000001,-0.7818314824680299,0.6234898018587334,0,1,39.15
00009_16-02-2025-11.22,172.0,-115.2,49.86,-55.2,44.97,4.8,135.29,64.8,61.65,0.8660254037844386,0.5000000000000001,-0.7818314824680299,0.6234898018587334,1,0,63.07
00009_16-02-2025-12.22,172.0,-115.2,44.97,-55.2,135.29,4.8,61.65,55.8,55.14,0.8660254037844386,0.5000000000000001,-0.7818314824680299,0.6234898018587334,1,0,52.83
00009_16-02-2025-14.02,172.0,-94.8,61.65,-43.8,55.14,25.2,97.04,85.2,67.32,0.8660254037844386,0.5000000000000001,-0.7818314824680299,0.6234898018587334,1,0,91.2
00015_16-02-2025-14.12,157.0,-105.0,61.65,-54.0,55.14,15.0,97.04,75.0,67.32,0.8660254037844386,0.5000000000000001,-0.7818314824680299,0.6234898018587334,0,1,48.42
00017_16-02-2025-14.42,179.0,-84.0,55.14,-15.0,97.04,45.0,67.32,105.0,82.83,0.8660254037844386,0.5000000000000001,-0.7818314824680299,0.6234898018587334,1,0,83.04
00002_16-02-2025-16.37,157.0,-70.2,67.32,-10.2,82.83,19.8,61.81,49.8,69.07,0.8660254037844386,0.5000000000000001,-0.7818314824680299,0.6234898018587334,1,0,85.74
00015_16-02-2025-17.17,157.0,-49.8,82.83,-19.8,61.81,10.2,69.07,40.2,77.77,0.8660254037844386,0.5000000000000001,-0.7818314824680299,0.6234898018587334,0,1,60.89
00009_16-02-2025-17.22,172.0,-55.2,82.83,-25.2,61.81,4.8,69.07,34.8,77.77,0.8660254037844386,0.5000000000000001,-0.7818314824680299,0.6234898018587334,1,0,79.76
00002_16-02-2025-18.32,157.0,-34.8,77.77,-4.8,101.68,25.2,114.56,62.4,72.5,0.8660254037844386,0.5000000000000001,-0.7818314824680299,0.6234898018587334,1,0,82.46
00009_16-02-2025-19.29,172.0,-61.8,101.68,-31.8,114.56,5.4,72.5,36.0,91.3,0.8660254037844386,0.5000000000000001,-0.7818314824680299,0.6234898018587334,1,0,89.9
00009_16-02-2025-20.22,172.0,-48.0,72.5,-17.4,91.3,4.8,71.16,45.0,119.14,0.8660254037844386,0.5000000000000001,-0.7818314824680299,0.6234898018587334,1,0,86.61
00005_16-02-2025-21.02,172.0,-57.0,91.3,-34.8,71.16,5.4,119.14,550.2,29.13,0.8660254037844386,0.5000000000000001,-0.7818314824680299,0.6234898018587334,0,1,74.07
00002_17-02-2025-06.22,157.0,-555.0,119.14,-10.2,29.13,4.8,55.69,34.8,56.91,0.8660254037844386,0.5000000000000001,0.0,1.0,1,0,24.96
00005_17-02-2025-07.02,172.0,-34.8,55.69,-4.8,56.91,25.2,54.51,55.2,63.4,0.8660254037844386,0.5000000000000001,0.0,1.0,0,1,18.02
00002_17-02-2025-07.22,157.0,-55.2,55.69,-25.2,56.91,4.8,54.51,34.8,63.4,0.8660254037844386,0.5000000000000001,0.0,1.0,1,0,38.95
00002_17-02-2025-08.32,157.0,-34.8,63.4,-4.8,67.3,25.2,51.45,55.2,74.38,0.8660254037844386,0.5000000000000001,0.0,1.0,1,0,35.99
00009_17-02-2025-09.22,172.0,-55.2,67.3,-25.2,51.45,4.8,74.38,64.8,34.87,0.8660254037844386,0.5000000000000001,0.0,1.0,1,0,63.0
00009_17-02-2025-09.57,172.0,-60.0,51.45,-30.0,74.38,30.0,34.87,90.0,50.32,0.8660254037844386,0.5000000000000001,0.0,1.0,1,0,40.93
00011_17-02-2025-10.02,182.0,-64.8,51.45,-34.8,74.38,25.2,34.87,85.2,50.32,0.8660254037844386,0.5000000000000001,0.0,1.0,0,1,27.57
00009_17-02-2025-11.22,172.0,-115.2,74.38,-55.2,34.87,4.8,50.32,64.8,48.05,0.8660254037844386,0.5000000000000001,0.0,1.0,1,0,26.19
00009_17-02-2025-12.22,172.0,-115.2,34.87,-55.2,50.32,4.8,48.05,34.8,52.07,0.8660254037844386,0.5000000000000001,0.0,1.0,1,0,34.77
00009_17-02-2025-14.02,172.0,-64.8,52.07,-43.8,68.94,25.2,29.33,55.2,55.63,0.8660254037844386,0.5000000000000001,0.0,1.0,1,0,34.91
00015_17-02-2025-14.12,157.0,-75.0,52.07,-54.0,68.94,15.0,29.33,45.0,55.63,0.8660254037844386,0.5000000000000001,0.0,1.0,0,1,47.21
00017_17-02-2025-14.42,179.0,-84.0,68.94,-15.0,29.33,15.0,55.63,45.0,34.82,0.8660254037844386,0.5000000000000001,0.0,1.0,1,0,45.77
00002_17-02-2025-16.37,157.0,-40.2,46.72,-10.2,61.88,19.8,49.27,49.8,67.48,0.8660254037844386,0.5000000000000001,0.0,1.0,1,0,24.17
00015_17-02-2025-17.17,157.0,-49.8,61.88,-19.8,49.27,10.2,67.48,40.2,40.86,0.8660254037844386,0.5000000000000001,0.0,1.0,0,1,33.29
00009_17-02-2025-17.22,172.0,-55.2,61.88,-25.2,49.27,4.8,67.48,34.8,40.86,0.8660254037844386,0.5000000000000001,0.0,1.0,1,0,59.06
00002_17-02-2025-18.32,157.0,-34.8,40.86,-4.8,61.22,25.2,40.6,62.4,23.13,0.8660254037844386,0.5000000000000001,0.0,1.0,1,0,40.8
00009_17-02-2025-19.29,172.0,-61.8,61.22,-31.8,40.6,5.4,23.13,36.0,29.39,0.8660254037844386,0.5000000000000001,0.0,1.0,1,0,51.49
00009_17-02-2025-20.22,172.0,-48.0,23.13,-17.4,29.39,4.8,21.71,45.0,48.97,0.8660254037844386,0.5000000000000001,0.0,1.0,1,0,37.17
00005_17-02-2025-21.02,172.0,-57.0,29.39,-34.8,21.71,5.4,48.97,550.2,35.79,0.8660254037844386,0.5000000000000001,0.0,1.0,0,1,20.9
00002_18-02-2025-06.22,157.0,-555.0,48.97,-10.2,35.79,4.8,40.58,34.8,122.33,0.8660254037844386,0.5000000000000001,0.7818314824680298,0.6234898018587336,1,0,17.79
00005_18-02-2025-07.02,172.0,-34.8,40.58,-4.8,122.33,25.2,42.96,55.2,39.55,0.8660254037844386,0.5000000000000001,0.7818314824680298,0.6234898018587336,0,1,62.34
00002_18-02-2025-07.22,157.0,-55.2,40.58,-25.2,122.33,4.8,42.96,34.8,39.55,0.8660254037844386,0.5000000000000001,0.7818314824680298,0.6234898018587336,1,0,50.3
00002_18-02-2025-08.32,157.0,-34.8,39.55,-4.8,69.18,25.2,49.98,55.2,68.39,0.8660254037844386,0.5000000000000001,0.7818314824680298,0.6234898018587336,1,0,29.95
00009_18-02-2025-09.22,172.0,-55.2,69.18,-25.2,49.98,4.8,68.39,64.8,33.57,0.8660254037844386,0.5000000000000001,0.7818314824680298,0.6234898018587336,1,0,28.07
00009_18-02-2025-09.57,172.0,-60.0,49.98,-30.0,68.39,30.0,33.57,90.0,34.29,0.8660254037844386,0.5000000000000001,0.7818314824680298,0.6234898018587336,1,0,18.12
00011_18-02-2025-10.02,182.0,-64.8,49.98,-34.8,68.39,25.2,33.57,85.2,34.29,0.8660254037844386,0.5000000000000001,0.7818314824680298,0.6234898018587336,0,1,33.53
00009_18-02-2025-11.22,172.0,-115.2,68.39,-55.2,33.57,4.8,34.29,64.8,44.53,0.8660254037844386,0.5000000000000001,0.7818314824680298,0.6234898018587336,1,0,28.01
00009_18-02-2025-12.22,172.0,-115.2,33.57,-55.2,34.29,4.8,44.53,34.8,50.6,0.8660254037844386,0.5000000000000001,0.7818314824680298,0.6234898018587336,1,0,33.22
00009_18-02-2025-14.02,172.0,-64.8,50.6,-43.8,48.24,25.2,72.09,55.2,28.78,0.8660254037844386,0.5000000000000001,0.7818314824680298,0.6234898018587336,1,0,34.87
00015_18-02-2025-14.12,157.0,-75.0,50.6,-54.0,48.24,15.0,72.09,45.0,28.78,0.8660254037844386,0.5000000000000001,0.7818314824680298,0.6234898018587336,0,1,36.61
00017_18-02-2025-14.42,179.0,-84.0,48.24,-15.0,72.09,15.0,28.78,45.0,29.54,0.8660254037844386,0.5000000000000001,0.7818314824680298,0.6234898018587336,1,0,42.6
00002_18-02-2025-16.37,157.0,-40.2,33.76,-10.2,32.36,19.8,57.92,49.8,42.74,0.8660254037844386,0.5000000000000001,0.7818314824680298,0.6234898018587336,1,0,10.0
00015_18-02-2025-17.17,157.0,-49.8,32.36,-19.8,57.92,10.2,42.74,40.2,89.0,0.8660254037844386,0.5000000000000001,0.7818314824680298,0.6234898018587336,0,1,29.62
00009_18-02-2025-17.22,172.0,-55.2,32.36,-25.2,57.92,4.8,42.74,34.8,89.0,0.8660254037844386,0.5000000000000001,0.7818314824680298,0.6234898018587336,1,0,19.97
00002_18-02-2025-18.32,157.0,-34.8,89.0,-4.8,65.08,25.2,31.03,62.4,32.21,0.8660254037844386,0.5000000000000001,0.7818314824680298,0.6234898018587336,1,0,33.15
00009_18-02-2025-19.29,172.0,-61.8,65.08,-31.8,31.03,5.4,32.21,36.0,34.01,0.8660254037844386,0.5000000000000001,0.7818314824680298,0.6234898018587336,1,0,53.98
00009_18-02-2025-20.22,172.0,-48.0,32.21,-17.4,34.01,4.8,39.13,45.0,38.99,0.8660254037844386,0.5000000000000001,0.7818314824680298,0.6234898018587336,1,0,32.49
00005_18-02-2025-21.02,172.0,-57.0,34.01,-34.8,39.13,5.4,38.99,550.2,39.33,0.8660254037844386,0.5000000000000001,0.7818314824680298,0.6234898018587336,0,1,38.22
00002_19-02-2025-06.22,157.0,-555.0,38.99,-10.2,39.33,4.8,55.88,34.8,112.82,0.8660254037844386,0.5000000000000001,0.9749279121818236,-0.22252093395631434,1,0,47.15
00005_19-02-2025-07.02,172.0,-34.8,55.88,-4.8,112.82,25.2,37.23,55.2,27.7,0.8660254037844386,0.5000000000000001,0.9749279121818236,-0.22252093395631434,0,1,33.26
00002_19-02-2025-07.22,157.0,-55.2,55.88,-25.2,112.82,4.8,37.23,34.8,27.7,0.8660254037844386,0.5000000000000001,0.9749279121818236,-0.22252093395631434,1,0,27.53
00002_19-02-2025-08.32,157.0,-34.8,27.7,-4.8,82.42,25.2,51.16,55.2,64.04,0.8660254037844386,0.5000000000000001,0.9749279121818236,-0.22252093395631434,1,0,55.78
00009_19-02-2025-09.22,172.0,-55.2,82.42,-25.2,51.16,4.8,64.04,64.8,44.14,0.8660254037844386,0.5000000000000001,0.9749279121818236,-0.22252093395631434,1,0,36.68
00009_19-02-2025-09.57,172.0,-60.0,51.16,-30.0,64.04,30.0,44.14,90.0,61.57,0.8660254037844386,0.5000000000000001,0.9749279121818236,-0.22252093395631434,1,0,43.13
00011_19-02-2025-10.02,182.0,-64.8,51.16,-34.8,64.04,25.2,44.14,85.2,61.57,0.8660254037844386,0.5000000000000001,0.9749279121818236,-0.22252093395631434,0,1,39.14
00009_19-02-2025-11.22,172.0,-115.2,64.04,-55.2,44.14,4.8,61.57,64.8,59.89,0.8660254037844386,0.5000000000000001,0.9749279121818236,-0.22252093395631434,1,0,38.51
00009_19-02-2025-12.22,172.0,-115.2,44.14,-55.2,61.57,4.8,59.89,34.8,38.96,0.8660254037844386,0.5000000000000001,0.9749279121818236,-0.22252093395631434,1,0,61.89
00009_19-02-2025-14.02,172.0,-64.8,38.96,-43.8,48.24,25.2,48.71,55.2,44.4,0.8660254037844386,0.5000000000000001,0.9749279121818236,-0.22252093395631434,1,0,38.99
00015_19-02-2025-14.12,157.0,-75.0,38.96,-54.0,48.24,15.0,48.71,45.0,44.4,0.8660254037844386,0.5000000000000001,0.9749279121818236,-0.22252093395631434,0,1,39.45
00017_19-02-2025-14.42,179.0,-84.0,48.24,-15.0,48.71,15.0,44.4,45.0,29.19,0.8660254037844386,0.5000000000000001,0.9749279121818236,-0.22252093395631434,1,0,59.76
00002_19-02-2025-16.37,157.0,-40.2,33.51,-10.2,55.42,19.8,139.83,49.8,39.54,0.8660254037844386,0.5000000000000001,0.9749279121818236,-0.22252093395631434,1,0,33.34
00015_19-02-2025-17.17,157.0,-49.8,55.42,-19.8,139.83,10.2,39.54,40.2,56.76,0.8660254037844386,0.5000000000000001,0.9749279121818236,-0.22252093395631434,0,1,41.18
00009_19-02-2025-17.22,172.0,-55.2,55.42,-25.2,139.83,4.8,39.54,34.8,56.76,0.8660254037844386,0.5000000000000001,0.9749279121818236,-0.22252093395631434,1,0,22.36
00002_19-02-2025-18.32,157.0,-34.8,56.76,-4.8,93.99,25.2,93.9,62.4,26.19,0.8660254037844386,0.5000000000000001,0.9749279121818236,-0.22252093395631434,1,0,54.91
00009_19-02-2025-19.29,172.0,-61.8,93.99,-31.8,93.9,5.4,26.19,36.0,40.43,0.8660254037844386,0.5000000000000001,0.9749279121818236,-0.22252093395631434,1,0,25.29
00009_19-02-2025-20.22,172.0,-48.0,26.19,-17.4,40.43,4.8,29.06,45.0,74.87,0.8660254037844386,0.5000000000000001,0.9749279121818236,-0.22252093395631434,1,0,39.96
00005_19-02-2025-21.02,172.0,-57.0,40.43,-34.8,29.06,5.4,74.87,550.2,28.88,0.8660254037844386,0.5000000000000001,0.9749279121818236,-0.22252093395631434,0,1,31.0
00002_20-02-2025-06.22,157.0,-555.0,74.87,-10.2,28.88,4.8,39.68,34.8,66.83,0.8660254037844386,0.5000000000000001,0.43388373911755823,-0.900968867902419,1,0,30.14
00005_20-02-2025-07.02,172.0,-34.8,39.68,-4.8,66.83,25.2,10.16,55.2,38.66,0.8660254037844386,0.5000000000000001,0.43388373911755823,-0.900968867902419,0,1,26.82
00002_20-02-2025-07.22,157.0,-55.2,39.68,-25.2,66.83,4.8,10.16,34.8,38.66,0.8660254037844386,0.5000000000000001,0.43388373911755823,-0.900968867902419,1,0,21.49
00002_20-02-2025-08.32,157.0,-34.8,38.66,-4.8,70.71,25.2,76.53,55.2,51.95,0.8660254037844386,0.5000000000000001,0.43388373911755823,-0.900968867902419,1,0,46.08
00009_20-02-2025-09.22,172.0,-55.2,70.71,-25.2,76.53,4.8,51.95,64.8,49.57,0.8660254037844386,0.5000000000000001,0.43388373911755823,-0.900968867902419,1,0,60.62
00009_20-02-2025-09.57,172.0,-60.0,76.53,-30.0,51.95,30.0,49.57,90.0,50.16,0.8660254037844386,0.5000000000000001,0.43388373911755823,-0.900968867902419,1,0,47.05
00011_20-02-2025-10.02,182.0,-64.8,76.53,-34.8,51.95,25.2,49.57,85.2,50.16,0.8660254037844386,0.5000000000000001,0.43388373911755823,-0.900968867902419,0,1,38.5
00009_20-02-2025-11.22,172.0,-115.2,51.95,-55.2,49.57,4.8,50.16,64.8,58.32,0.8660254037844386,0.5000000000000001,0.43388373911755823,-0.900968867902419,1,0,61.16
00009_20-02-2025-12.22,172.0,-115.2,49.57,-55.2,50.16,4.8,58.32,34.8,58.95,0.8660254037844386,0.5000000000000001,0.43388373911755823,-0.900968867902419,1,0,42.62
00002_20-02-2025-16.37,157.0,-40.2,81.9,-10.2,80.92,19.8,148.17,49.8,99.62,0.8660254037844386,0.5000000000000001,0.43388373911755823,-0.900968867902419,1,0,35.65
00015_20-02-2025-17.17,157.0,-49.8,80.92,-19.8,148.17,10.2,99.62,40.2,43.2,0.8660254037844386,0.5000000000000001,0.43388373911755823,-0.900968867902419,0,1,29.86
00009_20-02-2025-17.22,172.0,-55.2,80.92,-25.2,148.17,4.8,99.62,34.8,43.2,0.8660254037844386,0.5000000000000001,0.43388373911755823,-0.900968867902419,1,0,54.98
00002_20-02-2025-18.32,157.0,-34.8,43.2,-4.8,60.13,25.2,79.38,62.4,30.12,0.8660254037844386,0.5000000000000001,0.43388373911755823,-0.900968867902419,1,0,28.72
00009_20-02-2025-19.29,172.0,-61.8,60.13,-31.8,79.38,5.4,30.12,36.0,68.87,0.8660254037844386,0.5000000000000001,0.43388373911755823,-0.900968867902419,1,0,31.38
00009_20-02-2025-20.22,172.0,-48.0,30.12,-17.4,68.87,4.8,65.16,45.0,62.52,0.8660254037844386,0.5000000000000001,0.43388373911755823,-0.900968867902419,1,0,33.23
00005_20-02-2025-21.02,172.0,-57.0,68.87,-34.8,65.16,5.4,62.52,565.2,18.04,0.8660254037844386,0.5000000000000001,0.43388373911755823,-0.900968867902419,0,1,24.13
00002_21-02-2025-06.22,157.0,-595.2,65.16,-555.0,62.52,4.8,18.04,34.8,52.64,0.8660254037844386,0.5000000000000001,-0.433883739117558,-0.9009688679024191,1,0,22.19
00005_21-02-2025-07.02,172.0,-34.8,18.04,-4.8,52.64,25.2,56.36,55.2,54.88,0.8660254037844386,0.5000000000000001,-0.433883739117558,-0.9009688679024191,0,1,32.97
00002_21-02-2025-07.22,157.0,-55.2,18.04,-25.2,52.64,4.8,56.36,34.8,54.88,0.8660254037844386,0.5000000000000001,-0.433883739117558,-0.9009688679024191,1,0,43.69
00002_21-02-2025-08.32,157.0,-64.8,56.36,-34.8,54.88,25.2,116.98,55.2,66.07,0.8660254037844386,0.5000000000000001,-0.433883739117558,-0.9009688679024191,1,0,38.68
00009_21-02-2025-09.22,172.0,-85.2,54.88,-25.2,116.98,4.8,66.07,64.8,62.57,0.8660254037844386,0.5000000000000001,-0.433883739117558,-0.9009688679024191,1,0,46.48
00009_21-02-2025-09.57,172.0,-60.0,116.98,-30.0,66.07,30.0,62.57,90.0,105.39,0.8660254037844386,0.5000000000000001,-0.433883739117558,-0.9009688679024191,1,0,66.85
00011_21-02-2025-10.02,182.0,-64.8,116.98,-34.8,66.07,25.2,62.57,85.2,105.39,0.8660254037844386,0.5000000000000001,-0.433883739117558,-0.9009688679024191,0,1,30.04
00009_21-02-2025-11.22,172.0,-115.2,66.07,-55.2,62.57,4.8,105.39,64.8,50.95,0.8660254037844386,0.5000000000000001,-0.433883739117558,-0.9009688679024191,1,0,59.94
00009_21-02-2025-12.22,172.0,-115.2,62.57,-55.2,105.39,4.8,50.95,34.8,102.65,0.8660254037844386,0.5000000000000001,-0.433883739117558,-0.9009688679024191,1,0,32.85
00009_21-02-2025-14.02,172.0,-43.8,55.14,-4.8,81.47,25.2,91.64,55.2,96.94,0.8660254037844386,0.5000000000000001,-0.433883739117558,-0.9009688679024191,1,0,58.15
00015_21-02-2025-14.12,157.0,-54.0,55.14,-15.0,81.47,15.0,91.64,45.0,96.94,0.8660254037844386,0.5000000000000001,-0.433883739117558,-0.9009688679024191,0,1,56.74
00017_21-02-2025-14.42,179.0,-45.0,81.47,-15.0,91.64,15.0,96.94,45.0,49.69,0.8660254037844386,0.5000000000000001,-0.433883739117558,-0.9009688679024191,1,0,84.63
00002_21-02-2025-16.37,157.0,-40.2,95.35,-10.2,72.74,19.8,99.63,49.8,56.74,0.8660254037844386,0.5000000000000001,-0.433883739117558,-0.9009688679024191,1,0,54.81
00015_21-02-2025-17.17,157.0,-49.8,72.74,-19.8,99.63,10.2,56.74,40.2,43.74,0.8660254037844386,0.5000000000000001,-0.433883739117558,-0.9009688679024191,0,1,38.29
00009_21-02-2025-17.22,172.0,-55.2,72.74,-25.2,99.63,4.8,56.74,34.8,43.74,0.8660254037844386,0.5000000000000001,-0.433883739117558,-0.9009688679024191,1,0,60.76
00002_21-02-2025-18.32,157.0,-34.8,43.74,-4.8,84.39,25.2,65.42,62.4,35.98,0.8660254037844386,0.5000000000000001,-0.433883739117558,-0.9009688679024191,1,0,39.07
00009_21-02-2025-19.29,172.0,-61.8,84.39,-31.8,65.42,5.4,35.98,36.0,68.6,0.8660254037844386,0.5000000000000001,-0.433883739117558,-0.9009688679024191,1,0,41.29
00009_21-02-2025-20.22,172.0,-48.0,35.98,-17.4,68.6,4.8,52.19,45.0,92.82,0.8660254037844386,0.5000000000000001,-0.433883739117558,-0.9009688679024191,1,0,24.68
00005_21-02-2025-21.02,172.0,-57.0,68.6,-34.8,52.19,5.4,92.82,565.2,35.37,0.8660254037844386,0.5000000000000001,-0.433883739117558,-0.9009688679024191,0,1,36.09
00005_22-02-2025-07.02,172.0,-594.6,92.82,-34.8,35.37,25.2,64.45,85.2,54.34,0.8660254037844386,0.5000000000000001,-0.9749279121818236,-0.2225209339563146,0,1,27.1
00009_22-02-2025-08.07,172.0,-100.2,35.37,-40.2,64.45,19.8,54.34,49.8,52.62,0.8660254037844386,0.5000000000000001,-0.9749279121818236,-0.2225209339563146,1,0,26.3
00009_22-02-2025-09.22,172.0,-55.2,54.34,-25.2,52.62,4.8,58.26,64.8,48.66,0.8660254037844386,0.5000000000000001,-0.9749279121818236,-0.2225209339563146,1,0,31.79
00009_22-02-2025-09.57,172.0,-60.0,52.62,-30.0,58.26,30.0,48.66,90.0,46.9,0.8660254037844386,0.5000000000000001,-0.9749279121818236,-0.2225209339563146,1,0,39.9
00011_22-02-2025-10.02,182.0,-64.8,52.62,-34.8,58.26,25.2,48.66,85.2,46.9,0.8660254037844386,0.5000000000000001,-0.9749279121818236,-0.2225209339563146,0,1,34.97
00009_22-02-2025-11.22,172.0,-115.2,58.26,-55.2,48.66,4.8,46.9,64.8,71.03,0.8660254037844386,0.5000000000000001,-0.9749279121818236,-0.2225209339563146,1,0,37.54
00009_22-02-2025-12.22,172.0,-115.2,48.66,-55.2,46.9,4.8,71.03,55.8,82.74,0.8660254037844386,0.5000000000000001,-0.9749279121818236,-0.2225209339563146,1,0,22.87
00015_22-02-2025-14.12,157.0,-105.0,71.03,-54.0,82.74,75.0,32.77,135.0,99.37,0.8660254037844386,0.5000000000000001,-0.9749279121818236,-0.2225209339563146,0,1,15.09
00017_22-02-2025-14.42,179.0,-135.0,71.03,-84.0,82.74,45.0,32.77,105.0,99.37,0.8660254037844386,0.5000000000000001,-0.9749279121818236,-0.2225209339563146,1,0,35.34
00002_22-02-2025-16.37,157.0,-70.2,32.77,-10.2,99.37,49.8,22.17,109.8,88.71,0.8660254037844386,0.5000000000000001,-0.9749279121818236,-0.2225209339563146,1,0,45.82
00015_22-02-2025-17.17,157.0,-109.8,32.77,-49.8,99.37,10.2,22.17,70.2,88.71,0.8660254037844386,0.5000000000000001,-0.9749279121818236,-0.2225209339563146,0,1,19.12
00009_22-02-2025-19.29,172.0,-121.8,22.17,-61.8,88.71,5.4,28.12,58.2,39.62,0.8660254037844386,0.5000000000000001,-0.9749279121818236,-0.2225209339563146,1,0,18.83
00009_22-02-2025-20.22,172.0,-115.2,88.71,-48.0,28.12,4.8,39.62,604.8,44.48,0.8660254037844386,0.5000000000000001,-0.9749279121818236,-0.2225209339563146,1,0,22.84
00005_22-02-2025-21.02,172.0,-87.6,28.12,-34.8,39.62,565.2,44.48,625.2,57.59,0.8660254037844386,0.5000000000000001,-0.9749279121818236,-0.2225209339563146,0,1,25.56
00005_23-02-2025-07.02,172.0,-634.8,39.62,-34.8,44.48,25.2,57.59,85.2,84.63,0.8660254037844386,0.5000000000000001,-0.7818314824680299,0.6234898018587334,0,1,55.75
00009_23-02-2025-08.07,172.0,-100.2,44.48,-40.2,57.59,19.8,84.63,79.8,34.2,0.8660254037844386,0.5000000000000001,-0.7818314824680299,0.6234898018587334,1,0,65.84
00009_23-02-2025-09.22,172.0,-115.2,57.59,-55.2,84.63,4.8,34.2,64.8,41.22,0.8660254037844386,0.5000000000000001,-0.7818314824680299,0.6234898018587334,1,0,50.39
00009_23-02-2025-09.57,172.0,-90.0,84.63,-30.0,34.2,30.0,41.22,90.0,146.53,0.8660254037844386,0.5000000000000001,-0.7818314824680299,0.6234898018587334,1,0,53.54
00011_23-02-2025-10.02,182.0,-94.8,84.63,-34.8,34.2,25.2,41.22,85.2,146.53,0.8660254037844386,0.5000000000000001,-0.7818314824680299,0.6234898018587334,0,1,41.93
00009_23-02-2025-11.22,172.0,-115.2,34.2,-55.2,41.22,4.8,146.53,64.8,57.11,0.8660254037844386,0.5000000000000001,-0.7818314824680299,0.6234898018587334,1,0,72.82
00009_23-02-2025-12.22,172.0,-115.2,41.22,-55.2,146.53,4.8,57.11,55.8,55.14,0.8660254037844386,0.5000000000000001,-0.7818314824680299,0.6234898018587334,1,0,73.64
00009_23-02-2025-14.02,172.0,-94.8,57.11,-43.8,55.14,25.2,89.78,85.2,69.01,0.8660254037844386,0.5000000000000001,-0.7818314824680299,0.6234898018587334,1,0,98.46
00015_23-02-2025-14.12,157.0,-105.0,57.11,-54.0,55.14,15.0,89.78,75.0,69.01,0.8660254037844386,0.5000000000000001,-0.7818314824680299,0.6234898018587334,0,1,55.49
00017_23-02-2025-14.42,179.0,-84.0,55.14,-15.0,89.78,45.0,69.01,105.0,80.5,0.8660254037844386,0.5000000000000001,-0.7818314824680299,0.6234898018587334,1,0,95.56
00002_23-02-2025-16.37,157.0,-70.2,69.01,-10.2,80.5,19.8,68.31,49.8,56.81,0.8660254037844386,0.5000000000000001,-0.7818314824680299,0.6234898018587334,1,0,84.1
00015_23-02-2025-17.17,157.0,-49.8,80.5,-19.8,68.31,10.2,56.81,40.2,75.79,0.8660254037844386,0.5000000000000001,-0.7818314824680299,0.6234898018587334,0,1,49.44
00009_23-02-2025-17.22,172.0,-55.2,80.5,-25.2,68.31,4.8,56.81,34.8,75.79,0.8660254037844386,0.5000000000000001,-0.7818314824680299,0.6234898018587334,1,0,79.22
00002_23-02-2025-18.32,157.0,-34.8,75.79,-4.8,82.65,25.2,106.11,62.4,83.6,0.8660254037844386,0.5000000000000001,-0.7818314824680299,0.6234898018587334,1,0,76.07
00009_23-02-2025-19.29,172.0,-61.8,82.65,-31.8,106.11,5.4,83.6,36.0,43.19,0.8660254037844386,0.5000000000000001,-0.7818314824680299,0.6234898018587334,1,0,73.47
00009_23-02-2025-20.22,172.0,-48.0,83.6,-17.4,43.19,4.8,66.1,45.0,110.43,0.8660254037844386,0.5000000000000001,-0.7818314824680299,0.6234898018587334,1,0,75.13
00005_23-02-2025-21.02,172.0,-57.0,43.19,-34.8,66.1,5.4,110.43,550.2,29.81,0.8660254037844386,0.5000000000000001,-0.7818314824680299,0.6234898018587334,0,1,62.67
00002_24-02-2025-06.22,157.0,-555.0,110.43,-10.2,29.81,4.8,56.6,34.8,59.32,0.8660254037844386,0.5000000000000001,0.0,1.0,1,0,26.04
00005_24-02-2025-07.02,172.0,-34.8,56.6,-4.8,59.32,25.2,56.97,55.2,67.94,0.8660254037844386,0.5000000000000001,0.0,1.0,0,1,32.31
00002_24-02-2025-07.22,157.0,-55.2,56.6,-25.2,59.32,4.8,56.97,34.8,67.94,0.8660254037844386,0.5000000000000001,0.0,1.0,1,0,30.82
00002_24-02-2025-08.32,157.0,-34.8,67.94,-4.8,81.95,25.2,40.97,55.2,77.5,0.8660254037844386,0.5000000000000001,0.0,1.0,1,0,58.68
00009_24-02-2025-09.22,172.0,-55.2,81.95,-25.2,40.97,4.8,77.5,64.8,34.96,0.8660254037844386,0.5000000000000001,0.0,1.0,1,0,56.45
00009_24-02-2025-09.57,172.0,-60.0,40.97,-30.0,77.5,30.0,34.96,90.0,47.46,0.8660254037844386,0.5000000000000001,0.0,1.0,1,0,24.99
00011_24-02-2025-10.02,182.0,-64.8,40.97,-34.8,77.5,25.2,34.96,85.2,47.46,0.8660254037844386,0.5000000000000001,0.0,1.0,0,1,16.73
00009_24-02-2025-11.22,172.0,-115.2,77.5,-55.2,34.96,4.8,47.46,64.8,53.92,0.8660254037844386,0.5000000000000001,0.0,1.0,1,0,34.54
00009_24-02-2025-12.22,172.0,-115.2,34.96,-55.2,47.46,4.8,53.92,34.8,47.44,0.8660254037844386,0.5000000000000001,0.0,1.0,1,0,41.5
00009_24-02-2025-14.02,172.0,-64.8,47.44,-43.8,68.94,25.2,34.41,55.2,40.58,0.8660254037844386,0.5000000000000001,0.0,1.0,1,0,23.94
00015_24-02-2025-14.12,157.0,-75.0,47.44,-54.0,68.94,15.0,34.41,45.0,40.58,0.8660254037844386,0.5000000000000001,0.0,1.0,0,1,22.68
00017_24-02-2025-14.42,179.0,-84.0,68.94,-15.0,34.41,15.0,40.58,45.0,36.89,0.8660254037844386,0.5000000000000001,0.0,1.0,1,0,39.6
00002_24-02-2025-16.37,157.0,-40.2,36.37,-10.2,70.44,19.8,46.7,49.8,69.03,0.8660254037844386,0.5000000000000001,0.0,1.0,1,0,37.89
00015_24-02-2025-17.17,157.0,-49.8,70.44,-19.8,46.7,10.2,69.03,40.2,40.97,0.8660254037844386,0.5000000000000001,0.0,1.0,0,1,21.84
00009_24-02-2025-17.22,172.0,-55.2,70.44,-25.2,46.7,4.8,69.03,34.8,40.97,0.8660254037844386,0.5000000000000001,0.0,1.0,1,0,28.44
00002_24-02-2025-18.32,157.0,-34.8,40.97,-4.8,59.07,25.2,38.7,62.4,22.05,0.8660254037844386,0.5000000000000001,0.0,1.0,1,0,42.66
00009_24-02-2025-19.29,172.0,-61.8,59.07,-31.8,38.7,5.4,22.05,36.0,28.48,0.8660254037844386,0.5000000000000001,0.0,1.0,1,0,51.31
00009_24-02-2025-20.22,172.0,-48.0,22.05,-17.4,28.48,4.8,12.05,45.0,37.33,0.8660254037844386,0.5000000000000001,0.0,1.0,1,0,20.63
00005_24-02-2025-21.02,172.0,-57.0,28.48,-34.8,12.05,5.4,37.33,550.2,35.27,0.8660254037844386,0.5000000000000001,0.0,1.0,0,1,36.76
00002_25-02-2025-06.22,157.0,-555.0,37.33,-10.2,35.27,4.8,50.95,34.8,114.72,0.8660254037844386,0.5000000000000001,0.7818314824680298,0.6234898018587336,1,0,44.46
00005_25-02-2025-07.02,172.0,-34.8,50.95,-4.8,114.72,25.2,28.33,55.2,55.98,0.8660254037844386,0.5000000000000001,0.7818314824680298,0.6234898018587336,0,1,27.4
00002_25-02-2025-07.22,157.0,-55.2,50.95,-25.2,114.72,4.8,28.33,34.8,55.98,0.8660254037844386,0.5000000000000001,0.7818314824680298,0.6234898018587336,1,0,15.19
00002_25-02-2025-08.32,157.0,-34.8,55.98,-4.8,77.57,25.2,45.71,55.2,68.7,0.8660254037844386,0.5000000000000001,0.7818314824680298,0.6234898018587336,1,0,35.79
00009_25-02-2025-09.22,172.0,-55.2,77.57,-25.2,45.71,4.8,68.7,64.8,35.98,0.8660254037844386,0.5000000000000001,0.7818314824680298,0.6234898018587336,1,0,40.47
00009_25-02-2025-09.57,172.0,-60.0,45.71,-30.0,68.7,30.0,35.98,90.0,26.86,0.8660254037844386,0.5000000000000001,0.7818314824680298,0.6234898018587336,1,0,49.57
00011_25-02-2025-10.02,182.0,-64.8,45.71,-34.8,68.7,25.2,35.98,85.2,26.86,0.8660254037844386,0.5000000000000001,0.7818314824680298,0.6234898018587336,0,1,34.14
00009_25-02-2025-11.22,172.0,-115.2,68.7,-55.2,35.98,4.8,26.86,64.8,46.42,0.8660254037844386,0.5000000000000001,0.7818314824680298,0.6234898018587336,1,0,27.04
00009_25-02-2025-12.22,172.0,-115.2,35.98,-55.2,26.86,4.8,46.42,34.8,38.96,0.8660254037844386,0.5000000000000001,0.7818314824680298,0.6234898018587336,1,0,33.64
00009_25-02-2025-14.02,172.0,-64.8,38.96,-43.8,48.24,25.2,82.35,55.2,37.96,0.8660254037844386,0.5000000000000001,0.7818314824680298,0.6234898018587336,1,0,26.91
00015_25-02-2025-14.12,157.0,-75.0,38.96,-54.0,48.24,15.0,82.35,45.0,37.96,0.8660254037844386,0.5000000000000001,0.7818314824680298,0.6234898018587336,0,1,29.49
00017_25-02-2025-14.42,179.0,-84.0,48.24,-15.0,82.35,15.0,37.96,45.0,29.06,0.8660254037844386,0.5000000000000001,0.7818314824680298,0.6234898018587336,1,0,47.98
00002_25-02-2025-16.37,157.0,-40.2,43.47,-10.2,37.69,19.8,50.47,49.8,52.36,0.8660254037844386,0.5000000000000001,0.7818314824680298,0.6234898018587336,1,0,28.73
00015_25-02-2025-17.17,157.0,-49.8,37.69,-19.8,50.47,10.2,52.36,40.2,76.64,0.8660254037844386,0.5000000000000001,0.7818314824680298,0.6234898018587336,0,1,26.41
00009_25-02-2025-17.22,172.0,-55.2,37.69,-25.2,50.47,4.8,52.36,34.8,76.64,0.8660254037844386,0.5000000000000001,0.7818314824680298,0.6234898018587336,1,0,45.47
00002_25-02-2025-18.32,157.0,-34.8,76.64,-4.8,54.78,25.2,30.36,62.4,29.83,0.8660254037844386,0.5000000000000001,0.7818314824680298,0.6234898018587336,1,0,26.81
00009_25-02-2025-19.29,172.0,-61.8,54.78,-31.8,30.36,5.4,29.83,36.0,58.47,0.8660254037844386,0.5000000000000001,0.7818314824680298,0.6234898018587336,1,0,59.74
00009_25-02-2025-20.22,172.0,-48.0,29.83,-17.4,58.47,4.8,49.42,45.0,41.47,0.8660254037844386,0.5000000000000001,0.7818314824680298,0.6234898018587336,1,0,52.72
00005_25-02-2025-21.02,172.0,-57.0,58.47,-34.8,49.42,5.4,41.47,550.2,34.2,0.8660254037844386,0.5000000000000001,0.7818314824680298,0.6234898018587336,0,1,29.24
00002_26-02-2025-06.22,157.0,-555.0,41.47,-10.2,34.2,4.8,43.77,34.8,80.48,0.8660254037844386,0.5000000000000001,0.9749279121818236,-0.22252093395631434,1,0,10.16
00005_26-02-2025-07.02,172.0,-34.8,43.77,-4.8,80.48,25.2,23.49,55.2,43.38,0.8660254037844386,0.5000000000000001,0.9749279121818236,-0.22252093395631434,0,1,58.85
00002_26-02-2025-07.22,157.0,-55.2,43.77,-25.2,80.48,4.8,23.49,34.8,43.38,0.8660254037844386,0.5000000000000001,0.9749279121818236,-0.22252093395631434,1,0,39.02
00002_26-02-2025-08.32,157.0,-34.8,43.38,-4.8,78.92,25.2,42.75,55.2,54.2,0.8660254037844386,0.5000000000000001,0.9749279121818236,-0.22252093395631434,1,0,49.1
00009_26-02-2025-09.22,172.0,-55.2,78.92,-25.2,42.75,4.8,54.2,64.8,52.97,0.8660254037844386,0.5000000000000001,0.9749279121818236,-0.22252093395631434,1,0,38.46
00009_26-02-2025-09.57,172.0,-60.0,42.75,-30.0,54.2,30.0,52.97,90.0,65.08,0.8660254037844386,0.5000000000000001,0.9749279121818236,-0.22252093395631434,1,0,18.94
00011_26-02-2025-10.02,182.0,-64.8,42.75,-34.8,54.2,25.2,52.97,85.2,65.08,0.8660254037844386,0.5000000000000001,0.9749279121818236,-0.22252093395631434,0,1,34.34
00009_26-02-2025-11.22,172.0,-115.2,54.2,-55.2,52.97,4.8,65.08,64.8,29.53,0.8660254037844386,0.5000000000000001,0.9749279121818236,-0.22252093395631434,1,0,44.62
00009_26-02-2025-12.22,172.0,-115.2,52.97,-55.2,65.08,4.8,29.53,34.8,68.13,0.8660254037844386,0.5000000000000001,0.9749279121818236,-0.22252093395631434,1,0,39.62
00009_26-02-2025-14.02,172.0,-64.8,68.13,-43.8,48.24,25.2,52.49,55.2,66.1,0.8660254037844386,0.5000000000000001,0.9749279121818236,-0.22252093395631434,1,0,39.18
00015_26-02-2025-14.12,157.0,-75.0,68.13,-54.0,48.24,15.0,52.49,45.0,66.1,0.8660254037844386,0.5000000000000001,0.9749279121818236,-0.22252093395631434,0,1,27.82
00017_26-02-2025-14.42,179.0,-84.0,48.24,-15.0,52.49,15.0,66.1,45.0,33.67,0.8660254037844386,0.5000000000000001,0.9749279121818236,-0.22252093395631434,1,0,65.15
00002_26-02-2025-16.37,157.0,-40.2,56.76,-10.2,75.65,19.8,129.1,49.8,57.7,0.8660254037844386,0.5000000000000001,0.9749279121818236,-0.22252093395631434,1,0,68.69
00015_26-02-2025-17.17,157.0,-49.8,75.65,-19.8,129.1,10.2,57.7,40.2,26.16,0.8660254037844386,0.5000000000000001,0.9749279121818236,-0.22252093395631434,0,1,46.35
00009_26-02-2025-17.22,172.0,-55.2,75.65,-25.2,129.1,4.8,57.7,34.8,26.16,0.8660254037844386,0.5000000000000001,0.9749279121818236,-0.22252093395631434,1,0,39.45
00002_26-02-2025-18.32,157.0,-34.8,26.16,-4.8,67.16,25.2,113.43,62.4,30.6,0.8660254037844386,0.5000000000000001,0.9749279121818236,-0.22252093395631434,1,0,73.65
00009_26-02-2025-19.29,172.0,-61.8,67.16,-31.8,113.43,5.4,30.6,36.0,41.34,0.8660254037844386,0.5000000000000001,0.9749279121818236,-0.22252093395631434,1,0,32.12
00009_26-02-2025-20.22,172.0,-48.0,30.6,-17.4,41.34,4.8,39.25,45.0,58.85,0.8660254037844386,0.5000000000000001,0.9749279121818236,-0.22252093395631434,1,0,28.61
00005_26-02-2025-21.02,172.0,-57.0,41.34,-34.8,39.25,5.4,58.85,550.2,31.0,0.8660254037844386,0.5000000000000001,0.9749279121818236,-0.22252093395631434,0,1,46.46
00002_27-02-2025-06.22,157.0,-555.0,58.85,-10.2,31.0,4.8,57.45,34.8,42.91,0.8660254037844386,0.5000000000000001,0.43388373911755823,-0.900968867902419,1,0,45.79
00005_27-02-2025-07.02,172.0,-34.8,57.45,-4.8,42.91,25.2,29.09,55.2,45.73,0.8660254037844386,0.5000000000000001,0.43388373911755823,-0.900968867902419,0,1,41.52
00002_27-02-2025-07.22,157.0,-55.2,57.45,-25.2,42.91,4.8,29.09,34.8,45.73,0.8660254037844386,0.5000000000000001,0.43388373911755823,-0.900968867902419,1,0,35.17
00002_27-02-2025-08.32,157.0,-34.8,45.73,-4.8,74.61,25.2,71.3,55.2,60.63,0.8660254037844386,0.5000000000000001,0.43388373911755823,-0.900968867902419,1,0,47.77
00009_27-02-2025-09.22,172.0,-55.2,74.61,-25.2,71.3,4.8,60.63,64.8,48.81,0.8660254037844386,0.5000000000000001,0.43388373911755823,-0.900968867902419,1,0,53.02
00009_27-02-2025-09.57,172.0,-60.0,71.3,-30.0,60.63,30.0,48.81,90.0,59.8,0.8660254037844386,0.5000000000000001,0.43388373911755823,-0.900968867902419,1,0,45.67
00011_27-02-2025-10.02,182.0,-64.8,71.3,-34.8,60.63,25.2,48.81,85.2,59.8,0.8660254037844386,0.5000000000000001,0.43388373911755823,-0.900968867902419,0,1,32.06
00009_27-02-2025-11.22,172.0,-115.2,60.63,-55.2,48.81,4.8,59.8,64.8,58.95,0.8660254037844386,0.5000000000000001,0.43388373911755823,-0.900968867902419,1,0,52.98
00009_27-02-2025-12.22,172.0,-115.2,48.81,-55.2,59.8,4.8,58.95,34.8,59.57,0.8660254037844386,0.5000000000000001,0.43388373911755823,-0.900968867902419,1,0,56.55
00002_27-02-2025-16.37,157.0,-40.2,81.38,-10.2,68.01,19.8,137.41,49.8,92.41,0.8660254037844386,0.5000000000000001,0.43388373911755823,-0.900968867902419,1,0,44.43
00015_27-02-2025-17.17,157.0,-49.8,68.01,-19.8,137.41,10.2,92.41,40.2,45.7,0.8660254037844386,0.5000000000000001,0.43388373911755823,-0.900968867902419,0,1,51.32
00009_27-02-2025-17.22,172.0,-55.2,68.01,-25.2,137.41,4.8,92.41,34.8,45.7,0.8660254037844386,0.5000000000000001,0.43388373911755823,-0.900968867902419,1,0,60.2
00002_27-02-2025-18.32,157.0,-34.8,45.7,-4.8,80.97,25.2,83.51,62.4,39.1,0.8660254037844386,0.5000000000000001,0.43388373911755823,-0.900968867902419,1,0,54.8
00009_27-02-2025-19.29,172.0,-61.8,80.97,-31.8,83.51,5.4,39.1,36.0,61.05,0.8660254037844386,0.5000000000000001,0.43388373911755823,-0.900968867902419,1,0,28.62
00009_27-02-2025-20.22,172.0,-48.0,39.1,-17.4,61.05,4.8,43.29,45.0,50.9,0.8660254037844386,0.5000000000000001,0.43388373911755823,-0.900968867902419,1,0,21.08
00005_27-02-2025-21.02,172.0,-57.0,61.05,-34.8,43.29,5.4,50.9,565.2,19.1,0.8660254037844386,0.5000000000000001,0.43388373911755823,-0.900968867902419,0,1,34.67
00002_28-02-2025-06.22,157.0,-595.2,43.29,-555.0,50.9,4.8,19.1,34.8,43.75,0.8660254037844386,0.5000000000000001,-0.433883739117558,-0.9009688679024191,1,0,16.31
00005_28-02-2025-07.02,172.0,-34.8,19.1,-4.8,43.75,25.2,63.93,55.2,57.49,0.8660254037844386,0.5000000000000001,-0.433883739117558,-0.9009688679024191,0,1,45.04
00002_28-02-2025-07.22,157.0,-55.2,19.1,-25.2,43.75,4.8,63.93,34.8,57.49,0.8660254037844386,0.5000000000000001,-0.433883739117558,-0.9009688679024191,1,0,40.68
00002_28-02-2025-08.32,157.0,-64.8,63.93,-34.8,57.49,25.2,107.81,55.2,67.53,0.8660254037844386,0.5000000000000001,-0.433883739117558,-0.9009688679024191,1,0,46.68
00009_28-02-2025-09.22,172.0,-85.2,57.49,-25.2,107.81,4.8,67.53,64.8,65.21,0.8660254037844386,0.5000000000000001,-0.433883739117558,-0.9009688679024191,1,0,52.69
00009_28-02-2025-09.57,172.0,-60.0,107.81,-30.0,67.53,30.0,65.21,90.0,111.85,0.8660254037844386,0.5000000000000001,-0.433883739117558,-0.9009688679024191,1,0,58.01
00011_28-02-2025-10.02,182.0,-64.8,107.81,-34.8,67.53,25.2,65.21,85.2,111.85,0.8660254037844386,0.5000000000000001,-0.433883739117558,-0.9009688679024191,0,1,37.74
00009_28-02-2025-11.22,172.0,-115.2,67.53,-55.2,65.21,4.8,111.85,64.8,30.86,0.8660254037844386,0.5000000000000001,-0.433883739117558,-0.9009688679024191,1,0,62.36
00009_28-02-2025-12.22,172.0,-115.2,65.21,-55.2,111.85,4.8,30.86,34.8,71.87,0.8660254037844386,0.5000000000000001,-0.433883739117558,-0.9009688679024191,1,0,42.86
00009_28-02-2025-14.02,172.0,-43.8,55.14,-4.8,81.29,25.2,93.57,55.2,99.29,0.8660254037844386,0.5000000000000001,-0.433883739117558,-0.9009688679024191,1,0,61.29
00015_28-02-2025-14.12,157.0,-54.0,55.14,-15.0,81.29,15.0,93.57,45.0,99.29,0.8660254037844386,0.5000000000000001,-0.433883739117558,-0.9009688679024191,0,1,38.64
00017_28-02-2025-14.42,179.0,-45.0,81.29,-15.0,93.57,15.0,99.29,45.0,57.63,0.8660254037844386,0.5000000000000001,-0.433883739117558,-0.9009688679024191,1,0,95.6
00002_28-02-2025-16.37,157.0,-40.2,102.4,-10.2,71.48,19.8,87.8,49.8,60.95,0.8660254037844386,0.5000000000000001,-0.433883739117558,-0.9009688679024191,1,0,59.31
00015_28-02-2025-17.17,157.0,-49.8,71.48,-19.8,87.8,10.2,60.95,40.2,58.71,0.8660254037844386,0.5000000000000001,-0.433883739117558,-0.9009688679024191,0,1,55.3
00009_28-02-2025-17.22,172.0,-55.2,71.48,-25.2,87.8,4.8,60.95,34.8,58.71,0.8660254037844386,0.5000000000000001,-0.433883739117558,-0.9009688679024191,1,0,48.25
00002_28-02-2025-18.32,157.0,-34.8,58.71,-4.8,86.88,25.2,60.17,62.4,35.33,0.8660254037844386,0.5000000000000001,-0.433883739117558,-0.9009688679024191,1,0,65.77
00009_28-02-2025-19.29,172.0,-61.8,86.88,-31.8,60.17,5.4,35.33,36.0,72.17,0.8660254037844386,0.5000000000000001,-0.433883739117558,-0.9009688679024191,1,0,62.81
00009_28-02-2025-20.22,172.0,-48.0,35.33,-17.4,72.17,4.8,43.24,45.0,67.9,0.8660254037844386,0.5000000000000001,-0.433883739117558,-0.9009688679024191,1,0,45.21
00005_28-02-2025-21.02,172.0,-57.0,72.17,-34.8,43.24,5.4,67.9,565.2,32.98,0.8660254037844386,0.5000000000000001,-0.433883739117558,-0.9009688679024191,0,1,40.48
00005_01-03-2025-07.02,172.0,-594.6,67.9,-34.8,32.98,25.2,50.46,85.2,48.83,1.0,6.123233995736766e-17,-0.9749279121818236,-0.2225209339563146,0,1,44.52
00009_01-03-2025-08.07,172.0,-100.2,32.98,-40.2,50.46,19.8,48.83,49.8,67.77,1.0,6.123233995736766e-17,-0.9749279121818236,-0.2225209339563146,1,0,25.1
00009_01-03-2025-09.22,172.0,-55.2,48.83,-25.2,67.77,4.8,50.0,64.8,46.88,1.0,6.123233995736766e-17,-0.9749279121818236,-0.2225209339563146,1,0,41.57
00009_01-03-2025-09.57,172.0,-60.0,67.77,-30.0,50.0,30.0,46.88,90.0,65.44,1.0,6.123233995736766e-17,-0.9749279121818236,-0.2225209339563146,1,0,35.77
00011_01-03-2025-10.02,182.0,-64.8,67.77,-34.8,50.0,25.2,46.88,85.2,65.44,1.0,6.123233995736766e-17,-0.9749279121818236,-0.2225209339563146,0,1,36.93
00009_01-03-2025-11.22,172.0,-115.2,50.0,-55.2,46.88,4.8,65.44,64.8,44.98,1.0,6.123233995736766e-17,-0.9749279121818236,-0.2225209339563146,1,0,41.93
00009_01-03-2025-12.22,172.0,-115.2,46.88,-55.2,65.44,4.8,44.98,55.8,82.74,1.0,6.123233995736766e-17,-0.9749279121818236,-0.2225209339563146,1,0,43.31
00015_01-03-2025-14.12,157.0,-105.0,44.98,-54.0,82.74,75.0,30.11,135.0,93.53,1.0,6.123233995736766e-17,-0.9749279121818236,-0.2225209339563146,0,1,14.58
00017_01-03-2025-14.42,179.0,-135.0,44.98,-84.0,82.74,45.0,30.11,105.0,93.53,1.0,6.123233995736766e-17,-0.9749279121818236,-0.2225209339563146,1,0,25.97
00002_01-03-2025-16.37,157.0,-70.2,30.11,-10.2,93.53,49.8,21.68,109.8,79.4,1.0,6.123233995736766e-17,-0.9749279121818236,-0.2225209339563146,1,0,46.18
00015_01-03-2025-17.17,157.0,-109.8,30.11,-49.8,93.53,10.2,21.68,70.2,79.4,1.0,6.123233995736766e-17,-0.9749279121818236,-0.2225209339563146,0,1,26.32
00009_01-03-2025-19.29,172.0,-121.8,21.68,-61.8,79.4,5.4,29.16,58.2,10.0,1.0,6.123233995736766e-17,-0.9749279121818236,-0.2225209339563146,1,0,44.74
00009_01-03-2025-20.22,172.0,-115.2,79.4,-48.0,29.16,4.8,10.0,604.8,54.7,1.0,6.123233995736766e-17,-0.9749279121818236,-0.2225209339563146,1,0,20.33
00005_01-03-2025-21.02,172.0,-87.6,29.16,-34.8,10.0,565.2,54.7,625.2,54.51,1.0,6.123233995736766e-17,-0.9749279121818236,-0.2225209339563146,0,1,20.22
00005_02-03-2025-07.02,172.0,-634.8,10.0,-34.8,54.7,25.2,54.51,85.2,88.4,1.0,6.123233995736766e-17,-0.7818314824680299,0.6234898018587334,0,1,33.56
00009_02-03-2025-08.07,172.0,-100.2,54.7,-40.2,54.51,19.8,88.4,79.8,53.34,1.0,6.123233995736766e-17,-0.7818314824680299,0.6234898018587334,1,0,50.89
00009_02-03-2025-09.22,172.0,-115.2,54.51,-55.2,88.4,4.8,53.34,64.8,47.58,1.0,6.123233995736766e-17,-0.7818314824680299,0.6234898018587334,1,0,30.82
00009_02-03-2025-09.57,172.0,-90.0,88.4,-30.0,53.34,30.0,47.58,90.0,148.82,1.0,6.123233995736766e-17,-0.7818314824680299,0.6234898018587334,1,0,47.32
00011_02-03-2025-10.02,182.0,-94.8,88.4,-34.8,53.34,25.2,47.58,85.2,148.82,1.0,6.123233995736766e-17,-0.7818314824680299,0.6234898018587334,0,1,46.83
00009_02-03-2025-11.22,172.0,-115.2,53.34,-55.2,47.58,4.8,148.82,64.8,51.15,1.0,6.123233995736766e-17,-0.7818314824680299,0.6234898018587334,1,0,70.42
00009_02-03-2025-12.22,172.0,-115.2,47.58,-55.2,148.82,4.8,51.15,55.8,55.14,1.0,6.123233995736766e-17,-0.7818314824680299,0.6234898018587334,1,0,56.19
00009_02-03-2025-14.02,172.0,-94.8,51.15,-43.8,55.14,25.2,88.43,85.2,68.12,1.0,6.123233995736766e-17,-0.7818314824680299,0.6234898018587334,1,0,85.6
00015_02-03-2025-14.12,157.0,-105.0,51.15,-54.0,55.14,15.0,88.43,75.0,68.12,1.0,6.123233995736766e-17,-0.7818314824680299,0.6234898018587334,0,1,44.51
00017_02-03-2025-14.42,179.0,-84.0,55.14,-15.0,88.43,45.0,68.12,105.0,73.79,1.0,6.123233995736766e-17,-0.7818314824680299,0.6234898018587334,1,0,77.2
00002_02-03-2025-16.37,157.0,-70.2,68.12,-10.2,73.79,19.8,73.38,49.8,74.61,1.0,6.123233995736766e-17,-0.7818314824680299,0.6234898018587334,1,0,95.03
00015_02-03-2025-17.17,157.0,-49.8,73.79,-19.8,73.38,10.2,74.61,40.2,58.08,1.0,6.123233995736766e-17,-0.7818314824680299,0.6234898018587334,0,1,72.98
00009_02-03-2025-17.22,172.0,-55.2,73.79,-25.2,73.38,4.8,74.61,34.8,58.08,1.0,6.123233995736766e-17,-0.7818314824680299,0.6234898018587334,1,0,79.69
00002_02-03-2025-18.32,157.0,-34.8,58.08,-4.8,103.46,25.2,115.04,62.4,80.31,1.0,6.123233995736766e-17,-0.7818314824680299,0.6234898018587334,1,0,90.35
00009_02-03-2025-19.29,172.0,-61.8,103.46,-31.8,115.04,5.4,80.31,36.0,89.46,1.0,6.123233995736766e-17,-0.7818314824680299,0.6234898018587334,1,0,116.48
00009_02-03-2025-20.22,172.0,-48.0,80.31,-17.4,89.46,4.8,90.66,45.0,125.22,1.0,6.123233995736766e-17,-0.7818314824680299,0.6234898018587334,1,0,86.76
00005_02-03-2025-21.02,172.0,-57.0,89.46,-34.8,90.66,5.4,125.22,550.2,30.11,1.0,6.123233995736766e-17,-0.7818314824680299,0.6234898018587334,0,1,51.0
00002_03-03-2025-06.22,157.0,-555.0,125.22,-10.2,30.11,4.8,57.42,34.8,61.77,1.0,6.123233995736766e-17,0.0,1.0,1,0,45.16
00005_03-03-2025-07.02,172.0,-34.8,57.42,-4.8,61.77,25.2,54.97,55.2,57.04,1.0,6.123233995736766e-17,0.0,1.0,0,1,36.54
00002_03-03-2025-07.22,157.0,-55.2,57.42,-25.2,61.77,4.8,54.97,34.8,57.04,1.0,6.123233995736766e-17,0.0,1.0,1,0,49.76
00002_03-03-2025-08.32,157.0,-34.8,57.04,-4.8,64.8,25.2,50.35,55.2,77.6,1.0,6.123233995736766e-17,0.0,1.0,1,0,41.85
00009_03-03-2025-09.22,172.0,-55.2,64.8,-25.2,50.35,4.8,77.6,64.8,36.94,1.0,6.123233995736766e-17,0.0,1.0,1,0,61.13
00009_03-03-2025-09.57,172.0,-60.0,50.35,-30.0,77.6,30.0,36.94,90.0,35.66,1.0,6.123233995736766e-17,0.0,1.0,1,0,42.04
00011_03-03-2025-10.02,182.0,-64.8,50.35,-34.8,77.6,25.2,36.94,85.2,35.66,1.0,6.123233995736766e-17,0.0,1.0,0,1,47.66
00009_03-03-2025-11.22,172.0,-115.2,77.6,-55.2,36.94,4.8,35.66,64.8,51.98,1.0,6.123233995736766e-17,0.0,1.0,1,0,38.45
00009_03-03-2025-12.22,172.0,-115.2,36.94,-55.2,35.66,4.8,51.98,34.8,32.82,1.0,6.123233995736766e-17,0.0,1.0,1,0,10.91
00009_03-03-2025-14.02,172.0,-64.8,32.82,-43.8,68.94,25.2,39.16,55.2,36.31,1.0,6.123233995736766e-17,0.0,1.0,1,0,20.88
00015_03-03-2025-14.12,157.0,-75.0,32.82,-54.0,68.94,15.0,39.16,45.0,36.31,1.0,6.123233995736766e-17,0.0,1.0,0,1,42.04
00017_03-03-2025-14.42,179.0,-84.0,68.94,-15.0,39.16,15.0,36.31,45.0,37.89,1.0,6.123233995736766e-17,0.0,1.0,1,0,44.29
00002_03-03-2025-16.37,157.0,-40.2,41.15,-10.2,61.9,19.8,44.1,49.8,68.17,1.0,6.123233995736766e-17,0.0,1.0,1,0,45.59
00015_03-03-2025-17.17,157.0,-49.8,61.9,-19.8,44.1,10.2,68.17,40.2,35.57,1.0,6.123233995736766e-17,0.0,1.0,0,1,17.1
00009_03-03-2025-17.22,172.0,-55.2,61.9,-25.2,44.1,4.8,68.17,34.8,35.57,1.0,6.123233995736766e-17,0.0,1.0,1,0,20.52
00002_03-03-2025-18.32,157.0,-34.8,35.57,-4.8,60.39,25.2,42.98,62.4,23.67,1.0,6.123233995736766e-17,0.0,1.0,1,0,35.36
00009_03-03-2025-19.29,172.0,-61.8,60.39,-31.8,42.98,5.4,23.67,36.0,34.27,1.0,6.123233995736766e-17,0.0,1.0,1,0,57.63
00009_03-03-2025-20.22,172.0,-48.0,23.67,-17.4,34.27,4.8,24.08,45.0,36.68,1.0,6.123233995736766e-17,0.0,1.0,1,0,11.27
00005_03-03-2025-21.02,172.0,-57.0,34.27,-34.8,24.08,5.4,36.68,550.2,34.14,1.0,6.123233995736766e-17,0.0,1.0,0,1,29.73
00002_04-03-2025-06.22,157.0,-555.0,36.68,-10.2,34.14,4.8,44.9,34.8,111.99,1.0,6.123233995736766e-17,0.7818314824680298,0.6234898018587336,1,0,38.14
00005_04-03-2025-07.02,172.0,-34.8,44.9,-4.8,111.99,25.2,37.95,55.2,41.37,1.0,6.123233995736766e-17,0.7818314824680298,0.6234898018587336,0,1,26.72
00002_04-03-2025-07.22,157.0,-55.2,44.9,-25.2,111.99,4.8,37.95,34.8,41.37,1.0,6.123233995736766e-17,0.7818314824680298,0.6234898018587336,1,0,38.53
00002_04-03-2025-08.32,157.0,-34.8,41.37,-4.8,69.53,25.2,41.74,55.2,65.54,1.0,6.123233995736766e-17,0.7818314824680298,0.6234898018587336,1,0,25.66
00009_04-03-2025-09.22,172.0,-55.2,69.53,-25.2,41.74,4.8,65.54,64.8,33.7,1.0,6.123233995736766e-17,0.7818314824680298,0.6234898018587336,1,0,30.82
00009_04-03-2025-09.57,172.0,-60.0,41.74,-30.0,65.54,30.0,33.7,90.0,39.68,1.0,6.123233995736766e-17,0.7818314824680298,0.6234898018587336,1,0,31.39
00011_04-03-2025-10.02,182.0,-64.8,41.74,-34.8,65.54,25.2,33.7,85.2,39.68,1.0,6.123233995736766e-17,0.7818314824680298,0.6234898018587336,0,1,32.69
00009_04-03-2025-11.22,172.0,-115.2,65.54,-55.2,33.7,4.8,39.68,64.8,45.23,1.0,6.123233995736766e-17,0.7818314824680298,0.6234898018587336,1,0,16.4
00009_04-03-2025-12.22,172.0,-115.2,33.7,-55.2,39.68,4.8,45.23,34.8,46.98,1.0,6.123233995736766e-17,0.7818314824680298,0.6234898018587336,1,0,36.78
00009_04-03-2025-14.02,172.0,-64.8,46.98,-43.8,48.24,25.2,65.02,55.2,45.15,1.0,6.123233995736766e-17,0.7818314824680298,0.6234898018587336,1,0,36.62
00015_04-03-2025-14.12,157.0,-75.0,46.98,-54.0,48.24,15.0,65.02,45.0,45.15,1.0,6.123233995736766e-17,0.7818314824680298,0.6234898018587336,0,1,26.86
00017_04-03-2025-14.42,179.0,-84.0,48.24,-15.0,65.02,15.0,45.15,45.0,29.34,1.0,6.123233995736766e-17,0.7818314824680298,0.6234898018587336,1,0,26.22
00002_04-03-2025-16.37,157.0,-40.2,28.18,-10.2,39.42,19.8,46.39,49.8,53.33,1.0,6.123233995736766e-17,0.7818314824680298,0.6234898018587336,1,0,47.6
00015_04-03-2025-17.17,157.0,-49.8,39.42,-19.8,46.39,10.2,53.33,40.2,66.36,1.0,6.123233995736766e-17,0.7818314824680298,0.6234898018587336,0,1,15.99
00009_04-03-2025-17.22,172.0,-55.2,39.42,-25.2,46.39,4.8,53.33,34.8,66.36,1.0,6.123233995736766e-17,0.7818314824680298,0.6234898018587336,1,0,25.21
00002_04-03-2025-18.32,157.0,-34.8,66.36,-4.8,44.3,25.2,36.72,62.4,31.0,1.0,6.123233995736766e-17,0.7818314824680298,0.6234898018587336,1,0,25.55
00009_04-03-2025-19.29,172.0,-61.8,44.3,-31.8,36.72,5.4,31.0,36.0,35.77,1.0,6.123233995736766e-17,0.7818314824680298,0.6234898018587336,1,0,31.79
00009_04-03-2025-20.22,172.0,-48.0,31.0,-17.4,35.77,4.8,36.55,45.0,41.32,1.0,6.123233995736766e-17,0.7818314824680298,0.6234898018587336,1,0,23.9
00005_04-03-2025-21.02,172.0,-57.0,35.77,-34.8,36.55,5.4,41.32,550.2,34.86,1.0,6.123233995736766e-17,0.7818314824680298,0.6234898018587336,0,1,45.26
00002_05-03-2025-06.22,157.0,-555.0,41.32,-10.2,34.86,4.8,55.23,34.8,104.39,1.0,6.123233995736766e-17,0.9749279121818236,-0.22252093395631434,1,0,19.36
00005_05-03-2025-07.02,172.0,-34.8,55.23,-4.8,104.39,25.2,22.85,55.2,50.43,1.0,6.123233995736766e-17,0.9749279121818236,-0.22252093395631434,0,1,59.62
00002_05-03-2025-07.22,157.0,-55.2,55.23,-25.2,104.39,4.8,22.85,34.8,50.43,1.0,6.123233995736766e-17,0.9749279121818236,-0.22252093395631434,1,0,46.03
00002_05-03-2025-08.32,157.0,-34.8,50.43,-4.8,81.4,25.2,60.8,55.2,67.52,1.0,6.123233995736766e-17,0.9749279121818236,-0.22252093395631434,1,0,41.8
00009_05-03-2025-09.22,172.0,-55.2,81.4,-25.2,60.8,4.8,67.52,64.8,46.68,1.0,6.123233995736766e-17,0.9749279121818236,-0.22252093395631434,1,0,56.23
00009_05-03-2025-09.57,172.0,-60.0,60.8,-30.0,67.52,30.0,46.68,90.0,44.26,1.0,6.123233995736766e-17,0.9749279121818236,-0.22252093395631434,1,0,38.96
00011_05-03-2025-10.02,182.0,-64.8,60.8,-34.8,67.52,25.2,46.68,85.2,44.26,1.0,6.123233995736766e-17,0.9749279121818236,-0.22252093395631434,0,1,48.16
00009_05-03-2025-11.22,172.0,-115.2,67.52,-55.2,46.68,4.8,44.26,64.8,45.43,1.0,6.123233995736766e-17,0.9749279121818236,-0.22252093395631434,1,0,44.57
00009_05-03-2025-12.22,172.0,-115.2,46.68,-55.2,44.26,4.8,45.43,34.8,21.37,1.0,6.123233995736766e-17,0.9749279121818236,-0.22252093395631434,1,0,25.09
00009_05-03-2025-14.02,172.0,-64.8,21.37,-43.8,48.24,25.2,32.09,55.2,44.0,1.0,6.123233995736766e-17,0.9749279121818236,-0.22252093395631434,1,0,32.21
00015_05-03-2025-14.12,157.0,-75.0,21.37,-54.0,48.24,15.0,32.09,45.0,44.0,1.0,6.123233995736766e-17,0.9749279121818236,-0.22252093395631434,0,1,37.39
00017_05-03-2025-14.42,179.0,-84.0,48.24,-15.0,32.09,15.0,44.0,45.0,43.42,1.0,6.123233995736766e-17,0.9749279121818236,-0.22252093395631434,1,0,48.52
00002_05-03-2025-16.37,157.0,-40.2,44.11,-10.2,66.16,19.8,125.18,49.8,35.77,1.0,6.123233995736766e-17,0.9749279121818236,-0.22252093395631434,1,0,26.53
00015_05-03-2025-17.17,157.0,-49.8,66.16,-19.8,125.18,10.2,35.77,40.2,49.06,1.0,6.123233995736766e-17,0.9749279121818236,-0.22252093395631434,0,1,25.85
00009_05-03-2025-17.22,172.0,-55.2,66.16,-25.2,125.18,4.8,35.77,34.8,49.06,1.0,6.123233995736766e-17,0.9749279121818236,-0.22252093395631434,1,0,34.22
00002_05-03-2025-18.32,157.0,-34.8,49.06,-4.8,78.01,25.2,110.58,62.4,30.54,1.0,6.123233995736766e-17,0.9749279121818236,-0.22252093395631434,1,0,53.18
00009_05-03-2025-19.29,172.0,-61.8,78.01,-31.8,110.58,5.4,30.54,36.0,52.63,1.0,6.123233995736766e-17,0.9749279121818236,-0.22252093395631434,1,0,50.07
00009_05-03-2025-20.22,172.0,-48.0,30.54,-17.4,52.63,4.8,43.85,45.0,67.45,1.0,6.123233995736766e-17,0.9749279121818236,-0.22252093395631434,1,0,43.29
00005_05-03-2025-21.02,172.0,-57.0,52.63,-34.8,43.85,5.4,67.45,550.2,30.58,1.0,6.123233995736766e-17,0.9749279121818236,-0.22252093395631434,0,1,46.66
00002_06-03-2025-06.22,157.0,-555.0,67.45,-10.2,30.58,4.8,49.75,34.8,77.6,1.0,6.123233995736766e-17,0.43388373911755823,-0.900968867902419,1,0,41.05
00005_06-03-2025-07.02,172.0,-34.8,49.75,-4.8,77.6,25.2,48.75,55.2,32.89,1.0,6.123233995736766e-17,0.43388373911755823,-0.900968867902419,0,1,29.27
00002_06-03-2025-07.22,157.0,-55.2,49.75,-25.2,77.6,4.8,48.75,34.8,32.89,1.0,6.123233995736766e-17,0.43388373911755823,-0.900968867902419,1,0,17.59
00002_06-03-2025-08.32,157.0,-34.8,32.89,-4.8,52.56,25.2,65.6,55.2,44.32,1.0,6.123233995736766e-17,0.43388373911755823,-0.900968867902419,1,0,43.23
00009_06-03-2025-09.22,172.0,-55.2,52.56,-25.2,65.6,4.8,44.32,64.8,55.84,1.0,6.123233995736766e-17,0.43388373911755823,-0.900968867902419,1,0,36.48
00009_06-03-2025-09.57,172.0,-60.0,65.6,-30.0,44.32,30.0,55.84,90.0,41.34,1.0,6.123233995736766e-17,0.43388373911755823,-0.900968867902419,1,0,55.35
00011_06-03-2025-10.02,182.0,-64.8,65.6,-34.8,44.32,25.2,55.84,85.2,41.34,1.0,6.123233995736766e-17,0.43388373911755823,-0.900968867902419,0,1,45.46
00009_06-03-2025-11.22,172.0,-115.2,44.32,-55.2,55.84,4.8,41.34,64.8,65.67,1.0,6.123233995736766e-17,0.43388373911755823,-0.900968867902419,1,0,49.29
00009_06-03-2025-12.22,172.0,-115.2,55.84,-55.2,41.34,4.8,65.67,34.8,39.85,1.0,6.123233995736766e-17,0.43388373911755823,-0.900968867902419,1,0,55.53
00002_06-03-2025-16.37,157.0,-40.2,79.33,-10.2,61.8,19.8,155.94,49.8,97.34,1.0,6.123233995736766e-17,0.43388373911755823,-0.900968867902419,1,0,45.02
00015_06-03-2025-17.17,157.0,-49.8,61.8,-19.8,155.94,10.2,97.34,40.2,48.25,1.0,6.123233995736766e-17,0.43388373911755823,-0.900968867902419,0,1,68.53
00009_06-03-2025-17.22,172.0,-55.2,61.8,-25.2,155.94,4.8,97.34,34.8,48.25,1.0,6.123233995736766e-17,0.43388373911755823,-0.900968867902419,1,0,60.27
00002_06-03-2025-18.32,157.0,-34.8,48.25,-4.8,75.67,25.2,77.76,62.4,40.76,1.0,6.123233995736766e-17,0.43388373911755823,-0.900968867902419,1,0,47.07
00009_06-03-2025-19.29,172.0,-61.8,75.67,-31.8,77.76,5.4,40.76,36.0,63.84,1.0,6.123233995736766e-17,0.43388373911755823,-0.900968867902419,1,0,62.66
00009_06-03-2025-20.22,172.0,-48.0,40.76,-17.4,63.84,4.8,63.12,45.0,48.39,1.0,6.123233995736766e-17,0.43388373911755823,-0.900968867902419,1,0,20.78
00005_06-03-2025-21.02,172.0,-57.0,63.84,-34.8,63.12,5.4,48.39,565.2,40.44,1.0,6.123233995736766e-17,0.43388373911755823,-0.900968867902419,0,1,31.59
00002_07-03-2025-06.22,157.0,-595.2,63.12,-555.0,48.39,4.8,40.44,34.8,38.77,1.0,6.123233995736766e-17,-0.433883739117558,-0.9009688679024191,1,0,38.69
00005_07-03-2025-07.02,172.0,-34.8,40.44,-4.8,38.77,25.2,51.78,55.2,63.12,1.0,6.123233995736766e-17,-0.433883739117558,-0.9009688679024191,0,1,28.91
00002_07-03-2025-07.22,157.0,-55.2,40.44,-25.2,38.77,4.8,51.78,34.8,63.12,1.0,6.123233995736766e-17,-0.433883739117558,-0.9009688679024191,1,0,45.6
00002_07-03-2025-08.32,157.0,-64.8,51.78,-34.8,63.12,25.2,115.58,55.2,60.16,1.0,6.123233995736766e-17,-0.433883739117558,-0.9009688679024191,1,0,38.18
00009_07-03-2025-09.22,172.0,-85.2,63.12,-25.2,115.58,4.8,60.16,64.8,74.51,1.0,6.123233995736766e-17,-0.433883739117558,-0.9009688679024191,1,0,43.81
00009_07-03-2025-09.57,172.0,-60.0,115.58,-30.0,60.16,30.0,74.51,90.0,104.43,1.0,6.123233995736766e-17,-0.433883739117558,-0.9009688679024191,1,0,60.82
00011_07-03-2025-10.02,182.0,-64.8,115.58,-34.8,60.16,25.2,74.51,85.2,104.43,1.0,6.123233995736766e-17,-0.433883739117558,-0.9009688679024191,0,1,48.76
00009_07-03-2025-11.22,172.0,-115.2,60.16,-55.2,74.51,4.8,104.43,64.8,48.69,1.0,6.123233995736766e-17,-0.433883739117558,-0.9009688679024191,1,0,68.29
00009_07-03-2025-12.22,172.0,-115.2,74.51,-55.2,104.43,4.8,48.69,34.8,86.24,1.0,6.123233995736766e-17,-0.433883739117558,-0.9009688679024191,1,0,47.41
00009_07-03-2025-14.02,172.0,-43.8,55.14,-4.8,86.86,25.2,89.05,55.2,89.47,1.0,6.123233995736766e-17,-0.433883739117558,-0.9009688679024191,1,0,52.85
00015_07-03-2025-14.12,157.0,-54.0,55.14,-15.0,86.86,15.0,89.05,45.0,89.47,1.0,6.123233995736766e-17,-0.433883739117558,-0.9009688679024191,0,1,54.34
00017_07-03-2025-14.42,179.0,-45.0,86.86,-15.0,89.05,15.0,89.47,45.0,63.55,1.0,6.123233995736766e-17,-0.433883739117558,-0.9009688679024191,1,0,83.71
00002_07-03-2025-16.37,157.0,-40.2,110.41,-10.2,82.9,19.8,87.48,49.8,41.31,1.0,6.123233995736766e-17,-0.433883739117558,-0.9009688679024191,1,0,54.62
00015_07-03-2025-17.17,157.0,-49.8,82.9,-19.8,87.48,10.2,41.31,40.2,52.75,1.0,6.123233995736766e-17,-0.433883739117558,-0.9009688679024191,0,1,49.45
00009_07-03-2025-17.22,172.0,-55.2,82.9,-25.2,87.48,4.8,41.31,34.8,52.75,1.0,6.123233995736766e-17,-0.433883739117558,-0.9009688679024191,1,0,74.85
00002_07-03-2025-18.32,157.0,-34.8,52.75,-4.8,86.67,25.2,65.71,62.4,30.1,1.0,6.123233995736766e-17,-0.433883739117558,-0.9009688679024191,1,0,43.0
00009_07-03-2025-19.29,172.0,-61.8,86.67,-31.8,65.71,5.4,30.1,36.0,76.94,1.0,6.123233995736766e-17,-0.433883739117558,-0.9009688679024191,1,0,45.88
00009_07-03-2025-20.22,172.0,-48.0,30.1,-17.4,76.94,4.8,53.86,45.0,83.81,1.0,6.123233995736766e-17,-0.433883739117558,-0.9009688679024191,1,0,35.95
00005_07-03-2025-21.02,172.0,-57.0,76.94,-34.8,53.86,5.4,83.81,565.2,27.92,1.0,6.123233995736766e-17,-0.433883739117558,-0.9009688679024191,0,1,44.58
00005_08-03-2025-07.02,172.0,-594.6,83.81,-34.8,27.92,25.2,46.03,85.2,52.65,1.0,6.123233995736766e-17,-0.9749279121818236,-0.2225209339563146,0,1,23.79
00009_08-03-2025-08.07,172.0,-100.2,27.92,-40.2,46.03,19.8,52.65,49.8,41.73,1.0,6.123233995736766e-17,-0.9749279121818236,-0.2225209339563146,1,0,52.19
00009_08-03-2025-09.22,172.0,-55.2,52.65,-25.2,41.73,4.8,69.21,64.8,45.12,1.0,6.123233995736766e-17,-0.9749279121818236,-0.2225209339563146,1,0,39.9
00009_08-03-2025-09.57,172.0,-60.0,41.73,-30.0,69.21,30.0,45.12,90.0,49.02,1.0,6.123233995736766e-17,-0.9749279121818236,-0.2225209339563146,1,0,49.29
00011_08-03-2025-10.02,182.0,-64.8,41.73,-34.8,69.21,25.2,45.12,85.2,49.02,1.0,6.123233995736766e-17,-0.9749279121818236,-0.2225209339563146,0,1,34.66
00009_08-03-2025-11.22,172.0,-115.2,69.21,-55.2,45.12,4.8,49.02,64.8,37.25,1.0,6.123233995736766e-17,-0.9749279121818236,-0.2225209339563146,1,0,33.62
00009_08-03-2025-12.22,172.0,-115.2,45.12,-55.2,49.02,4.8,37.25,55.8,82.74,1.0,6.123233995736766e-17,-0.9749279121818236,-0.2225209339563146,1,0,35.85
00015_08-03-2025-14.12,157.0,-105.0,37.25,-54.0,82.74,75.0,33.12,135.0,114.93,1.0,6.123233995736766e-17,-0.9749279121818236,-0.2225209339563146,0,1,10.0
00017_08-03-2025-14.42,179.0,-135.0,37.25,-84.0,82.74,45.0,33.12,105.0,114.93,1.0,6.123233995736766e-17,-0.9749279121818236,-0.2225209339563146,1,0,13.24
00002_08-03-2025-16.37,157.0,-70.2,33.12,-10.2,114.93,49.8,27.59,109.8,98.49,1.0,6.123233995736766e-17,-0.9749279121818236,-0.2225209339563146,1,0,26.03
00015_08-03-2025-17.17,157.0,-109.8,33.12,-49.8,114.93,10.2,27.59,70.2,98.49,1.0,6.123233995736766e-17,-0.9749279121818236,-0.2225209339563146,0,1,43.97
00009_08-03-2025-19.29,172.0,-121.8,27.59,-61.8,98.49,5.4,28.33,58.2,22.94,1.0,6.123233995736766e-17,-0.9749279121818236,-0.2225209339563146,1,0,53.03
00009_08-03-2025-20.22,172.0,-115.2,98.49,-48.0,28.33,4.8,22.94,604.8,55.74,1.0,6.123233995736766e-17,-0.9749279121818236,-0.2225209339563146,1,0,25.88
00005_08-03-2025-21.02,172.0,-87.6,28.33,-34.8,22.94,565.2,55.74,625.2,46.47,1.0,6.123233995736766e-17,-0.9749279121818236,-0.2225209339563146,0,1,16.96
00005_09-03-2025-07.02,172.0,-634.8,22.94,-34.8,55.74,25.2,46.47,85.2,71.91,1.0,6.123233995736766e-17,-0.7818314824680299,0.6234898018587334,0,1,51.26
00009_09-03-2025-08.07,172.0,-100.2,55.74,-40.2,46.47,19.8,71.91,79.8,54.63,1.0,6.123233995736766e-17,-0.7818314824680299,0.6234898018587334,1,0,52.57
00009_09-03-2025-09.22,172.0,-115.2,46.47,-55.2,71.91,4.8,54.63,64.8,44.38,1.0,6.123233995736766e-17,-0.7818314824680299,0.6234898018587334,1,0,37.15
00009_09-03-2025-09.57,172.0,-90.0,71.91,-30.0,54.63,30.0,44.38,90.0,145.37,1.0,6.123233995736766e-17,-0.7818314824680299,0.6234898018587334,1,0,68.25
00011_09-03-2025-10.02,182.0,-94.8,71.91,-34.8,54.63,25.2,44.38,85.2,145.37,1.0,6.123233995736766e-17,-0.7818314824680299,0.6234898018587334,0,1,51.05
00009_09-03-2025-11.22,172.0,-115.2,54.63,-55.2,44.38,4.8,145.37,64.8,41.17,1.0,6.123233995736766e-17,-0.7818314824680299,0.6234898018587334,1,0,81.1
00009_09-03-2025-12.22,172.0,-115.2,44.38,-55.2,145.37,4.8,41.17,55.8,55.14,1.0,6.123233995736766e-17,-0.7818314824680299,0.6234898018587334,1,0,62.85
00009_09-03-2025-14.02,172.0,-94.8,41.17,-43.8,55.14,25.2,96.82,85.2,60.64,1.0,6.123233995736766e-17,-0.7818314824680299,0.6234898018587334,1,0,73.08
00015_09-03-2025-14.12,157.0,-105.0,41.17,-54.0,55.14,15.0,96.82,75.0,60.64,1.0,6.123233995736766e-17,-0.7818314824680299,0.6234898018587334,0,1,67.78
00017_09-03-2025-14.42,179.0,-84.0,55.14,-15.0,96.82,45.0,60.64,105.0,78.44,1.0,6.123233995736766e-17,-0.7818314824680299,0.6234898018587334,1,0,69.53
00002_09-03-2025-16.37,157.0,-70.2,60.64,-10.2,78.44,19.8,67.5,49.8,61.29,1.0,6.123233995736766e-17,-0.7818314824680299,0.6234898018587334,1,0,81.15
00015_09-03-2025-17.17,157.0,-49.8,78.44,-19.8,67.5,10.2,61.29,40.2,81.12,1.0,6.123233995736766e-17,-0.7818314824680299,0.6234898018587334,0,1,47.29
00009_09-03-2025-17.22,172.0,-55.2,78.44,-25.2,67.5,4.8,61.29,34.8,81.12,1.0,6.123233995736766e-17,-0.7818314824680299,0.6234898018587334,1,0,69.31
00002_09-03-2025-18.32,157.0,-34.8,81.12,-4.8,109.97,25.2,111.44,62.4,89.98,1.0,6.123233995736766e-17,-0.7818314824680299,0.6234898018587334,1,0,106.82
00009_09-03-2025-19.29,172.0,-61.8,109.97,-31.8,111.44,5.4,89.98,36.0,62.92,1.0,6.123233995736766e-17,-0.7818314824680299,0.6234898018587334,1,0,98.38
00009_09-03-2025-20.22,172.0,-48.0,89.98,-17.4,62.92,4.8,74.06,45.0,138.28,1.0,6.123233995736766e-17,-0.7818314824680299,0.6234898018587334,1,0,65.07
00005_09-03-2025-21.02,172.0,-57.0,62.92,-34.8,74.06,5.4,138.28,550.2,36.83,1.0,6.123233995736766e-17,-0.7818314824680299,0.6234898018587334,0,1,61.62
00002_10-03-2025-06.22,157.0,-555.0,138.28,-10.2,36.83,4.8,66.35,34.8,68.99,1.0,6.123233995736766e-17,0.0,1.0,1,0,44.33
00005_10-03-2025-07.02,172.0,-34.8,66.35,-4.8,68.99,25.2,44.98,55.2,72.43,1.0,6.123233995736766e-17,0.0,1.0,0,1,32.48
00002_10-03-2025-07.22,157.0,-55.2,66.35,-25.2,68.99,4.8,44.98,34.8,72.43,1.0,6.123233995736766e-17,0.0,1.0,1,0,22.96
00002_10-03-2025-08.32,157.0,-34.8,72.43,-4.8,74.9,25.2,44.38,55.2,78.59,1.0,6.123233995736766e-17,0.0,1.0,1,0,44.05
00009_10-03-2025-09.22,172.0,-55.2,74.9,-25.2,44.38,4.8,78.59,64.8,36.26,1.0,6.123233995736766e-17,0.0,1.0,1,0,56.7
00009_10-03-2025-09.57,172.0,-60.0,44.38,-30.0,78.59,30.0,36.26,90.0,30.94,1.0,6.123233995736766e-17,0.0,1.0,1,0,39.71
00011_10-03-2025-10.02,182.0,-64.8,44.38,-34.8,78.59,25.2,36.26,85.2,30.94,1.0,6.123233995736766e-17,0.0,1.0,0,1,27.84
00009_10-03-2025-11.22,172.0,-115.2,78.59,-55.2,36.26,4.8,30.94,64.8,44.44,1.0,6.123233995736766e-17,0.0,1.0,1,0,16.77
00009_10-03-2025-12.22,172.0,-115.2,36.26,-55.2,30.94,4.8,44.44,34.8,34.16,1.0,6.123233995736766e-17,0.0,1.0,1,0,49.19
00009_10-03-2025-14.02,172.0,-64.8,34.16,-43.8,68.94,25.2,48.65,55.2,48.73,1.0,6.123233995736766e-17,0.0,1.0,1,0,35.02
00015_10-03-2025-14.12,157.0,-75.0,34.16,-54.0,68.94,15.0,48.65,45.0,48.73,1.0,6.123233995736766e-17,0.0,1.0,0,1,31.92
00017_10-03-2025-14.42,179.0,-84.0,68.94,-15.0,48.65,15.0,48.73,45.0,40.25,1.0,6.123233995736766e-17,0.0,1.0,1,0,55.96
00002_10-03-2025-16.37,157.0,-40.2,41.99,-10.2,71.26,19.8,48.8,49.8,67.88,1.0,6.123233995736766e-17,0.0,1.0,1,0,35.21
00015_10-03-2025-17.17,157.0,-49.8,71.26,-19.8,48.8,10.2,67.88,40.2,46.81,1.0,6.123233995736766e-17,0.0,1.0,0,1,33.15
00009_10-03-2025-17.22,172.0,-55.2,71.26,-25.2,48.8,4.8,67.88,34.8,46.81,1.0,6.123233995736766e-17,0.0,1.0,1,0,40.46
00002_10-03-2025-18.32,157.0,-34.8,46.81,-4.8,43.99,25.2,30.09,62.4,21.87,1.0,6.123233995736766e-17,0.0,1.0,1,0,31.82
00009_10-03-2025-19.29,172.0,-61.8,43.99,-31.8,30.09,5.4,21.87,36.0,19.58,1.0,6.123233995736766e-17,0.0,1.0,1,0,53.06
00009_10-03-2025-20.22,172.0,-48.0,21.87,-17.4,19.58,4.8,10.0,45.0,43.95,1.0,6.123233995736766e-17,0.0,1.0,1,0,16.6
00005_10-03-2025-21.02,172.0,-57.0,19.58,-34.8,10.0,5.4,43.95,550.2,37.73,1.0,6.123233995736766e-17,0.0,1.0,0,1,37.11
00002_11-03-2025-06.22,157.0,-555.0,43.95,-10.2,37.73,4.8,51.25,34.8,112.61,1.0,6.123233995736766e-17,0.7818314824680298,0.6234898018587336,1,0,30.48
00005_11-03-2025-07.02,172.0,-34.8,51.25,-4.8,112.61,25.2,39.14,55.2,42.01,1.0,6.123233995736766e-17,0.7818314824680298,0.6234898018587336,0,1,42.82
00002_11-03-2025-07.22,157.0,-55.2,51.25,-25.2,112.61,4.8,39.14,34.8,42.01,1.0,6.123233995736766e-17,0.7818314824680298,0.6234898018587336,1,0,52.69
00002_11-03-2025-08.32,157.0,-34.8,42.01,-4.8,66.79,25.2,28.43,55.2,65.78,1.0,6.123233995736766e-17,0.7818314824680298,0.6234898018587336,1,0,39.69
00009_11-03-2025-09.22,172.0,-55.2,66.79,-25.2,28.43,4.8,65.78,64.8,35.18,1.0,6.123233995736766e-17,0.7818314824680298,0.6234898018587336,1,0,53.69
00009_11-03-2025-09.57,172.0,-60.0,28.43,-30.0,65.78,30.0,35.18,90.0,29.3,1.0,6.123233995736766e-17,0.7818314824680298,0.6234898018587336,1,0,16.81
00011_11-03-2025-10.02,182.0,-64.8,28.43,-34.8,65.78,25.2,35.18,85.2,29.3,1.0,6.123233995736766e-17,0.7818314824680298,0.6234898018587336,0,1,38.42
00009_11-03-2025-11.22,172.0,-115.2,65.78,-55.2,35.18,4.8,29.3,64.8,52.78,1.0,6.123233995736766e-17,0.7818314824680298,0.6234898018587336,1,0,14.53
00009_11-03-2025-12.22,172.0,-115.2,35.18,-55.2,29.3,4.8,52.78,34.8,45.9,1.0,6.123233995736766e-17,0.7818314824680298,0.6234898018587336,1,0,25.37
00009_11-03-2025-14.02,172.0,-64.8,45.9,-43.8,48.24,25.2,66.43,55.2,27.48,1.0,6.123233995736766e-17,0.7818314824680298,0.6234898018587336,1,0,18.76
00015_11-03-2025-14.12,157.0,-75.0,45.9,-54.0,48.24,15.0,66.43,45.0,27.48,1.0,6.123233995736766e-17,0.7818314824680298,0.6234898018587336,0,1,33.13
00017_11-03-2025-14.42,179.0,-84.0,48.24,-15.0,66.43,15.0,27.48,45.0,30.47,1.0,6.123233995736766e-17,0.7818314824680298,0.6234898018587336,1,0,29.28
00002_11-03-2025-16.37,157.0,-40.2,28.04,-10.2,30.31,19.8,70.2,49.8,48.5,1.0,6.123233995736766e-17,0.7818314824680298,0.6234898018587336,1,0,27.0
00015_11-03-2025-17.17,157.0,-49.8,30.31,-19.8,70.2,10.2,48.5,40.2,81.37,1.0,6.123233995736766e-17,0.7818314824680298,0.6234898018587336,0,1,41.84
00009_11-03-2025-17.22,172.0,-55.2,30.31,-25.2,70.2,4.8,48.5,34.8,81.37,1.0,6.123233995736766e-17,0.7818314824680298,0.6234898018587336,1,0,41.48
00002_11-03-2025-18.32,157.0,-34.8,81.37,-4.8,64.7,25.2,34.75,62.4,30.79,1.0,6.123233995736766e-17,0.7818314824680298,0.6234898018587336,1,0,39.86
00009_11-03-2025-19.29,172.0,-61.8,64.7,-31.8,34.75,5.4,30.79,36.0,40.83,1.0,6.123233995736766e-17,0.7818314824680298,0.6234898018587336,1,0,29.55
00009_11-03-2025-20.22,172.0,-48.0,30.79,-17.4,40.83,4.8,34.26,45.0,58.26,1.0,6.123233995736766e-17,0.7818314824680298,0.6234898018587336,1,0,40.78
00005_11-03-2025-21.02,172.0,-57.0,40.83,-34.8,34.26,5.4,58.26,550.2,35.55,1.0,6.123233995736766e-17,0.7818314824680298,0.6234898018587336,0,1,51.5
00002_12-03-2025-06.22,157.0,-555.0,58.26,-10.2,35.55,4.8,51.08,34.8,92.74,1.0,6.123233995736766e-17,0.9749279121818236,-0.22252093395631434,1,0,19.12
00005_12-03-2025-07.02,172.0,-34.8,51.08,-4.8,92.74,25.2,36.0,55.2,41.22,1.0,6.123233995736766e-17,0.9749279121818236,-0.22252093395631434,0,1,29.34
00002_12-03-2025-07.22,157.0,-55.2,51.08,-25.2,92.74,4.8,36.0,34.8,41.22,1.0,6.123233995736766e-17,0.9749279121818236,-0.22252093395631434,1,0,31.18
00002_12-03-2025-08.32,157.0,-34.8,41.22,-4.8,77.62,25.2,51.31,55.2,67.9,1.0,6.123233995736766e-17,0.9749279121818236,-0.22252093395631434,1,0,28.44
00009_12-03-2025-09.22,172.0,-55.2,77.62,-25.2,51.31,4.8,67.9,64.8,45.95,1.0,6.123233995736766e-17,0.9749279121818236,-0.22252093395631434,1,0,34.46
00009_12-03-2025-09.57,172.0,-60.0,51.31,-30.0,67.9,30.0,45.95,90.0,39.16,1.0,6.123233995736766e-17,0.9749279121818236,-0.22252093395631434,1,0,35.87
00011_12-03-2025-10.02,182.0,-64.8,51.31,-34.8,67.9,25.2,45.95,85.2,39.16,1.0,6.123233995736766e-17,0.9749279121818236,-0.22252093395631434,0,1,50.83
00009_12-03-2025-11.22,172.0,-115.2,67.9,-55.2,45.95,4.8,39.16,64.8,52.53,1.0,6.123233995736766e-17,0.9749279121818236,-0.22252093395631434,1,0,33.11
00009_12-03-2025-12.22,172.0,-115.2,45.95,-55.2,39.16,4.8,52.53,34.8,49.12,1.0,6.123233995736766e-17,0.9749279121818236,-0.22252093395631434,1,0,40.36
00009_12-03-2025-14.02,172.0,-64.8,49.12,-43.8,48.24,25.2,45.97,55.2,49.33,1.0,6.123233995736766e-17,0.9749279121818236,-0.22252093395631434,1,0,28.45
00015_12-03-2025-14.12,157.0,-75.0,49.12,-54.0,48.24,15.0,45.97,45.0,49.33,1.0,6.123233995736766e-17,0.9749279121818236,-0.22252093395631434,0,1,43.24
00017_12-03-2025-14.42,179.0,-84.0,48.24,-15.0,45.97,15.0,49.33,45.0,34.49,1.0,6.123233995736766e-17,0.9749279121818236,-0.22252093395631434,1,0,64.65
00002_12-03-2025-16.37,157.0,-40.2,60.49,-10.2,66.45,19.8,137.57,49.8,52.81,1.0,6.123233995736766e-17,0.9749279121818236,-0.22252093395631434,1,0,64.78
00015_12-03-2025-17.17,157.0,-49.8,66.45,-19.8,137.57,10.2,52.81,40.2,50.34,1.0,6.123233995736766e-17,0.9749279121818236,-0.22252093395631434,0,1,58.46
00009_12-03-2025-17.22,172.0,-55.2,66.45,-25.2,137.57,4.8,52.81,34.8,50.34,1.0,6.123233995736766e-17,0.9749279121818236,-0.22252093395631434,1,0,36.74
00002_12-03-2025-18.32,157.0,-34.8,50.34,-4.8,83.65,25.2,130.18,62.4,35.13,1.0,6.123233995736766e-17,0.9749279121818236,-0.22252093395631434,1,0,45.2
00009_12-03-2025-19.29,172.0,-61.8,83.65,-31.8,130.18,5.4,35.13,36.0,30.77,1.0,6.123233995736766e-17,0.9749279121818236,-0.22252093395631434,1,0,42.37
00009_12-03-2025-20.22,172.0,-48.0,35.13,-17.4,30.77,4.8,48.48,45.0,45.4,1.0,6.123233995736766e-17,0.9749279121818236,-0.22252093395631434,1,0,32.23
00005_12-03-2025-21.02,172.0,-57.0,30.77,-34.8,48.48,5.4,45.4,550.2,33.64,1.0,6.123233995736766e-17,0.9749279121818236,-0.22252093395631434,0,1,48.02
00002_13-03-2025-06.22,157.0,-555.0,45.4,-10.2,33.64,4.8,52.15,34.8,56.93,1.0,6.123233995736766e-17,0.43388373911755823,-0.900968867902419,1,0,33.85
00005_13-03-2025-07.02,172.0,-34.8,52.15,-4.8,56.93,25.2,47.26,55.2,49.57,1.0,6.123233995736766e-17,0.43388373911755823,-0.900968867902419,0,1,35.52
00002_13-03-2025-07.22,157.0,-55.2,52.15,-25.2,56.93,4.8,47.26,34.8,49.57,1.0,6.123233995736766e-17,0.43388373911755823,-0.900968867902419,1,0,14.78
00002_13-03-2025-08.32,157.0,-34.8,49.57,-4.8,56.57,25.2,59.73,55.2,52.88,1.0,6.123233995736766e-17,0.43388373911755823,-0.900968867902419,1,0,46.65
00009_13-03-2025-09.22,172.0,-55.2,56.57,-25.2,59.73,4.8,52.88,64.8,52.36,1.0,6.123233995736766e-17,0.43388373911755823,-0.900968867902419,1,0,60.19
00009_13-03-2025-09.57,172.0,-60.0,59.73,-30.0,52.88,30.0,52.36,90.0,53.7,1.0,6.123233995736766e-17,0.43388373911755823,-0.900968867902419,1,0,55.12
00011_13-03-2025-10.02,182.0,-64.8,59.73,-34.8,52.88,25.2,52.36,85.2,53.7,1.0,6.123233995736766e-17,0.43388373911755823,-0.900968867902419,0,1,41.61
00009_13-03-2025-11.22,172.0,-115.2,52.88,-55.2,52.36,4.8,53.7,64.8,41.12,1.0,6.123233995736766e-17,0.43388373911755823,-0.900968867902419,1,0,54.67
00009_13-03-2025-12.22,172.0,-115.2,52.36,-55.2,53.7,4.8,41.12,34.8,52.49,1.0,6.123233995736766e-17,0.43388373911755823,-0.900968867902419,1,0,57.58
00002_13-03-2025-16.37,157.0,-40.2,97.03,-10.2,66.69,19.8,156.44,49.8,112.51,1.0,6.123233995736766e-17,0.43388373911755823,-0.900968867902419,1,0,45.74
00015_13-03-2025-17.17,157.0,-49.8,66.69,-19.8,156.44,10.2,112.51,40.2,51.2,1.0,6.123233995736766e-17,0.43388373911755823,-0.900968867902419,0,1,60.03
00009_13-03-2025-17.22,172.0,-55.2,66.69,-25.2,156.44,4.8,112.51,34.8,51.2,1.0,6.123233995736766e-17,0.43388373911755823,-0.900968867902419,1,0,89.44
00002_13-03-2025-18.32,157.0,-34.8,51.2,-4.8,57.25,25.2,86.14,62.4,37.61,1.0,6.123233995736766e-17,0.43388373911755823,-0.900968867902419,1,0,23.21
00009_13-03-2025-19.29,172.0,-61.8,57.25,-31.8,86.14,5.4,37.61,36.0,64.21,1.0,6.123233995736766e-17,0.43388373911755823,-0.900968867902419,1,0,43.54
00009_13-03-2025-20.22,172.0,-48.0,37.61,-17.4,64.21,4.8,36.99,45.0,56.9,1.0,6.123233995736766e-17,0.43388373911755823,-0.900968867902419,1,0,29.92
00005_13-03-2025-21.02,172.0,-57.0,64.21,-34.8,36.99,5.4,56.9,565.2,16.38,1.0,6.123233995736766e-17,0.43388373911755823,-0.900968867902419,0,1,44.88
00002_14-03-2025-06.22,157.0,-595.2,36.99,-555.0,56.9,4.8,16.38,34.8,52.24,1.0,6.123233995736766e-17,-0.433883739117558,-0.9009688679024191,1,0,30.33
00005_14-03-2025-07.02,172.0,-34.8,16.38,-4.8,52.24,25.2,68.65,55.2,57.78,1.0,6.123233995736766e-17,-0.433883739117558,-0.9009688679024191,0,1,37.39
00002_14-03-2025-07.22,157.0,-55.2,16.38,-25.2,52.24,4.8,68.65,34.8,57.78,1.0,6.123233995736766e-17,-0.433883739117558,-0.9009688679024191,1,0,24.28
00002_14-03-2025-08.32,157.0,-64.8,68.65,-34.8,57.78,25.2,119.56,55.2,71.02,1.0,6.123233995736766e-17,-0.433883739117558,-0.9009688679024191,1,0,34.16
00009_14-03-2025-09.22,172.0,-85.2,57.78,-25.2,119.56,4.8,71.02,64.8,64.02,1.0,6.123233995736766e-17,-0.433883739117558,-0.9009688679024191,1,0,59.69
00009_14-03-2025-09.57,172.0,-60.0,119.56,-30.0,71.02,30.0,64.02,90.0,115.29,1.0,6.123233995736766e-17,-0.433883739117558,-0.9009688679024191,1,0,56.67
00011_14-03-2025-10.02,182.0,-64.8,119.56,-34.8,71.02,25.2,64.02,85.2,115.29,1.0,6.123233995736766e-17,-0.433883739117558,-0.9009688679024191,0,1,41.84
00009_14-03-2025-11.22,172.0,-115.2,71.02,-55.2,64.02,4.8,115.29,64.8,50.89,1.0,6.123233995736766e-17,-0.433883739117558,-0.9009688679024191,1,0,52.63
00009_14-03-2025-12.22,172.0,-115.2,64.02,-55.2,115.29,4.8,50.89,34.8,67.92,1.0,6.123233995736766e-17,-0.433883739117558,-0.9009688679024191,1,0,38.48
00009_14-03-2025-14.02,172.0,-43.8,55.14,-4.8,91.66,25.2,100.37,55.2,102.37,1.0,6.123233995736766e-17,-0.433883739117558,-0.9009688679024191,1,0,48.66
00015_14-03-2025-14.12,157.0,-54.0,55.14,-15.0,91.66,15.0,100.37,45.0,102.37,1.0,6.123233995736766e-17,-0.433883739117558,-0.9009688679024191,0,1,52.37
00017_14-03-2025-14.42,179.0,-45.0,91.66,-15.0,100.37,15.0,102.37,45.0,50.28,1.0,6.123233995736766e-17,-0.433883739117558,-0.9009688679024191,1,0,76.63
00002_14-03-2025-16.37,157.0,-40.2,101.8,-10.2,76.8,19.8,82.86,49.8,55.23,1.0,6.123233995736766e-17,-0.433883739117558,-0.9009688679024191,1,0,58.67
00015_14-03-2025-17.17,157.0,-49.8,76.8,-19.8,82.86,10.2,55.23,40.2,69.79,1.0,6.123233995736766e-17,-0.433883739117558,-0.9009688679024191,0,1,55.73
00009_14-03-2025-17.22,172.0,-55.2,76.8,-25.2,82.86,4.8,55.23,34.8,69.79,1.0,6.123233995736766e-17,-0.433883739117558,-0.9009688679024191,1,0,50.96
00002_14-03-2025-18.32,157.0,-34.8,69.79,-4.8,67.91,25.2,79.32,62.4,36.51,1.0,6.123233995736766e-17,-0.433883739117558,-0.9009688679024191,1,0,40.78
00009_14-03-2025-19.29,172.0,-61.8,67.91,-31.8,79.32,5.4,36.51,36.0,47.4,1.0,6.123233995736766e-17,-0.433883739117558,-0.9009688679024191,1,0,60.29
00009_14-03-2025-20.22,172.0,-48.0,36.51,-17.4,47.4,4.8,41.76,45.0,88.66,1.0,6.123233995736766e-17,-0.433883739117558,-0.9009688679024191,1,0,25.46
00005_14-03-2025-21.02,172.0,-57.0,47.4,-34.8,41.76,5.4,88.66,565.2,33.87,1.0,6.123233995736766e-17,-0.433883739117558,-0.9009688679024191,0,1,26.51
00005_15-03-2025-07.02,172.0,-594.6,88.66,-34.8,33.87,25.2,54.05,85.2,49.69,1.0,6.123233995736766e-17,-0.9749279121818236,-0.2225209339563146,0,1,32.47
00009_15-03-2025-08.07,172.0,-100.2,33.87,-40.2,54.05,19.8,49.69,49.8,69.33,1.0,6.123233995736766e-17,-0.9749279121818236,-0.2225209339563146,1,0,27.74
00009_15-03-2025-09.22,172.0,-55.2,49.69,-25.2,69.33,4.8,65.85,64.8,45.1,1.0,6.123233995736766e-17,-0.9749279121818236,-0.2225209339563146,1,0,35.46
00009_15-03-2025-09.57,172.0,-60.0,69.33,-30.0,65.85,30.0,45.1,90.0,44.72,1.0,6.123233995736766e-17,-0.9749279121818236,-0.2225209339563146,1,0,31.67
00011_15-03-2025-10.02,182.0,-64.8,69.33,-34.8,65.85,25.2,45.1,85.2,44.72,1.0,6.123233995736766e-17,-0.9749279121818236,-0.2225209339563146,0,1,44.69
00009_15-03-2025-11.22,172.0,-115.2,65.85,-55.2,45.1,4.8,44.72,64.8,55.2,1.0,6.123233995736766e-17,-0.9749279121818236,-0.2225209339563146,1,0,29.04
00009_15-03-2025-12.22,172.0,-115.2,45.1,-55.2,44.72,4.8,55.2,55.8,82.74,1.0,6.123233995736766e-17,-0.9749279121818236,-0.2225209339563146,1,0,33.28
00015_15-03-2025-14.12,157.0,-105.0,55.2,-54.0,82.74,75.0,28.58,135.0,110.93,1.0,6.123233995736766e-17,-0.9749279121818236,-0.2225209339563146,0,1,10.64
00017_15-03-2025-14.42,179.0,-135.0,55.2,-84.0,82.74,45.0,28.58,105.0,110.93,1.0,6.123233995736766e-17,-0.9749279121818236,-0.2225209339563146,1,0,24.67
00002_15-03-2025-16.37,157.0,-70.2,28.58,-10.2,110.93,49.8,26.08,109.8,89.12,1.0,6.123233995736766e-17,-0.9749279121818236,-0.2225209339563146,1,0,44.82
00015_15-03-2025-17.17,157.0,-109.8,28.58,-49.8,110.93,10.2,26.08,70.2,89.12,1.0,6.123233995736766e-17,-0.9749279121818236,-0.2225209339563146,0,1,31.92
00009_15-03-2025-19.29,172.0,-121.8,26.08,-61.8,89.12,5.4,26.15,58.2,20.48,1.0,6.123233995736766e-17,-0.9749279121818236,-0.2225209339563146,1,0,33.45
00009_15-03-2025-20.22,172.0,-115.2,89.12,-48.0,26.15,4.8,20.48,604.8,59.58,1.0,6.123233995736766e-17,-0.9749279121818236,-0.2225209339563146,1,0,32.28
00005_15-03-2025-21.02,172.0,-87.6,26.15,-34.8,20.48,565.2,59.58,625.2,66.18,1.0,6.123233995736766e-17,-0.9749279121818236,-0.2225209339563146,0,1,13.31
00005_16-03-2025-07.02,172.0,-634.8,20.48,-34.8,59.58,25.2,66.18,85.2,65.25,1.0,6.123233995736766e-17,-0.7818314824680299,0.6234898018587334,0,1,58.45
00009_16-03-2025-08.07,172.0,-100.2,59.58,-40.2,66.18,19.8,65.25,79.8,76.04,1.0,6.123233995736766e-17,-0.7818314824680299,0.6234898018587334,1,0,62.45
00009_16-03-2025-09.22,172.0,-115.2,66.18,-55.2,65.25,4.8,76.04,64.8,45.45,1.0,6.123233995736766e-17,-0.7818314824680299,0.6234898018587334,1,0,50.41
00009_16-03-2025-09.57,172.0,-90.0,65.25,-30.0,76.04,30.0,45.45,90.0,145.03,1.0,6.123233995736766e-17,-0.7818314824680299,0.6234898018587334,1,0,58.9
00011_16-03-2025-10.02,182.0,-94.8,65.25,-34.8,76.04,25.2,45.45,85.2,145.03,1.0,6.123233995736766e-17,-0.7818314824680299,0.6234898018587334,0,1,59.73
00009_16-03-2025-11.22,172.0,-115.2,76.04,-55.2,45.45,4.8,145.03,64.8,68.42,1.0,6.123233995736766e-17,-0.7818314824680299,0.6234898018587334,1,0,69.43
00009_16-03-2025-12.22,172.0,-115.2,45.45,-55.2,145.03,4.8,68.42,55.8,55.14,1.0,6.123233995736766e-17,-0.7818314824680299,0.6234898018587334,1,0,45.56
00009_16-03-2025-14.02,172.0,-94.8,68.42,-43.8,55.14,25.2,96.92,85.2,69.56,1.0,6.123233995736766e-17,-0.7818314824680299,0.6234898018587334,1,0,78.55
00015_16-03-2025-14.12,157.0,-105.0,68.42,-54.0,55.14,15.0,96.92,75.0,69.56,1.0,6.123233995736766e-17,-0.7818314824680299,0.6234898018587334,0,1,62.67
00017_16-03-2025-14.42,179.0,-84.0,55.14,-15.0,96.92,45.0,69.56,105.0,65.8,1.0,6.123233995736766e-17,-0.7818314824680299,0.6234898018587334,1,0,85.02
00002_16-03-2025-16.37,157.0,-70.2,69.56,-10.2,65.8,19.8,76.36,49.8,65.95,1.0,6.123233995736766e-17,-0.7818314824680299,0.6234898018587334,1,0,93.52
00015_16-03-2025-17.17,157.0,-49.8,65.8,-19.8,76.36,10.2,65.95,40.2,78.9,1.0,6.123233995736766e-17,-0.7818314824680299,0.6234898018587334,0,1,65.39
00009_16-03-2025-17.22,172.0,-55.2,65.8,-25.2,76.36,4.8,65.95,34.8,78.9,1.0,6.123233995736766e-17,-0.7818314824680299,0.6234898018587334,1,0,84.94
00002_16-03-2025-18.32,157.0,-34.8,78.9,-4.8,98.79,25.2,114.34,62.4,85.66,1.0,6.123233995736766e-17,-0.7818314824680299,0.6234898018587334,1,0,105.1
00009_16-03-2025-19.29,172.0,-61.8,98.79,-31.8,114.34,5.4,85.66,36.0,72.13,1.0,6.123233995736766e-17,-0.7818314824680299,0.6234898018587334,1,0,81.31
00009_16-03-2025-20.22,172.0,-48.0,85.66,-17.4,72.13,4.8,81.86,45.0,113.75,1.0,6.123233995736766e-17,-0.7818314824680299,0.6234898018587334,1,0,75.44
00005_16-03-2025-21.02,172.0,-57.0,72.13,-34.8,81.86,5.4,113.75,550.2,25.6,1.0,6.123233995736766e-17,-0.7818314824680299,0.6234898018587334,0,1,46.71
00002_17-03-2025-06.22,157.0,-555.0,113.75,-10.2,25.6,4.8,45.76,34.8,59.81,1.0,6.123233995736766e-17,0.0,1.0,1,0,41.06
00005_17-03-2025-07.02,172.0,-34.8,45.76,-4.8,59.81,25.2,48.01,55.2,58.38,1.0,6.123233995736766e-17,0.0,1.0,0,1,41.16
00002_17-03-2025-07.22,157.0,-55.2,45.76,-25.2,59.81,4.8,48.01,34.8,58.38,1.0,6.123233995736766e-17,0.0,1.0,1,0,27.74
00002_17-03-2025-08.32,157.0,-34.8,58.38,-4.8,73.13,25.2,54.8,55.2,80.4,1.0,6.123233995736766e-17,0.0,1.0,1,0,41.92
00009_17-03-2025-09.22,172.0,-55.2,73.13,-25.2,54.8,4.8,80.4,64.8,30.89,1.0,6.123233995736766e-17,0.0,1.0,1,0,58.38
00009_17-03-2025-09.57,172.0,-60.0,54.8,-30.0,80.4,30.0,30.89,90.0,40.28,1.0,6.123233995736766e-17,0.0,1.0,1,0,35.02
00011_17-03-2025-10.02,182.0,-64.8,54.8,-34.8,80.4,25.2,30.89,85.2,40.28,1.0,6.123233995736766e-17,0.0,1.0,0,1,41.41
00009_17-03-2025-11.22,172.0,-115.2,80.4,-55.2,30.89,4.8,40.28,64.8,53.46,1.0,6.123233995736766e-17,0.0,1.0,1,0,45.76
00009_17-03-2025-12.22,172.0,-115.2,30.89,-55.2,40.28,4.8,53.46,34.8,33.7,1.0,6.123233995736766e-17,0.0,1.0,1,0,39.01
00009_17-03-2025-14.02,172.0,-64.8,33.7,-43.8,68.94,25.2,33.17,55.2,35.76,1.0,6.123233995736766e-17,0.0,1.0,1,0,34.86
00015_17-03-2025-14.12,157.0,-75.0,33.7,-54.0,68.94,15.0,33.17,45.0,35.76,1.0,6.123233995736766e-17,0.0,1.0,0,1,28.93
00017_17-03-2025-14.42,179.0,-84.0,68.94,-15.0,33.17,15.0,35.76,45.0,37.53,1.0,6.123233995736766e-17,0.0,1.0,1,0,52.43
00002_17-03-2025-16.37,157.0,-40.2,41.37,-10.2,66.08,19.8,43.47,49.8,70.28,1.0,6.123233995736766e-17,0.0,1.0,1,0,37.85
00015_17-03-2025-17.17,157.0,-49.8,66.08,-19.8,43.47,10.2,70.28,40.2,42.81,1.0,6.123233995736766e-17,0.0,1.0,0,1,10.0
00009_17-03-2025-17.22,172.0,-55.2,66.08,-25.2,43.47,4.8,70.28,34.8,42.81,1.0,6.123233995736766e-17,0.0,1.0,1,0,38.54
00002_17-03-2025-18.32,157.0,-34.8,42.81,-4.8,51.21,25.2,39.61,62.4,22.04,1.0,6.123233995736766e-17,0.0,1.0,1,0,42.43
00009_17-03-2025-19.29,172.0,-61.8,51.21,-31.8,39.61,5.4,22.04,36.0,16.19,1.0,6.123233995736766e-17,0.0,1.0,1,0,33.15
00009_17-03-2025-20.22,172.0,-48.0,22.04,-17.4,16.19,4.8,22.11,45.0,35.44,1.0,6.123233995736766e-17,0.0,1.0,1,0,21.58
00005_17-03-2025-21.02,172.0,-57.0,16.19,-34.8,22.11,5.4,35.44,550.2,35.17,1.0,6.123233995736766e-17,0.0,1.0,0,1,14.17
00002_18-03-2025-06.22,157.0,-555.0,35.44,-10.2,35.17,4.8,47.67,34.8,114.84,1.0,6.123233995736766e-17,0.7818314824680298,0.6234898018587336,1,0,45.65
00005_18-03-2025-07.02,172.0,-34.8,47.67,-4.8,114.84,25.2,37.49,55.2,41.11,1.0,6.123233995736766e-17,0.7818314824680298,0.6234898018587336,0,1,37.21
00002_18-03-2025-07.22,157.0,-55.2,47.67,-25.2,114.84,4.8,37.49,34.8,41.11,1.0,6.123233995736766e-17,0.7818314824680298,0.6234898018587336,1,0,39.53
00002_18-03-2025-08.32,157.0,-34.8,41.11,-4.8,56.0,25.2,37.7,55.2,74.71,1.0,6.123233995736766e-17,0.7818314824680298,0.6234898018587336,1,0,17.93
00009_18-03-2025-09.22,172.0,-55.2,56.0,-25.2,37.7,4.8,74.71,64.8,34.29,1.0,6.123233995736766e-17,0.7818314824680298,0.6234898018587336,1,0,40.0
00009_18-03-2025-09.57,172.0,-60.0,37.7,-30.0,74.71,30.0,34.29,90.0,32.03,1.0,6.123233995736766e-17,0.7818314824680298,0.6234898018587336,1,0,49.25
00011_18-03-2025-10.02,182.0,-64.8,37.7,-34.8,74.71,25.2,34.29,85.2,32.03,1.0,6.123233995736766e-17,0.7818314824680298,0.6234898018587336,0,1,30.34
00009_18-03-2025-11.22,172.0,-115.2,74.71,-55.2,34.29,4.8,32.03,64.8,46.38,1.0,6.123233995736766e-17,0.7818314824680298,0.6234898018587336,1,0,40.46
00009_18-03-2025-12.22,172.0,-115.2,34.29,-55.2,32.03,4.8,46.38,34.8,59.74,1.0,6.123233995736766e-17,0.7818314824680298,0.6234898018587336,1,0,35.27
00009_18-03-2025-14.02,172.0,-64.8,59.74,-43.8,48.24,25.2,56.33,55.2,28.11,1.0,6.123233995736766e-17,0.7818314824680298,0.6234898018587336,1,0,55.22
00015_18-03-2025-14.12,157.0,-75.0,59.74,-54.0,48.24,15.0,56.33,45.0,28.11,1.0,6.123233995736766e-17,0.7818314824680298,0.6234898018587336,0,1,39.48
00017_18-03-2025-14.42,179.0,-84.0,48.24,-15.0,56.33,15.0,28.11,45.0,30.26,1.0,6.123233995736766e-17,0.7818314824680298,0.6234898018587336,1,0,36.01
00002_18-03-2025-16.37,157.0,-40.2,26.77,-10.2,32.19,19.8,61.34,49.8,60.71,1.0,6.123233995736766e-17,0.7818314824680298,0.6234898018587336,1,0,22.65
00015_18-03-2025-17.17,157.0,-49.8,32.19,-19.8,61.34,10.2,60.71,40.2,63.31,1.0,6.123233995736766e-17,0.7818314824680298,0.6234898018587336,0,1,43.48
00009_18-03-2025-17.22,172.0,-55.2,32.19,-25.2,61.34,4.8,60.71,34.8,63.31,1.0,6.123233995736766e-17,0.7818314824680298,0.6234898018587336,1,0,38.28
00002_18-03-2025-18.32,157.0,-34.8,63.31,-4.8,71.16,25.2,45.13,62.4,31.9,1.0,6.123233995736766e-17,0.7818314824680298,0.6234898018587336,1,0,34.95
00009_18-03-2025-19.29,172.0,-61.8,71.16,-31.8,45.13,5.4,31.9,36.0,44.43,1.0,6.123233995736766e-17,0.7818314824680298,0.6234898018587336,1,0,44.47
00009_18-03-2025-20.22,172.0,-48.0,31.9,-17.4,44.43,4.8,36.19,45.0,43.04,1.0,6.123233995736766e-17,0.7818314824680298,0.6234898018587336,1,0,28.34
00005_18-03-2025-21.02,172.0,-57.0,44.43,-34.8,36.19,5.4,43.04,550.2,37.73,1.0,6.123233995736766e-17,0.7818314824680298,0.6234898018587336,0,1,36.54
00002_19-03-2025-06.22,157.0,-555.0,43.04,-10.2,37.73,4.8,30.18,34.8,110.38,1.0,6.123233995736766e-17,0.9749279121818236,-0.22252093395631434,1,0,41.92
00005_19-03-2025-07.02,172.0,-34.8,30.18,-4.8,110.38,25.2,43.37,55.2,52.72,1.0,6.123233995736766e-17,0.9749279121818236,-0.22252093395631434,0,1,51.82
00002_19-03-2025-07.22,157.0,-55.2,30.18,-25.2,110.38,4.8,43.37,34.8,52.72,1.0,6.123233995736766e-17,0.9749279121818236,-0.22252093395631434,1,0,45.79
00002_19-03-2025-08.32,157.0,-34.8,52.72,-4.8,92.38,25.2,52.89,55.2,61.76,1.0,6.123233995736766e-17,0.9749279121818236,-0.22252093395631434,1,0,71.16
00009_19-03-2025-09.22,172.0,-55.2,92.38,-25.2,52.89,4.8,61.76,64.8,48.06,1.0,6.123233995736766e-17,0.9749279121818236,-0.22252093395631434,1,0,47.85
00009_19-03-2025-09.57,172.0,-60.0,52.89,-30.0,61.76,30.0,48.06,90.0,54.98,1.0,6.123233995736766e-17,0.9749279121818236,-0.22252093395631434,1,0,20.41
00011_19-03-2025-10.02,182.0,-64.8,52.89,-34.8,61.76,25.2,48.06,85.2,54.98,1.0,6.123233995736766e-17,0.9749279121818236,-0.22252093395631434,0,1,43.32
00009_19-03-2025-11.22,172.0,-115.2,61.76,-55.2,48.06,4.8,54.98,64.8,40.89,1.0,6.123233995736766e-17,0.9749279121818236,-0.22252093395631434,1,0,34.9
00009_19-03-2025-12.22,172.0,-115.2,48.06,-55.2,54.98,4.8,40.89,34.8,46.41,1.0,6.123233995736766e-17,0.9749279121818236,-0.22252093395631434,1,0,10.8
00009_19-03-2025-14.02,172.0,-64.8,46.41,-43.8,48.24,25.2,34.67,55.2,64.08,1.0,6.123233995736766e-17,0.9749279121818236,-0.22252093395631434,1,0,31.86
00015_19-03-2025-14.12,157.0,-75.0,46.41,-54.0,48.24,15.0,34.67,45.0,64.08,1.0,6.123233995736766e-17,0.9749279121818236,-0.22252093395631434,0,1,36.72
00017_19-03-2025-14.42,179.0,-84.0,48.24,-15.0,34.67,15.0,64.08,45.0,35.95,1.0,6.123233995736766e-17,0.9749279121818236,-0.22252093395631434,1,0,68.38
00002_19-03-2025-16.37,157.0,-40.2,46.28,-10.2,69.09,19.8,126.89,49.8,21.42,1.0,6.123233995736766e-17,0.9749279121818236,-0.22252093395631434,1,0,41.06
00015_19-03-2025-17.17,157.0,-49.8,69.09,-19.8,126.89,10.2,21.42,40.2,38.33,1.0,6.123233995736766e-17,0.9749279121818236,-0.22252093395631434,0,1,46.2
00009_19-03-2025-17.22,172.0,-55.2,69.09,-25.2,126.89,4.8,21.42,34.8,38.33,1.0,6.123233995736766e-17,0.9749279121818236,-0.22252093395631434,1,0,48.75
00002_19-03-2025-18.32,157.0,-34.8,38.33,-4.8,67.73,25.2,124.24,62.4,32.79,1.0,6.123233995736766e-17,0.9749279121818236,-0.22252093395631434,1,0,41.85
00009_19-03-2025-19.29,172.0,-61.8,67.73,-31.8,124.24,5.4,32.79,36.0,42.72,1.0,6.123233995736766e-17,0.9749279121818236,-0.22252093395631434,1,0,31.95
00009_19-03-2025-20.22,172.0,-48.0,32.79,-17.4,42.72,4.8,42.96,45.0,50.19,1.0,6.123233995736766e-17,0.9749279121818236,-0.22252093395631434,1,0,32.62
00005_19-03-2025-21.02,172.0,-57.0,42.72,-34.8,42.96,5.4,50.19,550.2,25.78,1.0,6.123233995736766e-17,0.9749279121818236,-0.22252093395631434,0,1,30.07
00002_20-03-2025-06.22,157.0,-555.0,50.19,-10.2,25.78,4.8,52.82,34.8,77.83,1.0,6.123233995736766e-17,0.43388373911755823,-0.900968867902419,1,0,14.57
00005_20-03-2025-07.02,172.0,-34.8,52.82,-4.8,77.83,25.2,33.06,55.2,51.07,1.0,6.123233995736766e-17,0.43388373911755823,-0.900968867902419,0,1,53.8
00002_20-03-2025-07.22,157.0,-55.2,52.82,-25.2,77.83,4.8,33.06,34.8,51.07,1.0,6.123233995736766e-17,0.43388373911755823,-0.900968867902419,1,0,54.0
00002_20-03-2025-08.32,157.0,-34.8,51.07,-4.8,43.16,25.2,68.39,55.2,61.67,1.0,6.123233995736766e-17,0.43388373911755823,-0.900968867902419,1,0,44.58
00009_20-03-2025-09.22,172.0,-55.2,43.16,-25.2,68.39,4.8,61.67,64.8,56.37,1.0,6.123233995736766e-17,0.43388373911755823,-0.900968867902419,1,0,64.82
00009_20-03-2025-09.57,172.0,-60.0,68.39,-30.0,61.67,30.0,56.37,90.0,69.37,1.0,6.123233995736766e-17,0.43388373911755823,-0.900968867902419,1,0,35.9
00011_20-03-2025-10.02,182.0,-64.8,68.39,-34.8,61.67,25.2,56.37,85.2,69.37,1.0,6.123233995736766e-17,0.43388373911755823,-0.900968867902419,0,1,64.04
00009_20-03-2025-11.22,172.0,-115.2,61.67,-55.2,56.37,4.8,69.37,64.8,52.57,1.0,6.123233995736766e-17,0.43388373911755823,-0.900968867902419,1,0,65.27
00009_20-03-2025-12.22,172.0,-115.2,56.37,-55.2,69.37,4.8,52.57,34.8,59.36,1.0,6.123233995736766e-17,0.43388373911755823,-0.900968867902419,1,0,40.33
00002_20-03-2025-16.37,157.0,-40.2,76.45,-10.2,73.22,19.8,145.22,49.8,95.0,1.0,6.123233995736766e-17,0.43388373911755823,-0.900968867902419,1,0,45.95
00015_20-03-2025-17.17,157.0,-49.8,73.22,-19.8,145.22,10.2,95.0,40.2,73.32,1.0,6.123233995736766e-17,0.43388373911755823,-0.900968867902419,0,1,71.02
00009_20-03-2025-17.22,172.0,-55.2,73.22,-25.2,145.22,4.8,95.0,34.8,73.32,1.0,6.123233995736766e-17,0.43388373911755823,-0.900968867902419,1,0,77.43
00002_20-03-2025-18.32,157.0,-34.8,73.32,-4.8,50.48,25.2,65.21,62.4,26.78,1.0,6.123233995736766e-17,0.43388373911755823,-0.900968867902419,1,0,48.9
00009_20-03-2025-19.29,172.0,-61.8,50.48,-31.8,65.21,5.4,26.78,36.0,51.28,1.0,6.123233995736766e-17,0.43388373911755823,-0.900968867902419,1,0,43.49
00009_20-03-2025-20.22,172.0,-48.0,26.78,-17.4,51.28,4.8,46.7,45.0,70.72,1.0,6.123233995736766e-17,0.43388373911755823,-0.900968867902419,1,0,48.93
00005_20-03-2025-21.02,172.0,-57.0,51.28,-34.8,46.7,5.4,70.72,565.2,11.58,1.0,6.123233995736766e-17,0.43388373911755823,-0.900968867902419,0,1,38.99
00002_21-03-2025-06.22,157.0,-595.2,46.7,-555.0,70.72,4.8,11.58,34.8,30.92,1.0,6.123233995736766e-17,-0.433883739117558,-0.9009688679024191,1,0,35.14
00005_21-03-2025-07.02,172.0,-34.8,11.58,-4.8,30.92,25.2,72.23,55.2,59.17,1.0,6.123233995736766e-17,-0.433883739117558,-0.9009688679024191,0,1,47.29
00002_21-03-2025-07.22,157.0,-55.2,11.58,-25.2,30.92,4.8,72.23,34.8,59.17,1.0,6.123233995736766e-17,-0.433883739117558,-0.9009688679024191,1,0,49.46
00002_21-03-2025-08.32,157.0,-64.8,72.23,-34.8,59.17,25.2,113.17,55.2,74.42,1.0,6.123233995736766e-17,-0.433883739117558,-0.9009688679024191,1,0,41.3
00009_21-03-2025-09.22,172.0,-85.2,59.17,-25.2,113.17,4.8,74.42,64.8,51.9,1.0,6.123233995736766e-17,-0.433883739117558,-0.9009688679024191,1,0,48.02
00009_21-03-2025-09.57,172.0,-60.0,113.17,-30.0,74.42,30.0,51.9,90.0,107.79,1.0,6.123233995736766e-17,-0.433883739117558,-0.9009688679024191,1,0,59.19
00011_21-03-2025-10.02,182.0,-64.8,113.17,-34.8,74.42,25.2,51.9,85.2,107.79,1.0,6.123233995736766e-17,-0.433883739117558,-0.9009688679024191,0,1,33.62
00009_21-03-2025-11.22,172.0,-115.2,74.42,-55.2,51.9,4.8,107.79,64.8,45.42,1.0,6.123233995736766e-17,-0.433883739117558,-0.9009688679024191,1,0,49.37
00009_21-03-2025-12.22,172.0,-115.2,51.9,-55.2,107.79,4.8,45.42,34.8,102.8,1.0,6.123233995736766e-17,-0.433883739117558,-0.9009688679024191,1,0,45.37
00009_21-03-2025-14.02,172.0,-43.8,55.14,-4.8,69.87,25.2,94.55,55.2,91.35,1.0,6.123233995736766e-17,-0.433883739117558,-0.9009688679024191,1,0,61.98
00015_21-03-2025-14.12,157.0,-54.0,55.14,-15.0,69.87,15.0,94.55,45.0,91.35,1.0,6.123233995736766e-17,-0.433883739117558,-0.9009688679024191,0,1,34.47
00017_21-03-2025-14.42,179.0,-45.0,69.87,-15.0,94.55,15.0,91.35,45.0,50.33,1.0,6.123233995736766e-17,-0.433883739117558,-0.9009688679024191,1,0,85.52
00002_21-03-2025-16.37,157.0,-40.2,84.59,-10.2,82.29,19.8,86.28,49.8,70.31,1.0,6.123233995736766e-17,-0.433883739117558,-0.9009688679024191,1,0,74.44
00015_21-03-2025-17.17,157.0,-49.8,82.29,-19.8,86.28,10.2,70.31,40.2,55.41,1.0,6.123233995736766e-17,-0.433883739117558,-0.9009688679024191,0,1,43.32
00009_21-03-2025-17.22,172.0,-55.2,82.29,-25.2,86.28,4.8,70.31,34.8,55.41,1.0,6.123233995736766e-17,-0.433883739117558,-0.9009688679024191,1,0,76.04
00002_21-03-2025-18.32,157.0,-34.8,55.41,-4.8,93.85,25.2,52.4,62.4,29.1,1.0,6.123233995736766e-17,-0.433883739117558,-0.9009688679024191,1,0,32.94
00009_21-03-2025-19.29,172.0,-61.8,93.85,-31.8,52.4,5.4,29.1,36.0,64.12,1.0,6.123233995736766e-17,-0.433883739117558,-0.9009688679024191,1,0,54.04
00009_21-03-2025-20.22,172.0,-48.0,29.1,-17.4,64.12,4.8,37.87,45.0,84.71,1.0,6.123233995736766e-17,-0.433883739117558,-0.9009688679024191,1,0,42.07
00005_21-03-2025-21.02,172.0,-57.0,64.12,-34.8,37.87,5.4,84.71,565.2,24.41,1.0,6.123233995736766e-17,-0.433883739117558,-0.9009688679024191,0,1,45.08
00005_22-03-2025-07.02,172.0,-594.6,84.71,-34.8,24.41,25.2,73.51,85.2,53.76,1.0,6.123233995736766e-17,-0.9749279121818236,-0.2225209339563146,0,1,39.26
00009_22-03-2025-08.07,172.0,-100.2,24.41,-40.2,73.51,19.8,53.76,49.8,42.38,1.0,6.123233995736766e-17,-0.9749279121818236,-0.2225209339563146,1,0,32.43
00009_22-03-2025-09.22,172.0,-55.2,53.76,-25.2,42.38,4.8,69.28,64.8,41.52,1.0,6.123233995736766e-17,-0.9749279121818236,-0.2225209339563146,1,0,52.26
00009_22-03-2025-09.57,172.0,-60.0,42.38,-30.0,69.28,30.0,41.52,90.0,42.41,1.0,6.123233995736766e-17,-0.9749279121818236,-0.2225209339563146,1,0,48.85
00011_22-03-2025-10.02,182.0,-64.8,42.38,-34.8,69.28,25.2,41.52,85.2,42.41,1.0,6.123233995736766e-17,-0.9749279121818236,-0.2225209339563146,0,1,40.13
00009_22-03-2025-11.22,172.0,-115.2,69.28,-55.2,41.52,4.8,42.41,64.8,60.41,1.0,6.123233995736766e-17,-0.9749279121818236,-0.2225209339563146,1,0,25.04
00009_22-03-2025-12.22,172.0,-115.2,41.52,-55.2,42.41,4.8,60.41,55.8,82.74,1.0,6.123233995736766e-17,-0.9749279121818236,-0.2225209339563146,1,0,26.92
00015_22-03-2025-14.12,157.0,-105.0,60.41,-54.0,82.74,75.0,27.76,135.0,81.32,1.0,6.123233995736766e-17,-0.9749279121818236,-0.2225209339563146,0,1,31.15
00017_22-03-2025-14.42,179.0,-135.0,60.41,-84.0,82.74,45.0,27.76,105.0,81.32,1.0,6.123233995736766e-17,-0.9749279121818236,-0.2225209339563146,1,0,30.62
00002_22-03-2025-16.37,157.0,-70.2,27.76,-10.2,81.32,49.8,24.91,109.8,120.2,1.0,6.123233995736766e-17,-0.9749279121818236,-0.2225209339563146,1,0,52.76
00015_22-03-2025-17.17,157.0,-109.8,27.76,-49.8,81.32,10.2,24.91,70.2,120.2,1.0,6.123233995736766e-17,-0.9749279121818236,-0.2225209339563146,0,1,10.0
00009_22-03-2025-19.29,172.0,-121.8,24.91,-61.8,120.2,5.4,32.92,58.2,21.07,1.0,6.123233995736766e-17,-0.9749279121818236,-0.2225209339563146,1,0,33.89
00009_22-03-2025-20.22,172.0,-115.2,120.2,-48.0,32.92,4.8,21.07,604.8,46.39,1.0,6.123233995736766e-17,-0.9749279121818236,-0.2225209339563146,1,0,26.56
00005_22-03-2025-21.02,172.0,-87.6,32.92,-34.8,21.07,565.2,46.39,625.2,43.31,1.0,6.123233995736766e-17,-0.9749279121818236,-0.2225209339563146,0,1,16.76
00005_23-03-2025-07.02,172.0,-634.8,21.07,-34.8,46.39,25.2,43.31,85.2,84.91,1.0,6.123233995736766e-17,-0.7818314824680299,0.6234898018587334,0,1,49.41
00009_23-03-2025-08.07,172.0,-100.2,46.39,-40.2,43.31,19.8,84.91,79.8,45.06,1.0,6.123233995736766e-17,-0.7818314824680299,0.6234898018587334,1,0,52.47
00009_23-03-2025-09.22,172.0,-115.2,43.31,-55.2,84.91,4.8,45.06,64.8,47.11,1.0,6.123233995736766e-17,-0.7818314824680299,0.6234898018587334,1,0,33.8
00009_23-03-2025-09.57,172.0,-90.0,84.91,-30.0,45.06,30.0,47.11,90.0,124.21,1.0,6.123233995736766e-17,-0.7818314824680299,0.6234898018587334,1,0,81.54
00011_23-03-2025-10.02,182.0,-94.8,84.91,-34.8,45.06,25.2,47.11,85.2,124.21,1.0,6.123233995736766e-17,-0.7818314824680299,0.6234898018587334,0,1,47.55
00009_23-03-2025-11.22,172.0,-115.2,45.06,-55.2,47.11,4.8,124.21,64.8,58.56,1.0,6.123233995736766e-17,-0.7818314824680299,0.6234898018587334,1,0,70.97
00009_23-03-2025-12.22,172.0,-115.2,47.11,-55.2,124.21,4.8,58.56,55.8,55.14,1.0,6.123233995736766e-17,-0.7818314824680299,0.6234898018587334,1,0,44.89
00009_23-03-2025-14.02,172.0,-94.8,58.56,-43.8,55.14,25.2,80.69,85.2,66.33,1.0,6.123233995736766e-17,-0.7818314824680299,0.6234898018587334,1,0,74.09
00015_23-03-2025-14.12,157.0,-105.0,58.56,-54.0,55.14,15.0,80.69,75.0,66.33,1.0,6.123233995736766e-17,-0.7818314824680299,0.6234898018587334,0,1,72.55
00017_23-03-2025-14.42,179.0,-84.0,55.14,-15.0,80.69,45.0,66.33,105.0,84.01,1.0,6.123233995736766e-17,-0.7818314824680299,0.6234898018587334,1,0,91.64
00002_23-03-2025-16.37,157.0,-70.2,66.33,-10.2,84.01,19.8,87.55,49.8,64.6,1.0,6.123233995736766e-17,-0.7818314824680299,0.6234898018587334,1,0,75.53
00015_23-03-2025-17.17,157.0,-49.8,84.01,-19.8,87.55,10.2,64.6,40.2,83.86,1.0,6.123233995736766e-17,-0.7818314824680299,0.6234898018587334,0,1,61.88
00009_23-03-2025-17.22,172.0,-55.2,84.01,-25.2,87.55,4.8,64.6,34.8,83.86,1.0,6.123233995736766e-17,-0.7818314824680299,0.6234898018587334,1,0,86.7
00002_23-03-2025-18.32,157.0,-34.8,83.86,-4.8,82.54,25.2,125.39,62.4,87.4,1.0,6.123233995736766e-17,-0.7818314824680299,0.6234898018587334,1,0,92.16
00009_23-03-2025-19.29,172.0,-61.8,82.54,-31.8,125.39,5.4,87.4,36.0,90.86,1.0,6.123233995736766e-17,-0.7818314824680299,0.6234898018587334,1,0,71.25
00009_23-03-2025-20.22,172.0,-48.0,87.4,-17.4,90.86,4.8,87.63,45.0,134.19,1.0,6.123233995736766e-17,-0.7818314824680299,0.6234898018587334,1,0,97.99
00005_23-03-2025-21.02,172.0,-57.0,90.86,-34.8,87.63,5.4,134.19,550.2,28.44,1.0,6.123233995736766e-17,-0.7818314824680299,0.6234898018587334,0,1,80.89
00002_24-03-2025-06.22,157.0,-555.0,134.19,-10.2,28.44,4.8,39.36,34.8,62.68,1.0,6.123233995736766e-17,0.0,1.0,1,0,13.18
00005_24-03-2025-07.02,172.0,-34.8,39.36,-4.8,62.68,25.2,56.51,55.2,66.01,1.0,6.123233995736766e-17,0.0,1.0,0,1,24.45
00002_24-03-2025-07.22,157.0,-55.2,39.36,-25.2,62.68,4.8,56.51,34.8,66.01,1.0,6.123233995736766e-17,0.0,1.0,1,0,24.74
00002_24-03-2025-08.32,157.0,-34.8,66.01,-4.8,57.71,25.2,52.17,55.2,75.62,1.0,6.123233995736766e-17,0.0,1.0,1,0,31.22
00009_24-03-2025-09.22,172.0,-55.2,57.71,-25.2,52.17,4.8,75.62,64.8,38.42,1.0,6.123233995736766e-17,0.0,1.0,1,0,64.55
00009_24-03-2025-09.57,172.0,-60.0,52.17,-30.0,75.62,30.0,38.42,90.0,38.74,1.0,6.123233995736766e-17,0.0,1.0,1,0,24.65
00011_24-03-2025-10.02,182.0,-64.8,52.17,-34.8,75.62,25.2,38.42,85.2,38.74,1.0,6.123233995736766e-17,0.0,1.0,0,1,19.86
00009_24-03-2025-11.22,172.0,-115.2,75.62,-55.2,38.42,4.8,38.74,64.8,43.86,1.0,6.123233995736766e-17,0.0,1.0,1,0,40.81
00009_24-03-2025-12.22,172.0,-115.2,38.42,-55.2,38.74,4.8,43.86,34.8,35.75,1.0,6.123233995736766e-17,0.0,1.0,1,0,10.0
00009_24-03-2025-14.02,172.0,-64.8,35.75,-43.8,68.94,25.2,43.18,55.2,38.15,1.0,6.123233995736766e-17,0.0,1.0,1,0,42.16
00015_24-03-2025-14.12,157.0,-75.0,35.75,-54.0,68.94,15.0,43.18,45.0,38.15,1.0,6.123233995736766e-17,0.0,1.0,0,1,41.85
00017_24-03-2025-14.42,179.0,-84.0,68.94,-15.0,43.18,15.0,38.15,45.0,28.53,1.0,6.123233995736766e-17,0.0,1.0,1,0,50.07
00002_24-03-2025-16.37,157.0,-40.2,41.34,-10.2,76.65,19.8,47.98,49.8,63.83,1.0,6.123233995736766e-17,0.0,1.0,1,0,33.04
00015_24-03-2025-17.17,157.0,-49.8,76.65,-19.8,47.98,10.2,63.83,40.2,52.67,1.0,6.123233995736766e-17,0.0,1.0,0,1,37.18
00009_24-03-2025-17.22,172.0,-55.2,76.65,-25.2,47.98,4.8,63.83,34.8,52.67,1.0,6.123233995736766e-17,0.0,1.0,1,0,49.23
00002_24-03-2025-18.32,157.0,-34.8,52.67,-4.8,65.94,25.2,34.56,62.4,19.57,1.0,6.123233995736766e-17,0.0,1.0,1,0,38.95
00009_24-03-2025-19.29,172.0,-61.8,65.94,-31.8,34.56,5.4,19.57,36.0,31.67,1.0,6.123233995736766e-17,0.0,1.0,1,0,58.33
00009_24-03-2025-20.22,172.0,-48.0,19.57,-17.4,31.67,4.8,14.74,45.0,30.31,1.0,6.123233995736766e-17,0.0,1.0,1,0,42.04
00005_24-03-2025-21.02,172.0,-57.0,31.67,-34.8,14.74,5.4,30.31,550.2,33.65,1.0,6.123233995736766e-17,0.0,1.0,0,1,27.81
00002_25-03-2025-06.22,157.0,-555.0,30.31,-10.2,33.65,4.8,51.96,34.8,114.46,1.0,6.123233995736766e-17,0.7818314824680298,0.6234898018587336,1,0,37.09
00005_25-03-2025-07.02,172.0,-34.8,51.96,-4.8,114.46,25.2,33.0,55.2,33.77,1.0,6.123233995736766e-17,0.7818314824680298,0.6234898018587336,0,1,58.0
00002_25-03-2025-07.22,157.0,-55.2,51.96,-25.2,114.46,4.8,33.0,34.8,33.77,1.0,6.123233995736766e-17,0.7818314824680298,0.6234898018587336,1,0,34.65
00002_25-03-2025-08.32,157.0,-34.8,33.77,-4.8,77.32,25.2,47.81,55.2,76.88,1.0,6.123233995736766e-17,0.7818314824680298,0.6234898018587336,1,0,57.14
00009_25-03-2025-09.22,172.0,-55.2,77.32,-25.2,47.81,4.8,76.88,64.8,33.44,1.0,6.123233995736766e-17,0.7818314824680298,0.6234898018587336,1,0,43.13
00009_25-03-2025-09.57,172.0,-60.0,47.81,-30.0,76.88,30.0,33.44,90.0,22.34,1.0,6.123233995736766e-17,0.7818314824680298,0.6234898018587336,1,0,52.84
00011_25-03-2025-10.02,182.0,-64.8,47.81,-34.8,76.88,25.2,33.44,85.2,22.34,1.0,6.123233995736766e-17,0.7818314824680298,0.6234898018587336,0,1,25.49
00009_25-03-2025-11.22,172.0,-115.2,76.88,-55.2,33.44,4.8,22.34,64.8,51.23,1.0,6.123233995736766e-17,0.7818314824680298,0.6234898018587336,1,0,22.99
00009_25-03-2025-12.22,172.0,-115.2,33.44,-55.2,22.34,4.8,51.23,34.8,45.67,1.0,6.123233995736766e-17,0.7818314824680298,0.6234898018587336,1,0,25.9
00009_25-03-2025-14.02,172.0,-64.8,45.67,-43.8,48.24,25.2,82.63,55.2,38.8,1.0,6.123233995736766e-17,0.7818314824680298,0.6234898018587336,1,0,44.92
00015_25-03-2025-14.12,157.0,-75.0,45.67,-54.0,48.24,15.0,82.63,45.0,38.8,1.0,6.123233995736766e-17,0.7818314824680298,0.6234898018587336,0,1,31.08
00017_25-03-2025-14.42,179.0,-84.0,48.24,-15.0,82.63,15.0,38.8,45.0,31.6,1.0,6.123233995736766e-17,0.7818314824680298,0.6234898018587336,1,0,26.22
00002_25-03-2025-16.37,157.0,-40.2,17.82,-10.2,24.01,19.8,59.99,49.8,57.65,1.0,6.123233995736766e-17,0.7818314824680298,0.6234898018587336,1,0,41.91
00015_25-03-2025-17.17,157.0,-49.8,24.01,-19.8,59.99,10.2,57.65,40.2,75.25,1.0,6.123233995736766e-17,0.7818314824680298,0.6234898018587336,0,1,53.57
00009_25-03-2025-17.22,172.0,-55.2,24.01,-25.2,59.99,4.8,57.65,34.8,75.25,1.0,6.123233995736766e-17,0.7818314824680298,0.6234898018587336,1,0,46.29
00002_25-03-2025-18.32,157.0,-34.8,75.25,-4.8,70.47,25.2,32.91,62.4,30.07,1.0,6.123233995736766e-17,0.7818314824680298,0.6234898018587336,1,0,58.8
00009_25-03-2025-19.29,172.0,-61.8,70.47,-31.8,32.91,5.4,30.07,36.0,38.17,1.0,6.123233995736766e-17,0.7818314824680298,0.6234898018587336,1,0,37.23
00009_25-03-2025-20.22,172.0,-48.0,30.07,-17.4,38.17,4.8,32.86,45.0,51.34,1.0,6.123233995736766e-17,0.7818314824680298,0.6234898018587336,1,0,31.11
00005_25-03-2025-21.02,172.0,-57.0,38.17,-34.8,32.86,5.4,51.34,550.2,34.29,1.0,6.123233995736766e-17,0.7818314824680298,0.6234898018587336,0,1,24.25
00002_26-03-2025-06.22,157.0,-555.0,51.34,-10.2,34.29,4.8,52.65,34.8,96.02,1.0,6.123233995736766e-17,0.9749279121818236,-0.22252093395631434,1,0,21.85
00005_26-03-2025-07.02,172.0,-34.8,52.65,-4.8,96.02,25.2,36.37,55.2,58.52,1.0,6.123233995736766e-17,0.9749279121818236,-0.22252093395631434,0,1,47.03
00002_26-03-2025-07.22,157.0,-55.2,52.65,-25.2,96.02,4.8,36.37,34.8,58.52,1.0,6.123233995736766e-17,0.9749279121818236,-0.22252093395631434,1,0,33.81
00002_26-03-2025-08.32,157.0,-34.8,58.52,-4.8,87.53,25.2,68.55,55.2,70.08,1.0,6.123233995736766e-17,0.9749279121818236,-0.22252093395631434,1,0,42.25
00009_26-03-2025-09.22,172.0,-55.2,87.53,-25.2,68.55,4.8,70.08,64.8,49.65,1.0,6.123233995736766e-17,0.9749279121818236,-0.22252093395631434,1,0,32.78
00009_26-03-2025-09.57,172.0,-60.0,68.55,-30.0,70.08,30.0,49.65,90.0,32.47,1.0,6.123233995736766e-17,0.9749279121818236,-0.22252093395631434,1,0,22.99
00011_26-03-2025-10.02,182.0,-64.8,68.55,-34.8,70.08,25.2,49.65,85.2,32.47,1.0,6.123233995736766e-17,0.9749279121818236,-0.22252093395631434,0,1,37.23
00009_26-03-2025-11.22,172.0,-115.2,70.08,-55.2,49.65,4.8,32.47,64.8,52.44,1.0,6.123233995736766e-17,0.9749279121818236,-0.22252093395631434,1,0,34.26
00009_26-03-2025-12.22,172.0,-115.2,49.65,-55.2,32.47,4.8,52.44,34.8,53.58,1.0,6.123233995736766e-17,0.9749279121818236,-0.22252093395631434,1,0,22.94
00009_26-03-2025-14.02,172.0,-64.8,53.58,-43.8,48.24,25.2,55.1,55.2,52.79,1.0,6.123233995736766e-17,0.9749279121818236,-0.22252093395631434,1,0,22.8
00015_26-03-2025-14.12,157.0,-75.0,53.58,-54.0,48.24,15.0,55.1,45.0,52.79,1.0,6.123233995736766e-17,0.9749279121818236,-0.22252093395631434,0,1,37.49
00017_26-03-2025-14.42,179.0,-84.0,48.24,-15.0,55.1,15.0,52.79,45.0,33.0,1.0,6.123233995736766e-17,0.9749279121818236,-0.22252093395631434,1,0,41.88
00002_26-03-2025-16.37,157.0,-40.2,58.53,-10.2,74.15,19.8,119.52,49.8,63.61,1.0,6.123233995736766e-17,0.9749279121818236,-0.22252093395631434,1,0,49.58
00015_26-03-2025-17.17,157.0,-49.8,74.15,-19.8,119.52,10.2,63.61,40.2,64.76,1.0,6.123233995736766e-17,0.9749279121818236,-0.22252093395631434,0,1,45.21
00009_26-03-2025-17.22,172.0,-55.2,74.15,-25.2,119.52,4.8,63.61,34.8,64.76,1.0,6.123233995736766e-17,0.9749279121818236,-0.22252093395631434,1,0,46.11
00002_26-03-2025-18.32,157.0,-34.8,64.76,-4.8,56.67,25.2,114.07,62.4,27.17,1.0,6.123233995736766e-17,0.9749279121818236,-0.22252093395631434,1,0,35.12
00009_26-03-2025-19.29,172.0,-61.8,56.67,-31.8,114.07,5.4,27.17,36.0,61.01,1.0,6.123233995736766e-17,0.9749279121818236,-0.22252093395631434,1,0,20.31
00009_26-03-2025-20.22,172.0,-48.0,27.17,-17.4,61.01,4.8,56.71,45.0,59.7,1.0,6.123233995736766e-17,0.9749279121818236,-0.22252093395631434,1,0,35.39
00005_26-03-2025-21.02,172.0,-57.0,61.01,-34.8,56.71,5.4,59.7,550.2,37.83,1.0,6.123233995736766e-17,0.9749279121818236,-0.22252093395631434,0,1,53.79
00002_27-03-2025-06.22,157.0,-555.0,59.7,-10.2,37.83,4.8,33.07,34.8,77.77,1.0,6.123233995736766e-17,0.43388373911755823,-0.900968867902419,1,0,29.68
00005_27-03-2025-07.02,172.0,-34.8,33.07,-4.8,77.77,25.2,21.87,55.2,49.35,1.0,6.123233995736766e-17,0.43388373911755823,-0.900968867902419,0,1,59.19
00002_27-03-2025-07.22,157.0,-55.2,33.07,-25.2,77.77,4.8,21.87,34.8,49.35,1.0,6.123233995736766e-17,0.43388373911755823,-0.900968867902419,1,0,52.55
00002_27-03-2025-08.32,157.0,-34.8,49.35,-4.8,59.39,25.2,75.64,55.2,51.37,1.0,6.123233995736766e-17,0.43388373911755823,-0.900968867902419,1,0,43.73
00009_27-03-2025-09.22,172.0,-55.2,59.39,-25.2,75.64,4.8,51.37,64.8,54.04,1.0,6.123233995736766e-17,0.43388373911755823,-0.900968867902419,1,0,46.35
00009_27-03-2025-09.57,172.0,-60.0,75.64,-30.0,51.37,30.0,54.04,90.0,62.45,1.0,6.123233995736766e-17,0.43388373911755823,-0.900968867902419,1,0,57.93
00011_27-03-2025-10.02,182.0,-64.8,75.64,-34.8,51.37,25.2,54.04,85.2,62.45,1.0,6.123233995736766e-17,0.43388373911755823,-0.900968867902419,0,1,34.39
00009_27-03-2025-11.22,172.0,-115.2,51.37,-55.2,54.04,4.8,62.45,64.8,35.41,1.0,6.123233995736766e-17,0.43388373911755823,-0.900968867902419,1,0,57.51
00009_27-03-2025-12.22,172.0,-115.2,54.04,-55.2,62.45,4.8,35.41,34.8,67.97,1.0,6.123233995736766e-17,0.43388373911755823,-0.900968867902419,1,0,38.1
00002_27-03-2025-16.37,157.0,-40.2,100.95,-10.2,62.41,19.8,143.48,49.8,130.34,1.0,6.123233995736766e-17,0.43388373911755823,-0.900968867902419,1,0,55.13
00015_27-03-2025-17.17,157.0,-49.8,62.41,-19.8,143.48,10.2,130.34,40.2,52.24,1.0,6.123233995736766e-17,0.43388373911755823,-0.900968867902419,0,1,40.03
00009_27-03-2025-17.22,172.0,-55.2,62.41,-25.2,143.48,4.8,130.34,34.8,52.24,1.0,6.123233995736766e-17,0.43388373911755823,-0.900968867902419,1,0,68.78
00002_27-03-2025-18.32,157.0,-34.8,52.24,-4.8,76.77,25.2,94.75,62.4,39.49,1.0,6.123233995736766e-17,0.43388373911755823,-0.900968867902419,1,0,41.22
00009_27-03-2025-19.29,172.0,-61.8,76.77,-31.8,94.75,5.4,39.49,36.0,61.8,1.0,6.123233995736766e-17,0.43388373911755823,-0.900968867902419,1,0,57.09
00009_27-03-2025-20.22,172.0,-48.0,39.49,-17.4,61.8,4.8,46.33,45.0,61.34,1.0,6.123233995736766e-17,0.43388373911755823,-0.900968867902419,1,0,13.65
00005_27-03-2025-21.02,172.0,-57.0,61.8,-34.8,46.33,5.4,61.34,565.2,15.3,1.0,6.123233995736766e-17,0.43388373911755823,-0.900968867902419,0,1,49.64
00002_28-03-2025-06.22,157.0,-595.2,46.33,-555.0,61.34,4.8,15.3,34.8,53.94,1.0,6.123233995736766e-17,-0.433883739117558,-0.9009688679024191,1,0,26.24
00005_28-03-2025-07.02,172.0,-34.8,15.3,-4.8,53.94,25.2,57.28,55.2,58.22,1.0,6.123233995736766e-17,-0.433883739117558,-0.9009688679024191,0,1,22.64
00002_28-03-2025-07.22,157.0,-55.2,15.3,-25.2,53.94,4.8,57.28,34.8,58.22,1.0,6.123233995736766e-17,-0.433883739117558,-0.9009688679024191,1,0,33.02
00002_28-03-2025-08.32,157.0,-64.8,57.28,-34.8,58.22,25.2,113.44,55.2,63.85,1.0,6.123233995736766e-17,-0.433883739117558,-0.9009688679024191,1,0,24.99
00009_28-03-2025-09.22,172.0,-85.2,58.22,-25.2,113.44,4.8,63.85,64.8,47.7,1.0,6.123233995736766e-17,-0.433883739117558,-0.9009688679024191,1,0,44.08
00009_28-03-2025-09.57,172.0,-60.0,113.44,-30.0,63.85,30.0,47.7,90.0,108.77,1.0,6.123233995736766e-17,-0.433883739117558,-0.9009688679024191,1,0,58.56
00011_28-03-2025-10.02,182.0,-64.8,113.44,-34.8,63.85,25.2,47.7,85.2,108.77,1.0,6.123233995736766e-17,-0.433883739117558,-0.9009688679024191,0,1,39.8
00009_28-03-2025-11.22,172.0,-115.2,63.85,-55.2,47.7,4.8,108.77,64.8,51.88,1.0,6.123233995736766e-17,-0.433883739117558,-0.9009688679024191,1,0,66.81
00009_28-03-2025-12.22,172.0,-115.2,47.7,-55.2,108.77,4.8,51.88,34.8,63.52,1.0,6.123233995736766e-17,-0.433883739117558,-0.9009688679024191,1,0,21.01
00009_28-03-2025-14.02,172.0,-43.8,55.14,-4.8,85.8,25.2,90.98,55.2,101.32,1.0,6.123233995736766e-17,-0.433883739117558,-0.9009688679024191,1,0,55.74
00015_28-03-2025-14.12,157.0,-54.0,55.14,-15.0,85.8,15.0,90.98,45.0,101.32,1.0,6.123233995736766e-17,-0.433883739117558,-0.9009688679024191,0,1,42.41
00017_28-03-2025-14.42,179.0,-45.0,85.8,-15.0,90.98,15.0,101.32,45.0,57.14,1.0,6.123233995736766e-17,-0.433883739117558,-0.9009688679024191,1,0,80.1
00002_28-03-2025-16.37,157.0,-40.2,99.35,-10.2,78.82,19.8,92.06,49.8,50.02,1.0,6.123233995736766e-17,-0.433883739117558,-0.9009688679024191,1,0,53.65
00015_28-03-2025-17.17,157.0,-49.8,78.82,-19.8,92.06,10.2,50.02,40.2,54.55,1.0,6.123233995736766e-17,-0.433883739117558,-0.9009688679024191,0,1,39.14
00009_28-03-2025-17.22,172.0,-55.2,78.82,-25.2,92.06,4.8,50.02,34.8,54.55,1.0,6.123233995736766e-17,-0.433883739117558,-0.9009688679024191,1,0,63.87
00002_28-03-2025-18.32,157.0,-34.8,54.55,-4.8,83.47,25.2,59.36,62.4,38.08,1.0,6.123233995736766e-17,-0.433883739117558,-0.9009688679024191,1,0,29.07
00009_28-03-2025-19.29,172.0,-61.8,83.47,-31.8,59.36,5.4,38.08,36.0,46.74,1.0,6.123233995736766e-17,-0.433883739117558,-0.9009688679024191,1,0,70.45
00009_28-03-2025-20.22,172.0,-48.0,38.08,-17.4,46.74,4.8,33.78,45.0,78.66,1.0,6.123233995736766e-17,-0.433883739117558,-0.9009688679024191,1,0,32.66
00005_28-03-2025-21.02,172.0,-57.0,46.74,-34.8,33.78,5.4,78.66,565.2,27.01,1.0,6.123233995736766e-17,-0.433883739117558,-0.9009688679024191,0,1,10.0
00005_29-03-2025-07.02,172.0,-594.6,78.66,-34.8,27.01,25.2,62.11,85.2,24.77,1.0,6.123233995736766e-17,-0.9749279121818236,-0.2225209339563146,0,1,55.69
00009_29-03-2025-08.07,172.0,-100.2,27.01,-40.2,62.11,19.8,24.77,49.8,53.67,1.0,6.123233995736766e-17,-0.9749279121818236,-0.2225209339563146,1,0,18.96
00009_29-03-2025-09.22,172.0,-55.2,24.77,-25.2,53.67,4.8,54.95,64.8,51.32,1.0,6.123233995736766e-17,-0.9749279121818236,-0.2225209339563146,1,0,59.19
00009_29-03-2025-09.57,172.0,-60.0,53.67,-30.0,54.95,30.0,51.32,90.0,50.22,1.0,6.123233995736766e-17,-0.9749279121818236,-0.2225209339563146,1,0,47.38
00011_29-03-2025-10.02,182.0,-64.8,53.67,-34.8,54.95,25.2,51.32,85.2,50.22,1.0,6.123233995736766e-17,-0.9749279121818236,-0.2225209339563146,0,1,44.41
00009_29-03-2025-11.22,172.0,-115.2,54.95,-55.2,51.32,4.8,50.22,64.8,59.82,1.0,6.123233995736766e-17,-0.9749279121818236,-0.2225209339563146,1,0,52.3
00009_29-03-2025-12.22,172.0,-115.2,51.32,-55.2,50.22,4.8,59.82,55.8,82.74,1.0,6.123233995736766e-17,-0.9749279121818236,-0.2225209339563146,1,0,46.96
00015_29-03-2025-14.12,157.0,-105.0,59.82,-54.0,82.74,75.0,33.05,135.0,117.71,1.0,6.123233995736766e-17,-0.9749279121818236,-0.2225209339563146,0,1,22.92
00017_29-03-2025-14.42,179.0,-135.0,59.82,-84.0,82.74,45.0,33.05,105.0,117.71,1.0,6.123233995736766e-17,-0.9749279121818236,-0.2225209339563146,1,0,37.66
00002_29-03-2025-16.37,157.0,-70.2,33.05,-10.2,117.71,49.8,28.6,109.8,118.38,1.0,6.123233995736766e-17,-0.9749279121818236,-0.2225209339563146,1,0,48.36
00015_29-03-2025-17.17,157.0,-109.8,33.05,-49.8,117.71,10.2,28.6,70.2,118.38,1.0,6.123233995736766e-17,-0.9749279121818236,-0.2225209339563146,0,1,33.77
00009_29-03-2025-19.29,172.0,-121.8,28.6,-61.8,118.38,5.4,32.1,58.2,26.41,1.0,6.123233995736766e-17,-0.9749279121818236,-0.2225209339563146,1,0,45.18
00009_29-03-2025-20.22,172.0,-115.2,118.38,-48.0,32.1,4.8,26.41,604.8,62.88,1.0,6.123233995736766e-17,-0.9749279121818236,-0.2225209339563146,1,0,17.96
00005_29-03-2025-21.02,172.0,-87.6,32.1,-34.8,26.41,565.2,62.88,625.2,40.82,1.0,6.123233995736766e-17,-0.9749279121818236,-0.2225209339563146,0,1,26.97
00005_30-03-2025-07.02,172.0,-634.8,26.41,-34.8,62.88,25.2,40.82,85.2,72.54,1.0,6.123233995736766e-17,-0.7818314824680299,0.6234898018587334,0,1,14.97
00009_30-03-2025-08.07,172.0,-100.2,62.88,-40.2,40.82,19.8,72.54,79.8,61.78,1.0,6.123233995736766e-17,-0.7818314824680299,0.6234898018587334,1,0,56.84
00009_30-03-2025-09.22,172.0,-115.2,40.82,-55.2,72.54,4.8,61.78,64.8,39.18,1.0,6.123233995736766e-17,-0.7818314824680299,0.6234898018587334,1,0,49.79
00009_30-03-2025-09.57,172.0,-90.0,72.54,-30.0,61.78,30.0,39.18,90.0,151.17,1.0,6.123233995736766e-17,-0.7818314824680299,0.6234898018587334,1,0,76.01
00011_30-03-2025-10.02,182.0,-94.8,72.54,-34.8,61.78,25.2,39.18,85.2,151.17,1.0,6.123233995736766e-17,-0.7818314824680299,0.6234898018587334,0,1,37.95
00009_30-03-2025-11.22,172.0,-115.2,61.78,-55.2,39.18,4.8,151.17,64.8,51.97,1.0,6.123233995736766e-17,-0.7818314824680299,0.6234898018587334,1,0,67.99
00009_30-03-2025-12.22,172.0,-115.2,39.18,-55.2,151.17,4.8,51.97,55.8,55.14,1.0,6.123233995736766e-17,-0.7818314824680299,0.6234898018587334,1,0,41.25
00009_30-03-2025-14.02,172.0,-94.8,51.97,-43.8,55.14,25.2,74.22,85.2,76.03,1.0,6.123233995736766e-17,-0.7818314824680299,0.6234898018587334,1,0,86.86
00015_30-03-2025-14.12,157.0,-105.0,51.97,-54.0,55.14,15.0,74.22,75.0,76.03,1.0,6.123233995736766e-17,-0.7818314824680299,0.6234898018587334,0,1,44.79
00017_30-03-2025-14.42,179.0,-84.0,55.14,-15.0,74.22,45.0,76.03,105.0,83.98,1.0,6.123233995736766e-17,-0.7818314824680299,0.6234898018587334,1,0,98.61
00002_30-03-2025-16.37,157.0,-70.2,76.03,-10.2,83.98,19.8,78.13,49.8,72.01,1.0,6.123233995736766e-17,-0.7818314824680299,0.6234898018587334,1,0,100.09
00015_30-03-2025-17.17,157.0,-49.8,83.98,-19.8,78.13,10.2,72.01,40.2,52.32,1.0,6.123233995736766e-17,-0.7818314824680299,0.6234898018587334,0,1,66.86
00009_30-03-2025-17.22,172.0,-55.2,83.98,-25.2,78.13,4.8,72.01,34.8,52.32,1.0,6.123233995736766e-17,-0.7818314824680299,0.6234898018587334,1,0,84.76
00002_30-03-2025-18.32,157.0,-34.8,52.32,-4.8,82.57,25.2,121.54,62.4,83.64,1.0,6.123233995736766e-17,-0.7818314824680299,0.6234898018587334,1,0,93.69
00009_30-03-2025-19.29,172.0,-61.8,82.57,-31.8,121.54,5.4,83.64,36.0,67.97,1.0,6.123233995736766e-17,-0.7818314824680299,0.6234898018587334,1,0,84.35
00009_30-03-2025-20.22,172.0,-48.0,83.64,-17.4,67.97,4.8,74.99,45.0,100.98,1.0,6.123233995736766e-17,-0.7818314824680299,0.6234898018587334,1,0,96.05
00005_30-03-2025-21.02,172.0,-57.0,67.97,-34.8,74.99,5.4,100.98,550.2,29.77,1.0,6.123233995736766e-17,-0.7818314824680299,0.6234898018587334,0,1,53.03
00002_31-03-2025-06.22,157.0,-555.0,100.98,-10.2,29.77,4.8,36.21,34.8,51.28,1.0,6.123233995736766e-17,0.0,1.0,1,0,30.51
00005_31-03-2025-07.02,172.0,-34.8,36.21,-4.8,51.28,25.2,58.65,55.2,62.15,1.0,6.123233995736766e-17,0.0,1.0,0,1,39.13
00002_31-03-2025-07.22,157.0,-55.2,36.21,-25.2,51.28,4.8,58.65,34.8,62.15,1.0,6.123233995736766e-17,0.0,1.0,1,0,35.54
00002_31-03-2025-08.32,157.0,-34.8,62.15,-4.8,71.3,25.2,59.19,55.2,68.8,1.0,6.123233995736766e-17,0.0,1.0,1,0,29.13
00009_31-03-2025-09.22,172.0,-55.2,71.3,-25.2,59.19,4.8,68.8,64.8,37.42,1.0,6.123233995736766e-17,0.0,1.0,1,0,50.18
00009_31-03-2025-09.57,172.0,-60.0,59.19,-30.0,68.8,30.0,37.42,90.0,33.62,1.0,6.123233995736766e-17,0.0,1.0,1,0,29.24
00011_31-03-2025-10.02,182.0,-64.8,59.19,-34.8,68.8,25.2,37.42,85.2,33.62,1.0,6.123233995736766e-17,0.0,1.0,0,1,26.88
00009_31-03-2025-11.22,172.0,-115.2,68.8,-55.2,37.42,4.8,33.62,64.8,47.67,1.0,6.123233995736766e-17,0.0,1.0,1,0,37.02
00009_31-03-2025-12.22,172.0,-115.2,37.42,-55.2,33.62,4.8,47.67,34.8,34.63,1.0,6.123233995736766e-17,0.0,1.0,1,0,40.05
00009_31-03-2025-14.02,172.0,-64.8,34.63,-43.8,68.94,25.2,27.99,55.2,44.06,1.0,6.123233995736766e-17,0.0,1.0,1,0,34.38
00015_31-03-2025-14.12,157.0,-75.0,34.63,-54.0,68.94,15.0,27.99,45.0,44.06,1.0,6.123233995736766e-17,0.0,1.0,0,1,22.57
00017_31-03-2025-14.42,179.0,-84.0,68.94,-15.0,27.99,15.0,44.06,45.0,32.97,1.0,6.123233995736766e-17,0.0,1.0,1,0,52.13
00002_31-03-2025-16.37,157.0,-40.2,41.57,-10.2,69.92,19.8,49.34,49.8,59.21,1.0,6.123233995736766e-17,0.0,1.0,1,0,36.43
00015_31-03-2025-17.17,157.0,-49.8,69.92,-19.8,49.34,10.2,59.21,40.2,49.89,1.0,6.123233995736766e-17,0.0,1.0,0,1,32.22
00009_31-03-2025-17.22,172.0,-55.2,69.92,-25.2,49.34,4.8,59.21,34.8,49.89,1.0,6.123233995736766e-17,0.0,1.0,1,0,25.79
00002_31-03-2025-18.32,157.0,-34.8,49.89,-4.8,55.99,25.2,44.29,62.4,25.69,1.0,6.123233995736766e-17,0.0,1.0,1,0,38.59
00009_31-03-2025-19.29,172.0,-61.8,55.99,-31.8,44.29,5.4,25.69,36.0,22.25,1.0,6.123233995736766e-17,0.0,1.0,1,0,56.29
00009_31-03-2025-20.22,172.0,-48.0,25.69,-17.4,22.25,4.8,21.21,45.0,32.82,1.0,6.123233995736766e-17,0.0,1.0,1,0,21.89
00005_31-03-2025-21.02,172.0,-57.0,22.25,-34.8,21.21,5.4,32.82,550.2,35.58,1.0,6.123233995736766e-17,0.0,1.0,0,1,14.6
00002_01-04-2025-06.22,157.0,-555.0,32.82,-10.2,35.58,4.8,37.43,34.8,120.09,0.8660254037844387,-0.49999999999999983,0.7818314824680298,0.6234898018587336,1,0,28.05
00005_01-04-2025-07.02,172.0,-34.8,37.43,-4.8,120.09,25.2,29.64,55.2,46.35,0.8660254037844387,-0.49999999999999983,0.7818314824680298,0.6234898018587336,0,1,55.45
00002_01-04-2025-07.22,157.0,-55.2,37.43,-25.2,120.09,4.8,29.64,34.8,46.35,0.8660254037844387,-0.49999999999999983,0.7818314824680298,0.6234898018587336,1,0,41.78
00002_01-04-2025-08.32,157.0,-34.8,46.35,-4.8,65.16,25.2,45.55,55.2,72.47,0.8660254037844387,-0.49999999999999983,0.7818314824680298,0.6234898018587336,1,0,41.56
00009_01-04-2025-09.22,172.0,-55.2,65.16,-25.2,45.55,4.8,72.47,64.8,34.89,0.8660254037844387,-0.49999999999999983,0.7818314824680298,0.6234898018587336,1,0,42.86
00009_01-04-2025-09.57,172.0,-60.0,45.55,-30.0,72.47,30.0,34.89,90.0,36.22,0.8660254037844387,-0.49999999999999983,0.7818314824680298,0.6234898018587336,1,0,37.26
00011_01-04-2025-10.02,182.0,-64.8,45.55,-34.8,72.47,25.2,34.89,85.2,36.22,0.8660254037844387,-0.49999999999999983,0.7818314824680298,0.6234898018587336,0,1,39.94
00009_01-04-2025-11.22,172.0,-115.2,72.47,-55.2,34.89,4.8,36.22,64.8,58.71,0.8660254037844387,-0.49999999999999983,0.7818314824680298,0.6234898018587336,1,0,17.98
00009_01-04-2025-12.22,172.0,-115.2,34.89,-55.2,36.22,4.8,58.71,34.8,37.21,0.8660254037844387,-0.49999999999999983,0.7818314824680298,0.6234898018587336,1,0,24.21
00009_01-04-2025-14.02,172.0,-64.8,37.21,-43.8,48.24,25.2,63.49,55.2,40.51,0.8660254037844387,-0.49999999999999983,0.7818314824680298,0.6234898018587336,1,0,36.21
00015_01-04-2025-14.12,157.0,-75.0,37.21,-54.0,48.24,15.0,63.49,45.0,40.51,0.8660254037844387,-0.49999999999999983,0.7818314824680298,0.6234898018587336,0,1,55.79
00017_01-04-2025-14.42,179.0,-84.0,48.24,-15.0,63.49,15.0,40.51,45.0,30.2,0.8660254037844387,-0.49999999999999983,0.7818314824680298,0.6234898018587336,1,0,42.53
00002_01-04-2025-16.37,157.0,-40.2,34.74,-10.2,44.04,19.8,58.98,49.8,35.85,0.8660254037844387,-0.49999999999999983,0.7818314824680298,0.6234898018587336,1,0,10.0
00015_01-04-2025-17.17,157.0,-49.8,44.04,-19.8,58.98,10.2,35.85,40.2,72.16,0.8660254037844387,-0.49999999999999983,0.7818314824680298,0.6234898018587336,0,1,24.31
00009_01-04-2025-17.22,172.0,-55.2,44.04,-25.2,58.98,4.8,35.85,34.8,72.16,0.8660254037844387,-0.49999999999999983,0.7818314824680298,0.6234898018587336,1,0,49.55
00002_01-04-2025-18.32,157.0,-34.8,72.16,-4.8,64.46,25.2,37.45,62.4,31.08,0.8660254037844387,-0.49999999999999983,0.7818314824680298,0.6234898018587336,1,0,38.73
00009_01-04-2025-19.29,172.0,-61.8,64.46,-31.8,37.45,5.4,31.08,36.0,29.75,0.8660254037844387,-0.49999999999999983,0.7818314824680298,0.6234898018587336,1,0,42.41
00009_01-04-2025-20.22,172.0,-48.0,31.08,-17.4,29.75,4.8,26.86,45.0,51.68,0.8660254037844387,-0.49999999999999983,0.7818314824680298,0.6234898018587336,1,0,29.21
00005_01-04-2025-21.02,172.0,-57.0,29.75,-34.8,26.86,5.4,51.68,550.2,33.99,0.8660254037844387,-0.49999999999999983,0.7818314824680298,0.6234898018587336,0,1,33.58
00002_02-04-2025-06.22,157.0,-555.0,51.68,-10.2,33.99,4.8,41.42,34.8,87.56,0.8660254037844387,-0.49999999999999983,0.9749279121818236,-0.22252093395631434,1,0,40.44
00005_02-04-2025-07.02,172.0,-34.8,41.42,-4.8,87.56,25.2,63.56,55.2,44.86,0.8660254037844387,-0.49999999999999983,0.9749279121818236,-0.22252093395631434,0,1,45.62
00002_02-04-2025-07.22,157.0,-55.2,41.42,-25.2,87.56,4.8,63.56,34.8,44.86,0.8660254037844387,-0.49999999999999983,0.9749279121818236,-0.22252093395631434,1,0,20.22
00002_02-04-2025-08.32,157.0,-34.8,44.86,-4.8,73.81,25.2,56.1,55.2,73.04,0.8660254037844387,-0.49999999999999983,0.9749279121818236,-0.22252093395631434,1,0,37.2
00009_02-04-2025-09.22,172.0,-55.2,73.81,-25.2,56.1,4.8,73.04,64.8,47.87,0.8660254037844387,-0.49999999999999983,0.9749279121818236,-0.22252093395631434,1,0,47.23
00009_02-04-2025-09.57,172.0,-60.0,56.1,-30.0,73.04,30.0,47.87,90.0,29.98,0.8660254037844387,-0.49999999999999983,0.9749279121818236,-0.22252093395631434,1,0,35.14
00011_02-04-2025-10.02,182.0,-64.8,56.1,-34.8,73.04,25.2,47.87,85.2,29.98,0.8660254037844387,-0.49999999999999983,0.9749279121818236,-0.22252093395631434,0,1,55.55
00009_02-04-2025-11.22,172.0,-115.2,73.04,-55.2,47.87,4.8,29.98,64.8,40.58,0.8660254037844387,-0.49999999999999983,0.9749279121818236,-0.22252093395631434,1,0,44.13
00009_02-04-2025-12.22,172.0,-115.2,47.87,-55.2,29.98,4.8,40.58,34.8,68.03,0.8660254037844387,-0.49999999999999983,0.9749279121818236,-0.22252093395631434,1,0,39.84
00009_02-04-2025-14.02,172.0,-64.8,68.03,-43.8,48.24,25.2,15.62,55.2,37.75,0.8660254037844387,-0.49999999999999983,0.9749279121818236,-0.22252093395631434,1,0,36.56
00015_02-04-2025-14.12,157.0,-75.0,68.03,-54.0,48.24,15.0,15.62,45.0,37.75,0.8660254037844387,-0.49999999999999983,0.9749279121818236,-0.22252093395631434,0,1,34.75
00017_02-04-2025-14.42,179.0,-84.0,48.24,-15.0,15.62,15.0,37.75,45.0,35.56,0.8660254037844387,-0.49999999999999983,0.9749279121818236,-0.22252093395631434,1,0,59.84
00002_02-04-2025-16.37,157.0,-40.2,49.57,-10.2,62.22,19.8,129.12,49.8,49.47,0.8660254037844387,-0.49999999999999983,0.9749279121818236,-0.22252093395631434,1,0,27.56
00015_02-04-2025-17.17,157.0,-49.8,62.22,-19.8,129.12,10.2,49.47,40.2,45.56,0.8660254037844387,-0.49999999999999983,0.9749279121818236,-0.22252093395631434,0,1,70.64
00009_02-04-2025-17.22,172.0,-55.2,62.22,-25.2,129.12,4.8,49.47,34.8,45.56,0.8660254037844387,-0.49999999999999983,0.9749279121818236,-0.22252093395631434,1,0,47.85
00002_02-04-2025-18.32,157.0,-34.8,45.56,-4.8,63.7,25.2,126.81,62.4,32.73,0.8660254037844387,-0.49999999999999983,0.9749279121818236,-0.22252093395631434,1,0,46.52
00009_02-04-2025-19.29,172.0,-61.8,63.7,-31.8,126.81,5.4,32.73,36.0,52.66,0.8660254037844387,-0.49999999999999983,0.9749279121818236,-0.22252093395631434,1,0,40.68
00009_02-04-2025-20.22,172.0,-48.0,32.73,-17.4,52.66,4.8,21.98,45.0,56.05,0.8660254037844387,-0.49999999999999983,0.9749279121818236,-0.22252093395631434,1,0,24.64
00005_02-04-2025-21.02,172.0,-57.0,52.66,-34.8,21.98,5.4,56.05,550.2,28.58,0.8660254037844387,-0.49999999999999983,0.9749279121818236,-0.22252093395631434,0,1,32.73
00002_03-04-2025-06.22,157.0,-555.0,56.05,-10.2,28.58,4.8,36.49,34.8,62.72,0.8660254037844387,-0.49999999999999983,0.43388373911755823,-0.900968867902419,1,0,38.76
00005_03-04-2025-07.02,172.0,-34.8,36.49,-4.8,62.72,25.2,43.13,55.2,39.69,0.8660254037844387,-0.49999999999999983,0.43388373911755823,-0.900968867902419,0,1,37.88
00002_03-04-2025-07.22,157.0,-55.2,36.49,-25.2,62.72,4.8,43.13,34.8,39.69,0.8660254037844387,-0.49999999999999983,0.43388373911755823,-0.900968867902419,1,0,38.02
00002_03-04-2025-08.32,157.0,-34.8,39.69,-4.8,53.13,25.2,79.97,55.2,51.64,0.8660254037844387,-0.49999999999999983,0.43388373911755823,-0.900968867902419,1,0,46.47
00009_03-04-2025-09.22,172.0,-55.2,53.13,-25.2,79.97,4.8,51.64,64.8,51.9,0.8660254037844387,-0.49999999999999983,0.43388373911755823,-0.900968867902419,1,0,36.08
00009_03-04-2025-09.57,172.0,-60.0,79.97,-30.0,51.64,30.0,51.9,90.0,50.79,0.8660254037844387,-0.49999999999999983,0.43388373911755823,-0.900968867902419,1,0,33.08
00011_03-04-2025-10.02,182.0,-64.8,79.97,-34.8,51.64,25.2,51.9,85.2,50.79,0.8660254037844387,-0.49999999999999983,0.43388373911755823,-0.900968867902419,0,1,62.33
00009_03-04-2025-11.22,172.0,-115.2,51.64,-55.2,51.9,4.8,50.79,64.8,54.82,0.8660254037844387,-0.49999999999999983,0.43388373911755823,-0.900968867902419,1,0,59.06
00009_03-04-2025-12.22,172.0,-115.2,51.9,-55.2,50.79,4.8,54.82,34.8,48.66,0.8660254037844387,-0.49999999999999983,0.43388373911755823,-0.900968867902419,1,0,45.48
00002_03-04-2025-16.37,157.0,-40.2,97.5,-10.2,70.9,19.8,133.39,49.8,93.55,0.8660254037844387,-0.49999999999999983,0.43388373911755823,-0.900968867902419,1,0,46.37
00015_03-04-2025-17.17,157.0,-49.8,70.9,-19.8,133.39,10.2,93.55,40.2,64.47,0.8660254037844387,-0.49999999999999983,0.43388373911755823,-0.900968867902419,0,1,52.9
00009_03-04-2025-17.22,172.0,-55.2,70.9,-25.2,133.39,4.8,93.55,34.8,64.47,0.8660254037844387,-0.49999999999999983,0.43388373911755823,-0.900968867902419,1,0,55.43
00002_03-04-2025-18.32,157.0,-34.8,64.47,-4.8,76.78,25.2,79.69,62.4,36.85,0.8660254037844387,-0.49999999999999983,0.43388373911755823,-0.900968867902419,1,0,38.86
00009_03-04-2025-19.29,172.0,-61.8,76.78,-31.8,79.69,5.4,36.85,36.0,69.17,0.8660254037844387,-0.49999999999999983,0.43388373911755823,-0.900968867902419,1,0,53.89
00009_03-04-2025-20.22,172.0,-48.0,36.85,-17.4,69.17,4.8,52.15,45.0,63.1,0.8660254037844387,-0.49999999999999983,0.43388373911755823,-0.900968867902419,1,0,29.9
00005_03-04-2025-21.02,172.0,-57.0,69.17,-34.8,52.15,5.4,63.1,565.2,21.15,0.8660254037844387,-0.49999999999999983,0.43388373911755823,-0.900968867902419,0,1,46.09
00002_04-04-2025-06.22,157.0,-595.2,52.15,-555.0,63.1,4.8,21.15,34.8,57.6,0.8660254037844387,-0.49999999999999983,-0.433883739117558,-0.9009688679024191,1,0,21.73
00005_04-04-2025-07.02,172.0,-34.8,21.15,-4.8,57.6,25.2,72.5,55.2,48.34,0.8660254037844387,-0.49999999999999983,-0.433883739117558,-0.9009688679024191,0,1,38.25
00002_04-04-2025-07.22,157.0,-55.2,21.15,-25.2,57.6,4.8,72.5,34.8,48.34,0.8660254037844387,-0.49999999999999983,-0.433883739117558,-0.9009688679024191,1,0,30.36
00002_04-04-2025-08.32,157.0,-64.8,72.5,-34.8,48.34,25.2,114.97,55.2,81.18,0.8660254037844387,-0.49999999999999983,-0.433883739117558,-0.9009688679024191,1,0,39.51
00009_04-04-2025-09.22,172.0,-85.2,48.34,-25.2,114.97,4.8,81.18,64.8,55.1,0.8660254037844387,-0.49999999999999983,-0.433883739117558,-0.9009688679024191,1,0,56.95
00009_04-04-2025-09.57,172.0,-60.0,114.97,-30.0,81.18,30.0,55.1,90.0,118.39,0.8660254037844387,-0.49999999999999983,-0.433883739117558,-0.9009688679024191,1,0,48.95
00011_04-04-2025-10.02,182.0,-64.8,114.97,-34.8,81.18,25.2,55.1,85.2,118.39,0.8660254037844387,-0.49999999999999983,-0.433883739117558,-0.9009688679024191,0,1,49.37
00009_04-04-2025-11.22,172.0,-115.2,81.18,-55.2,55.1,4.8,118.39,64.8,57.75,0.8660254037844387,-0.49999999999999983,-0.433883739117558,-0.9009688679024191,1,0,71.46
00009_04-04-2025-12.22,172.0,-115.2,55.1,-55.2,118.39,4.8,57.75,34.8,78.93,0.8660254037844387,-0.49999999999999983,-0.433883739117558,-0.9009688679024191,1,0,45.45
00009_04-04-2025-14.02,172.0,-43.8,55.14,-4.8,93.71,25.2,89.66,55.2,92.95,0.8660254037844387,-0.49999999999999983,-0.433883739117558,-0.9009688679024191,1,0,76.82
00015_04-04-2025-14.12,157.0,-54.0,55.14,-15.0,93.71,15.0,89.66,45.0,92.95,0.8660254037844387,-0.49999999999999983,-0.433883739117558,-0.9009688679024191,0,1,50.77
00017_04-04-2025-14.42,179.0,-45.0,93.71,-15.0,89.66,15.0,92.95,45.0,53.63,0.8660254037844387,-0.49999999999999983,-0.433883739117558,-0.9009688679024191,1,0,81.66
00002_04-04-2025-16.37,157.0,-40.2,95.17,-10.2,86.75,19.8,101.85,49.8,54.25,0.8660254037844387,-0.49999999999999983,-0.433883739117558,-0.9009688679024191,1,0,66.64
00015_04-04-2025-17.17,157.0,-49.8,86.75,-19.8,101.85,10.2,54.25,40.2,67.83,0.8660254037844387,-0.49999999999999983,-0.433883739117558,-0.9009688679024191,0,1,33.87
00009_04-04-2025-17.22,172.0,-55.2,86.75,-25.2,101.85,4.8,54.25,34.8,67.83,0.8660254037844387,-0.49999999999999983,-0.433883739117558,-0.9009688679024191,1,0,69.22
00002_04-04-2025-18.32,157.0,-34.8,67.83,-4.8,85.77,25.2,79.55,62.4,34.09,0.8660254037844387,-0.49999999999999983,-0.433883739117558,-0.9009688679024191,1,0,58.24
00009_04-04-2025-19.29,172.0,-61.8,85.77,-31.8,79.55,5.4,34.09,36.0,73.79,0.8660254037844387,-0.49999999999999983,-0.433883739117558,-0.9009688679024191,1,0,81.39
00009_04-04-2025-20.22,172.0,-48.0,34.09,-17.4,73.79,4.8,72.08,45.0,77.1,0.8660254037844387,-0.49999999999999983,-0.433883739117558,-0.9009688679024191,1,0,40.91
00005_04-04-2025-21.02,172.0,-57.0,73.79,-34.8,72.08,5.4,77.1,565.2,31.69,0.8660254037844387,-0.49999999999999983,-0.433883739117558,-0.9009688679024191,0,1,21.17
00005_05-04-2025-07.02,172.0,-594.6,77.1,-34.8,31.69,25.2,60.23,85.2,45.18,0.8660254037844387,-0.49999999999999983,-0.9749279121818236,-0.2225209339563146,0,1,33.68
00009_05-04-2025-08.07,172.0,-100.2,31.69,-40.2,60.23,19.8,45.18,49.8,59.27,0.8660254037844387,-0.49999999999999983,-0.9749279121818236,-0.2225209339563146,1,0,61.85
00009_05-04-2025-09.22,172.0,-55.2,45.18,-25.2,59.27,4.8,68.38,64.8,43.95,0.8660254037844387,-0.49999999999999983,-0.9749279121818236,-0.2225209339563146,1,0,28.08
00009_05-04-2025-09.57,172.0,-60.0,59.27,-30.0,68.38,30.0,43.95,90.0,47.77,0.8660254037844387,-0.49999999999999983,-0.9749279121818236,-0.2225209339563146,1,0,36.19
00011_05-04-2025-10.02,182.0,-64.8,59.27,-34.8,68.38,25.2,43.95,85.2,47.77,0.8660254037844387,-0.49999999999999983,-0.9749279121818236,-0.2225209339563146,0,1,57.84
00009_05-04-2025-11.22,172.0,-115.2,68.38,-55.2,43.95,4.8,47.77,64.8,61.17,0.8660254037844387,-0.49999999999999983,-0.9749279121818236,-0.2225209339563146,1,0,36.76
00009_05-04-2025-12.22,172.0,-115.2,43.95,-55.2,47.77,4.8,61.17,55.8,82.74,0.8660254037844387,-0.49999999999999983,-0.9749279121818236,-0.2225209339563146,1,0,48.47
00015_05-04-2025-14.12,157.0,-105.0,61.17,-54.0,82.74,75.0,25.88,135.0,94.83,0.8660254037844387,-0.49999999999999983,-0.9749279121818236,-0.2225209339563146,0,1,34.67
00017_05-04-2025-14.42,179.0,-135.0,61.17,-84.0,82.74,45.0,25.88,105.0,94.83,0.8660254037844387,-0.49999999999999983,-0.9749279121818236,-0.2225209339563146,1,0,25.53
00002_05-04-2025-16.37,157.0,-70.2,25.88,-10.2,94.83,49.8,19.44,109.8,77.59,0.8660254037844387,-0.49999999999999983,-0.9749279121818236,-0.2225209339563146,1,0,29.42
00015_05-04-2025-17.17,157.0,-109.8,25.88,-49.8,94.83,10.2,19.44,70.2,77.59,0.8660254037844387,-0.49999999999999983,-0.9749279121818236,-0.2225209339563146,0,1,33.1
00009_05-04-2025-19.29,172.0,-121.8,19.44,-61.8,77.59,5.4,28.24,58.2,21.69,0.8660254037844387,-0.49999999999999983,-0.9749279121818236,-0.2225209339563146,1,0,33.25
00009_05-04-2025-20.22,172.0,-115.2,77.59,-48.0,28.24,4.8,21.69,604.8,45.89,0.8660254037844387,-0.49999999999999983,-0.9749279121818236,-0.2225209339563146,1,0,35.9
00005_05-04-2025-21.02,172.0,-87.6,28.24,-34.8,21.69,565.2,45.89,625.2,64.71,0.8660254037844387,-0.49999999999999983,-0.9749279121818236,-0.2225209339563146,0,1,26.35
00005_06-04-2025-07.02,172.0,-634.8,21.69,-34.8,45.89,25.2,64.71,85.2,84.45,0.8660254037844387,-0.49999999999999983,-0.7818314824680299,0.6234898018587334,0,1,70.43
00009_06-04-2025-08.07,172.0,-100.2,45.89,-40.2,64.71,19.8,84.45,79.8,71.42,0.8660254037844387,-0.49999999999999983,-0.7818314824680299,0.6234898018587334,1,0,55.08
00009_06-04-2025-09.22,172.0,-115.2,64.71,-55.2,84.45,4.8,71.42,64.8,50.2,0.8660254037844387,-0.49999999999999983,-0.7818314824680299,0.6234898018587334,1,0,61.67
00009_06-04-2025-09.57,172.0,-90.0,84.45,-30.0,71.42,30.0,50.2,90.0,150.74,0.8660254037844387,-0.49999999999999983,-0.7818314824680299,0.6234898018587334,1,0,64.74
00011_06-04-2025-10.02,182.0,-94.8,84.45,-34.8,71.42,25.2,50.2,85.2,150.74,0.8660254037844387,-0.49999999999999983,-0.7818314824680299,0.6234898018587334,0,1,58.56
00009_06-04-2025-11.22,172.0,-115.2,71.42,-55.2,50.2,4.8,150.74,64.8,58.27,0.8660254037844387,-0.49999999999999983,-0.7818314824680299,0.6234898018587334,1,0,72.85
00009_06-04-2025-12.22,172.0,-115.2,50.2,-55.2,150.74,4.8,58.27,55.8,55.14,0.8660254037844387,-0.49999999999999983,-0.7818314824680299,0.6234898018587334,1,0,76.3
00009_06-04-2025-14.02,172.0,-94.8,58.27,-43.8,55.14,25.2,86.17,85.2,65.09,0.8660254037844387,-0.49999999999999983,-0.7818314824680299,0.6234898018587334,1,0,84.95
00015_06-04-2025-14.12,157.0,-105.0,58.27,-54.0,55.14,15.0,86.17,75.0,65.09,0.8660254037844387,-0.49999999999999983,-0.7818314824680299,0.6234898018587334,0,1,57.85
00017_06-04-2025-14.42,179.0,-84.0,55.14,-15.0,86.17,45.0,65.09,105.0,81.91,0.8660254037844387,-0.49999999999999983,-0.7818314824680299,0.6234898018587334,1,0,92.22
00002_06-04-2025-16.37,157.0,-70.2,65.09,-10.2,81.91,19.8,89.36,49.8,68.75,0.8660254037844387,-0.49999999999999983,-0.7818314824680299,0.6234898018587334,1,0,85.36
00015_06-04-2025-17.17,157.0,-49.8,81.91,-19.8,89.36,10.2,68.75,40.2,79.55,0.8660254037844387,-0.49999999999999983,-0.7818314824680299,0.6234898018587334,0,1,57.67
00009_06-04-2025-17.22,172.0,-55.2,81.91,-25.2,89.36,4.8,68.75,34.8,79.55,0.8660254037844387,-0.49999999999999983,-0.7818314824680299,0.6234898018587334,1,0,95.28
00002_06-04-2025-18.32,157.0,-34.8,79.55,-4.8,99.4,25.2,120.15,62.4,82.25,0.8660254037844387,-0.49999999999999983,-0.7818314824680299,0.6234898018587334,1,0,104.3
00009_06-04-2025-19.29,172.0,-61.8,99.4,-31.8,120.15,5.4,82.25,36.0,63.81,0.8660254037844387,-0.49999999999999983,-0.7818314824680299,0.6234898018587334,1,0,103.57
00009_06-04-2025-20.22,172.0,-48.0,82.25,-17.4,63.81,4.8,76.49,45.0,123.67,0.8660254037844387,-0.49999999999999983,-0.7818314824680299,0.6234898018587334,1,0,88.73
00005_06-04-2025-21.02,172.0,-57.0,63.81,-34.8,76.49,5.4,123.67,550.2,32.16,0.8660254037844387,-0.49999999999999983,-0.7818314824680299,0.6234898018587334,0,1,64.05
00002_07-04-2025-06.22,157.0,-555.0,123.67,-10.2,32.16,4.8,40.55,34.8,66.71,0.8660254037844387,-0.49999999999999983,0.0,1.0,1,0,24.89
00005_07-04-2025-07.02,172.0,-34.8,40.55,-4.8,66.71,25.2,52.51,55.2,59.84,0.8660254037844387,-0.49999999999999983,0.0,1.0,0,1,34.24
00002_07-04-2025-07.22,157.0,-55.2,40.55,-25.2,66.71,4.8,52.51,34.8,59.84,0.8660254037844387,-0.49999999999999983,0.0,1.0,1,0,40.54
00002_07-04-2025-08.32,157.0,-34.8,59.84,-4.8,63.3,25.2,47.43,55.2,83.45,0.8660254037844387,-0.49999999999999983,0.0,1.0,1,0,40.71
00009_07-04-2025-09.22,172.0,-55.2,63.3,-25.2,47.43,4.8,83.45,64.8,36.39,0.8660254037844387,-0.49999999999999983,0.0,1.0,1,0,57.38
00009_07-04-2025-09.57,172.0,-60.0,47.43,-30.0,83.45,30.0,36.39,90.0,34.99,0.8660254037844387,-0.49999999999999983,0.0,1.0,1,0,35.37
00011_07-04-2025-10.02,182.0,-64.8,47.43,-34.8,83.45,25.2,36.39,85.2,34.99,0.8660254037844387,-0.49999999999999983,0.0,1.0,0,1,36.2
00009_07-04-2025-11.22,172.0,-115.2,83.45,-55.2,36.39,4.8,34.99,64.8,43.78,0.8660254037844387,-0.49999999999999983,0.0,1.0,1,0,57.04
00009_07-04-2025-12.22,172.0,-115.2,36.39,-55.2,34.99,4.8,43.78,34.8,39.6,0.8660254037844387,-0.49999999999999983,0.0,1.0,1,0,29.6
00009_07-04-2025-14.02,172.0,-64.8,39.6,-43.8,68.94,25.2,39.36,55.2,55.03,0.8660254037844387,-0.49999999999999983,0.0,1.0,1,0,58.07
00015_07-04-2025-14.12,157.0,-75.0,39.6,-54.0,68.94,15.0,39.36,45.0,55.03,0.8660254037844387,-0.49999999999999983,0.0,1.0,0,1,10.0
00017_07-04-2025-14.42,179.0,-84.0,68.94,-15.0,39.36,15.0,55.03,45.0,33.83,0.8660254037844387,-0.49999999999999983,0.0,1.0,1,0,51.66
00002_07-04-2025-16.37,157.0,-40.2,44.21,-10.2,70.36,19.8,55.98,49.8,73.89,0.8660254037844387,-0.49999999999999983,0.0,1.0,1,0,45.74
00015_07-04-2025-17.17,157.0,-49.8,70.36,-19.8,55.98,10.2,73.89,40.2,38.24,0.8660254037844387,-0.49999999999999983,0.0,1.0,0,1,33.23
00009_07-04-2025-17.22,172.0,-55.2,70.36,-25.2,55.98,4.8,73.89,34.8,38.24,0.8660254037844387,-0.49999999999999983,0.0,1.0,1,0,49.14
00002_07-04-2025-18.32,157.0,-34.8,38.24,-4.8,46.61,25.2,45.85,62.4,20.27,0.8660254037844387,-0.49999999999999983,0.0,1.0,1,0,39.43
00009_07-04-2025-19.29,172.0,-61.8,46.61,-31.8,45.85,5.4,20.27,36.0,24.23,0.8660254037844387,-0.49999999999999983,0.0,1.0,1,0,31.12
00009_07-04-2025-20.22,172.0,-48.0,20.27,-17.4,24.23,4.8,26.16,45.0,28.57,0.8660254037844387,-0.49999999999999983,0.0,1.0,1,0,18.28
00005_07-04-2025-21.02,172.0,-57.0,24.23,-34.8,26.16,5.4,28.57,550.2,34.71,0.8660254037844387,-0.49999999999999983,0.0,1.0,0,1,38.0
00002_08-04-2025-06.22,157.0,-555.0,28.57,-10.2,34.71,4.8,38.39,34.8,135.21,0.8660254037844387,-0.49999999999999983,0.7818314824680298,0.6234898018587336,1,0,36.87
00005_08-04-2025-07.02,172.0,-34.8,38.39,-4.8,135.21,25.2,35.13,55.2,31.31,0.8660254037844387,-0.49999999999999983,0.7818314824680298,0.6234898018587336,0,1,39.44
00002_08-04-2025-07.22,157.0,-55.2,38.39,-25.2,135.21,4.8,35.13,34.8,31.31,0.8660254037844387,-0.49999999999999983,0.7818314824680298,0.6234898018587336,1,0,44.43
00002_08-04-2025-08.32,157.0,-34.8,31.31,-4.8,67.91,25.2,35.65,55.2,84.67,0.8660254037844387,-0.49999999999999983,0.7818314824680298,0.6234898018587336,1,0,41.67
00009_08-04-2025-09.22,172.0,-55.2,67.91,-25.2,35.65,4.8,84.67,64.8,33.16,0.8660254037844387,-0.49999999999999983,0.7818314824680298,0.6234898018587336,1,0,51.34
00009_08-04-2025-09.57,172.0,-60.0,35.65,-30.0,84.67,30.0,33.16,90.0,24.82,0.8660254037844387,-0.49999999999999983,0.7818314824680298,0.6234898018587336,1,0,27.21
00011_08-04-2025-10.02,182.0,-64.8,35.65,-34.8,84.67,25.2,33.16,85.2,24.82,0.8660254037844387,-0.49999999999999983,0.7818314824680298,0.6234898018587336,0,1,19.86
00009_08-04-2025-11.22,172.0,-115.2,84.67,-55.2,33.16,4.8,24.82,64.8,58.63,0.8660254037844387,-0.49999999999999983,0.7818314824680298,0.6234898018587336,1,0,36.41
00009_08-04-2025-12.22,172.0,-115.2,33.16,-55.2,24.82,4.8,58.63,34.8,42.2,0.8660254037844387,-0.49999999999999983,0.7818314824680298,0.6234898018587336,1,0,32.03
00009_08-04-2025-14.02,172.0,-64.8,42.2,-43.8,48.24,25.2,80.97,55.2,54.98,0.8660254037844387,-0.49999999999999983,0.7818314824680298,0.6234898018587336,1,0,29.15
00015_08-04-2025-14.12,157.0,-75.0,42.2,-54.0,48.24,15.0,80.97,45.0,54.98,0.8660254037844387,-0.49999999999999983,0.7818314824680298,0.6234898018587336,0,1,31.17
00017_08-04-2025-14.42,179.0,-84.0,48.24,-15.0,80.97,15.0,54.98,45.0,31.27,0.8660254037844387,-0.49999999999999983,0.7818314824680298,0.6234898018587336,1,0,33.23
00002_08-04-2025-16.37,157.0,-40.2,24.6,-10.2,31.77,19.8,62.34,49.8,68.58,0.8660254037844387,-0.49999999999999983,0.7818314824680298,0.6234898018587336,1,0,31.63
00015_08-04-2025-17.17,157.0,-49.8,31.77,-19.8,62.34,10.2,68.58,40.2,61.39,0.8660254037844387,-0.49999999999999983,0.7818314824680298,0.6234898018587336,0,1,36.48
00009_08-04-2025-17.22,172.0,-55.2,31.77,-25.2,62.34,4.8,68.58,34.8,61.39,0.8660254037844387,-0.49999999999999983,0.7818314824680298,0.6234898018587336,1,0,32.22
00002_08-04-2025-18.32,157.0,-34.8,61.39,-4.8,48.02,25.2,39.67,62.4,29.18,0.8660254037844387,-0.49999999999999983,0.7818314824680298,0.6234898018587336,1,0,31.87
00009_08-04-2025-19.29,172.0,-61.8,48.02,-31.8,39.67,5.4,29.18,36.0,32.79,0.8660254037844387,-0.49999999999999983,0.7818314824680298,0.6234898018587336,1,0,55.19
00009_08-04-2025-20.22,172.0,-48.0,29.18,-17.4,32.79,4.8,36.67,45.0,41.53,0.8660254037844387,-0.49999999999999983,0.7818314824680298,0.6234898018587336,1,0,29.55
00005_08-04-2025-21.02,172.0,-57.0,32.79,-34.8,36.67,5.4,41.53,550.2,34.1,0.8660254037844387,-0.49999999999999983,0.7818314824680298,0.6234898018587336,0,1,35.34
00002_09-04-2025-06.22,157.0,-555.0,41.53,-10.2,34.1,4.8,34.16,34.8,83.65,0.8660254037844387,-0.49999999999999983,0.9749279121818236,-0.22252093395631434,1,0,47.88
00005_09-04-2025-07.02,172.0,-34.8,34.16,-4.8,83.65,25.2,34.09,55.2,56.83,0.8660254037844387,-0.49999999999999983,0.9749279121818236,-0.22252093395631434,0,1,44.56
00002_09-04-2025-07.22,157.0,-55.2,34.16,-25.2,83.65,4.8,34.09,34.8,56.83,0.8660254037844387,-0.49999999999999983,0.9749279121818236,-0.22252093395631434,1,0,37.49
00002_09-04-2025-08.32,157.0,-34.8,56.83,-4.8,76.53,25.2,61.51,55.2,84.79,0.8660254037844387,-0.49999999999999983,0.9749279121818236,-0.22252093395631434,1,0,40.27
00009_09-04-2025-09.22,172.0,-55.2,76.53,-25.2,61.51,4.8,84.79,64.8,48.5,0.8660254037844387,-0.49999999999999983,0.9749279121818236,-0.22252093395631434,1,0,17.34
00009_09-04-2025-09.57,172.0,-60.0,61.51,-30.0,84.79,30.0,48.5,90.0,34.25,0.8660254037844387,-0.49999999999999983,0.9749279121818236,-0.22252093395631434,1,0,38.01
00011_09-04-2025-10.02,182.0,-64.8,61.51,-34.8,84.79,25.2,48.5,85.2,34.25,0.8660254037844387,-0.49999999999999983,0.9749279121818236,-0.22252093395631434,0,1,59.62
00009_09-04-2025-11.22,172.0,-115.2,84.79,-55.2,48.5,4.8,34.25,64.8,48.43,0.8660254037844387,-0.49999999999999983,0.9749279121818236,-0.22252093395631434,1,0,48.68
00009_09-04-2025-12.22,172.0,-115.2,48.5,-55.2,34.25,4.8,48.43,34.8,68.02,0.8660254037844387,-0.49999999999999983,0.9749279121818236,-0.22252093395631434,1,0,39.98
00009_09-04-2025-14.02,172.0,-64.8,68.02,-43.8,48.24,25.2,46.56,55.2,37.0,0.8660254037844387,-0.49999999999999983,0.9749279121818236,-0.22252093395631434,1,0,39.29
00015_09-04-2025-14.12,157.0,-75.0,68.02,-54.0,48.24,15.0,46.56,45.0,37.0,0.8660254037844387,-0.49999999999999983,0.9749279121818236,-0.22252093395631434,0,1,46.77
00017_09-04-2025-14.42,179.0,-84.0,48.24,-15.0,46.56,15.0,37.0,45.0,36.06,0.8660254037844387,-0.49999999999999983,0.9749279121818236,-0.22252093395631434,1,0,61.43
00002_09-04-2025-16.37,157.0,-40.2,60.03,-10.2,48.74,19.8,121.73,49.8,51.95,0.8660254037844387,-0.49999999999999983,0.9749279121818236,-0.22252093395631434,1,0,46.93
00015_09-04-2025-17.17,157.0,-49.8,48.74,-19.8,121.73,10.2,51.95,40.2,53.72,0.8660254037844387,-0.49999999999999983,0.9749279121818236,-0.22252093395631434,0,1,51.18
00009_09-04-2025-17.22,172.0,-55.2,48.74,-25.2,121.73,4.8,51.95,34.8,53.72,0.8660254037844387,-0.49999999999999983,0.9749279121818236,-0.22252093395631434,1,0,46.71
00002_09-04-2025-18.32,157.0,-34.8,53.72,-4.8,66.27,25.2,133.02,62.4,30.19,0.8660254037844387,-0.49999999999999983,0.9749279121818236,-0.22252093395631434,1,0,57.83
00009_09-04-2025-19.29,172.0,-61.8,66.27,-31.8,133.02,5.4,30.19,36.0,48.69,0.8660254037844387,-0.49999999999999983,0.9749279121818236,-0.22252093395631434,1,0,32.8
00009_09-04-2025-20.22,172.0,-48.0,30.19,-17.4,48.69,4.8,30.37,45.0,46.4,0.8660254037844387,-0.49999999999999983,0.9749279121818236,-0.22252093395631434,1,0,16.78
00005_09-04-2025-21.02,172.0,-57.0,48.69,-34.8,30.37,5.4,46.4,550.2,29.88,0.8660254037844387,-0.49999999999999983,0.9749279121818236,-0.22252093395631434,0,1,28.7
00002_10-04-2025-06.22,157.0,-555.0,46.4,-10.2,29.88,4.8,25.99,34.8,73.2,0.8660254037844387,-0.49999999999999983,0.43388373911755823,-0.900968867902419,1,0,35.36
00005_10-04-2025-07.02,172.0,-34.8,25.99,-4.8,73.2,25.2,47.54,55.2,51.26,0.8660254037844387,-0.49999999999999983,0.43388373911755823,-0.900968867902419,0,1,29.91
00002_10-04-2025-07.22,157.0,-55.2,25.99,-25.2,73.2,4.8,47.54,34.8,51.26,0.8660254037844387,-0.49999999999999983,0.43388373911755823,-0.900968867902419,1,0,41.02
00002_10-04-2025-08.32,157.0,-34.8,51.26,-4.8,60.73,25.2,56.18,55.2,56.28,0.8660254037844387,-0.49999999999999983,0.43388373911755823,-0.900968867902419,1,0,42.94
00009_10-04-2025-09.22,172.0,-55.2,60.73,-25.2,56.18,4.8,56.28,64.8,47.09,0.8660254037844387,-0.49999999999999983,0.43388373911755823,-0.900968867902419,1,0,49.55
00009_10-04-2025-09.57,172.0,-60.0,56.18,-30.0,56.28,30.0,47.09,90.0,53.94,0.8660254037844387,-0.49999999999999983,0.43388373911755823,-0.900968867902419,1,0,55.78
00011_10-04-2025-10.02,182.0,-64.8,56.18,-34.8,56.28,25.2,47.09,85.2,53.94,0.8660254037844387,-0.49999999999999983,0.43388373911755823,-0.900968867902419,0,1,28.78
00009_10-04-2025-11.22,172.0,-115.2,56.28,-55.2,47.09,4.8,53.94,64.8,41.82,0.8660254037844387,-0.49999999999999983,0.43388373911755823,-0.900968867902419,1,0,75.2
00009_10-04-2025-12.22,172.0,-115.2,47.09,-55.2,53.94,4.8,41.82,34.8,67.01,0.8660254037844387,-0.49999999999999983,0.43388373911755823,-0.900968867902419,1,0,55.82
00002_10-04-2025-16.37,157.0,-40.2,110.8,-10.2,72.25,19.8,152.02,49.8,99.32,0.8660254037844387,-0.49999999999999983,0.43388373911755823,-0.900968867902419,1,0,43.94
00015_10-04-2025-17.17,157.0,-49.8,72.25,-19.8,152.02,10.2,99.32,40.2,45.04,0.8660254037844387,-0.49999999999999983,0.43388373911755823,-0.900968867902419,0,1,68.55
00009_10-04-2025-17.22,172.0,-55.2,72.25,-25.2,152.02,4.8,99.32,34.8,45.04,0.8660254037844387,-0.49999999999999983,0.43388373911755823,-0.900968867902419,1,0,61.21
00002_10-04-2025-18.32,157.0,-34.8,45.04,-4.8,103.22,25.2,87.7,62.4,35.49,0.8660254037844387,-0.49999999999999983,0.43388373911755823,-0.900968867902419,1,0,43.49
00009_10-04-2025-19.29,172.0,-61.8,103.22,-31.8,87.7,5.4,35.49,36.0,61.0,0.8660254037844387,-0.49999999999999983,0.43388373911755823,-0.900968867902419,1,0,41.28
00009_10-04-2025-20.22,172.0,-48.0,35.49,-17.4,61.0,4.8,40.75,45.0,51.42,0.8660254037844387,-0.49999999999999983,0.43388373911755823,-0.900968867902419,1,0,34.13
00005_10-04-2025-21.02,172.0,-57.0,61.0,-34.8,40.75,5.4,51.42,565.2,21.0,0.8660254037844387,-0.49999999999999983,0.43388373911755823,-0.900968867902419,0,1,40.6
00002_11-04-2025-06.22,157.0,-595.2,40.75,-555.0,51.42,4.8,21.0,34.8,42.56,0.8660254037844387,-0.49999999999999983,-0.433883739117558,-0.9009688679024191,1,0,14.79
00005_11-04-2025-07.02,172.0,-34.8,21.0,-4.8,42.56,25.2,73.55,55.2,31.18,0.8660254037844387,-0.49999999999999983,-0.433883739117558,-0.9009688679024191,0,1,26.72
00002_11-04-2025-07.22,157.0,-55.2,21.0,-25.2,42.56,4.8,73.55,34.8,31.18,0.8660254037844387,-0.49999999999999983,-0.433883739117558,-0.9009688679024191,1,0,44.94
00002_11-04-2025-08.32,157.0,-64.8,73.55,-34.8,31.18,25.2,109.48,55.2,64.09,0.8660254037844387,-0.49999999999999983,-0.433883739117558,-0.9009688679024191,1,0,49.57
00009_11-04-2025-09.22,172.0,-85.2,31.18,-25.2,109.48,4.8,64.09,64.8,59.82,0.8660254037844387,-0.49999999999999983,-0.433883739117558,-0.9009688679024191,1,0,51.74
00009_11-04-2025-09.57,172.0,-60.0,109.48,-30.0,64.09,30.0,59.82,90.0,115.82,0.8660254037844387,-0.49999999999999983,-0.433883739117558,-0.9009688679024191,1,0,79.34
00011_11-04-2025-10.02,182.0,-64.8,109.48,-34.8,64.09,25.2,59.82,85.2,115.82,0.8660254037844387,-0.49999999999999983,-0.433883739117558,-0.9009688679024191,0,1,37.44
00009_11-04-2025-11.22,172.0,-115.2,64.09,-55.2,59.82,4.8,115.82,64.8,37.71,0.8660254037844387,-0.49999999999999983,-0.433883739117558,-0.9009688679024191,1,0,67.0
00009_11-04-2025-12.22,172.0,-115.2,59.82,-55.2,115.82,4.8,37.71,34.8,94.75,0.8660254037844387,-0.49999999999999983,-0.433883739117558,-0.9009688679024191,1,0,47.73
00009_11-04-2025-14.02,172.0,-43.8,55.14,-4.8,78.71,25.2,95.25,55.2,98.31,0.8660254037844387,-0.49999999999999983,-0.433883739117558,-0.9009688679024191,1,0,72.55
00015_11-04-2025-14.12,157.0,-54.0,55.14,-15.0,78.71,15.0,95.25,45.0,98.31,0.8660254037844387,-0.49999999999999983,-0.433883739117558,-0.9009688679024191,0,1,42.77
00017_11-04-2025-14.42,179.0,-45.0,78.71,-15.0,95.25,15.0,98.31,45.0,64.28,0.8660254037844387,-0.49999999999999983,-0.433883739117558,-0.9009688679024191,1,0,91.47
00002_11-04-2025-16.37,157.0,-40.2,104.58,-10.2,71.38,19.8,92.38,49.8,44.84,0.8660254037844387,-0.49999999999999983,-0.433883739117558,-0.9009688679024191,1,0,52.65
00015_11-04-2025-17.17,157.0,-49.8,71.38,-19.8,92.38,10.2,44.84,40.2,60.89,0.8660254037844387,-0.49999999999999983,-0.433883739117558,-0.9009688679024191,0,1,49.69
00009_11-04-2025-17.22,172.0,-55.2,71.38,-25.2,92.38,4.8,44.84,34.8,60.89,0.8660254037844387,-0.49999999999999983,-0.433883739117558,-0.9009688679024191,1,0,52.42
00002_11-04-2025-18.32,157.0,-34.8,60.89,-4.8,85.36,25.2,73.71,62.4,40.9,0.8660254037844387,-0.49999999999999983,-0.433883739117558,-0.9009688679024191,1,0,44.98
00009_11-04-2025-19.29,172.0,-61.8,85.36,-31.8,73.71,5.4,40.9,36.0,68.55,0.8660254037844387,-0.49999999999999983,-0.433883739117558,-0.9009688679024191,1,0,64.53
00009_11-04-2025-20.22,172.0,-48.0,40.9,-17.4,68.55,4.8,57.66,45.0,74.84,0.8660254037844387,-0.49999999999999983,-0.433883739117558,-0.9009688679024191,1,0,24.44
00005_11-04-2025-21.02,172.0,-57.0,68.55,-34.8,57.66,5.4,74.84,565.2,34.72,0.8660254037844387,-0.49999999999999983,-0.433883739117558,-0.9009688679024191,0,1,22.91
00005_12-04-2025-07.02,172.0,-594.6,74.84,-34.8,34.72,25.2,55.73,85.2,66.39,0.8660254037844387,-0.49999999999999983,-0.9749279121818236,-0.2225209339563146,0,1,33.45
00009_12-04-2025-08.07,172.0,-100.2,34.72,-40.2,55.73,19.8,66.39,49.8,44.6,0.8660254037844387,-0.49999999999999983,-0.9749279121818236,-0.2225209339563146,1,0,31.1
00009_12-04-2025-09.22,172.0,-55.2,66.39,-25.2,44.6,4.8,46.73,64.8,39.44,0.8660254037844387,-0.49999999999999983,-0.9749279121818236,-0.2225209339563146,1,0,50.62
00009_12-04-2025-09.57,172.0,-60.0,44.6,-30.0,46.73,30.0,39.44,90.0,59.47,0.8660254037844387,-0.49999999999999983,-0.9749279121818236,-0.2225209339563146,1,0,45.84
00011_12-04-2025-10.02,182.0,-64.8,44.6,-34.8,46.73,25.2,39.44,85.2,59.47,0.8660254037844387,-0.49999999999999983,-0.9749279121818236,-0.2225209339563146,0,1,35.23
00009_12-04-2025-11.22,172.0,-115.2,46.73,-55.2,39.44,4.8,59.47,64.8,61.39,0.8660254037844387,-0.49999999999999983,-0.9749279121818236,-0.2225209339563146,1,0,50.22
00009_12-04-2025-12.22,172.0,-115.2,39.44,-55.2,59.47,4.8,61.39,55.8,82.74,0.8660254037844387,-0.49999999999999983,-0.9749279121818236,-0.2225209339563146,1,0,48.4
00015_12-04-2025-14.12,157.0,-105.0,61.39,-54.0,82.74,75.0,30.85,135.0,96.88,0.8660254037844387,-0.49999999999999983,-0.9749279121818236,-0.2225209339563146,0,1,10.0
00017_12-04-2025-14.42,179.0,-135.0,61.39,-84.0,82.74,45.0,30.85,105.0,96.88,0.8660254037844387,-0.49999999999999983,-0.9749279121818236,-0.2225209339563146,1,0,33.68
00002_12-04-2025-16.37,157.0,-70.2,30.85,-10.2,96.88,49.8,20.69,109.8,109.87,0.8660254037844387,-0.49999999999999983,-0.9749279121818236,-0.2225209339563146,1,0,36.19
00015_12-04-2025-17.17,157.0,-109.8,30.85,-49.8,96.88,10.2,20.69,70.2,109.87,0.8660254037844387,-0.49999999999999983,-0.9749279121818236,-0.2225209339563146,0,1,10.0
00009_12-04-2025-19.29,172.0,-121.8,20.69,-61.8,109.87,5.4,23.09,58.2,10.0,0.8660254037844387,-0.49999999999999983,-0.9749279121818236,-0.2225209339563146,1,0,22.25
00009_12-04-2025-20.22,172.0,-115.2,109.87,-48.0,23.09,4.8,10.0,604.8,66.61,0.8660254037844387,-0.49999999999999983,-0.9749279121818236,-0.2225209339563146,1,0,22.0
00005_12-04-2025-21.02,172.0,-87.6,23.09,-34.8,10.0,565.2,66.61,625.2,55.09,0.8660254037844387,-0.49999999999999983,-0.9749279121818236,-0.2225209339563146,0,1,14.79
00005_13-04-2025-07.02,172.0,-634.8,10.0,-34.8,66.61,25.2,55.09,85.2,80.4,0.8660254037844387,-0.49999999999999983,-0.7818314824680299,0.6234898018587334,0,1,44.73
00009_13-04-2025-08.07,172.0,-100.2,66.61,-40.2,55.09,19.8,80.4,79.8,68.53,0.8660254037844387,-0.49999999999999983,-0.7818314824680299,0.6234898018587334,1,0,41.43
00009_13-04-2025-09.22,172.0,-115.2,55.09,-55.2,80.4,4.8,68.53,64.8,45.74,0.8660254037844387,-0.49999999999999983,-0.7818314824680299,0.6234898018587334,1,0,53.77
00009_13-04-2025-09.57,172.0,-90.0,80.4,-30.0,68.53,30.0,45.74,90.0,140.72,0.8660254037844387,-0.49999999999999983,-0.7818314824680299,0.6234898018587334,1,0,59.44
00011_13-04-2025-10.02,182.0,-94.8,80.4,-34.8,68.53,25.2,45.74,85.2,140.72,0.8660254037844387,-0.49999999999999983,-0.7818314824680299,0.6234898018587334,0,1,45.25
00009_13-04-2025-11.22,172.0,-115.2,68.53,-55.2,45.74,4.8,140.72,64.8,57.81,0.8660254037844387,-0.49999999999999983,-0.7818314824680299,0.6234898018587334,1,0,58.03
00009_13-04-2025-12.22,172.0,-115.2,45.74,-55.2,140.72,4.8,57.81,55.8,55.14,0.8660254037844387,-0.49999999999999983,-0.7818314824680299,0.6234898018587334,1,0,74.67
00009_13-04-2025-14.02,172.0,-94.8,57.81,-43.8,55.14,25.2,89.62,85.2,73.5,0.8660254037844387,-0.49999999999999983,-0.7818314824680299,0.6234898018587334,1,0,81.43
00015_13-04-2025-14.12,157.0,-105.0,57.81,-54.0,55.14,15.0,89.62,75.0,73.5,0.8660254037844387,-0.49999999999999983,-0.7818314824680299,0.6234898018587334,0,1,51.2
00017_13-04-2025-14.42,179.0,-84.0,55.14,-15.0,89.62,45.0,73.5,105.0,89.97,0.8660254037844387,-0.49999999999999983,-0.7818314824680299,0.6234898018587334,1,0,87.36
00002_13-04-2025-16.37,157.0,-70.2,73.5,-10.2,89.97,19.8,84.47,49.8,69.84,0.8660254037844387,-0.49999999999999983,-0.7818314824680299,0.6234898018587334,1,0,86.98
00015_13-04-2025-17.17,157.0,-49.8,89.97,-19.8,84.47,10.2,69.84,40.2,75.47,0.8660254037844387,-0.49999999999999983,-0.7818314824680299,0.6234898018587334,0,1,73.71
00009_13-04-2025-17.22,172.0,-55.2,89.97,-25.2,84.47,4.8,69.84,34.8,75.47,0.8660254037844387,-0.49999999999999983,-0.7818314824680299,0.6234898018587334,1,0,75.34
00002_13-04-2025-18.32,157.0,-34.8,75.47,-4.8,114.9,25.2,106.04,62.4,90.28,0.8660254037844387,-0.49999999999999983,-0.7818314824680299,0.6234898018587334,1,0,88.49
00009_13-04-2025-19.29,172.0,-61.8,114.9,-31.8,106.04,5.4,90.28,36.0,64.99,0.8660254037844387,-0.49999999999999983,-0.7818314824680299,0.6234898018587334,1,0,80.79
00009_13-04-2025-20.22,172.0,-48.0,90.28,-17.4,64.99,4.8,68.95,45.0,129.38,0.8660254037844387,-0.49999999999999983,-0.7818314824680299,0.6234898018587334,1,0,87.61
00005_13-04-2025-21.02,172.0,-57.0,64.99,-34.8,68.95,5.4,129.38,550.2,27.62,0.8660254037844387,-0.49999999999999983,-0.7818314824680299,0.6234898018587334,0,1,79.34
00002_14-04-2025-06.22,157.0,-555.0,129.38,-10.2,27.62,4.8,57.18,34.8,56.5,0.8660254037844387,-0.49999999999999983,0.0,1.0,1,0,46.68
00005_14-04-2025-07.02,172.0,-34.8,57.18,-4.8,56.5,25.2,58.21,55.2,63.31,0.8660254037844387,-0.49999999999999983,0.0,1.0,0,1,22.52
00002_14-04-2025-07.22,157.0,-55.2,57.18,-25.2,56.5,4.8,58.21,34.8,63.31,0.8660254037844387,-0.49999999999999983,0.0,1.0,1,0,37.84
00002_14-04-2025-08.32,157.0,-34.8,63.31,-4.8,65.24,25.2,50.46,55.2,76.19,0.8660254037844387,-0.49999999999999983,0.0,1.0,1,0,38.35
00009_14-04-2025-09.22,172.0,-55.2,65.24,-25.2,50.46,4.8,76.19,64.8,35.72,0.8660254037844387,-0.49999999999999983,0.0,1.0,1,0,43.87
00009_14-04-2025-09.57,172.0,-60.0,50.46,-30.0,76.19,30.0,35.72,90.0,36.8,0.8660254037844387,-0.49999999999999983,0.0,1.0,1,0,20.64
00011_14-04-2025-10.02,182.0,-64.8,50.46,-34.8,76.19,25.2,35.72,85.2,36.8,0.8660254037844387,-0.49999999999999983,0.0,1.0,0,1,34.16
00009_14-04-2025-11.22,172.0,-115.2,76.19,-55.2,35.72,4.8,36.8,64.8,49.14,0.8660254037844387,-0.49999999999999983,0.0,1.0,1,0,26.92
00009_14-04-2025-12.22,172.0,-115.2,35.72,-55.2,36.8,4.8,49.14,34.8,46.84,0.8660254037844387,-0.49999999999999983,0.0,1.0,1,0,38.76
00009_14-04-2025-14.02,172.0,-64.8,46.84,-43.8,68.94,25.2,26.95,55.2,43.54,0.8660254037844387,-0.49999999999999983,0.0,1.0,1,0,26.16
00015_14-04-2025-14.12,157.0,-75.0,46.84,-54.0,68.94,15.0,26.95,45.0,43.54,0.8660254037844387,-0.49999999999999983,0.0,1.0,0,1,24.4
00017_14-04-2025-14.42,179.0,-84.0,68.94,-15.0,26.95,15.0,43.54,45.0,37.09,0.8660254037844387,-0.49999999999999983,0.0,1.0,1,0,48.62
00002_14-04-2025-16.37,157.0,-40.2,29.16,-10.2,65.13,19.8,47.33,49.8,57.61,0.8660254037844387,-0.49999999999999983,0.0,1.0,1,0,20.57
00015_14-04-2025-17.17,157.0,-49.8,65.13,-19.8,47.33,10.2,57.61,40.2,32.61,0.8660254037844387,-0.49999999999999983,0.0,1.0,0,1,30.17
00009_14-04-2025-17.22,172.0,-55.2,65.13,-25.2,47.33,4.8,57.61,34.8,32.61,0.8660254037844387,-0.49999999999999983,0.0,1.0,1,0,49.9
00002_14-04-2025-18.32,157.0,-34.8,32.61,-4.8,49.3,25.2,28.36,62.4,20.64,0.8660254037844387,-0.49999999999999983,0.0,1.0,1,0,30.01
00009_14-04-2025-19.29,172.0,-61.8,49.3,-31.8,28.36,5.4,20.64,36.0,45.51,0.8660254037844387,-0.49999999999999983,0.0,1.0,1,0,40.7
00009_14-04-2025-20.22,172.0,-48.0,20.64,-17.4,45.51,4.8,29.3,45.0,34.27,0.8660254037844387,-0.49999999999999983,0.0,1.0,1,0,36.98
00005_14-04-2025-21.02,172.0,-57.0,45.51,-34.8,29.3,5.4,34.27,550.2,32.98,0.8660254037844387,-0.49999999999999983,0.0,1.0,0,1,31.25
00002_15-04-2025-06.22,157.0,-555.0,34.27,-10.2,32.98,4.8,27.31,34.8,106.31,0.8660254037844387,-0.49999999999999983,0.7818314824680298,0.6234898018587336,1,0,41.54
00005_15-04-2025-07.02,172.0,-34.8,27.31,-4.8,106.31,25.2,29.38,55.2,29.67,0.8660254037844387,-0.49999999999999983,0.7818314824680298,0.6234898018587336,0,1,52.75
00002_15-04-2025-07.22,157.0,-55.2,27.31,-25.2,106.31,4.8,29.38,34.8,29.67,0.8660254037844387,-0.49999999999999983,0.7818314824680298,0.6234898018587336,1,0,36.65
00002_15-04-2025-08.32,157.0,-34.8,29.67,-4.8,59.85,25.2,29.73,55.2,65.38,0.8660254037844387,-0.49999999999999983,0.7818314824680298,0.6234898018587336,1,0,31.89
00009_15-04-2025-09.22,172.0,-55.2,59.85,-25.2,29.73,4.8,65.38,64.8,35.53,0.8660254037844387,-0.49999999999999983,0.7818314824680298,0.6234898018587336,1,0,41.0
00009_15-04-2025-09.57,172.0,-60.0,29.73,-30.0,65.38,30.0,35.53,90.0,44.79,0.8660254037844387,-0.49999999999999983,0.7818314824680298,0.6234898018587336,1,0,30.7
00011_15-04-2025-10.02,182.0,-64.8,29.73,-34.8,65.38,25.2,35.53,85.2,44.79,0.8660254037844387,-0.49999999999999983,0.7818314824680298,0.6234898018587336,0,1,28.45
00009_15-04-2025-11.22,172.0,-115.2,65.38,-55.2,35.53,4.8,44.79,64.8,27.7,0.8660254037844387,-0.49999999999999983,0.7818314824680298,0.6234898018587336,1,0,45.47
00009_15-04-2025-12.22,172.0,-115.2,35.53,-55.2,44.79,4.8,27.7,34.8,46.19,0.8660254037844387,-0.49999999999999983,0.7818314824680298,0.6234898018587336,1,0,20.91
00009_15-04-2025-14.02,172.0,-64.8,46.19,-43.8,48.24,25.2,75.85,55.2,42.72,0.8660254037844387,-0.49999999999999983,0.7818314824680298,0.6234898018587336,1,0,40.53
00015_15-04-2025-14.12,157.0,-75.0,46.19,-54.0,48.24,15.0,75.85,45.0,42.72,0.8660254037844387,-0.49999999999999983,0.7818314824680298,0.6234898018587336,0,1,26.92
00017_15-04-2025-14.42,179.0,-84.0,48.24,-15.0,75.85,15.0,42.72,45.0,29.81,0.8660254037844387,-0.49999999999999983,0.7818314824680298,0.6234898018587336,1,0,37.7
00002_15-04-2025-16.37,157.0,-40.2,47.15,-10.2,23.92,19.8,46.97,49.8,62.18,0.8660254037844387,-0.49999999999999983,0.7818314824680298,0.6234898018587336,1,0,27.88
00015_15-04-2025-17.17,157.0,-49.8,23.92,-19.8,46.97,10.2,62.18,40.2,68.1,0.8660254037844387,-0.49999999999999983,0.7818314824680298,0.6234898018587336,0,1,43.26
00009_15-04-2025-17.22,172.0,-55.2,23.92,-25.2,46.97,4.8,62.18,34.8,68.1,0.8660254037844387,-0.49999999999999983,0.7818314824680298,0.6234898018587336,1,0,61.89
00002_15-04-2025-18.32,157.0,-34.8,68.1,-4.8,49.44,25.2,29.8,62.4,29.0,0.8660254037844387,-0.49999999999999983,0.7818314824680298,0.6234898018587336,1,0,42.26
00009_15-04-2025-19.29,172.0,-61.8,49.44,-31.8,29.8,5.4,29.0,36.0,31.85,0.8660254037844387,-0.49999999999999983,0.7818314824680298,0.6234898018587336,1,0,47.21
00009_15-04-2025-20.22,172.0,-48.0,29.0,-17.4,31.85,4.8,40.51,45.0,54.96,0.8660254037844387,-0.49999999999999983,0.7818314824680298,0.6234898018587336,1,0,34.72
00005_15-04-2025-21.02,172.0,-57.0,31.85,-34.8,40.51,5.4,54.96,550.2,32.76,0.8660254037844387,-0.49999999999999983,0.7818314824680298,0.6234898018587336,0,1,26.97
00002_16-04-2025-06.22,157.0,-555.0,54.96,-10.2,32.76,4.8,38.92,34.8,99.0,0.8660254037844387,-0.49999999999999983,0.9749279121818236,-0.22252093395631434,1,0,16.42
00005_16-04-2025-07.02,172.0,-34.8,38.92,-4.8,99.0,25.2,51.58,55.2,49.3,0.8660254037844387,-0.49999999999999983,0.9749279121818236,-0.22252093395631434,0,1,64.64
00002_16-04-2025-07.22,157.0,-55.2,38.92,-25.2,99.0,4.8,51.58,34.8,49.3,0.8660254037844387,-0.49999999999999983,0.9749279121818236,-0.22252093395631434,1,0,29.29
00002_16-04-2025-08.32,157.0,-34.8,49.3,-4.8,80.01,25.2,55.98,55.2,78.61,0.8660254037844387,-0.49999999999999983,0.9749279121818236,-0.22252093395631434,1,0,42.74
00009_16-04-2025-09.22,172.0,-55.2,80.01,-25.2,55.98,4.8,78.61,64.8,45.05,0.8660254037844387,-0.49999999999999983,0.9749279121818236,-0.22252093395631434,1,0,55.85
00009_16-04-2025-09.57,172.0,-60.0,55.98,-30.0,78.61,30.0,45.05,90.0,57.03,0.8660254037844387,-0.49999999999999983,0.9749279121818236,-0.22252093395631434,1,0,28.02
00011_16-04-2025-10.02,182.0,-64.8,55.98,-34.8,78.61,25.2,45.05,85.2,57.03,0.8660254037844387,-0.49999999999999983,0.9749279121818236,-0.22252093395631434,0,1,49.87
00009_16-04-2025-11.22,172.0,-115.2,78.61,-55.2,45.05,4.8,57.03,64.8,49.49,0.8660254037844387,-0.49999999999999983,0.9749279121818236,-0.22252093395631434,1,0,53.68
00009_16-04-2025-12.22,172.0,-115.2,45.05,-55.2,57.03,4.8,49.49,34.8,38.0,0.8660254037844387,-0.49999999999999983,0.9749279121818236,-0.22252093395631434,1,0,21.62
00009_16-04-2025-14.02,172.0,-64.8,38.0,-43.8,48.24,25.2,32.91,55.2,59.38,0.8660254037844387,-0.49999999999999983,0.9749279121818236,-0.22252093395631434,1,0,26.87
00015_16-04-2025-14.12,157.0,-75.0,38.0,-54.0,48.24,15.0,32.91,45.0,59.38,0.8660254037844387,-0.49999999999999983,0.9749279121818236,-0.22252093395631434,0,1,39.32
00017_16-04-2025-14.42,179.0,-84.0,48.24,-15.0,32.91,15.0,59.38,45.0,33.82,0.8660254037844387,-0.49999999999999983,0.9749279121818236,-0.22252093395631434,1,0,42.81
00002_16-04-2025-16.37,157.0,-40.2,51.01,-10.2,54.76,19.8,123.84,49.8,28.26,0.8660254037844387,-0.49999999999999983,0.9749279121818236,-0.22252093395631434,1,0,37.5
00015_16-04-2025-17.17,157.0,-49.8,54.76,-19.8,123.84,10.2,28.26,40.2,45.96,0.8660254037844387,-0.49999999999999983,0.9749279121818236,-0.22252093395631434,0,1,37.17
00009_16-04-2025-17.22,172.0,-55.2,54.76,-25.2,123.84,4.8,28.26,34.8,45.96,0.8660254037844387,-0.49999999999999983,0.9749279121818236,-0.22252093395631434,1,0,52.89
00002_16-04-2025-18.32,157.0,-34.8,45.96,-4.8,58.63,25.2,98.81,62.4,24.6,0.8660254037844387,-0.49999999999999983,0.9749279121818236,-0.22252093395631434,1,0,41.64
00009_16-04-2025-19.29,172.0,-61.8,58.63,-31.8,98.81,5.4,24.6,36.0,54.4,0.8660254037844387,-0.49999999999999983,0.9749279121818236,-0.22252093395631434,1,0,32.98
00009_16-04-2025-20.22,172.0,-48.0,24.6,-17.4,54.4,4.8,38.2,45.0,31.52,0.8660254037844387,-0.49999999999999983,0.9749279121818236,-0.22252093395631434,1,0,27.9
00005_16-04-2025-21.02,172.0,-57.0,54.4,-34.8,38.2,5.4,31.52,550.2,32.29,0.8660254037844387,-0.49999999999999983,0.9749279121818236,-0.22252093395631434,0,1,35.25
00002_17-04-2025-06.22,157.0,-555.0,31.52,-10.2,32.29,4.8,19.23,34.8,65.33,0.8660254037844387,-0.49999999999999983,0.43388373911755823,-0.900968867902419,1,0,20.06
00005_17-04-2025-07.02,172.0,-34.8,19.23,-4.8,65.33,25.2,37.72,55.2,52.84,0.8660254037844387,-0.49999999999999983,0.43388373911755823,-0.900968867902419,0,1,28.76
00002_17-04-2025-07.22,157.0,-55.2,19.23,-25.2,65.33,4.8,37.72,34.8,52.84,0.8660254037844387,-0.49999999999999983,0.43388373911755823,-0.900968867902419,1,0,20.87
00002_17-04-2025-08.32,157.0,-34.8,52.84,-4.8,63.37,25.2,78.12,55.2,62.62,0.8660254037844387,-0.49999999999999983,0.43388373911755823,-0.900968867902419,1,0,51.7
00009_17-04-2025-09.22,172.0,-55.2,63.37,-25.2,78.12,4.8,62.62,64.8,52.51,0.8660254037844387,-0.49999999999999983,0.43388373911755823,-0.900968867902419,1,0,51.86
00009_17-04-2025-09.57,172.0,-60.0,78.12,-30.0,62.62,30.0,52.51,90.0,39.82,0.8660254037844387,-0.49999999999999983,0.43388373911755823,-0.900968867902419,1,0,60.55
00011_17-04-2025-10.02,182.0,-64.8,78.12,-34.8,62.62,25.2,52.51,85.2,39.82,0.8660254037844387,-0.49999999999999983,0.43388373911755823,-0.900968867902419,0,1,56.88
00009_17-04-2025-11.22,172.0,-115.2,62.62,-55.2,52.51,4.8,39.82,64.8,47.45,0.8660254037844387,-0.49999999999999983,0.43388373911755823,-0.900968867902419,1,0,48.27
00009_17-04-2025-12.22,172.0,-115.2,52.51,-55.2,39.82,4.8,47.45,34.8,60.23,0.8660254037844387,-0.49999999999999983,0.43388373911755823,-0.900968867902419,1,0,26.84
00002_17-04-2025-16.37,157.0,-40.2,102.04,-10.2,70.33,19.8,158.44,49.8,116.52,0.8660254037844387,-0.49999999999999983,0.43388373911755823,-0.900968867902419,1,0,48.3
00015_17-04-2025-17.17,157.0,-49.8,70.33,-19.8,158.44,10.2,116.52,40.2,65.5,0.8660254037844387,-0.49999999999999983,0.43388373911755823,-0.900968867902419,0,1,52.67
00009_17-04-2025-17.22,172.0,-55.2,70.33,-25.2,158.44,4.8,116.52,34.8,65.5,0.8660254037844387,-0.49999999999999983,0.43388373911755823,-0.900968867902419,1,0,95.68
00002_17-04-2025-18.32,157.0,-34.8,65.5,-4.8,64.93,25.2,83.63,62.4,37.3,0.8660254037844387,-0.49999999999999983,0.43388373911755823,-0.900968867902419,1,0,37.28
00009_17-04-2025-19.29,172.0,-61.8,64.93,-31.8,83.63,5.4,37.3,36.0,49.72,0.8660254037844387,-0.49999999999999983,0.43388373911755823,-0.900968867902419,1,0,42.06
00009_17-04-2025-20.22,172.0,-48.0,37.3,-17.4,49.72,4.8,62.18,45.0,35.91,0.8660254037844387,-0.49999999999999983,0.43388373911755823,-0.900968867902419,1,0,54.48
00005_17-04-2025-21.02,172.0,-57.0,49.72,-34.8,62.18,5.4,35.91,565.2,19.1,0.8660254037844387,-0.49999999999999983,0.43388373911755823,-0.900968867902419,0,1,32.01
00002_18-04-2025-06.22,157.0,-595.2,62.18,-555.0,35.91,4.8,19.1,34.8,38.49,0.8660254037844387,-0.49999999999999983,-0.433883739117558,-0.9009688679024191,1,0,28.08
00005_18-04-2025-07.02,172.0,-34.8,19.1,-4.8,38.49,25.2,66.51,55.2,44.91,0.8660254037844387,-0.49999999999999983,-0.433883739117558,-0.9009688679024191,0,1,49.66
00002_18-04-2025-07.22,157.0,-55.2,19.1,-25.2,38.49,4.8,66.51,34.8,44.91,0.8660254037844387,-0.49999999999999983,-0.433883739117558,-0.9009688679024191,1,0,43.14
00002_18-04-2025-08.32,157.0,-64.8,66.51,-34.8,44.91,25.2,113.02,55.2,74.11,0.8660254037844387,-0.49999999999999983,-0.433883739117558,-0.9009688679024191,1,0,28.75
00009_18-04-2025-09.22,172.0,-85.2,44.91,-25.2,113.02,4.8,74.11,64.8,53.65,0.8660254037844387,-0.49999999999999983,-0.433883739117558,-0.9009688679024191,1,0,47.11
00009_18-04-2025-09.57,172.0,-60.0,113.02,-30.0,74.11,30.0,53.65,90.0,112.91,0.8660254037844387,-0.49999999999999983,-0.433883739117558,-0.9009688679024191,1,0,78.14
00011_18-04-2025-10.02,182.0,-64.8,113.02,-34.8,74.11,25.2,53.65,85.2,112.91,0.8660254037844387,-0.49999999999999983,-0.433883739117558,-0.9009688679024191,0,1,51.71
00009_18-04-2025-11.22,172.0,-115.2,74.11,-55.2,53.65,4.8,112.91,64.8,31.28,0.8660254037844387,-0.49999999999999983,-0.433883739117558,-0.9009688679024191,1,0,59.33
00009_18-04-2025-12.22,172.0,-115.2,53.65,-55.2,112.91,4.8,31.28,34.8,83.34,0.8660254037844387,-0.49999999999999983,-0.433883739117558,-0.9009688679024191,1,0,43.6
00009_18-04-2025-14.02,172.0,-43.8,55.14,-4.8,83.75,25.2,100.49,55.2,99.76,0.8660254037844387,-0.49999999999999983,-0.433883739117558,-0.9009688679024191,1,0,70.33
00015_18-04-2025-14.12,157.0,-54.0,55.14,-15.0,83.75,15.0,100.49,45.0,99.76,0.8660254037844387,-0.49999999999999983,-0.433883739117558,-0.9009688679024191,0,1,45.16
00017_18-04-2025-14.42,179.0,-45.0,83.75,-15.0,100.49,15.0,99.76,45.0,47.22,0.8660254037844387,-0.49999999999999983,-0.433883739117558,-0.9009688679024191,1,0,72.39
00002_18-04-2025-16.37,157.0,-40.2,83.87,-10.2,75.41,19.8,97.54,49.8,43.41,0.8660254037844387,-0.49999999999999983,-0.433883739117558,-0.9009688679024191,1,0,68.98
00015_18-04-2025-17.17,157.0,-49.8,75.41,-19.8,97.54,10.2,43.41,40.2,45.08,0.8660254037844387,-0.49999999999999983,-0.433883739117558,-0.9009688679024191,0,1,48.21
00009_18-04-2025-17.22,172.0,-55.2,75.41,-25.2,97.54,4.8,43.41,34.8,45.08,0.8660254037844387,-0.49999999999999983,-0.433883739117558,-0.9009688679024191,1,0,53.65
00002_18-04-2025-18.32,157.0,-34.8,45.08,-4.8,71.8,25.2,64.98,62.4,39.89,0.8660254037844387,-0.49999999999999983,-0.433883739117558,-0.9009688679024191,1,0,42.78
00009_18-04-2025-19.29,172.0,-61.8,71.8,-31.8,64.98,5.4,39.89,36.0,54.72,0.8660254037844387,-0.49999999999999983,-0.433883739117558,-0.9009688679024191,1,0,50.19
00009_18-04-2025-20.22,172.0,-48.0,39.89,-17.4,54.72,4.8,34.9,45.0,82.1,0.8660254037844387,-0.49999999999999983,-0.433883739117558,-0.9009688679024191,1,0,45.85
00005_18-04-2025-21.02,172.0,-57.0,54.72,-34.8,34.9,5.4,82.1,565.2,20.71,0.8660254037844387,-0.49999999999999983,-0.433883739117558,-0.9009688679024191,0,1,33.54
00005_19-04-2025-07.02,172.0,-594.6,82.1,-34.8,20.71,25.2,57.07,85.2,41.44,0.8660254037844387,-0.49999999999999983,-0.9749279121818236,-0.2225209339563146,0,1,40.63
00009_19-04-2025-08.07,172.0,-100.2,20.71,-40.2,57.07,19.8,41.44,49.8,47.33,0.8660254037844387,-0.49999999999999983,-0.9749279121818236,-0.2225209339563146,1,0,34.3
00009_19-04-2025-09.22,172.0,-55.2,41.44,-25.2,47.33,4.8,44.01,64.8,44.06,0.8660254037844387,-0.49999999999999983,-0.9749279121818236,-0.2225209339563146,1,0,35.85
00009_19-04-2025-09.57,172.0,-60.0,47.33,-30.0,44.01,30.0,44.06,90.0,62.59,0.8660254037844387,-0.49999999999999983,-0.9749279121818236,-0.2225209339563146,1,0,35.74
00011_19-04-2025-10.02,182.0,-64.8,47.33,-34.8,44.01,25.2,44.06,85.2,62.59,0.8660254037844387,-0.49999999999999983,-0.9749279121818236,-0.2225209339563146,0,1,28.93
00009_19-04-2025-11.22,172.0,-115.2,44.01,-55.2,44.06,4.8,62.59,64.8,55.5,0.8660254037844387,-0.49999999999999983,-0.9749279121818236,-0.2225209339563146,1,0,37.72
00009_19-04-2025-12.22,172.0,-115.2,44.06,-55.2,62.59,4.8,55.5,55.8,82.74,0.8660254037844387,-0.49999999999999983,-0.9749279121818236,-0.2225209339563146,1,0,49.15
00015_19-04-2025-14.12,157.0,-105.0,55.5,-54.0,82.74,75.0,31.2,135.0,84.46,0.8660254037844387,-0.49999999999999983,-0.9749279121818236,-0.2225209339563146,0,1,31.95
00017_19-04-2025-14.42,179.0,-135.0,55.5,-84.0,82.74,45.0,31.2,105.0,84.46,0.8660254037844387,-0.49999999999999983,-0.9749279121818236,-0.2225209339563146,1,0,22.67
00002_19-04-2025-16.37,157.0,-70.2,31.2,-10.2,84.46,49.8,26.44,109.8,101.12,0.8660254037844387,-0.49999999999999983,-0.9749279121818236,-0.2225209339563146,1,0,39.45
00015_19-04-2025-17.17,157.0,-109.8,31.2,-49.8,84.46,10.2,26.44,70.2,101.12,0.8660254037844387,-0.49999999999999983,-0.9749279121818236,-0.2225209339563146,0,1,24.01
00009_19-04-2025-19.29,172.0,-121.8,26.44,-61.8,101.12,5.4,23.2,58.2,11.94,0.8660254037844387,-0.49999999999999983,-0.9749279121818236,-0.2225209339563146,1,0,24.26
00009_19-04-2025-20.22,172.0,-115.2,101.12,-48.0,23.2,4.8,11.94,604.8,49.81,0.8660254037844387,-0.49999999999999983,-0.9749279121818236,-0.2225209339563146,1,0,33.45
00005_19-04-2025-21.02,172.0,-87.6,23.2,-34.8,11.94,565.2,49.81,625.2,54.51,0.8660254037844387,-0.49999999999999983,-0.9749279121818236,-0.2225209339563146,0,1,27.16
00005_20-04-2025-07.02,172.0,-634.8,11.94,-34.8,49.81,25.2,54.51,85.2,96.69,0.8660254037844387,-0.49999999999999983,-0.7818314824680299,0.6234898018587334,0,1,38.03
00009_20-04-2025-08.07,172.0,-100.2,49.81,-40.2,54.51,19.8,96.69,79.8,70.13,0.8660254037844387,-0.49999999999999983,-0.7818314824680299,0.6234898018587334,1,0,63.26
00009_20-04-2025-09.22,172.0,-115.2,54.51,-55.2,96.69,4.8,70.13,64.8,46.31,0.8660254037844387,-0.49999999999999983,-0.7818314824680299,0.6234898018587334,1,0,55.08
00009_20-04-2025-09.57,172.0,-90.0,96.69,-30.0,70.13,30.0,46.31,90.0,131.47,0.8660254037844387,-0.49999999999999983,-0.7818314824680299,0.6234898018587334,1,0,69.52
00011_20-04-2025-10.02,182.0,-94.8,96.69,-34.8,70.13,25.2,46.31,85.2,131.47,0.8660254037844387,-0.49999999999999983,-0.7818314824680299,0.6234898018587334,0,1,46.41
00009_20-04-2025-11.22,172.0,-115.2,70.13,-55.2,46.31,4.8,131.47,64.8,65.53,0.8660254037844387,-0.49999999999999983,-0.7818314824680299,0.6234898018587334,1,0,73.84
00009_20-04-2025-12.22,172.0,-115.2,46.31,-55.2,131.47,4.8,65.53,55.8,55.14,0.8660254037844387,-0.49999999999999983,-0.7818314824680299,0.6234898018587334,1,0,53.06
00009_20-04-2025-14.02,172.0,-94.8,65.53,-43.8,55.14,25.2,113.0,85.2,66.46,0.8660254037844387,-0.49999999999999983,-0.7818314824680299,0.6234898018587334,1,0,87.74
00015_20-04-2025-14.12,157.0,-105.0,65.53,-54.0,55.14,15.0,113.0,75.0,66.46,0.8660254037844387,-0.49999999999999983,-0.7818314824680299,0.6234898018587334,0,1,57.1
00017_20-04-2025-14.42,179.0,-84.0,55.14,-15.0,113.0,45.0,66.46,105.0,71.7,0.8660254037844387,-0.49999999999999983,-0.7818314824680299,0.6234898018587334,1,0,79.62
00002_20-04-2025-16.37,157.0,-70.2,66.46,-10.2,71.7,19.8,65.02,49.8,68.19,0.8660254037844387,-0.49999999999999983,-0.7818314824680299,0.6234898018587334,1,0,94.35
00015_20-04-2025-17.17,157.0,-49.8,71.7,-19.8,65.02,10.2,68.19,40.2,62.84,0.8660254037844387,-0.49999999999999983,-0.7818314824680299,0.6234898018587334,0,1,64.14
00009_20-04-2025-17.22,172.0,-55.2,71.7,-25.2,65.02,4.8,68.19,34.8,62.84,0.8660254037844387,-0.49999999999999983,-0.7818314824680299,0.6234898018587334,1,0,90.43
00002_20-04-2025-18.32,157.0,-34.8,62.84,-4.8,90.44,25.2,103.6,62.4,77.09,0.8660254037844387,-0.49999999999999983,-0.7818314824680299,0.6234898018587334,1,0,81.66
00009_20-04-2025-19.29,172.0,-61.8,90.44,-31.8,103.6,5.4,77.09,36.0,65.82,0.8660254037844387,-0.49999999999999983,-0.7818314824680299,0.6234898018587334,1,0,61.7
00009_20-04-2025-20.22,172.0,-48.0,77.09,-17.4,65.82,4.8,80.34,45.0,125.98,0.8660254037844387,-0.49999999999999983,-0.7818314824680299,0.6234898018587334,1,0,88.93
00005_20-04-2025-21.02,172.0,-57.0,65.82,-34.8,80.34,5.4,125.98,550.2,28.69,0.8660254037844387,-0.49999999999999983,-0.7818314824680299,0.6234898018587334,0,1,72.22
00002_21-04-2025-06.22,157.0,-555.0,125.98,-10.2,28.69,4.8,50.08,34.8,68.02,0.8660254037844387,-0.49999999999999983,0.0,1.0,1,0,37.55
00005_21-04-2025-07.02,172.0,-34.8,50.08,-4.8,68.02,25.2,51.95,55.2,65.02,0.8660254037844387,-0.49999999999999983,0.0,1.0,0,1,24.03
00002_21-04-2025-07.22,157.0,-55.2,50.08,-25.2,68.02,4.8,51.95,34.8,65.02,0.8660254037844387,-0.49999999999999983,0.0,1.0,1,0,46.71
00002_21-04-2025-08.32,157.0,-34.8,65.02,-4.8,76.67,25.2,46.6,55.2,75.16,0.8660254037844387,-0.49999999999999983,0.0,1.0,1,0,39.62
00009_21-04-2025-09.22,172.0,-55.2,76.67,-25.2,46.6,4.8,75.16,64.8,34.18,0.8660254037844387,-0.49999999999999983,0.0,1.0,1,0,74.75
00009_21-04-2025-09.57,172.0,-60.0,46.6,-30.0,75.16,30.0,34.18,90.0,32.12,0.8660254037844387,-0.49999999999999983,0.0,1.0,1,0,30.82
00011_21-04-2025-10.02,182.0,-64.8,46.6,-34.8,75.16,25.2,34.18,85.2,32.12,0.8660254037844387,-0.49999999999999983,0.0,1.0,0,1,37.35
00009_21-04-2025-11.22,172.0,-115.2,75.16,-55.2,34.18,4.8,32.12,64.8,53.63,0.8660254037844387,-0.49999999999999983,0.0,1.0,1,0,39.2
00009_21-04-2025-12.22,172.0,-115.2,34.18,-55.2,32.12,4.8,53.63,34.8,46.09,0.8660254037844387,-0.49999999999999983,0.0,1.0,1,0,10.0
00009_21-04-2025-14.02,172.0,-64.8,46.09,-43.8,68.94,25.2,36.38,55.2,43.49,0.8660254037844387,-0.49999999999999983,0.0,1.0,1,0,42.18
00015_21-04-2025-14.12,157.0,-75.0,46.09,-54.0,68.94,15.0,36.38,45.0,43.49,0.8660254037844387,-0.49999999999999983,0.0,1.0,0,1,20.67
00017_21-04-2025-14.42,179.0,-84.0,68.94,-15.0,36.38,15.0,43.49,45.0,35.4,0.8660254037844387,-0.49999999999999983,0.0,1.0,1,0,32.1
00002_21-04-2025-16.37,157.0,-40.2,49.46,-10.2,77.56,19.8,54.77,49.8,54.35,0.8660254037844387,-0.49999999999999983,0.0,1.0,1,0,30.46
00015_21-04-2025-17.17,157.0,-49.8,77.56,-19.8,54.77,10.2,54.35,40.2,43.86,0.8660254037844387,-0.49999999999999983,0.0,1.0,0,1,16.68
00009_21-04-2025-17.22,172.0,-55.2,77.56,-25.2,54.77,4.8,54.35,34.8,43.86,0.8660254037844387,-0.49999999999999983,0.0,1.0,1,0,39.58
00002_21-04-2025-18.32,157.0,-34.8,43.86,-4.8,65.03,25.2,31.32,62.4,21.61,0.8660254037844387,-0.49999999999999983,0.0,1.0,1,0,33.97
00009_21-04-2025-19.29,172.0,-61.8,65.03,-31.8,31.32,5.4,21.61,36.0,21.86,0.8660254037844387,-0.49999999999999983,0.0,1.0,1,0,49.3
00009_21-04-2025-20.22,172.0,-48.0,21.61,-17.4,21.86,4.8,18.21,45.0,32.96,0.8660254037844387,-0.49999999999999983,0.0,1.0,1,0,10.0
00005_21-04-2025-21.02,172.0,-57.0,21.86,-34.8,18.21,5.4,32.96,550.2,34.65,0.8660254037844387,-0.49999999999999983,0.0,1.0,0,1,21.87
00002_22-04-2025-06.22,157.0,-555.0,32.96,-10.2,34.65,4.8,36.12,34.8,124.27,0.8660254037844387,-0.49999999999999983,0.7818314824680298,0.6234898018587336,1,0,44.77
00005_22-04-2025-07.02,172.0,-34.8,36.12,-4.8,124.27,25.2,30.75,55.2,42.66,0.8660254037844387,-0.49999999999999983,0.7818314824680298,0.6234898018587336,0,1,53.31
00002_22-04-2025-07.22,157.0,-55.2,36.12,-25.2,124.27,4.8,30.75,34.8,42.66,0.8660254037844387,-0.49999999999999983,0.7818314824680298,0.6234898018587336,1,0,42.85
00002_22-04-2025-08.32,157.0,-34.8,42.66,-4.8,71.45,25.2,28.67,55.2,64.47,0.8660254037844387,-0.49999999999999983,0.7818314824680298,0.6234898018587336,1,0,35.7
00009_22-04-2025-09.22,172.0,-55.2,71.45,-25.2,28.67,4.8,64.47,64.8,35.85,0.8660254037844387,-0.49999999999999983,0.7818314824680298,0.6234898018587336,1,0,26.96
00009_22-04-2025-09.57,172.0,-60.0,28.67,-30.0,64.47,30.0,35.85,90.0,25.82,0.8660254037844387,-0.49999999999999983,0.7818314824680298,0.6234898018587336,1,0,36.59
00011_22-04-2025-10.02,182.0,-64.8,28.67,-34.8,64.47,25.2,35.85,85.2,25.82,0.8660254037844387,-0.49999999999999983,0.7818314824680298,0.6234898018587336,0,1,34.85
00009_22-04-2025-11.22,172.0,-115.2,64.47,-55.2,35.85,4.8,25.82,64.8,56.94,0.8660254037844387,-0.49999999999999983,0.7818314824680298,0.6234898018587336,1,0,26.98
00009_22-04-2025-12.22,172.0,-115.2,35.85,-55.2,25.82,4.8,56.94,34.8,36.11,0.8660254037844387,-0.49999999999999983,0.7818314824680298,0.6234898018587336,1,0,23.84
00009_22-04-2025-14.02,172.0,-64.8,36.11,-43.8,48.24,25.2,67.67,55.2,45.81,0.8660254037844387,-0.49999999999999983,0.7818314824680298,0.6234898018587336,1,0,33.88
00015_22-04-2025-14.12,157.0,-75.0,36.11,-54.0,48.24,15.0,67.67,45.0,45.81,0.8660254037844387,-0.49999999999999983,0.7818314824680298,0.6234898018587336,0,1,50.73
00017_22-04-2025-14.42,179.0,-84.0,48.24,-15.0,67.67,15.0,45.81,45.0,28.45,0.8660254037844387,-0.49999999999999983,0.7818314824680298,0.6234898018587336,1,0,41.99
00002_22-04-2025-16.37,157.0,-40.2,27.36,-10.2,27.86,19.8,74.73,49.8,63.38,0.8660254037844387,-0.49999999999999983,0.7818314824680298,0.6234898018587336,1,0,51.21
00015_22-04-2025-17.17,157.0,-49.8,27.86,-19.8,74.73,10.2,63.38,40.2,75.32,0.8660254037844387,-0.49999999999999983,0.7818314824680298,0.6234898018587336,0,1,19.31
00009_22-04-2025-17.22,172.0,-55.2,27.86,-25.2,74.73,4.8,63.38,34.8,75.32,0.8660254037844387,-0.49999999999999983,0.7818314824680298,0.6234898018587336,1,0,27.85
00002_22-04-2025-18.32,157.0,-34.8,75.32,-4.8,57.39,25.2,28.14,62.4,30.43,0.8660254037844387,-0.49999999999999983,0.7818314824680298,0.6234898018587336,1,0,44.88
00009_22-04-2025-19.29,172.0,-61.8,57.39,-31.8,28.14,5.4,30.43,36.0,49.43,0.8660254037844387,-0.49999999999999983,0.7818314824680298,0.6234898018587336,1,0,35.82
00009_22-04-2025-20.22,172.0,-48.0,30.43,-17.4,49.43,4.8,40.5,45.0,44.98,0.8660254037844387,-0.49999999999999983,0.7818314824680298,0.6234898018587336,1,0,34.9
00005_22-04-2025-21.02,172.0,-57.0,49.43,-34.8,40.5,5.4,44.98,550.2,36.33,0.8660254037844387,-0.49999999999999983,0.7818314824680298,0.6234898018587336,0,1,39.84
00002_23-04-2025-06.22,157.0,-555.0,44.98,-10.2,36.33,4.8,34.47,34.8,81.0,0.8660254037844387,-0.49999999999999983,0.9749279121818236,-0.22252093395631434,1,0,33.38
00005_23-04-2025-07.02,172.0,-34.8,34.47,-4.8,81.0,25.2,37.37,55.2,50.47,0.8660254037844387,-0.49999999999999983,0.9749279121818236,-0.22252093395631434,0,1,26.01
00002_23-04-2025-07.22,157.0,-55.2,34.47,-25.2,81.0,4.8,37.37,34.8,50.47,0.8660254037844387,-0.49999999999999983,0.9749279121818236,-0.22252093395631434,1,0,37.97
00002_23-04-2025-08.32,157.0,-34.8,50.47,-4.8,60.07,25.2,39.81,55.2,57.42,0.8660254037844387,-0.49999999999999983,0.9749279121818236,-0.22252093395631434,1,0,44.8
00009_23-04-2025-09.22,172.0,-55.2,60.07,-25.2,39.81,4.8,57.42,64.8,51.9,0.8660254037844387,-0.49999999999999983,0.9749279121818236,-0.22252093395631434,1,0,35.22
00009_23-04-2025-09.57,172.0,-60.0,39.81,-30.0,57.42,30.0,51.9,90.0,70.82,0.8660254037844387,-0.49999999999999983,0.9749279121818236,-0.22252093395631434,1,0,32.1
00011_23-04-2025-10.02,182.0,-64.8,39.81,-34.8,57.42,25.2,51.9,85.2,70.82,0.8660254037844387,-0.49999999999999983,0.9749279121818236,-0.22252093395631434,0,1,25.06
00009_23-04-2025-11.22,172.0,-115.2,57.42,-55.2,51.9,4.8,70.82,64.8,42.85,0.8660254037844387,-0.49999999999999983,0.9749279121818236,-0.22252093395631434,1,0,33.86
00009_23-04-2025-12.22,172.0,-115.2,51.9,-55.2,70.82,4.8,42.85,34.8,33.44,0.8660254037844387,-0.49999999999999983,0.9749279121818236,-0.22252093395631434,1,0,52.24
00009_23-04-2025-14.02,172.0,-64.8,33.44,-43.8,48.24,25.2,28.32,55.2,50.99,0.8660254037844387,-0.49999999999999983,0.9749279121818236,-0.22252093395631434,1,0,28.53
00015_23-04-2025-14.12,157.0,-75.0,33.44,-54.0,48.24,15.0,28.32,45.0,50.99,0.8660254037844387,-0.49999999999999983,0.9749279121818236,-0.22252093395631434,0,1,35.79
00017_23-04-2025-14.42,179.0,-84.0,48.24,-15.0,28.32,15.0,50.99,45.0,29.04,0.8660254037844387,-0.49999999999999983,0.9749279121818236,-0.22252093395631434,1,0,32.09
00002_23-04-2025-16.37,157.0,-40.2,50.67,-10.2,53.99,19.8,137.43,49.8,60.39,0.8660254037844387,-0.49999999999999983,0.9749279121818236,-0.22252093395631434,1,0,28.47
00015_23-04-2025-17.17,157.0,-49.8,53.99,-19.8,137.43,10.2,60.39,40.2,45.59,0.8660254037844387,-0.49999999999999983,0.9749279121818236,-0.22252093395631434,0,1,51.1
00009_23-04-2025-17.22,172.0,-55.2,53.99,-25.2,137.43,4.8,60.39,34.8,45.59,0.8660254037844387,-0.49999999999999983,0.9749279121818236,-0.22252093395631434,1,0,34.73
00002_23-04-2025-18.32,157.0,-34.8,45.59,-4.8,90.46,25.2,106.61,62.4,28.82,0.8660254037844387,-0.49999999999999983,0.9749279121818236,-0.22252093395631434,1,0,51.93
00009_23-04-2025-19.29,172.0,-61.8,90.46,-31.8,106.61,5.4,28.82,36.0,53.12,0.8660254037844387,-0.49999999999999983,0.9749279121818236,-0.22252093395631434,1,0,27.01
00009_23-04-2025-20.22,172.0,-48.0,28.82,-17.4,53.12,4.8,40.56,45.0,60.81,0.8660254037844387,-0.49999999999999983,0.9749279121818236,-0.22252093395631434,1,0,38.07
00005_23-04-2025-21.02,172.0,-57.0,53.12,-34.8,40.56,5.4,60.81,550.2,32.99,0.8660254037844387,-0.49999999999999983,0.9749279121818236,-0.22252093395631434,0,1,49.26
00002_24-04-2025-06.22,157.0,-555.0,60.81,-10.2,32.99,4.8,32.28,34.8,55.29,0.8660254037844387,-0.49999999999999983,0.43388373911755823,-0.900968867902419,1,0,21.09
00005_24-04-2025-07.02,172.0,-34.8,32.28,-4.8,55.29,25.2,22.45,55.2,33.78,0.8660254037844387,-0.49999999999999983,0.43388373911755823,-0.900968867902419,0,1,40.98
00002_24-04-2025-07.22,157.0,-55.2,32.28,-25.2,55.29,4.8,22.45,34.8,33.78,0.8660254037844387,-0.49999999999999983,0.43388373911755823,-0.900968867902419,1,0,27.36
00002_24-04-2025-08.32,157.0,-34.8,33.78,-4.8,58.84,25.2,60.67,55.2,48.36,0.8660254037844387,-0.49999999999999983,0.43388373911755823,-0.900968867902419,1,0,67.03
00009_24-04-2025-09.22,172.0,-55.2,58.84,-25.2,60.67,4.8,48.36,64.8,52.73,0.8660254037844387,-0.49999999999999983,0.43388373911755823,-0.900968867902419,1,0,77.33
00009_24-04-2025-09.57,172.0,-60.0,60.67,-30.0,48.36,30.0,52.73,90.0,62.12,0.8660254037844387,-0.49999999999999983,0.43388373911755823,-0.900968867902419,1,0,41.04
00011_24-04-2025-10.02,182.0,-64.8,60.67,-34.8,48.36,25.2,52.73,85.2,62.12,0.8660254037844387,-0.49999999999999983,0.43388373911755823,-0.900968867902419,0,1,61.44
00009_24-04-2025-11.22,172.0,-115.2,48.36,-55.2,52.73,4.8,62.12,64.8,46.07,0.8660254037844387,-0.49999999999999983,0.43388373911755823,-0.900968867902419,1,0,48.19
00009_24-04-2025-12.22,172.0,-115.2,52.73,-55.2,62.12,4.8,46.07,34.8,60.65,0.8660254037844387,-0.49999999999999983,0.43388373911755823,-0.900968867902419,1,0,38.7
00002_24-04-2025-16.37,157.0,-40.2,81.19,-10.2,51.71,19.8,158.03,49.8,82.05,0.8660254037844387,-0.49999999999999983,0.43388373911755823,-0.900968867902419,1,0,42.53
00015_24-04-2025-17.17,157.0,-49.8,51.71,-19.8,158.03,10.2,82.05,40.2,67.98,0.8660254037844387,-0.49999999999999983,0.43388373911755823,-0.900968867902419,0,1,53.48
00009_24-04-2025-17.22,172.0,-55.2,51.71,-25.2,158.03,4.8,82.05,34.8,67.98,0.8660254037844387,-0.49999999999999983,0.43388373911755823,-0.900968867902419,1,0,74.74
00002_24-04-2025-18.32,157.0,-34.8,67.98,-4.8,71.09,25.2,78.46,62.4,31.57,0.8660254037844387,-0.49999999999999983,0.43388373911755823,-0.900968867902419,1,0,41.71
00009_24-04-2025-19.29,172.0,-61.8,71.09,-31.8,78.46,5.4,31.57,36.0,75.05,0.8660254037844387,-0.49999999999999983,0.43388373911755823,-0.900968867902419,1,0,35.91
00009_24-04-2025-20.22,172.0,-48.0,31.57,-17.4,75.05,4.8,34.33,45.0,76.3,0.8660254037844387,-0.49999999999999983,0.43388373911755823,-0.900968867902419,1,0,35.22
00005_24-04-2025-21.02,172.0,-57.0,75.05,-34.8,34.33,5.4,76.3,565.2,19.1,0.8660254037844387,-0.49999999999999983,0.43388373911755823,-0.900968867902419,0,1,41.37
00002_25-04-2025-06.22,157.0,-595.2,34.33,-555.0,76.3,4.8,19.1,34.8,59.88,0.8660254037844387,-0.49999999999999983,-0.433883739117558,-0.9009688679024191,1,0,14.56
00005_25-04-2025-07.02,172.0,-34.8,19.1,-4.8,59.88,25.2,79.49,55.2,41.97,0.8660254037844387,-0.49999999999999983,-0.433883739117558,-0.9009688679024191,0,1,50.38
00002_25-04-2025-07.22,157.0,-55.2,19.1,-25.2,59.88,4.8,79.49,34.8,41.97,0.8660254037844387,-0.49999999999999983,-0.433883739117558,-0.9009688679024191,1,0,30.31
00002_25-04-2025-08.32,157.0,-64.8,79.49,-34.8,41.97,25.2,125.95,55.2,73.99,0.8660254037844387,-0.49999999999999983,-0.433883739117558,-0.9009688679024191,1,0,33.29
00009_25-04-2025-09.22,172.0,-85.2,41.97,-25.2,125.95,4.8,73.99,64.8,61.16,0.8660254037844387,-0.49999999999999983,-0.433883739117558,-0.9009688679024191,1,0,65.93
00009_25-04-2025-09.57,172.0,-60.0,125.95,-30.0,73.99,30.0,61.16,90.0,112.06,0.8660254037844387,-0.49999999999999983,-0.433883739117558,-0.9009688679024191,1,0,51.65
00011_25-04-2025-10.02,182.0,-64.8,125.95,-34.8,73.99,25.2,61.16,85.2,112.06,0.8660254037844387,-0.49999999999999983,-0.433883739117558,-0.9009688679024191,0,1,33.01
00009_25-04-2025-11.22,172.0,-115.2,73.99,-55.2,61.16,4.8,112.06,64.8,23.62,0.8660254037844387,-0.49999999999999983,-0.433883739117558,-0.9009688679024191,1,0,72.96
00009_25-04-2025-12.22,172.0,-115.2,61.16,-55.2,112.06,4.8,23.62,34.8,78.5,0.8660254037844387,-0.49999999999999983,-0.433883739117558,-0.9009688679024191,1,0,41.83
00009_25-04-2025-14.02,172.0,-43.8,55.14,-4.8,75.6,25.2,92.13,55.2,78.01,0.8660254037844387,-0.49999999999999983,-0.433883739117558,-0.9009688679024191,1,0,61.33
00015_25-04-2025-14.12,157.0,-54.0,55.14,-15.0,75.6,15.0,92.13,45.0,78.01,0.8660254037844387,-0.49999999999999983,-0.433883739117558,-0.9009688679024191,0,1,54.79
00017_25-04-2025-14.42,179.0,-45.0,75.6,-15.0,92.13,15.0,78.01,45.0,55.05,0.8660254037844387,-0.49999999999999983,-0.433883739117558,-0.9009688679024191,1,0,81.23
00002_25-04-2025-16.37,157.0,-40.2,94.65,-10.2,81.87,19.8,82.19,49.8,43.08,0.8660254037844387,-0.49999999999999983,-0.433883739117558,-0.9009688679024191,1,0,65.41
00015_25-04-2025-17.17,157.0,-49.8,81.87,-19.8,82.19,10.2,43.08,40.2,69.66,0.8660254037844387,-0.49999999999999983,-0.433883739117558,-0.9009688679024191,0,1,50.98
00009_25-04-2025-17.22,172.0,-55.2,81.87,-25.2,82.19,4.8,43.08,34.8,69.66,0.8660254037844387,-0.49999999999999983,-0.433883739117558,-0.9009688679024191,1,0,59.56
00002_25-04-2025-18.32,157.0,-34.8,69.66,-4.8,95.85,25.2,78.04,62.4,41.66,0.8660254037844387,-0.49999999999999983,-0.433883739117558,-0.9009688679024191,1,0,33.7
00009_25-04-2025-19.29,172.0,-61.8,95.85,-31.8,78.04,5.4,41.66,36.0,78.04,0.8660254037844387,-0.49999999999999983,-0.433883739117558,-0.9009688679024191,1,0,45.41
00009_25-04-2025-20.22,172.0,-48.0,41.66,-17.4,78.04,4.8,63.76,45.0,65.02,0.8660254037844387,-0.49999999999999983,-0.433883739117558,-0.9009688679024191,1,0,34.74
00005_25-04-2025-21.02,172.0,-57.0,78.04,-34.8,63.76,5.4,65.02,565.2,24.42,0.8660254037844387,-0.49999999999999983,-0.433883739117558,-0.9009688679024191,0,1,34.0
00005_26-04-2025-07.02,172.0,-594.6,65.02,-34.8,24.42,25.2,61.48,85.2,62.15,0.8660254037844387,-0.49999999999999983,-0.9749279121818236,-0.2225209339563146,0,1,31.61
00009_26-04-2025-08.07,172.0,-100.2,24.42,-40.2,61.48,19.8,62.15,49.8,57.7,0.8660254037844387,-0.49999999999999983,-0.9749279121818236,-0.2225209339563146,1,0,45.62
00009_26-04-2025-09.22,172.0,-55.2,62.15,-25.2,57.7,4.8,57.0,64.8,50.03,0.8660254037844387,-0.49999999999999983,-0.9749279121818236,-0.2225209339563146,1,0,43.41
00009_26-04-2025-09.57,172.0,-60.0,57.7,-30.0,57.0,30.0,50.03,90.0,34.08,0.8660254037844387,-0.49999999999999983,-0.9749279121818236,-0.2225209339563146,1,0,40.4
00011_26-04-2025-10.02,182.0,-64.8,57.7,-34.8,57.0,25.2,50.03,85.2,34.08,0.8660254037844387,-0.49999999999999983,-0.9749279121818236,-0.2225209339563146,0,1,43.66
00009_26-04-2025-11.22,172.0,-115.2,57.0,-55.2,50.03,4.8,34.08,64.8,50.08,0.8660254037844387,-0.49999999999999983,-0.9749279121818236,-0.2225209339563146,1,0,26.58
00009_26-04-2025-12.22,172.0,-115.2,50.03,-55.2,34.08,4.8,50.08,55.8,82.74,0.8660254037844387,-0.49999999999999983,-0.9749279121818236,-0.2225209339563146,1,0,41.86
00015_26-04-2025-14.12,157.0,-105.0,50.08,-54.0,82.74,75.0,34.09,135.0,93.16,0.8660254037844387,-0.49999999999999983,-0.9749279121818236,-0.2225209339563146,0,1,18.68
00017_26-04-2025-14.42,179.0,-135.0,50.08,-84.0,82.74,45.0,34.09,105.0,93.16,0.8660254037844387,-0.49999999999999983,-0.9749279121818236,-0.2225209339563146,1,0,41.22
00002_26-04-2025-16.37,157.0,-70.2,34.09,-10.2,93.16,49.8,24.14,109.8,94.05,0.8660254037844387,-0.49999999999999983,-0.9749279121818236,-0.2225209339563146,1,0,47.61
00015_26-04-2025-17.17,157.0,-109.8,34.09,-49.8,93.16,10.2,24.14,70.2,94.05,0.8660254037844387,-0.49999999999999983,-0.9749279121818236,-0.2225209339563146,0,1,11.87
00009_26-04-2025-19.29,172.0,-121.8,24.14,-61.8,94.05,5.4,32.12,58.2,48.14,0.8660254037844387,-0.49999999999999983,-0.9749279121818236,-0.2225209339563146,1,0,29.53
00009_26-04-2025-20.22,172.0,-115.2,94.05,-48.0,32.12,4.8,48.14,604.8,55.72,0.8660254037844387,-0.49999999999999983,-0.9749279121818236,-0.2225209339563146,1,0,53.75
00005_26-04-2025-21.02,172.0,-87.6,32.12,-34.8,48.14,565.2,55.72,625.2,37.16,0.8660254037844387,-0.49999999999999983,-0.9749279121818236,-0.2225209339563146,0,1,28.98
00005_27-04-2025-07.02,172.0,-634.8,48.14,-34.8,55.72,25.2,37.16,85.2,65.98,0.8660254037844387,-0.49999999999999983,-0.7818314824680299,0.6234898018587334,0,1,48.07
00009_27-04-2025-08.07,172.0,-100.2,55.72,-40.2,37.16,19.8,65.98,79.8,40.12,0.8660254037844387,-0.49999999999999983,-0.7818314824680299,0.6234898018587334,1,0,43.86
00009_27-04-2025-09.22,172.0,-115.2,37.16,-55.2,65.98,4.8,40.12,64.8,51.73,0.8660254037844387,-0.49999999999999983,-0.7818314824680299,0.6234898018587334,1,0,30.78
00009_27-04-2025-09.57,172.0,-90.0,65.98,-30.0,40.12,30.0,51.73,90.0,134.21,0.8660254037844387,-0.49999999999999983,-0.7818314824680299,0.6234898018587334,1,0,54.26
00011_27-04-2025-10.02,182.0,-94.8,65.98,-34.8,40.12,25.2,51.73,85.2,134.21,0.8660254037844387,-0.49999999999999983,-0.7818314824680299,0.6234898018587334,0,1,55.93
00009_27-04-2025-11.22,172.0,-115.2,40.12,-55.2,51.73,4.8,134.21,64.8,48.51,0.8660254037844387,-0.49999999999999983,-0.7818314824680299,0.6234898018587334,1,0,59.96
00009_27-04-2025-12.22,172.0,-115.2,51.73,-55.2,134.21,4.8,48.51,55.8,55.14,0.8660254037844387,-0.49999999999999983,-0.7818314824680299,0.6234898018587334,1,0,62.62
00009_27-04-2025-14.02,172.0,-94.8,48.51,-43.8,55.14,25.2,101.7,85.2,65.14,0.8660254037844387,-0.49999999999999983,-0.7818314824680299,0.6234898018587334,1,0,84.08
00015_27-04-2025-14.12,157.0,-105.0,48.51,-54.0,55.14,15.0,101.7,75.0,65.14,0.8660254037844387,-0.49999999999999983,-0.7818314824680299,0.6234898018587334,0,1,67.09
00017_27-04-2025-14.42,179.0,-84.0,55.14,-15.0,101.7,45.0,65.14,105.0,90.07,0.8660254037844387,-0.49999999999999983,-0.7818314824680299,0.6234898018587334,1,0,100.78
00002_27-04-2025-16.37,157.0,-70.2,65.14,-10.2,90.07,19.8,85.52,49.8,66.7,0.8660254037844387,-0.49999999999999983,-0.7818314824680299,0.6234898018587334,1,0,93.37
00015_27-04-2025-17.17,157.0,-49.8,90.07,-19.8,85.52,10.2,66.7,40.2,75.1,0.8660254037844387,-0.49999999999999983,-0.7818314824680299,0.6234898018587334,0,1,50.37
00009_27-04-2025-17.22,172.0,-55.2,90.07,-25.2,85.52,4.8,66.7,34.8,75.1,0.8660254037844387,-0.49999999999999983,-0.7818314824680299,0.6234898018587334,1,0,86.84
00002_27-04-2025-18.32,157.0,-34.8,75.1,-4.8,94.29,25.2,117.19,62.4,81.47,0.8660254037844387,-0.49999999999999983,-0.7818314824680299,0.6234898018587334,1,0,101.02
00009_27-04-2025-19.29,172.0,-61.8,94.29,-31.8,117.19,5.4,81.47,36.0,56.77,0.8660254037844387,-0.49999999999999983,-0.7818314824680299,0.6234898018587334,1,0,73.25
00009_27-04-2025-20.22,172.0,-48.0,81.47,-17.4,56.77,4.8,69.04,45.0,121.21,0.8660254037844387,-0.49999999999999983,-0.7818314824680299,0.6234898018587334,1,0,86.56
00005_27-04-2025-21.02,172.0,-57.0,56.77,-34.8,69.04,5.4,121.21,550.2,31.8,0.8660254037844387,-0.49999999999999983,-0.7818314824680299,0.6234898018587334,0,1,69.92
00002_28-04-2025-06.22,157.0,-555.0,121.21,-10.2,31.8,4.8,39.62,34.8,61.75,0.8660254037844387,-0.49999999999999983,0.0,1.0,1,0,34.91
00005_28-04-2025-07.02,172.0,-34.8,39.62,-4.8,61.75,25.2,57.21,55.2,76.14,0.8660254037844387,-0.49999999999999983,0.0,1.0,0,1,35.04
00002_28-04-2025-07.22,157.0,-55.2,39.62,-25.2,61.75,4.8,57.21,34.8,76.14,0.8660254037844387,-0.49999999999999983,0.0,1.0,1,0,41.51
00002_28-04-2025-08.32,157.0,-34.8,76.14,-4.8,67.91,25.2,52.16,55.2,66.23,0.8660254037844387,-0.49999999999999983,0.0,1.0,1,0,37.5
00009_28-04-2025-09.22,172.0,-55.2,67.91,-25.2,52.16,4.8,66.23,64.8,36.28,0.8660254037844387,-0.49999999999999983,0.0,1.0,1,0,41.3
00009_28-04-2025-09.57,172.0,-60.0,52.16,-30.0,66.23,30.0,36.28,90.0,45.18,0.8660254037844387,-0.49999999999999983,0.0,1.0,1,0,39.83
00011_28-04-2025-10.02,182.0,-64.8,52.16,-34.8,66.23,25.2,36.28,85.2,45.18,0.8660254037844387,-0.49999999999999983,0.0,1.0,0,1,47.85
00009_28-04-2025-11.22,172.0,-115.2,66.23,-55.2,36.28,4.8,45.18,64.8,62.68,0.8660254037844387,-0.49999999999999983,0.0,1.0,1,0,23.17
00009_28-04-2025-12.22,172.0,-115.2,36.28,-55.2,45.18,4.8,62.68,34.8,40.47,0.8660254037844387,-0.49999999999999983,0.0,1.0,1,0,23.01
00009_28-04-2025-14.02,172.0,-64.8,40.47,-43.8,68.94,25.2,35.55,55.2,40.78,0.8660254037844387,-0.49999999999999983,0.0,1.0,1,0,30.18
00015_28-04-2025-14.12,157.0,-75.0,40.47,-54.0,68.94,15.0,35.55,45.0,40.78,0.8660254037844387,-0.49999999999999983,0.0,1.0,0,1,28.5
00017_28-04-2025-14.42,179.0,-84.0,68.94,-15.0,35.55,15.0,40.78,45.0,34.7,0.8660254037844387,-0.49999999999999983,0.0,1.0,1,0,25.98
00002_28-04-2025-16.37,157.0,-40.2,36.32,-10.2,67.1,19.8,54.76,49.8,66.62,0.8660254037844387,-0.49999999999999983,0.0,1.0,1,0,27.95
00015_28-04-2025-17.17,157.0,-49.8,67.1,-19.8,54.76,10.2,66.62,40.2,41.08,0.8660254037844387,-0.49999999999999983,0.0,1.0,0,1,54.35
00009_28-04-2025-17.22,172.0,-55.2,67.1,-25.2,54.76,4.8,66.62,34.8,41.08,0.8660254037844387,-0.49999999999999983,0.0,1.0,1,0,45.61
00002_28-04-2025-18.32,157.0,-34.8,41.08,-4.8,59.82,25.2,39.7,62.4,19.47,0.8660254037844387,-0.49999999999999983,0.0,1.0,1,0,33.48
00009_28-04-2025-19.29,172.0,-61.8,59.82,-31.8,39.7,5.4,19.47,36.0,33.14,0.8660254037844387,-0.49999999999999983,0.0,1.0,1,0,59.07
00009_28-04-2025-20.22,172.0,-48.0,19.47,-17.4,33.14,4.8,13.0,45.0,28.52,0.8660254037844387,-0.49999999999999983,0.0,1.0,1,0,20.79
00005_28-04-2025-21.02,172.0,-57.0,33.14,-34.8,13.0,5.4,28.52,550.2,35.34,0.8660254037844387,-0.49999999999999983,0.0,1.0,0,1,24.95
00002_29-04-2025-06.22,157.0,-555.0,28.52,-10.2,35.34,4.8,33.4,34.8,104.29,0.8660254037844387,-0.49999999999999983,0.7818314824680298,0.6234898018587336,1,0,29.96
00005_29-04-2025-07.02,172.0,-34.8,33.4,-4.8,104.29,25.2,27.74,55.2,44.23,0.8660254037844387,-0.49999999999999983,0.7818314824680298,0.6234898018587336,0,1,60.1
00002_29-04-2025-07.22,157.0,-55.2,33.4,-25.2,104.29,4.8,27.74,34.8,44.23,0.8660254037844387,-0.49999999999999983,0.7818314824680298,0.6234898018587336,1,0,49.37
00002_29-04-2025-08.32,157.0,-34.8,44.23,-4.8,69.45,25.2,37.59,55.2,85.65,0.8660254037844387,-0.49999999999999983,0.7818314824680298,0.6234898018587336,1,0,41.27
00009_29-04-2025-09.22,172.0,-55.2,69.45,-25.2,37.59,4.8,85.65,64.8,35.49,0.8660254037844387,-0.49999999999999983,0.7818314824680298,0.6234898018587336,1,0,38.2
00009_29-04-2025-09.57,172.0,-60.0,37.59,-30.0,85.65,30.0,35.49,90.0,32.73,0.8660254037844387,-0.49999999999999983,0.7818314824680298,0.6234898018587336,1,0,35.95
00011_29-04-2025-10.02,182.0,-64.8,37.59,-34.8,85.65,25.2,35.49,85.2,32.73,0.8660254037844387,-0.49999999999999983,0.7818314824680298,0.6234898018587336,0,1,24.6
00009_29-04-2025-11.22,172.0,-115.2,85.65,-55.2,35.49,4.8,32.73,64.8,41.16,0.8660254037844387,-0.49999999999999983,0.7818314824680298,0.6234898018587336,1,0,51.4
00009_29-04-2025-12.22,172.0,-115.2,35.49,-55.2,32.73,4.8,41.16,34.8,42.09,0.8660254037844387,-0.49999999999999983,0.7818314824680298,0.6234898018587336,1,0,35.47
00009_29-04-2025-14.02,172.0,-64.8,42.09,-43.8,48.24,25.2,56.18,55.2,49.86,0.8660254037844387,-0.49999999999999983,0.7818314824680298,0.6234898018587336,1,0,40.67
00015_29-04-2025-14.12,157.0,-75.0,42.09,-54.0,48.24,15.0,56.18,45.0,49.86,0.8660254037844387,-0.49999999999999983,0.7818314824680298,0.6234898018587336,0,1,31.97
00017_29-04-2025-14.42,179.0,-84.0,48.24,-15.0,56.18,15.0,49.86,45.0,30.14,0.8660254037844387,-0.49999999999999983,0.7818314824680298,0.6234898018587336,1,0,49.89
00002_29-04-2025-16.37,157.0,-40.2,33.97,-10.2,40.38,19.8,56.79,49.8,45.26,0.8660254037844387,-0.49999999999999983,0.7818314824680298,0.6234898018587336,1,0,28.77
00015_29-04-2025-17.17,157.0,-49.8,40.38,-19.8,56.79,10.2,45.26,40.2,78.45,0.8660254037844387,-0.49999999999999983,0.7818314824680298,0.6234898018587336,0,1,26.37
00009_29-04-2025-17.22,172.0,-55.2,40.38,-25.2,56.79,4.8,45.26,34.8,78.45,0.8660254037844387,-0.49999999999999983,0.7818314824680298,0.6234898018587336,1,0,38.26
00002_29-04-2025-18.32,157.0,-34.8,78.45,-4.8,64.91,25.2,25.76,62.4,29.89,0.8660254037844387,-0.49999999999999983,0.7818314824680298,0.6234898018587336,1,0,36.62
00009_29-04-2025-19.29,172.0,-61.8,64.91,-31.8,25.76,5.4,29.89,36.0,29.06,0.8660254037844387,-0.49999999999999983,0.7818314824680298,0.6234898018587336,1,0,21.46
00009_29-04-2025-20.22,172.0,-48.0,29.89,-17.4,29.06,4.8,48.96,45.0,39.07,0.8660254037844387,-0.49999999999999983,0.7818314824680298,0.6234898018587336,1,0,62.66
00005_29-04-2025-21.02,172.0,-57.0,29.06,-34.8,48.96,5.4,39.07,550.2,36.59,0.8660254037844387,-0.49999999999999983,0.7818314824680298,0.6234898018587336,0,1,23.19
00002_30-04-2025-06.22,157.0,-555.0,39.07,-10.2,36.59,4.8,44.19,34.8,102.53,0.8660254037844387,-0.49999999999999983,0.9749279121818236,-0.22252093395631434,1,0,34.49
00005_30-04-2025-07.02,172.0,-34.8,44.19,-4.8,102.53,25.2,38.06,55.2,64.0,0.8660254037844387,-0.49999999999999983,0.9749279121818236,-0.22252093395631434,0,1,53.96
00002_30-04-2025-07.22,157.0,-55.2,44.19,-25.2,102.53,4.8,38.06,34.8,64.0,0.8660254037844387,-0.49999999999999983,0.9749279121818236,-0.22252093395631434,1,0,31.18
00002_30-04-2025-08.32,157.0,-34.8,64.0,-4.8,70.61,25.2,35.37,55.2,72.72,0.8660254037844387,-0.49999999999999983,0.9749279121818236,-0.22252093395631434,1,0,38.22
00009_30-04-2025-09.22,172.0,-55.2,70.61,-25.2,35.37,4.8,72.72,64.8,45.95,0.8660254037844387,-0.49999999999999983,0.9749279121818236,-0.22252093395631434,1,0,51.52
00009_30-04-2025-09.57,172.0,-60.0,35.37,-30.0,72.72,30.0,45.95,90.0,44.3,0.8660254037844387,-0.49999999999999983,0.9749279121818236,-0.22252093395631434,1,0,32.69
00011_30-04-2025-10.02,182.0,-64.8,35.37,-34.8,72.72,25.2,45.95,85.2,44.3,0.8660254037844387,-0.49999999999999983,0.9749279121818236,-0.22252093395631434,0,1,47.34
00009_30-04-2025-11.22,172.0,-115.2,72.72,-55.2,45.95,4.8,44.3,64.8,41.65,0.8660254037844387,-0.49999999999999983,0.9749279121818236,-0.22252093395631434,1,0,55.66
00009_30-04-2025-12.22,172.0,-115.2,45.95,-55.2,44.3,4.8,41.65,34.8,50.81,0.8660254037844387,-0.49999999999999983,0.9749279121818236,-0.22252093395631434,1,0,41.08
00009_30-04-2025-14.02,172.0,-64.8,50.81,-43.8,48.24,25.2,30.51,55.2,47.52,0.8660254037844387,-0.49999999999999983,0.9749279121818236,-0.22252093395631434,1,0,37.69
00015_30-04-2025-14.12,157.0,-75.0,50.81,-54.0,48.24,15.0,30.51,45.0,47.52,0.8660254037844387,-0.49999999999999983,0.9749279121818236,-0.22252093395631434,0,1,29.49
00017_30-04-2025-14.42,179.0,-84.0,48.24,-15.0,30.51,15.0,47.52,45.0,26.91,0.8660254037844387,-0.49999999999999983,0.9749279121818236,-0.22252093395631434,1,0,54.48
00002_30-04-2025-16.37,157.0,-40.2,37.57,-10.2,56.95,19.8,137.47,49.8,52.18,0.8660254037844387,-0.49999999999999983,0.9749279121818236,-0.22252093395631434,1,0,47.68
00015_30-04-2025-17.17,157.0,-49.8,56.95,-19.8,137.47,10.2,52.18,40.2,49.39,0.8660254037844387,-0.49999999999999983,0.9749279121818236,-0.22252093395631434,0,1,24.51
00009_30-04-2025-17.22,172.0,-55.2,56.95,-25.2,137.47,4.8,52.18,34.8,49.39,0.8660254037844387,-0.49999999999999983,0.9749279121818236,-0.22252093395631434,1,0,36.08
00002_30-04-2025-18.32,157.0,-34.8,49.39,-4.8,58.93,25.2,115.66,62.4,28.6,0.8660254037844387,-0.49999999999999983,0.9749279121818236,-0.22252093395631434,1,0,30.73
00009_30-04-2025-19.29,172.0,-61.8,58.93,-31.8,115.66,5.4,28.6,36.0,34.02,0.8660254037844387,-0.49999999999999983,0.9749279121818236,-0.22252093395631434,1,0,34.43
00009_30-04-2025-20.22,172.0,-48.0,28.6,-17.4,34.02,4.8,52.28,45.0,69.89,0.8660254037844387,-0.49999999999999983,0.9749279121818236,-0.22252093395631434,1,0,43.73
00005_30-04-2025-21.02,172.0,-57.0,34.02,-34.8,52.28,5.4,69.89,550.2,36.67,0.8660254037844387,-0.49999999999999983,0.9749279121818236,-0.22252093395631434,0,1,26.57
00002_01-05-2025-06.22,157.0,-555.0,69.89,-10.2,36.67,4.8,49.6,34.8,64.29,0.49999999999999994,-0.8660254037844387,0.43388373911755823,-0.900968867902419,1,0,34.95
00005_01-05-2025-07.02,172.0,-34.8,49.6,-4.8,64.29,25.2,43.54,55.2,38.94,0.49999999999999994,-0.8660254037844387,0.43388373911755823,-0.900968867902419,0,1,48.91
00002_01-05-2025-07.22,157.0,-55.2,49.6,-25.2,64.29,4.8,43.54,34.8,38.94,0.49999999999999994,-0.8660254037844387,0.43388373911755823,-0.900968867902419,1,0,38.3
00002_01-05-2025-08.32,157.0,-34.8,38.94,-4.8,32.99,25.2,54.81,55.2,26.93,0.49999999999999994,-0.8660254037844387,0.43388373911755823,-0.900968867902419,1,0,43.16
00009_01-05-2025-09.22,172.0,-55.2,32.99,-25.2,54.81,4.8,26.93,64.8,53.2,0.49999999999999994,-0.8660254037844387,0.43388373911755823,-0.900968867902419,1,0,51.41
00009_01-05-2025-09.57,172.0,-60.0,54.81,-30.0,26.93,30.0,53.2,90.0,54.91,0.49999999999999994,-0.8660254037844387,0.43388373911755823,-0.900968867902419,1,0,64.58
00011_01-05-2025-10.02,182.0,-64.8,54.81,-34.8,26.93,25.2,53.2,85.2,54.91,0.49999999999999994,-0.8660254037844387,0.43388373911755823,-0.900968867902419,0,1,49.14
00009_01-05-2025-11.22,172.0,-115.2,26.93,-55.2,53.2,4.8,54.91,64.8,66.09,0.49999999999999994,-0.8660254037844387,0.43388373911755823,-0.900968867902419,1,0,58.61
00009_01-05-2025-12.22,172.0,-115.2,53.2,-55.2,54.91,4.8,66.09,34.8,55.17,0.49999999999999994,-0.8660254037844387,0.43388373911755823,-0.900968867902419,1,0,68.78
00002_01-05-2025-16.37,157.0,-40.2,105.53,-10.2,70.21,19.8,150.25,49.8,85.63,0.49999999999999994,-0.8660254037844387,0.43388373911755823,-0.900968867902419,1,0,57.2
00015_01-05-2025-17.17,157.0,-49.8,70.21,-19.8,150.25,10.2,85.63,40.2,55.96,0.49999999999999994,-0.8660254037844387,0.43388373911755823,-0.900968867902419,0,1,49.81
00009_01-05-2025-17.22,172.0,-55.2,70.21,-25.2,150.25,4.8,85.63,34.8,55.96,0.49999999999999994,-0.8660254037844387,0.43388373911755823,-0.900968867902419,1,0,60.08
00002_01-05-2025-18.32,157.0,-34.8,55.96,-4.8,74.29,25.2,87.89,62.4,30.68,0.49999999999999994,-0.8660254037844387,0.43388373911755823,-0.900968867902419,1,0,39.26
00009_01-05-2025-19.29,172.0,-61.8,74.29,-31.8,87.89,5.4,30.68,36.0,67.41,0.49999999999999994,-0.8660254037844387,0.43388373911755823,-0.900968867902419,1,0,33.47
00009_01-05-2025-20.22,172.0,-48.0,30.68,-17.4,67.41,4.8,56.51,45.0,54.54,0.49999999999999994,-0.8660254037844387,0.43388373911755823,-0.900968867902419,1,0,30.79
00005_01-05-2025-21.02,172.0,-57.0,67.41,-34.8,56.51,5.4,54.54,565.2,19.43,0.49999999999999994,-0.8660254037844387,0.43388373911755823,-0.900968867902419,0,1,40.09
00002_02-05-2025-06.22,157.0,-595.2,56.51,-555.0,54.54,4.8,19.43,34.8,49.49,0.49999999999999994,-0.8660254037844387,-0.433883739117558,-0.9009688679024191,1,0,31.73
00005_02-05-2025-07.02,172.0,-34.8,19.43,-4.8,49.49,25.2,64.62,55.2,52.18,0.49999999999999994,-0.8660254037844387,-0.433883739117558,-0.9009688679024191,0,1,60.38
00002_02-05-2025-07.22,157.0,-55.2,19.43,-25.2,49.49,4.8,64.62,34.8,52.18,0.49999999999999994,-0.8660254037844387,-0.433883739117558,-0.9009688679024191,1,0,44.77
00002_02-05-2025-08.32,157.0,-64.8,64.62,-34.8,52.18,25.2,107.29,55.2,60.79,0.49999999999999994,-0.8660254037844387,-0.433883739117558,-0.9009688679024191,1,0,31.55
00009_02-05-2025-09.22,172.0,-85.2,52.18,-25.2,107.29,4.8,60.79,64.8,48.6,0.49999999999999994,-0.8660254037844387,-0.433883739117558,-0.9009688679024191,1,0,52.28
00009_02-05-2025-09.57,172.0,-60.0,107.29,-30.0,60.79,30.0,48.6,90.0,120.99,0.49999999999999994,-0.8660254037844387,-0.433883739117558,-0.9009688679024191,1,0,54.66
00011_02-05-2025-10.02,182.0,-64.8,107.29,-34.8,60.79,25.2,48.6,85.2,120.99,0.49999999999999994,-0.8660254037844387,-0.433883739117558,-0.9009688679024191,0,1,54.73
00009_02-05-2025-11.22,172.0,-115.2,60.79,-55.2,48.6,4.8,120.99,64.8,46.21,0.49999999999999994,-0.8660254037844387,-0.433883739117558,-0.9009688679024191,1,0,60.36
00009_02-05-2025-12.22,172.0,-115.2,48.6,-55.2,120.99,4.8,46.21,34.8,88.57,0.49999999999999994,-0.8660254037844387,-0.433883739117558,-0.9009688679024191,1,0,48.31
00009_02-05-2025-14.02,172.0,-43.8,55.14,-4.8,84.25,25.2,93.23,55.2,94.04,0.49999999999999994,-0.8660254037844387,-0.433883739117558,-0.9009688679024191,1,0,58.26
00015_02-05-2025-14.12,157.0,-54.0,55.14,-15.0,84.25,15.0,93.23,45.0,94.04,0.49999999999999994,-0.8660254037844387,-0.433883739117558,-0.9009688679024191,0,1,74.01
00017_02-05-2025-14.42,179.0,-45.0,84.25,-15.0,93.23,15.0,94.04,45.0,73.79,0.49999999999999994,-0.8660254037844387,-0.433883739117558,-0.9009688679024191,1,0,90.31
00002_02-05-2025-16.37,157.0,-40.2,70.82,-10.2,101.58,19.8,104.62,49.8,41.83,0.49999999999999994,-0.8660254037844387,-0.433883739117558,-0.9009688679024191,1,0,52.29
00015_02-05-2025-17.17,157.0,-49.8,101.58,-19.8,104.62,10.2,41.83,40.2,63.45,0.49999999999999994,-0.8660254037844387,-0.433883739117558,-0.9009688679024191,0,1,35.61
00009_02-05-2025-17.22,172.0,-55.2,101.58,-25.2,104.62,4.8,41.83,34.8,63.45,0.49999999999999994,-0.8660254037844387,-0.433883739117558,-0.9009688679024191,1,0,66.38
00002_02-05-2025-18.32,157.0,-34.8,63.45,-4.8,89.54,25.2,66.81,62.4,30.34,0.49999999999999994,-0.8660254037844387,-0.433883739117558,-0.9009688679024191,1,0,54.8
00009_02-05-2025-19.29,172.0,-61.8,89.54,-31.8,66.81,5.4,30.34,36.0,52.94,0.49999999999999994,-0.8660254037844387,-0.433883739117558,-0.9009688679024191,1,0,62.3
00009_02-05-2025-20.22,172.0,-48.0,30.34,-17.4,52.94,4.8,39.69,45.0,78.28,0.49999999999999994,-0.8660254037844387,-0.433883739117558,-0.9009688679024191,1,0,35.99
00005_02-05-2025-21.02,172.0,-57.0,52.94,-34.8,39.69,5.4,78.28,565.2,35.48,0.49999999999999994,-0.8660254037844387,-0.433883739117558,-0.9009688679024191,0,1,27.58
00005_03-05-2025-07.02,172.0,-594.6,78.28,-34.8,35.48,25.2,51.53,85.2,59.33,0.49999999999999994,-0.8660254037844387,-0.9749279121818236,-0.2225209339563146,0,1,46.2
00009_03-05-2025-08.07,172.0,-100.2,35.48,-40.2,51.53,19.8,59.33,49.8,71.94,0.49999999999999994,-0.8660254037844387,-0.9749279121818236,-0.2225209339563146,1,0,24.3
00009_03-05-2025-09.22,172.0,-55.2,59.33,-25.2,71.94,4.8,54.79,64.8,47.4,0.49999999999999994,-0.8660254037844387,-0.9749279121818236,-0.2225209339563146,1,0,46.15
00009_03-05-2025-09.57,172.0,-60.0,71.94,-30.0,54.79,30.0,47.4,90.0,51.33,0.49999999999999994,-0.8660254037844387,-0.9749279121818236,-0.2225209339563146,1,0,40.64
00011_03-05-2025-10.02,182.0,-64.8,71.94,-34.8,54.79,25.2,47.4,85.2,51.33,0.49999999999999994,-0.8660254037844387,-0.9749279121818236,-0.2225209339563146,0,1,35.22
00009_03-05-2025-11.22,172.0,-115.2,54.79,-55.2,47.4,4.8,51.33,64.8,61.25,0.49999999999999994,-0.8660254037844387,-0.9749279121818236,-0.2225209339563146,1,0,34.89
00009_03-05-2025-12.22,172.0,-115.2,47.4,-55.2,51.33,4.8,61.25,55.8,82.74,0.49999999999999994,-0.8660254037844387,-0.9749279121818236,-0.2225209339563146,1,0,51.32
00015_03-05-2025-14.12,157.0,-105.0,61.25,-54.0,82.74,75.0,34.1,135.0,100.17,0.49999999999999994,-0.8660254037844387,-0.9749279121818236,-0.2225209339563146,0,1,22.09
00017_03-05-2025-14.42,179.0,-135.0,61.25,-84.0,82.74,45.0,34.1,105.0,100.17,0.49999999999999994,-0.8660254037844387,-0.9749279121818236,-0.2225209339563146,1,0,14.6
00002_03-05-2025-16.37,157.0,-70.2,34.1,-10.2,100.17,49.8,21.46,109.8,86.06,0.49999999999999994,-0.8660254037844387,-0.9749279121818236,-0.2225209339563146,1,0,33.34
00015_03-05-2025-17.17,157.0,-109.8,34.1,-49.8,100.17,10.2,21.46,70.2,86.06,0.49999999999999994,-0.8660254037844387,-0.9749279121818236,-0.2225209339563146,0,1,36.34
00009_03-05-2025-19.29,172.0,-121.8,21.46,-61.8,86.06,5.4,34.53,58.2,27.49,0.49999999999999994,-0.8660254037844387,-0.9749279121818236,-0.2225209339563146,1,0,44.78
00009_03-05-2025-20.22,172.0,-115.2,86.06,-48.0,34.53,4.8,27.49,604.8,54.77,0.49999999999999994,-0.8660254037844387,-0.9749279121818236,-0.2225209339563146,1,0,37.1
00005_03-05-2025-21.02,172.0,-87.6,34.53,-34.8,27.49,565.2,54.77,625.2,53.96,0.49999999999999994,-0.8660254037844387,-0.9749279121818236,-0.2225209339563146,0,1,37.62
00005_04-05-2025-07.02,172.0,-634.8,27.49,-34.8,54.77,25.2,53.96,85.2,79.93,0.49999999999999994,-0.8660254037844387,-0.7818314824680299,0.6234898018587334,0,1,21.19
00009_04-05-2025-08.07,172.0,-100.2,54.77,-40.2,53.96,19.8,79.93,79.8,40.12,0.49999999999999994,-0.8660254037844387,-0.7818314824680299,0.6234898018587334,1,0,62.21
00009_04-05-2025-09.22,172.0,-115.2,53.96,-55.2,79.93,4.8,40.12,64.8,44.24,0.49999999999999994,-0.8660254037844387,-0.7818314824680299,0.6234898018587334,1,0,43.14
00009_04-05-2025-09.57,172.0,-90.0,79.93,-30.0,40.12,30.0,44.24,90.0,149.04,0.49999999999999994,-0.8660254037844387,-0.7818314824680299,0.6234898018587334,1,0,62.88
00011_04-05-2025-10.02,182.0,-94.8,79.93,-34.8,40.12,25.2,44.24,85.2,149.04,0.49999999999999994,-0.8660254037844387,-0.7818314824680299,0.6234898018587334,0,1,32.79
00009_04-05-2025-11.22,172.0,-115.2,40.12,-55.2,44.24,4.8,149.04,64.8,47.25,0.49999999999999994,-0.8660254037844387,-0.7818314824680299,0.6234898018587334,1,0,81.06
00009_04-05-2025-12.22,172.0,-115.2,44.24,-55.2,149.04,4.8,47.25,55.8,55.14,0.49999999999999994,-0.8660254037844387,-0.7818314824680299,0.6234898018587334,1,0,40.12
00009_04-05-2025-14.02,172.0,-94.8,47.25,-43.8,55.14,25.2,83.47,85.2,67.54,0.49999999999999994,-0.8660254037844387,-0.7818314824680299,0.6234898018587334,1,0,85.08
00015_04-05-2025-14.12,157.0,-105.0,47.25,-54.0,55.14,15.0,83.47,75.0,67.54,0.49999999999999994,-0.8660254037844387,-0.7818314824680299,0.6234898018587334,0,1,56.45
00017_04-05-2025-14.42,179.0,-84.0,55.14,-15.0,83.47,45.0,67.54,105.0,84.22,0.49999999999999994,-0.8660254037844387,-0.7818314824680299,0.6234898018587334,1,0,79.51
00002_04-05-2025-16.37,157.0,-70.2,67.54,-10.2,84.22,19.8,83.42,49.8,64.79,0.49999999999999994,-0.8660254037844387,-0.7818314824680299,0.6234898018587334,1,0,93.37
00015_04-05-2025-17.17,157.0,-49.8,84.22,-19.8,83.42,10.2,64.79,40.2,57.39,0.49999999999999994,-0.8660254037844387,-0.7818314824680299,0.6234898018587334,0,1,54.88
00009_04-05-2025-17.22,172.0,-55.2,84.22,-25.2,83.42,4.8,64.79,34.8,57.39,0.49999999999999994,-0.8660254037844387,-0.7818314824680299,0.6234898018587334,1,0,89.95
00002_04-05-2025-18.32,157.0,-34.8,57.39,-4.8,104.32,25.2,115.23,62.4,83.01,0.49999999999999994,-0.8660254037844387,-0.7818314824680299,0.6234898018587334,1,0,88.19
00009_04-05-2025-19.29,172.0,-61.8,104.32,-31.8,115.23,5.4,83.01,36.0,83.05,0.49999999999999994,-0.8660254037844387,-0.7818314824680299,0.6234898018587334,1,0,93.38
00009_04-05-2025-20.22,172.0,-48.0,83.01,-17.4,83.05,4.8,55.6,45.0,122.26,0.49999999999999994,-0.8660254037844387,-0.7818314824680299,0.6234898018587334,1,0,77.85
00005_04-05-2025-21.02,172.0,-57.0,83.05,-34.8,55.6,5.4,122.26,550.2,34.1,0.49999999999999994,-0.8660254037844387,-0.7818314824680299,0.6234898018587334,0,1,49.62
00002_05-05-2025-06.22,157.0,-555.0,122.26,-10.2,34.1,4.8,52.66,34.8,56.34,0.49999999999999994,-0.8660254037844387,0.0,1.0,1,0,22.18
00005_05-05-2025-07.02,172.0,-34.8,52.66,-4.8,56.34,25.2,53.98,55.2,58.71,0.49999999999999994,-0.8660254037844387,0.0,1.0,0,1,38.7
00002_05-05-2025-07.22,157.0,-55.2,52.66,-25.2,56.34,4.8,53.98,34.8,58.71,0.49999999999999994,-0.8660254037844387,0.0,1.0,1,0,25.73
00002_05-05-2025-08.32,157.0,-34.8,58.71,-4.8,66.23,25.2,61.89,55.2,70.99,0.49999999999999994,-0.8660254037844387,0.0,1.0,1,0,36.74
00009_05-05-2025-09.22,172.0,-55.2,66.23,-25.2,61.89,4.8,70.99,64.8,34.73,0.49999999999999994,-0.8660254037844387,0.0,1.0,1,0,41.36
00009_05-05-2025-09.57,172.0,-60.0,61.89,-30.0,70.99,30.0,34.73,90.0,37.79,0.49999999999999994,-0.8660254037844387,0.0,1.0,1,0,40.88
00011_05-05-2025-10.02,182.0,-64.8,61.89,-34.8,70.99,25.2,34.73,85.2,37.79,0.49999999999999994,-0.8660254037844387,0.0,1.0,0,1,38.11
00009_05-05-2025-11.22,172.0,-115.2,70.99,-55.2,34.73,4.8,37.79,64.8,43.44,0.49999999999999994,-0.8660254037844387,0.0,1.0,1,0,25.56
00009_05-05-2025-12.22,172.0,-115.2,34.73,-55.2,37.79,4.8,43.44,34.8,49.59,0.49999999999999994,-0.8660254037844387,0.0,1.0,1,0,30.26
00009_05-05-2025-14.02,172.0,-64.8,49.59,-43.8,68.94,25.2,48.27,55.2,31.5,0.49999999999999994,-0.8660254037844387,0.0,1.0,1,0,20.97
00015_05-05-2025-14.12,157.0,-75.0,49.59,-54.0,68.94,15.0,48.27,45.0,31.5,0.49999999999999994,-0.8660254037844387,0.0,1.0,0,1,42.24
00017_05-05-2025-14.42,179.0,-84.0,68.94,-15.0,48.27,15.0,31.5,45.0,32.71,0.49999999999999994,-0.8660254037844387,0.0,1.0,1,0,47.21
00002_05-05-2025-16.37,157.0,-40.2,42.24,-10.2,73.56,19.8,46.17,49.8,69.18,0.49999999999999994,-0.8660254037844387,0.0,1.0,1,0,37.2
00015_05-05-2025-17.17,157.0,-49.8,73.56,-19.8,46.17,10.2,69.18,40.2,43.5,0.49999999999999994,-0.8660254037844387,0.0,1.0,0,1,43.2
00009_05-05-2025-17.22,172.0,-55.2,73.56,-25.2,46.17,4.8,69.18,34.8,43.5,0.49999999999999994,-0.8660254037844387,0.0,1.0,1,0,40.18
00002_05-05-2025-18.32,157.0,-34.8,43.5,-4.8,56.64,25.2,37.15,62.4,25.01,0.49999999999999994,-0.8660254037844387,0.0,1.0,1,0,43.37
00009_05-05-2025-19.29,172.0,-61.8,56.64,-31.8,37.15,5.4,25.01,36.0,25.17,0.49999999999999994,-0.8660254037844387,0.0,1.0,1,0,30.59
00009_05-05-2025-20.22,172.0,-48.0,25.01,-17.4,25.17,4.8,12.14,45.0,33.58,0.49999999999999994,-0.8660254037844387,0.0,1.0,1,0,18.34
00005_05-05-2025-21.02,172.0,-57.0,25.17,-34.8,12.14,5.4,33.58,550.2,35.64,0.49999999999999994,-0.8660254037844387,0.0,1.0,0,1,14.31
00002_06-05-2025-06.22,157.0,-555.0,33.58,-10.2,35.64,4.8,36.78,34.8,108.13,0.49999999999999994,-0.8660254037844387,0.7818314824680298,0.6234898018587336,1,0,23.13
00005_06-05-2025-07.02,172.0,-34.8,36.78,-4.8,108.13,25.2,44.53,55.2,53.21,0.49999999999999994,-0.8660254037844387,0.7818314824680298,0.6234898018587336,0,1,34.31
00002_06-05-2025-07.22,157.0,-55.2,36.78,-25.2,108.13,4.8,44.53,34.8,53.21,0.49999999999999994,-0.8660254037844387,0.7818314824680298,0.6234898018587336,1,0,14.2
00002_06-05-2025-08.32,157.0,-34.8,53.21,-4.8,77.61,25.2,39.85,55.2,70.0,0.49999999999999994,-0.8660254037844387,0.7818314824680298,0.6234898018587336,1,0,38.77
00009_06-05-2025-09.22,172.0,-55.2,77.61,-25.2,39.85,4.8,70.0,64.8,35.82,0.49999999999999994,-0.8660254037844387,0.7818314824680298,0.6234898018587336,1,0,49.43
00009_06-05-2025-09.57,172.0,-60.0,39.85,-30.0,70.0,30.0,35.82,90.0,31.56,0.49999999999999994,-0.8660254037844387,0.7818314824680298,0.6234898018587336,1,0,30.25
00011_06-05-2025-10.02,182.0,-64.8,39.85,-34.8,70.0,25.2,35.82,85.2,31.56,0.49999999999999994,-0.8660254037844387,0.7818314824680298,0.6234898018587336,0,1,34.69
00009_06-05-2025-11.22,172.0,-115.2,70.0,-55.2,35.82,4.8,31.56,64.8,33.23,0.49999999999999994,-0.8660254037844387,0.7818314824680298,0.6234898018587336,1,0,24.81
00009_06-05-2025-12.22,172.0,-115.2,35.82,-55.2,31.56,4.8,33.23,34.8,57.25,0.49999999999999994,-0.8660254037844387,0.7818314824680298,0.6234898018587336,1,0,24.63
00009_06-05-2025-14.02,172.0,-64.8,57.25,-43.8,48.24,25.2,69.54,55.2,39.32,0.49999999999999994,-0.8660254037844387,0.7818314824680298,0.6234898018587336,1,0,28.78
00015_06-05-2025-14.12,157.0,-75.0,57.25,-54.0,48.24,15.0,69.54,45.0,39.32,0.49999999999999994,-0.8660254037844387,0.7818314824680298,0.6234898018587336,0,1,48.19
00017_06-05-2025-14.42,179.0,-84.0,48.24,-15.0,69.54,15.0,39.32,45.0,30.34,0.49999999999999994,-0.8660254037844387,0.7818314824680298,0.6234898018587336,1,0,23.91
00002_06-05-2025-16.37,157.0,-40.2,29.49,-10.2,46.84,19.8,50.4,49.8,50.4,0.49999999999999994,-0.8660254037844387,0.7818314824680298,0.6234898018587336,1,0,12.85
00015_06-05-2025-17.17,157.0,-49.8,46.84,-19.8,50.4,10.2,50.4,40.2,73.11,0.49999999999999994,-0.8660254037844387,0.7818314824680298,0.6234898018587336,0,1,22.97
00009_06-05-2025-17.22,172.0,-55.2,46.84,-25.2,50.4,4.8,50.4,34.8,73.11,0.49999999999999994,-0.8660254037844387,0.7818314824680298,0.6234898018587336,1,0,28.37
00002_06-05-2025-18.32,157.0,-34.8,73.11,-4.8,49.57,25.2,39.51,62.4,27.22,0.49999999999999994,-0.8660254037844387,0.7818314824680298,0.6234898018587336,1,0,43.85
00009_06-05-2025-19.29,172.0,-61.8,49.57,-31.8,39.51,5.4,27.22,36.0,52.45,0.49999999999999994,-0.8660254037844387,0.7818314824680298,0.6234898018587336,1,0,34.9
00009_06-05-2025-20.22,172.0,-48.0,27.22,-17.4,52.45,4.8,38.89,45.0,31.08,0.49999999999999994,-0.8660254037844387,0.7818314824680298,0.6234898018587336,1,0,28.26
00005_06-05-2025-21.02,172.0,-57.0,52.45,-34.8,38.89,5.4,31.08,550.2,37.49,0.49999999999999994,-0.8660254037844387,0.7818314824680298,0.6234898018587336,0,1,29.99
00002_07-05-2025-06.22,157.0,-555.0,31.08,-10.2,37.49,4.8,49.65,34.8,95.44,0.49999999999999994,-0.8660254037844387,0.9749279121818236,-0.22252093395631434,1,0,46.29
00005_07-05-2025-07.02,172.0,-34.8,49.65,-4.8,95.44,25.2,52.21,55.2,37.01,0.49999999999999994,-0.8660254037844387,0.9749279121818236,-0.22252093395631434,0,1,68.62
00002_07-05-2025-07.22,157.0,-55.2,49.65,-25.2,95.44,4.8,52.21,34.8,37.01,0.49999999999999994,-0.8660254037844387,0.9749279121818236,-0.22252093395631434,1,0,39.78
00002_07-05-2025-08.32,157.0,-34.8,37.01,-4.8,74.45,25.2,37.05,55.2,55.95,0.49999999999999994,-0.8660254037844387,0.9749279121818236,-0.22252093395631434,1,0,35.95
00009_07-05-2025-09.22,172.0,-55.2,74.45,-25.2,37.05,4.8,55.95,64.8,50.17,0.49999999999999994,-0.8660254037844387,0.9749279121818236,-0.22252093395631434,1,0,47.99
00009_07-05-2025-09.57,172.0,-60.0,37.05,-30.0,55.95,30.0,50.17,90.0,30.85,0.49999999999999994,-0.8660254037844387,0.9749279121818236,-0.22252093395631434,1,0,32.25
00011_07-05-2025-10.02,182.0,-64.8,37.05,-34.8,55.95,25.2,50.17,85.2,30.85,0.49999999999999994,-0.8660254037844387,0.9749279121818236,-0.22252093395631434,0,1,40.62
00009_07-05-2025-11.22,172.0,-115.2,55.95,-55.2,50.17,4.8,30.85,64.8,49.15,0.49999999999999994,-0.8660254037844387,0.9749279121818236,-0.22252093395631434,1,0,18.21
00009_07-05-2025-12.22,172.0,-115.2,50.17,-55.2,30.85,4.8,49.15,34.8,25.82,0.49999999999999994,-0.8660254037844387,0.9749279121818236,-0.22252093395631434,1,0,44.63
00009_07-05-2025-14.02,172.0,-64.8,25.82,-43.8,48.24,25.2,31.39,55.2,38.69,0.49999999999999994,-0.8660254037844387,0.9749279121818236,-0.22252093395631434,1,0,51.98
00015_07-05-2025-14.12,157.0,-75.0,25.82,-54.0,48.24,15.0,31.39,45.0,38.69,0.49999999999999994,-0.8660254037844387,0.9749279121818236,-0.22252093395631434,0,1,39.38
00017_07-05-2025-14.42,179.0,-84.0,48.24,-15.0,31.39,15.0,38.69,45.0,38.28,0.49999999999999994,-0.8660254037844387,0.9749279121818236,-0.22252093395631434,1,0,45.52
00002_07-05-2025-16.37,157.0,-40.2,55.4,-10.2,53.48,19.8,116.53,49.8,58.69,0.49999999999999994,-0.8660254037844387,0.9749279121818236,-0.22252093395631434,1,0,38.29
00015_07-05-2025-17.17,157.0,-49.8,53.48,-19.8,116.53,10.2,58.69,40.2,64.91,0.49999999999999994,-0.8660254037844387,0.9749279121818236,-0.22252093395631434,0,1,54.71
00009_07-05-2025-17.22,172.0,-55.2,53.48,-25.2,116.53,4.8,58.69,34.8,64.91,0.49999999999999994,-0.8660254037844387,0.9749279121818236,-0.22252093395631434,1,0,44.38
00002_07-05-2025-18.32,157.0,-34.8,64.91,-4.8,52.42,25.2,121.43,62.4,32.0,0.49999999999999994,-0.8660254037844387,0.9749279121818236,-0.22252093395631434,1,0,45.25
00009_07-05-2025-19.29,172.0,-61.8,52.42,-31.8,121.43,5.4,32.0,36.0,66.43,0.49999999999999994,-0.8660254037844387,0.9749279121818236,-0.22252093395631434,1,0,50.03
00009_07-05-2025-20.22,172.0,-48.0,32.0,-17.4,66.43,4.8,31.91,45.0,55.98,0.49999999999999994,-0.8660254037844387,0.9749279121818236,-0.22252093395631434,1,0,29.76
00005_07-05-2025-21.02,172.0,-57.0,66.43,-34.8,31.91,5.4,55.98,550.2,30.43,0.49999999999999994,-0.8660254037844387,0.9749279121818236,-0.22252093395631434,0,1,34.55
00002_08-05-2025-06.22,157.0,-555.0,55.98,-10.2,30.43,4.8,29.48,34.8,59.15,0.49999999999999994,-0.8660254037844387,0.43388373911755823,-0.900968867902419,1,0,15.96
00005_08-05-2025-07.02,172.0,-34.8,29.48,-4.8,59.15,25.2,42.78,55.2,47.09,0.49999999999999994,-0.8660254037844387,0.43388373911755823,-0.900968867902419,0,1,37.35
00002_08-05-2025-07.22,157.0,-55.2,29.48,-25.2,59.15,4.8,42.78,34.8,47.09,0.49999999999999994,-0.8660254037844387,0.43388373911755823,-0.900968867902419,1,0,47.09
00002_08-05-2025-08.32,157.0,-34.8,47.09,-4.8,54.0,25.2,73.5,55.2,58.45,0.49999999999999994,-0.8660254037844387,0.43388373911755823,-0.900968867902419,1,0,45.52
00009_08-05-2025-09.22,172.0,-55.2,54.0,-25.2,73.5,4.8,58.45,64.8,48.06,0.49999999999999994,-0.8660254037844387,0.43388373911755823,-0.900968867902419,1,0,34.62
00009_08-05-2025-09.57,172.0,-60.0,73.5,-30.0,58.45,30.0,48.06,90.0,51.73,0.49999999999999994,-0.8660254037844387,0.43388373911755823,-0.900968867902419,1,0,59.27
00011_08-05-2025-10.02,182.0,-64.8,73.5,-34.8,58.45,25.2,48.06,85.2,51.73,0.49999999999999994,-0.8660254037844387,0.43388373911755823,-0.900968867902419,0,1,61.8
00009_08-05-2025-11.22,172.0,-115.2,58.45,-55.2,48.06,4.8,51.73,64.8,67.48,0.49999999999999994,-0.8660254037844387,0.43388373911755823,-0.900968867902419,1,0,62.93
00009_08-05-2025-12.22,172.0,-115.2,48.06,-55.2,51.73,4.8,67.48,34.8,64.31,0.49999999999999994,-0.8660254037844387,0.43388373911755823,-0.900968867902419,1,0,44.21
00002_08-05-2025-16.37,157.0,-40.2,98.42,-10.2,65.73,19.8,153.02,49.8,85.65,0.49999999999999994,-0.8660254037844387,0.43388373911755823,-0.900968867902419,1,0,53.06
00015_08-05-2025-17.17,157.0,-49.8,65.73,-19.8,153.02,10.2,85.65,40.2,60.34,0.49999999999999994,-0.8660254037844387,0.43388373911755823,-0.900968867902419,0,1,58.47
00009_08-05-2025-17.22,172.0,-55.2,65.73,-25.2,153.02,4.8,85.65,34.8,60.34,0.49999999999999994,-0.8660254037844387,0.43388373911755823,-0.900968867902419,1,0,77.16
00002_08-05-2025-18.32,157.0,-34.8,60.34,-4.8,68.82,25.2,88.15,62.4,27.33,0.49999999999999994,-0.8660254037844387,0.43388373911755823,-0.900968867902419,1,0,34.49
00009_08-05-2025-19.29,172.0,-61.8,68.82,-31.8,88.15,5.4,27.33,36.0,65.37,0.49999999999999994,-0.8660254037844387,0.43388373911755823,-0.900968867902419,1,0,40.01
00009_08-05-2025-20.22,172.0,-48.0,27.33,-17.4,65.37,4.8,51.18,45.0,52.19,0.49999999999999994,-0.8660254037844387,0.43388373911755823,-0.900968867902419,1,0,37.66
00005_08-05-2025-21.02,172.0,-57.0,65.37,-34.8,51.18,5.4,52.19,565.2,23.41,0.49999999999999994,-0.8660254037844387,0.43388373911755823,-0.900968867902419,0,1,28.57
00002_09-05-2025-06.22,157.0,-595.2,51.18,-555.0,52.19,4.8,23.41,34.8,36.35,0.49999999999999994,-0.8660254037844387,-0.433883739117558,-0.9009688679024191,1,0,32.27
00005_09-05-2025-07.02,172.0,-34.8,23.41,-4.8,36.35,25.2,69.43,55.2,62.55,0.49999999999999994,-0.8660254037844387,-0.433883739117558,-0.9009688679024191,0,1,34.79
00002_09-05-2025-07.22,157.0,-55.2,23.41,-25.2,36.35,4.8,69.43,34.8,62.55,0.49999999999999994,-0.8660254037844387,-0.433883739117558,-0.9009688679024191,1,0,49.05
00002_09-05-2025-08.32,157.0,-64.8,69.43,-34.8,62.55,25.2,122.73,55.2,68.16,0.49999999999999994,-0.8660254037844387,-0.433883739117558,-0.9009688679024191,1,0,47.43
00009_09-05-2025-09.22,172.0,-85.2,62.55,-25.2,122.73,4.8,68.16,64.8,54.97,0.49999999999999994,-0.8660254037844387,-0.433883739117558,-0.9009688679024191,1,0,53.26
00009_09-05-2025-09.57,172.0,-60.0,122.73,-30.0,68.16,30.0,54.97,90.0,100.44,0.49999999999999994,-0.8660254037844387,-0.433883739117558,-0.9009688679024191,1,0,59.14
00011_09-05-2025-10.02,182.0,-64.8,122.73,-34.8,68.16,25.2,54.97,85.2,100.44,0.49999999999999994,-0.8660254037844387,-0.433883739117558,-0.9009688679024191,0,1,32.56
00009_09-05-2025-11.22,172.0,-115.2,68.16,-55.2,54.97,4.8,100.44,64.8,59.05,0.49999999999999994,-0.8660254037844387,-0.433883739117558,-0.9009688679024191,1,0,71.18
00009_09-05-2025-12.22,172.0,-115.2,54.97,-55.2,100.44,4.8,59.05,34.8,69.95,0.49999999999999994,-0.8660254037844387,-0.433883739117558,-0.9009688679024191,1,0,45.7
00009_09-05-2025-14.02,172.0,-43.8,55.14,-4.8,82.76,25.2,83.29,55.2,107.02,0.49999999999999994,-0.8660254037844387,-0.433883739117558,-0.9009688679024191,1,0,60.03
00015_09-05-2025-14.12,157.0,-54.0,55.14,-15.0,82.76,15.0,83.29,45.0,107.02,0.49999999999999994,-0.8660254037844387,-0.433883739117558,-0.9009688679024191,0,1,63.51
00017_09-05-2025-14.42,179.0,-45.0,82.76,-15.0,83.29,15.0,107.02,45.0,56.26,0.49999999999999994,-0.8660254037844387,-0.433883739117558,-0.9009688679024191,1,0,74.05
00002_09-05-2025-16.37,157.0,-40.2,96.4,-10.2,70.2,19.8,97.46,49.8,53.98,0.49999999999999994,-0.8660254037844387,-0.433883739117558,-0.9009688679024191,1,0,74.46
00015_09-05-2025-17.17,157.0,-49.8,70.2,-19.8,97.46,10.2,53.98,40.2,63.48,0.49999999999999994,-0.8660254037844387,-0.433883739117558,-0.9009688679024191,0,1,31.52
00009_09-05-2025-17.22,172.0,-55.2,70.2,-25.2,97.46,4.8,53.98,34.8,63.48,0.49999999999999994,-0.8660254037844387,-0.433883739117558,-0.9009688679024191,1,0,61.67
00002_09-05-2025-18.32,157.0,-34.8,63.48,-4.8,100.26,25.2,56.57,62.4,32.29,0.49999999999999994,-0.8660254037844387,-0.433883739117558,-0.9009688679024191,1,0,54.2
00009_09-05-2025-19.29,172.0,-61.8,100.26,-31.8,56.57,5.4,32.29,36.0,64.62,0.49999999999999994,-0.8660254037844387,-0.433883739117558,-0.9009688679024191,1,0,44.03
00009_09-05-2025-20.22,172.0,-48.0,32.29,-17.4,64.62,4.8,42.81,45.0,83.56,0.49999999999999994,-0.8660254037844387,-0.433883739117558,-0.9009688679024191,1,0,30.15
00005_09-05-2025-21.02,172.0,-57.0,64.62,-34.8,42.81,5.4,83.56,565.2,26.61,0.49999999999999994,-0.8660254037844387,-0.433883739117558,-0.9009688679024191,0,1,35.72
00005_10-05-2025-07.02,172.0,-594.6,83.56,-34.8,26.61,25.2,60.89,85.2,65.22,0.49999999999999994,-0.8660254037844387,-0.9749279121818236,-0.2225209339563146,0,1,16.0
00009_10-05-2025-08.07,172.0,-100.2,26.61,-40.2,60.89,19.8,65.22,49.8,58.59,0.49999999999999994,-0.8660254037844387,-0.9749279121818236,-0.2225209339563146,1,0,34.71
00009_10-05-2025-09.22,172.0,-55.2,65.22,-25.2,58.59,4.8,49.91,64.8,46.07,0.49999999999999994,-0.8660254037844387,-0.9749279121818236,-0.2225209339563146,1,0,15.56
00009_10-05-2025-09.57,172.0,-60.0,58.59,-30.0,49.91,30.0,46.07,90.0,38.92,0.49999999999999994,-0.8660254037844387,-0.9749279121818236,-0.2225209339563146,1,0,45.35
00011_10-05-2025-10.02,182.0,-64.8,58.59,-34.8,49.91,25.2,46.07,85.2,38.92,0.49999999999999994,-0.8660254037844387,-0.9749279121818236,-0.2225209339563146,0,1,38.33
00009_10-05-2025-11.22,172.0,-115.2,49.91,-55.2,46.07,4.8,38.92,64.8,53.72,0.49999999999999994,-0.8660254037844387,-0.9749279121818236,-0.2225209339563146,1,0,46.91
00009_10-05-2025-12.22,172.0,-115.2,46.07,-55.2,38.92,4.8,53.72,55.8,82.74,0.49999999999999994,-0.8660254037844387,-0.9749279121818236,-0.2225209339563146,1,0,10.0
00015_10-05-2025-14.12,157.0,-105.0,53.72,-54.0,82.74,75.0,32.72,135.0,90.46,0.49999999999999994,-0.8660254037844387,-0.9749279121818236,-0.2225209339563146,0,1,15.74
00017_10-05-2025-14.42,179.0,-135.0,53.72,-84.0,82.74,45.0,32.72,105.0,90.46,0.49999999999999994,-0.8660254037844387,-0.9749279121818236,-0.2225209339563146,1,0,32.25
00002_10-05-2025-16.37,157.0,-70.2,32.72,-10.2,90.46,49.8,19.28,109.8,107.27,0.49999999999999994,-0.8660254037844387,-0.9749279121818236,-0.2225209339563146,1,0,15.95
00015_10-05-2025-17.17,157.0,-109.8,32.72,-49.8,90.46,10.2,19.28,70.2,107.27,0.49999999999999994,-0.8660254037844387,-0.9749279121818236,-0.2225209339563146,0,1,29.12
00009_10-05-2025-19.29,172.0,-121.8,19.28,-61.8,107.27,5.4,30.93,58.2,52.63,0.49999999999999994,-0.8660254037844387,-0.9749279121818236,-0.2225209339563146,1,0,16.33
00009_10-05-2025-20.22,172.0,-115.2,107.27,-48.0,30.93,4.8,52.63,604.8,54.63,0.49999999999999994,-0.8660254037844387,-0.9749279121818236,-0.2225209339563146,1,0,27.25
00005_10-05-2025-21.02,172.0,-87.6,30.93,-34.8,52.63,565.2,54.63,625.2,71.86,0.49999999999999994,-0.8660254037844387,-0.9749279121818236,-0.2225209339563146,0,1,23.22
00005_11-05-2025-07.02,172.0,-634.8,52.63,-34.8,54.63,25.2,71.86,85.2,100.04,0.49999999999999994,-0.8660254037844387,-0.7818314824680299,0.6234898018587334,0,1,41.3
00009_11-05-2025-08.07,172.0,-100.2,54.63,-40.2,71.86,19.8,100.04,79.8,53.28,0.49999999999999994,-0.8660254037844387,-0.7818314824680299,0.6234898018587334,1,0,53.87
00009_11-05-2025-09.22,172.0,-115.2,71.86,-55.2,100.04,4.8,53.28,64.8,40.81,0.49999999999999994,-0.8660254037844387,-0.7818314824680299,0.6234898018587334,1,0,45.23
00009_11-05-2025-09.57,172.0,-90.0,100.04,-30.0,53.28,30.0,40.81,90.0,142.54,0.49999999999999994,-0.8660254037844387,-0.7818314824680299,0.6234898018587334,1,0,59.15
00011_11-05-2025-10.02,182.0,-94.8,100.04,-34.8,53.28,25.2,40.81,85.2,142.54,0.49999999999999994,-0.8660254037844387,-0.7818314824680299,0.6234898018587334,0,1,39.2
00009_11-05-2025-11.22,172.0,-115.2,53.28,-55.2,40.81,4.8,142.54,64.8,62.83,0.49999999999999994,-0.8660254037844387,-0.7818314824680299,0.6234898018587334,1,0,69.44
00009_11-05-2025-12.22,172.0,-115.2,40.81,-55.2,142.54,4.8,62.83,55.8,55.14,0.49999999999999994,-0.8660254037844387,-0.7818314824680299,0.6234898018587334,1,0,74.63
00009_11-05-2025-14.02,172.0,-94.8,62.83,-43.8,55.14,25.2,84.41,85.2,62.3,0.49999999999999994,-0.8660254037844387,-0.7818314824680299,0.6234898018587334,1,0,86.49
00015_11-05-2025-14.12,157.0,-105.0,62.83,-54.0,55.14,15.0,84.41,75.0,62.3,0.49999999999999994,-0.8660254037844387,-0.7818314824680299,0.6234898018587334,0,1,56.83
00017_11-05-2025-14.42,179.0,-84.0,55.14,-15.0,84.41,45.0,62.3,105.0,70.85,0.49999999999999994,-0.8660254037844387,-0.7818314824680299,0.6234898018587334,1,0,66.05
00002_11-05-2025-16.37,157.0,-70.2,62.3,-10.2,70.85,19.8,92.33,49.8,58.83,0.49999999999999994,-0.8660254037844387,-0.7818314824680299,0.6234898018587334,1,0,104.75
00015_11-05-2025-17.17,157.0,-49.8,70.85,-19.8,92.33,10.2,58.83,40.2,74.15,0.49999999999999994,-0.8660254037844387,-0.7818314824680299,0.6234898018587334,0,1,57.56
00009_11-05-2025-17.22,172.0,-55.2,70.85,-25.2,92.33,4.8,58.83,34.8,74.15,0.49999999999999994,-0.8660254037844387,-0.7818314824680299,0.6234898018587334,1,0,76.16
00002_11-05-2025-18.32,157.0,-34.8,74.15,-4.8,82.6,25.2,110.17,62.4,75.58,0.49999999999999994,-0.8660254037844387,-0.7818314824680299,0.6234898018587334,1,0,89.55
00009_11-05-2025-19.29,172.0,-61.8,82.6,-31.8,110.17,5.4,75.58,36.0,56.38,0.49999999999999994,-0.8660254037844387,-0.7818314824680299,0.6234898018587334,1,0,91.05
00009_11-05-2025-20.22,172.0,-48.0,75.58,-17.4,56.38,4.8,79.83,45.0,119.53,0.49999999999999994,-0.8660254037844387,-0.7818314824680299,0.6234898018587334,1,0,78.44
00005_11-05-2025-21.02,172.0,-57.0,56.38,-34.8,79.83,5.4,119.53,550.2,34.32,0.49999999999999994,-0.8660254037844387,-0.7818314824680299,0.6234898018587334,0,1,58.85
00002_12-05-2025-06.22,157.0,-555.0,119.53,-10.2,34.32,4.8,40.31,34.8,62.22,0.49999999999999994,-0.8660254037844387,0.0,1.0,1,0,28.27
00005_12-05-2025-07.02,172.0,-34.8,40.31,-4.8,62.22,25.2,60.22,55.2,73.81,0.49999999999999994,-0.8660254037844387,0.0,1.0,0,1,37.0
00002_12-05-2025-07.22,157.0,-55.2,40.31,-25.2,62.22,4.8,60.22,34.8,73.81,0.49999999999999994,-0.8660254037844387,0.0,1.0,1,0,60.31
00002_12-05-2025-08.32,157.0,-34.8,73.81,-4.8,67.77,25.2,51.18,55.2,83.48,0.49999999999999994,-0.8660254037844387,0.0,1.0,1,0,36.9
00009_12-05-2025-09.22,172.0,-55.2,67.77,-25.2,51.18,4.8,83.48,64.8,34.95,0.49999999999999994,-0.8660254037844387,0.0,1.0,1,0,60.66
00009_12-05-2025-09.57,172.0,-60.0,51.18,-30.0,83.48,30.0,34.95,90.0,40.67,0.49999999999999994,-0.8660254037844387,0.0,1.0,1,0,31.5
00011_12-05-2025-10.02,182.0,-64.8,51.18,-34.8,83.48,25.2,34.95,85.2,40.67,0.49999999999999994,-0.8660254037844387,0.0,1.0,0,1,45.61
00009_12-05-2025-11.22,172.0,-115.2,83.48,-55.2,34.95,4.8,40.67,64.8,49.5,0.49999999999999994,-0.8660254037844387,0.0,1.0,1,0,27.5
00009_12-05-2025-12.22,172.0,-115.2,34.95,-55.2,40.67,4.8,49.5,34.8,43.5,0.49999999999999994,-0.8660254037844387,0.0,1.0,1,0,55.99
00009_12-05-2025-14.02,172.0,-64.8,43.5,-43.8,68.94,25.2,40.54,55.2,37.81,0.49999999999999994,-0.8660254037844387,0.0,1.0,1,0,38.42
00015_12-05-2025-14.12,157.0,-75.0,43.5,-54.0,68.94,15.0,40.54,45.0,37.81,0.49999999999999994,-0.8660254037844387,0.0,1.0,0,1,26.58
00017_12-05-2025-14.42,179.0,-84.0,68.94,-15.0,40.54,15.0,37.81,45.0,34.44,0.49999999999999994,-0.8660254037844387,0.0,1.0,1,0,48.4
00002_12-05-2025-16.37,157.0,-40.2,51.57,-10.2,56.38,19.8,40.47,49.8,70.1,0.49999999999999994,-0.8660254037844387,0.0,1.0,1,0,35.58
00015_12-05-2025-17.17,157.0,-49.8,56.38,-19.8,40.47,10.2,70.1,40.2,47.39,0.49999999999999994,-0.8660254037844387,0.0,1.0,0,1,33.31
00009_12-05-2025-17.22,172.0,-55.2,56.38,-25.2,40.47,4.8,70.1,34.8,47.39,0.49999999999999994,-0.8660254037844387,0.0,1.0,1,0,51.36
00002_12-05-2025-18.32,157.0,-34.8,47.39,-4.8,57.01,25.2,49.14,62.4,21.76,0.49999999999999994,-0.8660254037844387,0.0,1.0,1,0,28.89
00009_12-05-2025-19.29,172.0,-61.8,57.01,-31.8,49.14,5.4,21.76,36.0,19.49,0.49999999999999994,-0.8660254037844387,0.0,1.0,1,0,46.96
00009_12-05-2025-20.22,172.0,-48.0,21.76,-17.4,19.49,4.8,18.75,45.0,36.76,0.49999999999999994,-0.8660254037844387,0.0,1.0,1,0,21.67
00005_12-05-2025-21.02,172.0,-57.0,19.49,-34.8,18.75,5.4,36.76,550.2,35.23,0.49999999999999994,-0.8660254037844387,0.0,1.0,0,1,25.58
00002_13-05-2025-06.22,157.0,-555.0,36.76,-10.2,35.23,4.8,31.57,34.8,97.48,0.49999999999999994,-0.8660254037844387,0.7818314824680298,0.6234898018587336,1,0,13.55
00005_13-05-2025-07.02,172.0,-34.8,31.57,-4.8,97.48,25.2,36.99,55.2,53.38,0.49999999999999994,-0.8660254037844387,0.7818314824680298,0.6234898018587336,0,1,41.57
00002_13-05-2025-07.22,157.0,-55.2,31.57,-25.2,97.48,4.8,36.99,34.8,53.38,0.49999999999999994,-0.8660254037844387,0.7818314824680298,0.6234898018587336,1,0,23.6
00002_13-05-2025-08.32,157.0,-34.8,53.38,-4.8,69.12,25.2,49.09,55.2,67.43,0.49999999999999994,-0.8660254037844387,0.7818314824680298,0.6234898018587336,1,0,31.74
00009_13-05-2025-09.22,172.0,-55.2,69.12,-25.2,49.09,4.8,67.43,64.8,33.69,0.49999999999999994,-0.8660254037844387,0.7818314824680298,0.6234898018587336,1,0,48.1
00009_13-05-2025-09.57,172.0,-60.0,49.09,-30.0,67.43,30.0,33.69,90.0,46.03,0.49999999999999994,-0.8660254037844387,0.7818314824680298,0.6234898018587336,1,0,32.69
00011_13-05-2025-10.02,182.0,-64.8,49.09,-34.8,67.43,25.2,33.69,85.2,46.03,0.49999999999999994,-0.8660254037844387,0.7818314824680298,0.6234898018587336,0,1,40.02
00009_13-05-2025-11.22,172.0,-115.2,67.43,-55.2,33.69,4.8,46.03,64.8,48.13,0.49999999999999994,-0.8660254037844387,0.7818314824680298,0.6234898018587336,1,0,44.39
00009_13-05-2025-12.22,172.0,-115.2,33.69,-55.2,46.03,4.8,48.13,34.8,31.68,0.49999999999999994,-0.8660254037844387,0.7818314824680298,0.6234898018587336,1,0,32.55
00009_13-05-2025-14.02,172.0,-64.8,31.68,-43.8,48.24,25.2,80.9,55.2,30.89,0.49999999999999994,-0.8660254037844387,0.7818314824680298,0.6234898018587336,1,0,21.74
00015_13-05-2025-14.12,157.0,-75.0,31.68,-54.0,48.24,15.0,80.9,45.0,30.89,0.49999999999999994,-0.8660254037844387,0.7818314824680298,0.6234898018587336,0,1,40.65
00017_13-05-2025-14.42,179.0,-84.0,48.24,-15.0,80.9,15.0,30.89,45.0,28.56,0.49999999999999994,-0.8660254037844387,0.7818314824680298,0.6234898018587336,1,0,31.54
00002_13-05-2025-16.37,157.0,-40.2,25.05,-10.2,32.44,19.8,51.09,49.8,67.58,0.49999999999999994,-0.8660254037844387,0.7818314824680298,0.6234898018587336,1,0,41.48
00015_13-05-2025-17.17,157.0,-49.8,32.44,-19.8,51.09,10.2,67.58,40.2,72.58,0.49999999999999994,-0.8660254037844387,0.7818314824680298,0.6234898018587336,0,1,63.69
00009_13-05-2025-17.22,172.0,-55.2,32.44,-25.2,51.09,4.8,67.58,34.8,72.58,0.49999999999999994,-0.8660254037844387,0.7818314824680298,0.6234898018587336,1,0,39.74
00002_13-05-2025-18.32,157.0,-34.8,72.58,-4.8,41.26,25.2,16.04,62.4,31.6,0.49999999999999994,-0.8660254037844387,0.7818314824680298,0.6234898018587336,1,0,31.71
00009_13-05-2025-19.29,172.0,-61.8,41.26,-31.8,16.04,5.4,31.6,36.0,27.84,0.49999999999999994,-0.8660254037844387,0.7818314824680298,0.6234898018587336,1,0,37.46
00009_13-05-2025-20.22,172.0,-48.0,31.6,-17.4,27.84,4.8,17.31,45.0,39.49,0.49999999999999994,-0.8660254037844387,0.7818314824680298,0.6234898018587336,1,0,30.38
00005_13-05-2025-21.02,172.0,-57.0,27.84,-34.8,17.31,5.4,39.49,550.2,35.91,0.49999999999999994,-0.8660254037844387,0.7818314824680298,0.6234898018587336,0,1,56.22
00002_14-05-2025-06.22,157.0,-555.0,39.49,-10.2,35.91,4.8,32.65,34.8,100.91,0.49999999999999994,-0.8660254037844387,0.9749279121818236,-0.22252093395631434,1,0,25.95
00005_14-05-2025-07.02,172.0,-34.8,32.65,-4.8,100.91,25.2,26.21,55.2,49.15,0.49999999999999994,-0.8660254037844387,0.9749279121818236,-0.22252093395631434,0,1,42.01
00002_14-05-2025-07.22,157.0,-55.2,32.65,-25.2,100.91,4.8,26.21,34.8,49.15,0.49999999999999994,-0.8660254037844387,0.9749279121818236,-0.22252093395631434,1,0,38.04
00002_14-05-2025-08.32,157.0,-34.8,49.15,-4.8,89.88,25.2,55.0,55.2,63.72,0.49999999999999994,-0.8660254037844387,0.9749279121818236,-0.22252093395631434,1,0,39.67
00009_14-05-2025-09.22,172.0,-55.2,89.88,-25.2,55.0,4.8,63.72,64.8,46.9,0.49999999999999994,-0.8660254037844387,0.9749279121818236,-0.22252093395631434,1,0,37.04
00009_14-05-2025-09.57,172.0,-60.0,55.0,-30.0,63.72,30.0,46.9,90.0,52.78,0.49999999999999994,-0.8660254037844387,0.9749279121818236,-0.22252093395631434,1,0,44.65
00011_14-05-2025-10.02,182.0,-64.8,55.0,-34.8,63.72,25.2,46.9,85.2,52.78,0.49999999999999994,-0.8660254037844387,0.9749279121818236,-0.22252093395631434,0,1,55.96
00009_14-05-2025-11.22,172.0,-115.2,63.72,-55.2,46.9,4.8,52.78,64.8,62.89,0.49999999999999994,-0.8660254037844387,0.9749279121818236,-0.22252093395631434,1,0,72.06
00009_14-05-2025-12.22,172.0,-115.2,46.9,-55.2,52.78,4.8,62.89,34.8,49.26,0.49999999999999994,-0.8660254037844387,0.9749279121818236,-0.22252093395631434,1,0,20.52
00009_14-05-2025-14.02,172.0,-64.8,49.26,-43.8,48.24,25.2,32.56,55.2,58.16,0.49999999999999994,-0.8660254037844387,0.9749279121818236,-0.22252093395631434,1,0,34.62
00015_14-05-2025-14.12,157.0,-75.0,49.26,-54.0,48.24,15.0,32.56,45.0,58.16,0.49999999999999994,-0.8660254037844387,0.9749279121818236,-0.22252093395631434,0,1,36.1
00017_14-05-2025-14.42,179.0,-84.0,48.24,-15.0,32.56,15.0,58.16,45.0,36.03,0.49999999999999994,-0.8660254037844387,0.9749279121818236,-0.22252093395631434,1,0,41.47
00002_14-05-2025-16.37,157.0,-40.2,70.57,-10.2,51.95,19.8,113.83,49.8,58.1,0.49999999999999994,-0.8660254037844387,0.9749279121818236,-0.22252093395631434,1,0,51.05
00015_14-05-2025-17.17,157.0,-49.8,51.95,-19.8,113.83,10.2,58.1,40.2,47.75,0.49999999999999994,-0.8660254037844387,0.9749279121818236,-0.22252093395631434,0,1,56.5
00009_14-05-2025-17.22,172.0,-55.2,51.95,-25.2,113.83,4.8,58.1,34.8,47.75,0.49999999999999994,-0.8660254037844387,0.9749279121818236,-0.22252093395631434,1,0,43.6
00002_14-05-2025-18.32,157.0,-34.8,47.75,-4.8,75.09,25.2,98.7,62.4,29.06,0.49999999999999994,-0.8660254037844387,0.9749279121818236,-0.22252093395631434,1,0,62.89
00009_14-05-2025-19.29,172.0,-61.8,75.09,-31.8,98.7,5.4,29.06,36.0,46.76,0.49999999999999994,-0.8660254037844387,0.9749279121818236,-0.22252093395631434,1,0,51.51
00009_14-05-2025-20.22,172.0,-48.0,29.06,-17.4,46.76,4.8,46.15,45.0,62.86,0.49999999999999994,-0.8660254037844387,0.9749279121818236,-0.22252093395631434,1,0,20.92
00005_14-05-2025-21.02,172.0,-57.0,46.76,-34.8,46.15,5.4,62.86,550.2,27.85,0.49999999999999994,-0.8660254037844387,0.9749279121818236,-0.22252093395631434,0,1,52.48
00002_15-05-2025-06.22,157.0,-555.0,62.86,-10.2,27.85,4.8,36.3,34.8,59.85,0.49999999999999994,-0.8660254037844387,0.43388373911755823,-0.900968867902419,1,0,35.19
00005_15-05-2025-07.02,172.0,-34.8,36.3,-4.8,59.85,25.2,45.75,55.2,52.62,0.49999999999999994,-0.8660254037844387,0.43388373911755823,-0.900968867902419,0,1,36.0
00002_15-05-2025-07.22,157.0,-55.2,36.3,-25.2,59.85,4.8,45.75,34.8,52.62,0.49999999999999994,-0.8660254037844387,0.43388373911755823,-0.900968867902419,1,0,30.81
00002_15-05-2025-08.32,157.0,-34.8,52.62,-4.8,48.62,25.2,61.34,55.2,62.32,0.49999999999999994,-0.8660254037844387,0.43388373911755823,-0.900968867902419,1,0,51.29
00009_15-05-2025-09.22,172.0,-55.2,48.62,-25.2,61.34,4.8,62.32,64.8,50.71,0.49999999999999994,-0.8660254037844387,0.43388373911755823,-0.900968867902419,1,0,50.68
00009_15-05-2025-09.57,172.0,-60.0,61.34,-30.0,62.32,30.0,50.71,90.0,43.46,0.49999999999999994,-0.8660254037844387,0.43388373911755823,-0.900968867902419,1,0,35.51
00011_15-05-2025-10.02,182.0,-64.8,61.34,-34.8,62.32,25.2,50.71,85.2,43.46,0.49999999999999994,-0.8660254037844387,0.43388373911755823,-0.900968867902419,0,1,41.38
00009_15-05-2025-11.22,172.0,-115.2,62.32,-55.2,50.71,4.8,43.46,64.8,51.68,0.49999999999999994,-0.8660254037844387,0.43388373911755823,-0.900968867902419,1,0,51.0
00009_15-05-2025-12.22,172.0,-115.2,50.71,-55.2,43.46,4.8,51.68,34.8,47.66,0.49999999999999994,-0.8660254037844387,0.43388373911755823,-0.900968867902419,1,0,46.51
00002_15-05-2025-16.37,157.0,-40.2,81.4,-10.2,55.85,19.8,137.68,49.8,86.79,0.49999999999999994,-0.8660254037844387,0.43388373911755823,-0.900968867902419,1,0,53.03
00015_15-05-2025-17.17,157.0,-49.8,55.85,-19.8,137.68,10.2,86.79,40.2,45.15,0.49999999999999994,-0.8660254037844387,0.43388373911755823,-0.900968867902419,0,1,58.74
00009_15-05-2025-17.22,172.0,-55.2,55.85,-25.2,137.68,4.8,86.79,34.8,45.15,0.49999999999999994,-0.8660254037844387,0.43388373911755823,-0.900968867902419,1,0,82.99
00002_15-05-2025-18.32,157.0,-34.8,45.15,-4.8,63.4,25.2,90.83,62.4,34.64,0.49999999999999994,-0.8660254037844387,0.43388373911755823,-0.900968867902419,1,0,48.32
00009_15-05-2025-19.29,172.0,-61.8,63.4,-31.8,90.83,5.4,34.64,36.0,45.09,0.49999999999999994,-0.8660254037844387,0.43388373911755823,-0.900968867902419,1,0,36.07
00009_15-05-2025-20.22,172.0,-48.0,34.64,-17.4,45.09,4.8,48.88,45.0,58.37,0.49999999999999994,-0.8660254037844387,0.43388373911755823,-0.900968867902419,1,0,43.76
00005_15-05-2025-21.02,172.0,-57.0,45.09,-34.8,48.88,5.4,58.37,565.2,20.28,0.49999999999999994,-0.8660254037844387,0.43388373911755823,-0.900968867902419,0,1,34.51
00002_16-05-2025-06.22,157.0,-595.2,48.88,-555.0,58.37,4.8,20.28,34.8,48.43,0.49999999999999994,-0.8660254037844387,-0.433883739117558,-0.9009688679024191,1,0,18.52
00005_16-05-2025-07.02,172.0,-34.8,20.28,-4.8,48.43,25.2,65.7,55.2,50.97,0.49999999999999994,-0.8660254037844387,-0.433883739117558,-0.9009688679024191,0,1,46.48
00002_16-05-2025-07.22,157.0,-55.2,20.28,-25.2,48.43,4.8,65.7,34.8,50.97,0.49999999999999994,-0.8660254037844387,-0.433883739117558,-0.9009688679024191,1,0,36.71
00002_16-05-2025-08.32,157.0,-64.8,65.7,-34.8,50.97,25.2,103.96,55.2,54.51,0.49999999999999994,-0.8660254037844387,-0.433883739117558,-0.9009688679024191,1,0,28.75
00009_16-05-2025-09.22,172.0,-85.2,50.97,-25.2,103.96,4.8,54.51,64.8,56.47,0.49999999999999994,-0.8660254037844387,-0.433883739117558,-0.9009688679024191,1,0,57.2
00009_16-05-2025-09.57,172.0,-60.0,103.96,-30.0,54.51,30.0,56.47,90.0,107.21,0.49999999999999994,-0.8660254037844387,-0.433883739117558,-0.9009688679024191,1,0,32.62
00011_16-05-2025-10.02,182.0,-64.8,103.96,-34.8,54.51,25.2,56.47,85.2,107.21,0.49999999999999994,-0.8660254037844387,-0.433883739117558,-0.9009688679024191,0,1,41.62
00009_16-05-2025-11.22,172.0,-115.2,54.51,-55.2,56.47,4.8,107.21,64.8,36.92,0.49999999999999994,-0.8660254037844387,-0.433883739117558,-0.9009688679024191,1,0,63.94
00009_16-05-2025-12.22,172.0,-115.2,56.47,-55.2,107.21,4.8,36.92,34.8,74.62,0.49999999999999994,-0.8660254037844387,-0.433883739117558,-0.9009688679024191,1,0,34.81
00009_16-05-2025-14.02,172.0,-43.8,55.14,-4.8,93.75,25.2,93.1,55.2,103.09,0.49999999999999994,-0.8660254037844387,-0.433883739117558,-0.9009688679024191,1,0,65.82
00015_16-05-2025-14.12,157.0,-54.0,55.14,-15.0,93.75,15.0,93.1,45.0,103.09,0.49999999999999994,-0.8660254037844387,-0.433883739117558,-0.9009688679024191,0,1,61.32
00017_16-05-2025-14.42,179.0,-45.0,93.75,-15.0,93.1,15.0,103.09,45.0,62.33,0.49999999999999994,-0.8660254037844387,-0.433883739117558,-0.9009688679024191,1,0,75.82
00002_16-05-2025-16.37,157.0,-40.2,106.73,-10.2,80.33,19.8,107.43,49.8,58.45,0.49999999999999994,-0.8660254037844387,-0.433883739117558,-0.9009688679024191,1,0,60.15
00015_16-05-2025-17.17,157.0,-49.8,80.33,-19.8,107.43,10.2,58.45,40.2,63.46,0.49999999999999994,-0.8660254037844387,-0.433883739117558,-0.9009688679024191,0,1,46.11
00009_16-05-2025-17.22,172.0,-55.2,80.33,-25.2,107.43,4.8,58.45,34.8,63.46,0.49999999999999994,-0.8660254037844387,-0.433883739117558,-0.9009688679024191,1,0,66.88
00002_16-05-2025-18.32,157.0,-34.8,63.46,-4.8,81.49,25.2,74.48,62.4,36.52,0.49999999999999994,-0.8660254037844387,-0.433883739117558,-0.9009688679024191,1,0,47.23
00009_16-05-2025-19.29,172.0,-61.8,81.49,-31.8,74.48,5.4,36.52,36.0,71.78,0.49999999999999994,-0.8660254037844387,-0.433883739117558,-0.9009688679024191,1,0,67.68
00009_16-05-2025-20.22,172.0,-48.0,36.52,-17.4,71.78,4.8,42.1,45.0,73.9,0.49999999999999994,-0.8660254037844387,-0.433883739117558,-0.9009688679024191,1,0,36.91
00005_16-05-2025-21.02,172.0,-57.0,71.78,-34.8,42.1,5.4,73.9,565.2,35.42,0.49999999999999994,-0.8660254037844387,-0.433883739117558,-0.9009688679024191,0,1,29.09
00005_17-05-2025-07.02,172.0,-594.6,73.9,-34.8,35.42,25.2,50.35,85.2,58.25,0.49999999999999994,-0.8660254037844387,-0.9749279121818236,-0.2225209339563146,0,1,41.99
00009_17-05-2025-08.07,172.0,-100.2,35.42,-40.2,50.35,19.8,58.25,49.8,74.54,0.49999999999999994,-0.8660254037844387,-0.9749279121818236,-0.2225209339563146,1,0,56.6
00009_17-05-2025-09.22,172.0,-55.2,58.25,-25.2,74.54,4.8,58.57,64.8,50.01,0.49999999999999994,-0.8660254037844387,-0.9749279121818236,-0.2225209339563146,1,0,38.02
00009_17-05-2025-09.57,172.0,-60.0,74.54,-30.0,58.57,30.0,50.01,90.0,56.76,0.49999999999999994,-0.8660254037844387,-0.9749279121818236,-0.2225209339563146,1,0,41.58
00011_17-05-2025-10.02,182.0,-64.8,74.54,-34.8,58.57,25.2,50.01,85.2,56.76,0.49999999999999994,-0.8660254037844387,-0.9749279121818236,-0.2225209339563146,0,1,38.98
00009_17-05-2025-11.22,172.0,-115.2,58.57,-55.2,50.01,4.8,56.76,64.8,55.37,0.49999999999999994,-0.8660254037844387,-0.9749279121818236,-0.2225209339563146,1,0,30.06
00009_17-05-2025-12.22,172.0,-115.2,50.01,-55.2,56.76,4.8,55.37,55.8,82.74,0.49999999999999994,-0.8660254037844387,-0.9749279121818236,-0.2225209339563146,1,0,38.2
00015_17-05-2025-14.12,157.0,-105.0,55.37,-54.0,82.74,75.0,32.63,135.0,104.76,0.49999999999999994,-0.8660254037844387,-0.9749279121818236,-0.2225209339563146,0,1,10.0
00017_17-05-2025-14.42,179.0,-135.0,55.37,-84.0,82.74,45.0,32.63,105.0,104.76,0.49999999999999994,-0.8660254037844387,-0.9749279121818236,-0.2225209339563146,1,0,35.89
00002_17-05-2025-16.37,157.0,-70.2,32.63,-10.2,104.76,49.8,25.7,109.8,89.27,0.49999999999999994,-0.8660254037844387,-0.9749279121818236,-0.2225209339563146,1,0,46.1
00015_17-05-2025-17.17,157.0,-109.8,32.63,-49.8,104.76,10.2,25.7,70.2,89.27,0.49999999999999994,-0.8660254037844387,-0.9749279121818236,-0.2225209339563146,0,1,16.81
00009_17-05-2025-19.29,172.0,-121.8,25.7,-61.8,89.27,5.4,32.89,58.2,12.64,0.49999999999999994,-0.8660254037844387,-0.9749279121818236,-0.2225209339563146,1,0,45.33
00009_17-05-2025-20.22,172.0,-115.2,89.27,-48.0,32.89,4.8,12.64,604.8,60.26,0.49999999999999994,-0.8660254037844387,-0.9749279121818236,-0.2225209339563146,1,0,28.42
00005_17-05-2025-21.02,172.0,-87.6,32.89,-34.8,12.64,565.2,60.26,625.2,58.91,0.49999999999999994,-0.8660254037844387,-0.9749279121818236,-0.2225209339563146,0,1,27.9
00005_18-05-2025-07.02,172.0,-634.8,12.64,-34.8,60.26,25.2,58.91,85.2,68.37,0.49999999999999994,-0.8660254037844387,-0.7818314824680299,0.6234898018587334,0,1,45.7
00009_18-05-2025-08.07,172.0,-100.2,60.26,-40.2,58.91,19.8,68.37,79.8,56.73,0.49999999999999994,-0.8660254037844387,-0.7818314824680299,0.6234898018587334,1,0,37.61
00009_18-05-2025-09.22,172.0,-115.2,58.91,-55.2,68.37,4.8,56.73,64.8,45.13,0.49999999999999994,-0.8660254037844387,-0.7818314824680299,0.6234898018587334,1,0,56.55
00009_18-05-2025-09.57,172.0,-90.0,68.37,-30.0,56.73,30.0,45.13,90.0,148.66,0.49999999999999994,-0.8660254037844387,-0.7818314824680299,0.6234898018587334,1,0,58.85
00011_18-05-2025-10.02,182.0,-94.8,68.37,-34.8,56.73,25.2,45.13,85.2,148.66,0.49999999999999994,-0.8660254037844387,-0.7818314824680299,0.6234898018587334,0,1,34.26
00009_18-05-2025-11.22,172.0,-115.2,56.73,-55.2,45.13,4.8,148.66,64.8,60.58,0.49999999999999994,-0.8660254037844387,-0.7818314824680299,0.6234898018587334,1,0,79.51
00009_18-05-2025-12.22,172.0,-115.2,45.13,-55.2,148.66,4.8,60.58,55.8,55.14,0.49999999999999994,-0.8660254037844387,-0.7818314824680299,0.6234898018587334,1,0,49.89
00009_18-05-2025-14.02,172.0,-94.8,60.58,-43.8,55.14,25.2,100.75,85.2,61.65,0.49999999999999994,-0.8660254037844387,-0.7818314824680299,0.6234898018587334,1,0,81.27
00015_18-05-2025-14.12,157.0,-105.0,60.58,-54.0,55.14,15.0,100.75,75.0,61.65,0.49999999999999994,-0.8660254037844387,-0.7818314824680299,0.6234898018587334,0,1,55.53
00017_18-05-2025-14.42,179.0,-84.0,55.14,-15.0,100.75,45.0,61.65,105.0,96.72,0.49999999999999994,-0.8660254037844387,-0.7818314824680299,0.6234898018587334,1,0,68.73
00002_18-05-2025-16.37,157.0,-70.2,61.65,-10.2,96.72,19.8,75.77,49.8,71.97,0.49999999999999994,-0.8660254037844387,-0.7818314824680299,0.6234898018587334,1,0,99.9
00015_18-05-2025-17.17,157.0,-49.8,96.72,-19.8,75.77,10.2,71.97,40.2,55.42,0.49999999999999994,-0.8660254037844387,-0.7818314824680299,0.6234898018587334,0,1,61.72
00009_18-05-2025-17.22,172.0,-55.2,96.72,-25.2,75.77,4.8,71.97,34.8,55.42,0.49999999999999994,-0.8660254037844387,-0.7818314824680299,0.6234898018587334,1,0,95.23
00002_18-05-2025-18.32,157.0,-34.8,55.42,-4.8,69.98,25.2,110.1,62.4,87.39,0.49999999999999994,-0.8660254037844387,-0.7818314824680299,0.6234898018587334,1,0,76.78
00009_18-05-2025-19.29,172.0,-61.8,69.98,-31.8,110.1,5.4,87.39,36.0,59.27,0.49999999999999994,-0.8660254037844387,-0.7818314824680299,0.6234898018587334,1,0,70.95
00009_18-05-2025-20.22,172.0,-48.0,87.39,-17.4,59.27,4.8,78.79,45.0,112.3,0.49999999999999994,-0.8660254037844387,-0.7818314824680299,0.6234898018587334,1,0,78.6
00005_18-05-2025-21.02,172.0,-57.0,59.27,-34.8,78.79,5.4,112.3,550.2,28.89,0.49999999999999994,-0.8660254037844387,-0.7818314824680299,0.6234898018587334,0,1,78.03
00002_19-05-2025-06.22,157.0,-555.0,112.3,-10.2,28.89,4.8,43.66,34.8,55.94,0.49999999999999994,-0.8660254037844387,0.0,1.0,1,0,28.13
00005_19-05-2025-07.02,172.0,-34.8,43.66,-4.8,55.94,25.2,65.13,55.2,62.17,0.49999999999999994,-0.8660254037844387,0.0,1.0,0,1,27.64
00002_19-05-2025-07.22,157.0,-55.2,43.66,-25.2,55.94,4.8,65.13,34.8,62.17,0.49999999999999994,-0.8660254037844387,0.0,1.0,1,0,44.54
00002_19-05-2025-08.32,157.0,-34.8,62.17,-4.8,61.01,25.2,37.06,55.2,82.1,0.49999999999999994,-0.8660254037844387,0.0,1.0,1,0,35.53
00009_19-05-2025-09.22,172.0,-55.2,61.01,-25.2,37.06,4.8,82.1,64.8,37.85,0.49999999999999994,-0.8660254037844387,0.0,1.0,1,0,53.32
00009_19-05-2025-09.57,172.0,-60.0,37.06,-30.0,82.1,30.0,37.85,90.0,43.71,0.49999999999999994,-0.8660254037844387,0.0,1.0,1,0,44.34
00011_19-05-2025-10.02,182.0,-64.8,37.06,-34.8,82.1,25.2,37.85,85.2,43.71,0.49999999999999994,-0.8660254037844387,0.0,1.0,0,1,33.64
00009_19-05-2025-11.22,172.0,-115.2,82.1,-55.2,37.85,4.8,43.71,64.8,56.98,0.49999999999999994,-0.8660254037844387,0.0,1.0,1,0,39.4
00009_19-05-2025-12.22,172.0,-115.2,37.85,-55.2,43.71,4.8,56.98,34.8,32.56,0.49999999999999994,-0.8660254037844387,0.0,1.0,1,0,51.32
00009_19-05-2025-14.02,172.0,-64.8,32.56,-43.8,68.94,25.2,37.56,55.2,48.59,0.49999999999999994,-0.8660254037844387,0.0,1.0,1,0,29.15
00015_19-05-2025-14.12,157.0,-75.0,32.56,-54.0,68.94,15.0,37.56,45.0,48.59,0.49999999999999994,-0.8660254037844387,0.0,1.0,0,1,23.15
00017_19-05-2025-14.42,179.0,-84.0,68.94,-15.0,37.56,15.0,48.59,45.0,40.12,0.49999999999999994,-0.8660254037844387,0.0,1.0,1,0,30.41
00002_19-05-2025-16.37,157.0,-40.2,38.55,-10.2,78.35,19.8,50.21,49.8,71.35,0.49999999999999994,-0.8660254037844387,0.0,1.0,1,0,28.04
00015_19-05-2025-17.17,157.0,-49.8,78.35,-19.8,50.21,10.2,71.35,40.2,44.12,0.49999999999999994,-0.8660254037844387,0.0,1.0,0,1,45.53
00009_19-05-2025-17.22,172.0,-55.2,78.35,-25.2,50.21,4.8,71.35,34.8,44.12,0.49999999999999994,-0.8660254037844387,0.0,1.0,1,0,21.94
00002_19-05-2025-18.32,157.0,-34.8,44.12,-4.8,52.87,25.2,35.33,62.4,23.34,0.49999999999999994,-0.8660254037844387,0.0,1.0,1,0,31.26
00009_19-05-2025-19.29,172.0,-61.8,52.87,-31.8,35.33,5.4,23.34,36.0,31.09,0.49999999999999994,-0.8660254037844387,0.0,1.0,1,0,41.8
00009_19-05-2025-20.22,172.0,-48.0,23.34,-17.4,31.09,4.8,15.41,45.0,43.69,0.49999999999999994,-0.8660254037844387,0.0,1.0,1,0,27.28
00005_19-05-2025-21.02,172.0,-57.0,31.09,-34.8,15.41,5.4,43.69,550.2,36.09,0.49999999999999994,-0.8660254037844387,0.0,1.0,0,1,30.55
00002_20-05-2025-06.22,157.0,-555.0,43.69,-10.2,36.09,4.8,44.29,34.8,116.48,0.49999999999999994,-0.8660254037844387,0.7818314824680298,0.6234898018587336,1,0,22.92
00005_20-05-2025-07.02,172.0,-34.8,44.29,-4.8,116.48,25.2,41.47,55.2,41.8,0.49999999999999994,-0.8660254037844387,0.7818314824680298,0.6234898018587336,0,1,68.51
00002_20-05-2025-07.22,157.0,-55.2,44.29,-25.2,116.48,4.8,41.47,34.8,41.8,0.49999999999999994,-0.8660254037844387,0.7818314824680298,0.6234898018587336,1,0,24.34
00002_20-05-2025-08.32,157.0,-34.8,41.8,-4.8,65.11,25.2,27.79,55.2,85.5,0.49999999999999994,-0.8660254037844387,0.7818314824680298,0.6234898018587336,1,0,31.11
00009_20-05-2025-09.22,172.0,-55.2,65.11,-25.2,27.79,4.8,85.5,64.8,33.01,0.49999999999999994,-0.8660254037844387,0.7818314824680298,0.6234898018587336,1,0,40.16
00009_20-05-2025-09.57,172.0,-60.0,27.79,-30.0,85.5,30.0,33.01,90.0,35.81,0.49999999999999994,-0.8660254037844387,0.7818314824680298,0.6234898018587336,1,0,39.9
00011_20-05-2025-10.02,182.0,-64.8,27.79,-34.8,85.5,25.2,33.01,85.2,35.81,0.49999999999999994,-0.8660254037844387,0.7818314824680298,0.6234898018587336,0,1,25.49
00009_20-05-2025-11.22,172.0,-115.2,85.5,-55.2,33.01,4.8,35.81,64.8,63.41,0.49999999999999994,-0.8660254037844387,0.7818314824680298,0.6234898018587336,1,0,48.47
00009_20-05-2025-12.22,172.0,-115.2,33.01,-55.2,35.81,4.8,63.41,34.8,38.94,0.49999999999999994,-0.8660254037844387,0.7818314824680298,0.6234898018587336,1,0,33.39
00009_20-05-2025-14.02,172.0,-64.8,38.94,-43.8,48.24,25.2,77.8,55.2,51.1,0.49999999999999994,-0.8660254037844387,0.7818314824680298,0.6234898018587336,1,0,28.33
00015_20-05-2025-14.12,157.0,-75.0,38.94,-54.0,48.24,15.0,77.8,45.0,51.1,0.49999999999999994,-0.8660254037844387,0.7818314824680298,0.6234898018587336,0,1,20.47
00017_20-05-2025-14.42,179.0,-84.0,48.24,-15.0,77.8,15.0,51.1,45.0,26.66,0.49999999999999994,-0.8660254037844387,0.7818314824680298,0.6234898018587336,1,0,39.13
00002_20-05-2025-16.37,157.0,-40.2,20.39,-10.2,36.99,19.8,62.9,49.8,55.2,0.49999999999999994,-0.8660254037844387,0.7818314824680298,0.6234898018587336,1,0,29.82
00015_20-05-2025-17.17,157.0,-49.8,36.99,-19.8,62.9,10.2,55.2,40.2,59.85,0.49999999999999994,-0.8660254037844387,0.7818314824680298,0.6234898018587336,0,1,42.49
00009_20-05-2025-17.22,172.0,-55.2,36.99,-25.2,62.9,4.8,55.2,34.8,59.85,0.49999999999999994,-0.8660254037844387,0.7818314824680298,0.6234898018587336,1,0,54.32
00002_20-05-2025-18.32,157.0,-34.8,59.85,-4.8,55.81,25.2,44.47,62.4,30.7,0.49999999999999994,-0.8660254037844387,0.7818314824680298,0.6234898018587336,1,0,25.88
00009_20-05-2025-19.29,172.0,-61.8,55.81,-31.8,44.47,5.4,30.7,36.0,49.62,0.49999999999999994,-0.8660254037844387,0.7818314824680298,0.6234898018587336,1,0,34.53
00009_20-05-2025-20.22,172.0,-48.0,30.7,-17.4,49.62,4.8,42.99,45.0,42.49,0.49999999999999994,-0.8660254037844387,0.7818314824680298,0.6234898018587336,1,0,29.62
00005_20-05-2025-21.02,172.0,-57.0,49.62,-34.8,42.99,5.4,42.49,550.2,33.61,0.49999999999999994,-0.8660254037844387,0.7818314824680298,0.6234898018587336,0,1,30.43
00002_21-05-2025-06.22,157.0,-555.0,42.49,-10.2,33.61,4.8,43.0,34.8,96.62,0.49999999999999994,-0.8660254037844387,0.9749279121818236,-0.22252093395631434,1,0,36.54
00005_21-05-2025-07.02,172.0,-34.8,43.0,-4.8,96.62,25.2,43.63,55.2,42.08,0.49999999999999994,-0.8660254037844387,0.9749279121818236,-0.22252093395631434,0,1,43.35
00002_21-05-2025-07.22,157.0,-55.2,43.0,-25.2,96.62,4.8,43.63,34.8,42.08,0.49999999999999994,-0.8660254037844387,0.9749279121818236,-0.22252093395631434,1,0,38.49
00002_21-05-2025-08.32,157.0,-34.8,42.08,-4.8,94.38,25.2,76.76,55.2,69.59,0.49999999999999994,-0.8660254037844387,0.9749279121818236,-0.22252093395631434,1,0,50.31
00009_21-05-2025-09.22,172.0,-55.2,94.38,-25.2,76.76,4.8,69.59,64.8,45.29,0.49999999999999994,-0.8660254037844387,0.9749279121818236,-0.22252093395631434,1,0,57.06
00009_21-05-2025-09.57,172.0,-60.0,76.76,-30.0,69.59,30.0,45.29,90.0,44.36,0.49999999999999994,-0.8660254037844387,0.9749279121818236,-0.22252093395631434,1,0,32.98
00011_21-05-2025-10.02,182.0,-64.8,76.76,-34.8,69.59,25.2,45.29,85.2,44.36,0.49999999999999994,-0.8660254037844387,0.9749279121818236,-0.22252093395631434,0,1,53.18
00009_21-05-2025-11.22,172.0,-115.2,69.59,-55.2,45.29,4.8,44.36,64.8,60.37,0.49999999999999994,-0.8660254037844387,0.9749279121818236,-0.22252093395631434,1,0,34.32
00009_21-05-2025-12.22,172.0,-115.2,45.29,-55.2,44.36,4.8,60.37,34.8,54.45,0.49999999999999994,-0.8660254037844387,0.9749279121818236,-0.22252093395631434,1,0,49.19
00009_21-05-2025-14.02,172.0,-64.8,54.45,-43.8,48.24,25.2,36.57,55.2,57.57,0.49999999999999994,-0.8660254037844387,0.9749279121818236,-0.22252093395631434,1,0,34.8
00015_21-05-2025-14.12,157.0,-75.0,54.45,-54.0,48.24,15.0,36.57,45.0,57.57,0.49999999999999994,-0.8660254037844387,0.9749279121818236,-0.22252093395631434,0,1,22.47
00017_21-05-2025-14.42,179.0,-84.0,48.24,-15.0,36.57,15.0,57.57,45.0,33.57,0.49999999999999994,-0.8660254037844387,0.9749279121818236,-0.22252093395631434,1,0,48.39
00002_21-05-2025-16.37,157.0,-40.2,43.51,-10.2,41.56,19.8,135.35,49.8,62.15,0.49999999999999994,-0.8660254037844387,0.9749279121818236,-0.22252093395631434,1,0,38.25
00015_21-05-2025-17.17,157.0,-49.8,41.56,-19.8,135.35,10.2,62.15,40.2,59.09,0.49999999999999994,-0.8660254037844387,0.9749279121818236,-0.22252093395631434,0,1,41.17
00009_21-05-2025-17.22,172.0,-55.2,41.56,-25.2,135.35,4.8,62.15,34.8,59.09,0.49999999999999994,-0.8660254037844387,0.9749279121818236,-0.22252093395631434,1,0,46.33
00002_21-05-2025-18.32,157.0,-34.8,59.09,-4.8,92.93,25.2,123.52,62.4,31.05,0.49999999999999994,-0.8660254037844387,0.9749279121818236,-0.22252093395631434,1,0,49.06
00009_21-05-2025-19.29,172.0,-61.8,92.93,-31.8,123.52,5.4,31.05,36.0,48.42,0.49999999999999994,-0.8660254037844387,0.9749279121818236,-0.22252093395631434,1,0,34.86
00009_21-05-2025-20.22,172.0,-48.0,31.05,-17.4,48.42,4.8,44.0,45.0,64.98,0.49999999999999994,-0.8660254037844387,0.9749279121818236,-0.22252093395631434,1,0,30.24
00005_21-05-2025-21.02,172.0,-57.0,48.42,-34.8,44.0,5.4,64.98,550.2,34.02,0.49999999999999994,-0.8660254037844387,0.9749279121818236,-0.22252093395631434,0,1,30.16
00002_22-05-2025-06.22,157.0,-555.0,64.98,-10.2,34.02,4.8,10.0,34.8,42.82,0.49999999999999994,-0.8660254037844387,0.43388373911755823,-0.900968867902419,1,0,11.38
00005_22-05-2025-07.02,172.0,-34.8,10.0,-4.8,42.82,25.2,47.2,55.2,64.21,0.49999999999999994,-0.8660254037844387,0.43388373911755823,-0.900968867902419,0,1,33.02
00002_22-05-2025-07.22,157.0,-55.2,10.0,-25.2,42.82,4.8,47.2,34.8,64.21,0.49999999999999994,-0.8660254037844387,0.43388373911755823,-0.900968867902419,1,0,26.18
00002_22-05-2025-08.32,157.0,-34.8,64.21,-4.8,51.1,25.2,68.55,55.2,44.68,0.49999999999999994,-0.8660254037844387,0.43388373911755823,-0.900968867902419,1,0,53.74
00009_22-05-2025-09.22,172.0,-55.2,51.1,-25.2,68.55,4.8,44.68,64.8,51.29,0.49999999999999994,-0.8660254037844387,0.43388373911755823,-0.900968867902419,1,0,54.88
00009_22-05-2025-09.57,172.0,-60.0,68.55,-30.0,44.68,30.0,51.29,90.0,68.09,0.49999999999999994,-0.8660254037844387,0.43388373911755823,-0.900968867902419,1,0,48.28
00011_22-05-2025-10.02,182.0,-64.8,68.55,-34.8,44.68,25.2,51.29,85.2,68.09,0.49999999999999994,-0.8660254037844387,0.43388373911755823,-0.900968867902419,0,1,47.27
00009_22-05-2025-11.22,172.0,-115.2,44.68,-55.2,51.29,4.8,68.09,64.8,51.22,0.49999999999999994,-0.8660254037844387,0.43388373911755823,-0.900968867902419,1,0,38.03
00009_22-05-2025-12.22,172.0,-115.2,51.29,-55.2,68.09,4.8,51.22,34.8,62.96,0.49999999999999994,-0.8660254037844387,0.43388373911755823,-0.900968867902419,1,0,46.38
00002_22-05-2025-16.37,157.0,-40.2,94.07,-10.2,78.43,19.8,136.05,49.8,110.69,0.49999999999999994,-0.8660254037844387,0.43388373911755823,-0.900968867902419,1,0,47.18
00015_22-05-2025-17.17,157.0,-49.8,78.43,-19.8,136.05,10.2,110.69,40.2,69.94,0.49999999999999994,-0.8660254037844387,0.43388373911755823,-0.900968867902419,0,1,42.58
00009_22-05-2025-17.22,172.0,-55.2,78.43,-25.2,136.05,4.8,110.69,34.8,69.94,0.49999999999999994,-0.8660254037844387,0.43388373911755823,-0.900968867902419,1,0,80.07
00002_22-05-2025-18.32,157.0,-34.8,69.94,-4.8,63.76,25.2,75.56,62.4,31.28,0.49999999999999994,-0.8660254037844387,0.43388373911755823,-0.900968867902419,1,0,29.82
00009_22-05-2025-19.29,172.0,-61.8,63.76,-31.8,75.56,5.4,31.28,36.0,56.32,0.49999999999999994,-0.8660254037844387,0.43388373911755823,-0.900968867902419,1,0,42.34
00009_22-05-2025-20.22,172.0,-48.0,31.28,-17.4,56.32,4.8,53.72,45.0,59.32,0.49999999999999994,-0.8660254037844387,0.43388373911755823,-0.900968867902419,1,0,36.7
00005_22-05-2025-21.02,172.0,-57.0,56.32,-34.8,53.72,5.4,59.32,565.2,18.93,0.49999999999999994,-0.8660254037844387,0.43388373911755823,-0.900968867902419,0,1,28.96
00002_23-05-2025-06.22,157.0,-595.2,53.72,-555.0,59.32,4.8,18.93,34.8,30.7,0.49999999999999994,-0.8660254037844387,-0.433883739117558,-0.9009688679024191,1,0,32.27
00005_23-05-2025-07.02,172.0,-34.8,18.93,-4.8,30.7,25.2,76.13,55.2,52.75,0.49999999999999994,-0.8660254037844387,-0.433883739117558,-0.9009688679024191,0,1,37.63
00002_23-05-2025-07.22,157.0,-55.2,18.93,-25.2,30.7,4.8,76.13,34.8,52.75,0.49999999999999994,-0.8660254037844387,-0.433883739117558,-0.9009688679024191,1,0,44.64
00002_23-05-2025-08.32,157.0,-64.8,76.13,-34.8,52.75,25.2,126.17,55.2,78.1,0.49999999999999994,-0.8660254037844387,-0.433883739117558,-0.9009688679024191,1,0,53.61
00009_23-05-2025-09.22,172.0,-85.2,52.75,-25.2,126.17,4.8,78.1,64.8,53.01,0.49999999999999994,-0.8660254037844387,-0.433883739117558,-0.9009688679024191,1,0,72.5
00009_23-05-2025-09.57,172.0,-60.0,126.17,-30.0,78.1,30.0,53.01,90.0,109.91,0.49999999999999994,-0.8660254037844387,-0.433883739117558,-0.9009688679024191,1,0,66.41
00011_23-05-2025-10.02,182.0,-64.8,126.17,-34.8,78.1,25.2,53.01,85.2,109.91,0.49999999999999994,-0.8660254037844387,-0.433883739117558,-0.9009688679024191,0,1,43.77
00009_23-05-2025-11.22,172.0,-115.2,78.1,-55.2,53.01,4.8,109.91,64.8,49.04,0.49999999999999994,-0.8660254037844387,-0.433883739117558,-0.9009688679024191,1,0,68.62
00009_23-05-2025-12.22,172.0,-115.2,53.01,-55.2,109.91,4.8,49.04,34.8,69.47,0.49999999999999994,-0.8660254037844387,-0.433883739117558,-0.9009688679024191,1,0,55.19
00009_23-05-2025-14.02,172.0,-43.8,55.14,-4.8,87.41,25.2,107.05,55.2,101.02,0.49999999999999994,-0.8660254037844387,-0.433883739117558,-0.9009688679024191,1,0,56.32
00015_23-05-2025-14.12,157.0,-54.0,55.14,-15.0,87.41,15.0,107.05,45.0,101.02,0.49999999999999994,-0.8660254037844387,-0.433883739117558,-0.9009688679024191,0,1,49.15
00017_23-05-2025-14.42,179.0,-45.0,87.41,-15.0,107.05,15.0,101.02,45.0,45.39,0.49999999999999994,-0.8660254037844387,-0.433883739117558,-0.9009688679024191,1,0,67.23
00002_23-05-2025-16.37,157.0,-40.2,104.62,-10.2,91.01,19.8,105.15,49.8,44.98,0.49999999999999994,-0.8660254037844387,-0.433883739117558,-0.9009688679024191,1,0,50.82
00015_23-05-2025-17.17,157.0,-49.8,91.01,-19.8,105.15,10.2,44.98,40.2,54.62,0.49999999999999994,-0.8660254037844387,-0.433883739117558,-0.9009688679024191,0,1,34.0
00009_23-05-2025-17.22,172.0,-55.2,91.01,-25.2,105.15,4.8,44.98,34.8,54.62,0.49999999999999994,-0.8660254037844387,-0.433883739117558,-0.9009688679024191,1,0,69.48
00002_23-05-2025-18.32,157.0,-34.8,54.62,-4.8,86.98,25.2,77.33,62.4,29.55,0.49999999999999994,-0.8660254037844387,-0.433883739117558,-0.9009688679024191,1,0,44.61
00009_23-05-2025-19.29,172.0,-61.8,86.98,-31.8,77.33,5.4,29.55,36.0,68.44,0.49999999999999994,-0.8660254037844387,-0.433883739117558,-0.9009688679024191,1,0,45.47
00009_23-05-2025-20.22,172.0,-48.0,29.55,-17.4,68.44,4.8,72.85,45.0,91.94,0.49999999999999994,-0.8660254037844387,-0.433883739117558,-0.9009688679024191,1,0,40.4
00005_23-05-2025-21.02,172.0,-57.0,68.44,-34.8,72.85,5.4,91.94,565.2,31.85,0.49999999999999994,-0.8660254037844387,-0.433883739117558,-0.9009688679024191,0,1,44.04
00005_24-05-2025-07.02,172.0,-594.6,91.94,-34.8,31.85,25.2,64.53,85.2,60.53,0.49999999999999994,-0.8660254037844387,-0.9749279121818236,-0.2225209339563146,0,1,39.75
00009_24-05-2025-08.07,172.0,-100.2,31.85,-40.2,64.53,19.8,60.53,49.8,59.83,0.49999999999999994,-0.8660254037844387,-0.9749279121818236,-0.2225209339563146,1,0,58.09
00009_24-05-2025-09.22,172.0,-55.2,60.53,-25.2,59.83,4.8,50.31,64.8,41.94,0.49999999999999994,-0.8660254037844387,-0.9749279121818236,-0.2225209339563146,1,0,32.11
00009_24-05-2025-09.57,172.0,-60.0,59.83,-30.0,50.31,30.0,41.94,90.0,60.1,0.49999999999999994,-0.8660254037844387,-0.9749279121818236,-0.2225209339563146,1,0,50.55
00011_24-05-2025-10.02,182.0,-64.8,59.83,-34.8,50.31,25.2,41.94,85.2,60.1,0.49999999999999994,-0.8660254037844387,-0.9749279121818236,-0.2225209339563146,0,1,42.81
00009_24-05-2025-11.22,172.0,-115.2,50.31,-55.2,41.94,4.8,60.1,64.8,56.03,0.49999999999999994,-0.8660254037844387,-0.9749279121818236,-0.2225209339563146,1,0,40.79
00009_24-05-2025-12.22,172.0,-115.2,41.94,-55.2,60.1,4.8,56.03,55.8,82.74,0.49999999999999994,-0.8660254037844387,-0.9749279121818236,-0.2225209339563146,1,0,37.8
00015_24-05-2025-14.12,157.0,-105.0,56.03,-54.0,82.74,75.0,30.98,135.0,99.32,0.49999999999999994,-0.8660254037844387,-0.9749279121818236,-0.2225209339563146,0,1,26.0
00017_24-05-2025-14.42,179.0,-135.0,56.03,-84.0,82.74,45.0,30.98,105.0,99.32,0.49999999999999994,-0.8660254037844387,-0.9749279121818236,-0.2225209339563146,1,0,41.06
00002_24-05-2025-16.37,157.0,-70.2,30.98,-10.2,99.32,49.8,25.3,109.8,103.96,0.49999999999999994,-0.8660254037844387,-0.9749279121818236,-0.2225209339563146,1,0,38.72
00015_24-05-2025-17.17,157.0,-109.8,30.98,-49.8,99.32,10.2,25.3,70.2,103.96,0.49999999999999994,-0.8660254037844387,-0.9749279121818236,-0.2225209339563146,0,1,30.61
00009_24-05-2025-19.29,172.0,-121.8,25.3,-61.8,103.96,5.4,27.68,58.2,20.81,0.49999999999999994,-0.8660254037844387,-0.9749279121818236,-0.2225209339563146,1,0,30.38
00009_24-05-2025-20.22,172.0,-115.2,103.96,-48.0,27.68,4.8,20.81,604.8,51.91,0.49999999999999994,-0.8660254037844387,-0.9749279121818236,-0.2225209339563146,1,0,23.07
00005_24-05-2025-21.02,172.0,-87.6,27.68,-34.8,20.81,565.2,51.91,625.2,46.99,0.49999999999999994,-0.8660254037844387,-0.9749279121818236,-0.2225209339563146,0,1,20.17
00005_25-05-2025-07.02,172.0,-634.8,20.81,-34.8,51.91,25.2,46.99,85.2,92.27,0.49999999999999994,-0.8660254037844387,-0.7818314824680299,0.6234898018587334,0,1,25.51
00009_25-05-2025-08.07,172.0,-100.2,51.91,-40.2,46.99,19.8,92.27,79.8,45.38,0.49999999999999994,-0.8660254037844387,-0.7818314824680299,0.6234898018587334,1,0,49.15
00009_25-05-2025-09.22,172.0,-115.2,46.99,-55.2,92.27,4.8,45.38,64.8,46.11,0.49999999999999994,-0.8660254037844387,-0.7818314824680299,0.6234898018587334,1,0,58.42
00009_25-05-2025-09.57,172.0,-90.0,92.27,-30.0,45.38,30.0,46.11,90.0,124.47,0.49999999999999994,-0.8660254037844387,-0.7818314824680299,0.6234898018587334,1,0,76.07
00011_25-05-2025-10.02,182.0,-94.8,92.27,-34.8,45.38,25.2,46.11,85.2,124.47,0.49999999999999994,-0.8660254037844387,-0.7818314824680299,0.6234898018587334,0,1,18.9
00009_25-05-2025-11.22,172.0,-115.2,45.38,-55.2,46.11,4.8,124.47,64.8,27.4,0.49999999999999994,-0.8660254037844387,-0.7818314824680299,0.6234898018587334,1,0,56.98
00009_25-05-2025-12.22,172.0,-115.2,46.11,-55.2,124.47,4.8,27.4,55.8,55.14,0.49999999999999994,-0.8660254037844387,-0.7818314824680299,0.6234898018587334,1,0,60.9
00009_25-05-2025-14.02,172.0,-94.8,27.4,-43.8,55.14,25.2,114.46,85.2,64.86,0.49999999999999994,-0.8660254037844387,-0.7818314824680299,0.6234898018587334,1,0,86.18
00015_25-05-2025-14.12,157.0,-105.0,27.4,-54.0,55.14,15.0,114.46,75.0,64.86,0.49999999999999994,-0.8660254037844387,-0.7818314824680299,0.6234898018587334,0,1,64.14
00017_25-05-2025-14.42,179.0,-84.0,55.14,-15.0,114.46,45.0,64.86,105.0,87.99,0.49999999999999994,-0.8660254037844387,-0.7818314824680299,0.6234898018587334,1,0,71.93
00002_25-05-2025-16.37,157.0,-70.2,64.86,-10.2,87.99,19.8,88.88,49.8,67.27,0.49999999999999994,-0.8660254037844387,-0.7818314824680299,0.6234898018587334,1,0,95.13
00015_25-05-2025-17.17,157.0,-49.8,87.99,-19.8,88.88,10.2,67.27,40.2,49.75,0.49999999999999994,-0.8660254037844387,-0.7818314824680299,0.6234898018587334,0,1,51.54
00009_25-05-2025-17.22,172.0,-55.2,87.99,-25.2,88.88,4.8,67.27,34.8,49.75,0.49999999999999994,-0.8660254037844387,-0.7818314824680299,0.6234898018587334,1,0,81.95
00002_25-05-2025-18.32,157.0,-34.8,49.75,-4.8,99.56,25.2,118.41,62.4,82.5,0.49999999999999994,-0.8660254037844387,-0.7818314824680299,0.6234898018587334,1,0,87.75
00009_25-05-2025-19.29,172.0,-61.8,99.56,-31.8,118.41,5.4,82.5,36.0,61.27,0.49999999999999994,-0.8660254037844387,-0.7818314824680299,0.6234898018587334,1,0,89.79
00009_25-05-2025-20.22,172.0,-48.0,82.5,-17.4,61.27,4.8,80.84,45.0,109.15,0.49999999999999994,-0.8660254037844387,-0.7818314824680299,0.6234898018587334,1,0,73.47
00005_25-05-2025-21.02,172.0,-57.0,61.27,-34.8,80.84,5.4,109.15,550.2,28.67,0.49999999999999994,-0.8660254037844387,-0.7818314824680299,0.6234898018587334,0,1,56.01
00002_26-05-2025-06.22,157.0,-555.0,109.15,-10.2,28.67,4.8,56.49,34.8,52.79,0.49999999999999994,-0.8660254037844387,0.0,1.0,1,0,36.15
00005_26-05-2025-07.02,172.0,-34.8,56.49,-4.8,52.79,25.2,58.71,55.2,61.76,0.49999999999999994,-0.8660254037844387,0.0,1.0,0,1,32.67
00002_26-05-2025-07.22,157.0,-55.2,56.49,-25.2,52.79,4.8,58.71,34.8,61.76,0.49999999999999994,-0.8660254037844387,0.0,1.0,1,0,39.31
00002_26-05-2025-08.32,157.0,-34.8,61.76,-4.8,70.92,25.2,50.56,55.2,71.93,0.49999999999999994,-0.8660254037844387,0.0,1.0,1,0,32.03
00009_26-05-2025-09.22,172.0,-55.2,70.92,-25.2,50.56,4.8,71.93,64.8,34.84,0.49999999999999994,-0.8660254037844387,0.0,1.0,1,0,43.82
00009_26-05-2025-09.57,172.0,-60.0,50.56,-30.0,71.93,30.0,34.84,90.0,40.4,0.49999999999999994,-0.8660254037844387,0.0,1.0,1,0,38.35
00011_26-05-2025-10.02,182.0,-64.8,50.56,-34.8,71.93,25.2,34.84,85.2,40.4,0.49999999999999994,-0.8660254037844387,0.0,1.0,0,1,34.73
00009_26-05-2025-11.22,172.0,-115.2,71.93,-55.2,34.84,4.8,40.4,64.8,48.95,0.49999999999999994,-0.8660254037844387,0.0,1.0,1,0,39.38
00009_26-05-2025-12.22,172.0,-115.2,34.84,-55.2,40.4,4.8,48.95,34.8,24.73,0.49999999999999994,-0.8660254037844387,0.0,1.0,1,0,10.0
00009_26-05-2025-14.02,172.0,-64.8,24.73,-43.8,68.94,25.2,27.31,55.2,44.7,0.49999999999999994,-0.8660254037844387,0.0,1.0,1,0,19.39
00015_26-05-2025-14.12,157.0,-75.0,24.73,-54.0,68.94,15.0,27.31,45.0,44.7,0.49999999999999994,-0.8660254037844387,0.0,1.0,0,1,31.24
00017_26-05-2025-14.42,179.0,-84.0,68.94,-15.0,27.31,15.0,44.7,45.0,30.8,0.49999999999999994,-0.8660254037844387,0.0,1.0,1,0,37.93
00002_26-05-2025-16.37,157.0,-40.2,31.39,-10.2,69.32,19.8,49.86,49.8,69.86,0.49999999999999994,-0.8660254037844387,0.0,1.0,1,0,47.54
00015_26-05-2025-17.17,157.0,-49.8,69.32,-19.8,49.86,10.2,69.86,40.2,35.68,0.49999999999999994,-0.8660254037844387,0.0,1.0,0,1,20.34
00009_26-05-2025-17.22,172.0,-55.2,69.32,-25.2,49.86,4.8,69.86,34.8,35.68,0.49999999999999994,-0.8660254037844387,0.0,1.0,1,0,27.53
00002_26-05-2025-18.32,157.0,-34.8,35.68,-4.8,45.5,25.2,40.95,62.4,23.47,0.49999999999999994,-0.8660254037844387,0.0,1.0,1,0,32.95
00009_26-05-2025-19.29,172.0,-61.8,45.5,-31.8,40.95,5.4,23.47,36.0,21.94,0.49999999999999994,-0.8660254037844387,0.0,1.0,1,0,43.48
00009_26-05-2025-20.22,172.0,-48.0,23.47,-17.4,21.94,4.8,15.35,45.0,40.88,0.49999999999999994,-0.8660254037844387,0.0,1.0,1,0,29.23
00005_26-05-2025-21.02,172.0,-57.0,21.94,-34.8,15.35,5.4,40.88,550.2,33.88,0.49999999999999994,-0.8660254037844387,0.0,1.0,0,1,49.88
00002_27-05-2025-06.22,157.0,-555.0,40.88,-10.2,33.88,4.8,42.94,34.8,128.54,0.49999999999999994,-0.8660254037844387,0.7818314824680298,0.6234898018587336,1,0,28.48
00005_27-05-2025-07.02,172.0,-34.8,42.94,-4.8,128.54,25.2,43.02,55.2,47.76,0.49999999999999994,-0.8660254037844387,0.7818314824680298,0.6234898018587336,0,1,61.94
00002_27-05-2025-07.22,157.0,-55.2,42.94,-25.2,128.54,4.8,43.02,34.8,47.76,0.49999999999999994,-0.8660254037844387,0.7818314824680298,0.6234898018587336,1,0,40.07
00002_27-05-2025-08.32,157.0,-34.8,47.76,-4.8,60.61,25.2,53.45,55.2,60.62,0.49999999999999994,-0.8660254037844387,0.7818314824680298,0.6234898018587336,1,0,15.32
00009_27-05-2025-09.22,172.0,-55.2,60.61,-25.2,53.45,4.8,60.62,64.8,34.35,0.49999999999999994,-0.8660254037844387,0.7818314824680298,0.6234898018587336,1,0,21.64
00009_27-05-2025-09.57,172.0,-60.0,53.45,-30.0,60.62,30.0,34.35,90.0,31.84,0.49999999999999994,-0.8660254037844387,0.7818314824680298,0.6234898018587336,1,0,39.78
00011_27-05-2025-10.02,182.0,-64.8,53.45,-34.8,60.62,25.2,34.35,85.2,31.84,0.49999999999999994,-0.8660254037844387,0.7818314824680298,0.6234898018587336,0,1,24.59
00009_27-05-2025-11.22,172.0,-115.2,60.62,-55.2,34.35,4.8,31.84,64.8,37.34,0.49999999999999994,-0.8660254037844387,0.7818314824680298,0.6234898018587336,1,0,27.56
00009_27-05-2025-12.22,172.0,-115.2,34.35,-55.2,31.84,4.8,37.34,34.8,27.7,0.49999999999999994,-0.8660254037844387,0.7818314824680298,0.6234898018587336,1,0,33.87
00009_27-05-2025-14.02,172.0,-64.8,27.7,-43.8,48.24,25.2,70.39,55.2,45.8,0.49999999999999994,-0.8660254037844387,0.7818314824680298,0.6234898018587336,1,0,41.3
00015_27-05-2025-14.12,157.0,-75.0,27.7,-54.0,48.24,15.0,70.39,45.0,45.8,0.49999999999999994,-0.8660254037844387,0.7818314824680298,0.6234898018587336,0,1,31.48
00017_27-05-2025-14.42,179.0,-84.0,48.24,-15.0,70.39,15.0,45.8,45.0,30.74,0.49999999999999994,-0.8660254037844387,0.7818314824680298,0.6234898018587336,1,0,35.79
00002_27-05-2025-16.37,157.0,-40.2,46.38,-10.2,44.01,19.8,53.3,49.8,56.54,0.49999999999999994,-0.8660254037844387,0.7818314824680298,0.6234898018587336,1,0,34.53
00015_27-05-2025-17.17,157.0,-49.8,44.01,-19.8,53.3,10.2,56.54,40.2,73.84,0.49999999999999994,-0.8660254037844387,0.7818314824680298,0.6234898018587336,0,1,54.31
00009_27-05-2025-17.22,172.0,-55.2,44.01,-25.2,53.3,4.8,56.54,34.8,73.84,0.49999999999999994,-0.8660254037844387,0.7818314824680298,0.6234898018587336,1,0,24.69
00002_27-05-2025-18.32,157.0,-34.8,73.84,-4.8,35.96,25.2,20.83,62.4,31.88,0.49999999999999994,-0.8660254037844387,0.7818314824680298,0.6234898018587336,1,0,30.03
00009_27-05-2025-19.29,172.0,-61.8,35.96,-31.8,20.83,5.4,31.88,36.0,42.11,0.49999999999999994,-0.8660254037844387,0.7818314824680298,0.6234898018587336,1,0,46.21
00009_27-05-2025-20.22,172.0,-48.0,31.88,-17.4,42.11,4.8,29.52,45.0,37.25,0.49999999999999994,-0.8660254037844387,0.7818314824680298,0.6234898018587336,1,0,42.01
00005_27-05-2025-21.02,172.0,-57.0,42.11,-34.8,29.52,5.4,37.25,550.2,34.76,0.49999999999999994,-0.8660254037844387,0.7818314824680298,0.6234898018587336,0,1,24.85
00002_28-05-2025-06.22,157.0,-555.0,37.25,-10.2,34.76,4.8,38.95,34.8,88.57,0.49999999999999994,-0.8660254037844387,0.9749279121818236,-0.22252093395631434,1,0,20.11
00005_28-05-2025-07.02,172.0,-34.8,38.95,-4.8,88.57,25.2,31.23,55.2,48.28,0.49999999999999994,-0.8660254037844387,0.9749279121818236,-0.22252093395631434,0,1,38.99
00002_28-05-2025-07.22,157.0,-55.2,38.95,-25.2,88.57,4.8,31.23,34.8,48.28,0.49999999999999994,-0.8660254037844387,0.9749279121818236,-0.22252093395631434,1,0,37.76
00002_28-05-2025-08.32,157.0,-34.8,48.28,-4.8,78.27,25.2,58.65,55.2,70.44,0.49999999999999994,-0.8660254037844387,0.9749279121818236,-0.22252093395631434,1,0,69.85
00009_28-05-2025-09.22,172.0,-55.2,78.27,-25.2,58.65,4.8,70.44,64.8,42.65,0.49999999999999994,-0.8660254037844387,0.9749279121818236,-0.22252093395631434,1,0,24.54
00009_28-05-2025-09.57,172.0,-60.0,58.65,-30.0,70.44,30.0,42.65,90.0,33.29,0.49999999999999994,-0.8660254037844387,0.9749279121818236,-0.22252093395631434,1,0,33.37
00011_28-05-2025-10.02,182.0,-64.8,58.65,-34.8,70.44,25.2,42.65,85.2,33.29,0.49999999999999994,-0.8660254037844387,0.9749279121818236,-0.22252093395631434,0,1,37.39
00009_28-05-2025-11.22,172.0,-115.2,70.44,-55.2,42.65,4.8,33.29,64.8,30.92,0.49999999999999994,-0.8660254037844387,0.9749279121818236,-0.22252093395631434,1,0,30.41
00009_28-05-2025-12.22,172.0,-115.2,42.65,-55.2,33.29,4.8,30.92,34.8,44.5,0.49999999999999994,-0.8660254037844387,0.9749279121818236,-0.22252093395631434,1,0,37.59
00009_28-05-2025-14.02,172.0,-64.8,44.5,-43.8,48.24,25.2,52.79,55.2,53.96,0.49999999999999994,-0.8660254037844387,0.9749279121818236,-0.22252093395631434,1,0,22.04
00015_28-05-2025-14.12,157.0,-75.0,44.5,-54.0,48.24,15.0,52.79,45.0,53.96,0.49999999999999994,-0.8660254037844387,0.9749279121818236,-0.22252093395631434,0,1,24.94
00017_28-05-2025-14.42,179.0,-84.0,48.24,-15.0,52.79,15.0,53.96,45.0,34.59,0.49999999999999994,-0.8660254037844387,0.9749279121818236,-0.22252093395631434,1,0,75.88
00002_28-05-2025-16.37,157.0,-40.2,61.26,-10.2,40.46,19.8,133.55,49.8,72.17,0.49999999999999994,-0.8660254037844387,0.9749279121818236,-0.22252093395631434,1,0,54.01
00015_28-05-2025-17.17,157.0,-49.8,40.46,-19.8,133.55,10.2,72.17,40.2,61.39,0.49999999999999994,-0.8660254037844387,0.9749279121818236,-0.22252093395631434,0,1,69.16
00009_28-05-2025-17.22,172.0,-55.2,40.46,-25.2,133.55,4.8,72.17,34.8,61.39,0.49999999999999994,-0.8660254037844387,0.9749279121818236,-0.22252093395631434,1,0,61.36
00002_28-05-2025-18.32,157.0,-34.8,61.39,-4.8,57.39,25.2,132.92,62.4,28.2,0.49999999999999994,-0.8660254037844387,0.9749279121818236,-0.22252093395631434,1,0,38.93
00009_28-05-2025-19.29,172.0,-61.8,57.39,-31.8,132.92,5.4,28.2,36.0,45.99,0.49999999999999994,-0.8660254037844387,0.9749279121818236,-0.22252093395631434,1,0,20.5
00009_28-05-2025-20.22,172.0,-48.0,28.2,-17.4,45.99,4.8,39.89,45.0,60.1,0.49999999999999994,-0.8660254037844387,0.9749279121818236,-0.22252093395631434,1,0,32.84
00005_28-05-2025-21.02,172.0,-57.0,45.99,-34.8,39.89,5.4,60.1,550.2,30.51,0.49999999999999994,-0.8660254037844387,0.9749279121818236,-0.22252093395631434,0,1,44.74
00002_29-05-2025-06.22,157.0,-555.0,60.1,-10.2,30.51,4.8,39.78,34.8,57.64,0.49999999999999994,-0.8660254037844387,0.43388373911755823,-0.900968867902419,1,0,15.29
00005_29-05-2025-07.02,172.0,-34.8,39.78,-4.8,57.64,25.2,25.97,55.2,45.87,0.49999999999999994,-0.8660254037844387,0.43388373911755823,-0.900968867902419,0,1,44.92
00002_29-05-2025-07.22,157.0,-55.2,39.78,-25.2,57.64,4.8,25.97,34.8,45.87,0.49999999999999994,-0.8660254037844387,0.43388373911755823,-0.900968867902419,1,0,25.37
00002_29-05-2025-08.32,157.0,-34.8,45.87,-4.8,68.2,25.2,66.59,55.2,41.36,0.49999999999999994,-0.8660254037844387,0.43388373911755823,-0.900968867902419,1,0,44.48
00009_29-05-2025-09.22,172.0,-55.2,68.2,-25.2,66.59,4.8,41.36,64.8,52.24,0.49999999999999994,-0.8660254037844387,0.43388373911755823,-0.900968867902419,1,0,56.87
00009_29-05-2025-09.57,172.0,-60.0,66.59,-30.0,41.36,30.0,52.24,90.0,66.92,0.49999999999999994,-0.8660254037844387,0.43388373911755823,-0.900968867902419,1,0,36.62
00011_29-05-2025-10.02,182.0,-64.8,66.59,-34.8,41.36,25.2,52.24,85.2,66.92,0.49999999999999994,-0.8660254037844387,0.43388373911755823,-0.900968867902419,0,1,45.58
00009_29-05-2025-11.22,172.0,-115.2,41.36,-55.2,52.24,4.8,66.92,64.8,55.24,0.49999999999999994,-0.8660254037844387,0.43388373911755823,-0.900968867902419,1,0,62.36
00009_29-05-2025-12.22,172.0,-115.2,52.24,-55.2,66.92,4.8,55.24,34.8,60.74,0.49999999999999994,-0.8660254037844387,0.43388373911755823,-0.900968867902419,1,0,43.66
00002_29-05-2025-16.37,157.0,-40.2,91.93,-10.2,67.88,19.8,142.33,49.8,89.47,0.49999999999999994,-0.8660254037844387,0.43388373911755823,-0.900968867902419,1,0,58.68
00015_29-05-2025-17.17,157.0,-49.8,67.88,-19.8,142.33,10.2,89.47,40.2,40.13,0.49999999999999994,-0.8660254037844387,0.43388373911755823,-0.900968867902419,0,1,55.41
00009_29-05-2025-17.22,172.0,-55.2,67.88,-25.2,142.33,4.8,89.47,34.8,40.13,0.49999999999999994,-0.8660254037844387,0.43388373911755823,-0.900968867902419,1,0,71.39
00002_29-05-2025-18.32,157.0,-34.8,40.13,-4.8,99.63,25.2,63.03,62.4,39.38,0.49999999999999994,-0.8660254037844387,0.43388373911755823,-0.900968867902419,1,0,59.08
00009_29-05-2025-19.29,172.0,-61.8,99.63,-31.8,63.03,5.4,39.38,36.0,71.15,0.49999999999999994,-0.8660254037844387,0.43388373911755823,-0.900968867902419,1,0,48.19
00009_29-05-2025-20.22,172.0,-48.0,39.38,-17.4,71.15,4.8,52.24,45.0,65.54,0.49999999999999994,-0.8660254037844387,0.43388373911755823,-0.900968867902419,1,0,41.98
00005_29-05-2025-21.02,172.0,-57.0,71.15,-34.8,52.24,5.4,65.54,565.2,20.66,0.49999999999999994,-0.8660254037844387,0.43388373911755823,-0.900968867902419,0,1,52.61
00002_30-05-2025-06.22,157.0,-595.2,52.24,-555.0,65.54,4.8,20.66,34.8,42.48,0.49999999999999994,-0.8660254037844387,-0.433883739117558,-0.9009688679024191,1,0,46.1
00005_30-05-2025-07.02,172.0,-34.8,20.66,-4.8,42.48,25.2,56.67,55.2,43.94,0.49999999999999994,-0.8660254037844387,-0.433883739117558,-0.9009688679024191,0,1,45.02
00002_30-05-2025-07.22,157.0,-55.2,20.66,-25.2,42.48,4.8,56.67,34.8,43.94,0.49999999999999994,-0.8660254037844387,-0.433883739117558,-0.9009688679024191,1,0,34.75
00002_30-05-2025-08.32,157.0,-64.8,56.67,-34.8,43.94,25.2,108.35,55.2,71.44,0.49999999999999994,-0.8660254037844387,-0.433883739117558,-0.9009688679024191,1,0,46.98
00009_30-05-2025-09.22,172.0,-85.2,43.94,-25.2,108.35,4.8,71.44,64.8,58.37,0.49999999999999994,-0.8660254037844387,-0.433883739117558,-0.9009688679024191,1,0,49.83
00009_30-05-2025-09.57,172.0,-60.0,108.35,-30.0,71.44,30.0,58.37,90.0,123.27,0.49999999999999994,-0.8660254037844387,-0.433883739117558,-0.9009688679024191,1,0,50.06
00011_30-05-2025-10.02,182.0,-64.8,108.35,-34.8,71.44,25.2,58.37,85.2,123.27,0.49999999999999994,-0.8660254037844387,-0.433883739117558,-0.9009688679024191,0,1,61.12
00009_30-05-2025-11.22,172.0,-115.2,71.44,-55.2,58.37,4.8,123.27,64.8,53.02,0.49999999999999994,-0.8660254037844387,-0.433883739117558,-0.9009688679024191,1,0,47.75
00009_30-05-2025-12.22,172.0,-115.2,58.37,-55.2,123.27,4.8,53.02,34.8,79.85,0.49999999999999994,-0.8660254037844387,-0.433883739117558,-0.9009688679024191,1,0,29.56
00009_30-05-2025-14.02,172.0,-43.8,55.14,-4.8,82.35,25.2,97.08,55.2,88.24,0.49999999999999994,-0.8660254037844387,-0.433883739117558,-0.9009688679024191,1,0,72.86
00015_30-05-2025-14.12,157.0,-54.0,55.14,-15.0,82.35,15.0,97.08,45.0,88.24,0.49999999999999994,-0.8660254037844387,-0.433883739117558,-0.9009688679024191,0,1,45.85
00017_30-05-2025-14.42,179.0,-45.0,82.35,-15.0,97.08,15.0,88.24,45.0,42.8,0.49999999999999994,-0.8660254037844387,-0.433883739117558,-0.9009688679024191,1,0,75.93
00002_30-05-2025-16.37,157.0,-40.2,89.66,-10.2,93.15,19.8,94.82,49.8,52.68,0.49999999999999994,-0.8660254037844387,-0.433883739117558,-0.9009688679024191,1,0,51.87
00015_30-05-2025-17.17,157.0,-49.8,93.15,-19.8,94.82,10.2,52.68,40.2,35.33,0.49999999999999994,-0.8660254037844387,-0.433883739117558,-0.9009688679024191,0,1,20.89
00009_30-05-2025-17.22,172.0,-55.2,93.15,-25.2,94.82,4.8,52.68,34.8,35.33,0.49999999999999994,-0.8660254037844387,-0.433883739117558,-0.9009688679024191,1,0,61.22
00002_30-05-2025-18.32,157.0,-34.8,35.33,-4.8,82.08,25.2,73.79,62.4,41.76,0.49999999999999994,-0.8660254037844387,-0.433883739117558,-0.9009688679024191,1,0,43.06
00009_30-05-2025-19.29,172.0,-61.8,82.08,-31.8,73.79,5.4,41.76,36.0,72.02,0.49999999999999994,-0.8660254037844387,-0.433883739117558,-0.9009688679024191,1,0,49.76
00009_30-05-2025-20.22,172.0,-48.0,41.76,-17.4,72.02,4.8,49.98,45.0,82.54,0.49999999999999994,-0.8660254037844387,-0.433883739117558,-0.9009688679024191,1,0,46.22
00005_30-05-2025-21.02,172.0,-57.0,72.02,-34.8,49.98,5.4,82.54,565.2,23.62,0.49999999999999994,-0.8660254037844387,-0.433883739117558,-0.9009688679024191,0,1,33.56
00005_31-05-2025-07.02,172.0,-594.6,82.54,-34.8,23.62,25.2,58.76,85.2,70.73,0.49999999999999994,-0.8660254037844387,-0.9749279121818236,-0.2225209339563146,0,1,36.45
00009_31-05-2025-08.07,172.0,-100.2,23.62,-40.2,58.76,19.8,70.73,49.8,59.71,0.49999999999999994,-0.8660254037844387,-0.9749279121818236,-0.2225209339563146,1,0,46.91
00009_31-05-2025-09.22,172.0,-55.2,70.73,-25.2,59.71,4.8,57.51,64.8,45.91,0.49999999999999994,-0.8660254037844387,-0.9749279121818236,-0.2225209339563146,1,0,42.15
00009_31-05-2025-09.57,172.0,-60.0,59.71,-30.0,57.51,30.0,45.91,90.0,57.67,0.49999999999999994,-0.8660254037844387,-0.9749279121818236,-0.2225209339563146,1,0,33.09
00011_31-05-2025-10.02,182.0,-64.8,59.71,-34.8,57.51,25.2,45.91,85.2,57.67,0.49999999999999994,-0.8660254037844387,-0.9749279121818236,-0.2225209339563146,0,1,37.4
00009_31-05-2025-11.22,172.0,-115.2,57.51,-55.2,45.91,4.8,57.67,64.8,55.66,0.49999999999999994,-0.8660254037844387,-0.9749279121818236,-0.2225209339563146,1,0,43.49
00009_31-05-2025-12.22,172.0,-115.2,45.91,-55.2,57.67,4.8,55.66,55.8,82.74,0.49999999999999994,-0.8660254037844387,-0.9749279121818236,-0.2225209339563146,1,0,36.52
00015_31-05-2025-14.12,157.0,-105.0,55.66,-54.0,82.74,75.0,31.77,135.0,84.47,0.49999999999999994,-0.8660254037844387,-0.9749279121818236,-0.2225209339563146,0,1,12.04
00017_31-05-2025-14.42,179.0,-135.0,55.66,-84.0,82.74,45.0,31.77,105.0,84.47,0.49999999999999994,-0.8660254037844387,-0.9749279121818236,-0.2225209339563146,1,0,33.77
00002_31-05-2025-16.37,157.0,-70.2,31.77,-10.2,84.47,49.8,25.53,109.8,90.82,0.49999999999999994,-0.8660254037844387,-0.9749279121818236,-0.2225209339563146,1,0,28.28
00015_31-05-2025-17.17,157.0,-109.8,31.77,-49.8,84.47,10.2,25.53,70.2,90.82,0.49999999999999994,-0.8660254037844387,-0.9749279121818236,-0.2225209339563146,0,1,10.0
00009_31-05-2025-19.29,172.0,-121.8,25.53,-61.8,90.82,5.4,24.25,58.2,23.17,0.49999999999999994,-0.8660254037844387,-0.9749279121818236,-0.2225209339563146,1,0,25.9
00009_31-05-2025-20.22,172.0,-115.2,90.82,-48.0,24.25,4.8,23.17,604.8,54.41,0.49999999999999994,-0.8660254037844387,-0.9749279121818236,-0.2225209339563146,1,0,18.55
00005_31-05-2025-21.02,172.0,-87.6,24.25,-34.8,23.17,565.2,54.41,625.2,42.61,0.49999999999999994,-0.8660254037844387,-0.9749279121818236,-0.2225209339563146,0,1,24.58
00005_01-06-2025-07.02,172.0,-634.8,23.17,-34.8,54.41,25.2,42.61,85.2,96.56,1.2246467991473532e-16,-1.0,-0.7818314824680299,0.6234898018587334,0,1,43.97
00009_01-06-2025-08.07,172.0,-100.2,54.41,-40.2,42.61,19.8,96.56,79.8,54.31,1.2246467991473532e-16,-1.0,-0.7818314824680299,0.6234898018587334,1,0,31.13
00009_01-06-2025-09.22,172.0,-115.2,42.61,-55.2,96.56,4.8,54.31,64.8,42.46,1.2246467991473532e-16,-1.0,-0.7818314824680299,0.6234898018587334,1,0,48.82
00009_01-06-2025-09.57,172.0,-90.0,96.56,-30.0,54.31,30.0,42.46,90.0,122.64,1.2246467991473532e-16,-1.0,-0.7818314824680299,0.6234898018587334,1,0,64.9
00011_01-06-2025-10.02,182.0,-94.8,96.56,-34.8,54.31,25.2,42.46,85.2,122.64,1.2246467991473532e-16,-1.0,-0.7818314824680299,0.6234898018587334,0,1,36.83
00009_01-06-2025-11.22,172.0,-115.2,54.31,-55.2,42.46,4.8,122.64,64.8,49.82,1.2246467991473532e-16,-1.0,-0.7818314824680299,0.6234898018587334,1,0,61.35
00009_01-06-2025-12.22,172.0,-115.2,42.46,-55.2,122.64,4.8,49.82,55.8,55.14,1.2246467991473532e-16,-1.0,-0.7818314824680299,0.6234898018587334,1,0,84.72
00009_01-06-2025-14.02,172.0,-94.8,49.82,-43.8,55.14,25.2,92.42,85.2,67.89,1.2246467991473532e-16,-1.0,-0.7818314824680299,0.6234898018587334,1,0,83.11
00015_01-06-2025-14.12,157.0,-105.0,49.82,-54.0,55.14,15.0,92.42,75.0,67.89,1.2246467991473532e-16,-1.0,-0.7818314824680299,0.6234898018587334,0,1,46.99
00017_01-06-2025-14.42,179.0,-84.0,55.14,-15.0,92.42,45.0,67.89,105.0,77.56,1.2246467991473532e-16,-1.0,-0.7818314824680299,0.6234898018587334,1,0,83.62
00002_01-06-2025-16.37,157.0,-70.2,67.89,-10.2,77.56,19.8,62.92,49.8,61.52,1.2246467991473532e-16,-1.0,-0.7818314824680299,0.6234898018587334,1,0,80.3
00015_01-06-2025-17.17,157.0,-49.8,77.56,-19.8,62.92,10.2,61.52,40.2,63.17,1.2246467991473532e-16,-1.0,-0.7818314824680299,0.6234898018587334,0,1,55.72
00009_01-06-2025-17.22,172.0,-55.2,77.56,-25.2,62.92,4.8,61.52,34.8,63.17,1.2246467991473532e-16,-1.0,-0.7818314824680299,0.6234898018587334,1,0,100.84
00002_01-06-2025-18.32,157.0,-34.8,63.17,-4.8,120.38,25.2,132.04,62.4,85.49,1.2246467991473532e-16,-1.0,-0.7818314824680299,0.6234898018587334,1,0,80.19
00009_01-06-2025-19.29,172.0,-61.8,120.38,-31.8,132.04,5.4,85.49,36.0,53.41,1.2246467991473532e-16,-1.0,-0.7818314824680299,0.6234898018587334,1,0,80.72
00009_01-06-2025-20.22,172.0,-48.0,85.49,-17.4,53.41,4.8,56.93,45.0,113.34,1.2246467991473532e-16,-1.0,-0.7818314824680299,0.6234898018587334,1,0,72.64
00005_01-06-2025-21.02,172.0,-57.0,53.41,-34.8,56.93,5.4,113.34,550.2,29.05,1.2246467991473532e-16,-1.0,-0.7818314824680299,0.6234898018587334,0,1,58.92
00002_02-06-2025-06.22,157.0,-555.0,113.34,-10.2,29.05,4.8,60.32,34.8,49.64,1.2246467991473532e-16,-1.0,0.0,1.0,1,0,51.94
00005_02-06-2025-07.02,172.0,-34.8,60.32,-4.8,49.64,25.2,50.33,55.2,62.43,1.2246467991473532e-16,-1.0,0.0,1.0,0,1,29.17
00002_02-06-2025-07.22,157.0,-55.2,60.32,-25.2,49.64,4.8,50.33,34.8,62.43,1.2246467991473532e-16,-1.0,0.0,1.0,1,0,22.3
00002_02-06-2025-08.32,157.0,-34.8,62.43,-4.8,65.62,25.2,58.01,55.2,70.63,1.2246467991473532e-16,-1.0,0.0,1.0,1,0,39.61
00009_02-06-2025-09.22,172.0,-55.2,65.62,-25.2,58.01,4.8,70.63,64.8,35.68,1.2246467991473532e-16,-1.0,0.0,1.0,1,0,65.9
00009_02-06-2025-09.57,172.0,-60.0,58.01,-30.0,70.63,30.0,35.68,90.0,49.07,1.2246467991473532e-16,-1.0,0.0,1.0,1,0,25.74
00011_02-06-2025-10.02,182.0,-64.8,58.01,-34.8,70.63,25.2,35.68,85.2,49.07,1.2246467991473532e-16,-1.0,0.0,1.0,0,1,15.07
00009_02-06-2025-11.22,172.0,-115.2,70.63,-55.2,35.68,4.8,49.07,64.8,49.07,1.2246467991473532e-16,-1.0,0.0,1.0,1,0,37.82
00009_02-06-2025-12.22,172.0,-115.2,35.68,-55.2,49.07,4.8,49.07,34.8,37.93,1.2246467991473532e-16,-1.0,0.0,1.0,1,0,38.2
00009_02-06-2025-14.02,172.0,-64.8,37.93,-43.8,68.94,25.2,31.98,55.2,36.27,1.2246467991473532e-16,-1.0,0.0,1.0,1,0,33.04
00015_02-06-2025-14.12,157.0,-75.0,37.93,-54.0,68.94,15.0,31.98,45.0,36.27,1.2246467991473532e-16,-1.0,0.0,1.0,0,1,36.06
00017_02-06-2025-14.42,179.0,-84.0,68.94,-15.0,31.98,15.0,36.27,45.0,33.18,1.2246467991473532e-16,-1.0,0.0,1.0,1,0,43.97
00002_02-06-2025-16.37,157.0,-40.2,41.88,-10.2,76.79,19.8,45.99,49.8,68.49,1.2246467991473532e-16,-1.0,0.0,1.0,1,0,27.16
00015_02-06-2025-17.17,157.0,-49.8,76.79,-19.8,45.99,10.2,68.49,40.2,47.21,1.2246467991473532e-16,-1.0,0.0,1.0,0,1,19.61
00009_02-06-2025-17.22,172.0,-55.2,76.79,-25.2,45.99,4.8,68.49,34.8,47.21,1.2246467991473532e-16,-1.0,0.0,1.0,1,0,40.64
00002_02-06-2025-18.32,157.0,-34.8,47.21,-4.8,52.78,25.2,48.67,62.4,24.73,1.2246467991473532e-16,-1.0,0.0,1.0,1,0,45.13
00009_02-06-2025-19.29,172.0,-61.8,52.78,-31.8,48.67,5.4,24.73,36.0,28.9,1.2246467991473532e-16,-1.0,0.0,1.0,1,0,46.08
00009_02-06-2025-20.22,172.0,-48.0,24.73,-17.4,28.9,4.8,20.62,45.0,29.67,1.2246467991473532e-16,-1.0,0.0,1.0,1,0,20.01
00005_02-06-2025-21.02,172.0,-57.0,28.9,-34.8,20.62,5.4,29.67,550.2,34.81,1.2246467991473532e-16,-1.0,0.0,1.0,0,1,13.89
00002_03-06-2025-06.22,157.0,-555.0,29.67,-10.2,34.81,4.8,35.11,34.8,113.58,1.2246467991473532e-16,-1.0,0.7818314824680298,0.6234898018587336,1,0,44.56
00005_03-06-2025-07.02,172.0,-34.8,35.11,-4.8,113.58,25.2,32.11,55.2,51.52,1.2246467991473532e-16,-1.0,0.7818314824680298,0.6234898018587336,0,1,48.22
00002_03-06-2025-07.22,157.0,-55.2,35.11,-25.2,113.58,4.8,32.11,34.8,51.52,1.2246467991473532e-16,-1.0,0.7818314824680298,0.6234898018587336,1,0,32.07
00002_03-06-2025-08.32,157.0,-34.8,51.52,-4.8,71.36,25.2,57.72,55.2,64.9,1.2246467991473532e-16,-1.0,0.7818314824680298,0.6234898018587336,1,0,46.9
00009_03-06-2025-09.22,172.0,-55.2,71.36,-25.2,57.72,4.8,64.9,64.8,35.16,1.2246467991473532e-16,-1.0,0.7818314824680298,0.6234898018587336,1,0,58.71
00009_03-06-2025-09.57,172.0,-60.0,57.72,-30.0,64.9,30.0,35.16,90.0,33.39,1.2246467991473532e-16,-1.0,0.7818314824680298,0.6234898018587336,1,0,48.19
00011_03-06-2025-10.02,182.0,-64.8,57.72,-34.8,64.9,25.2,35.16,85.2,33.39,1.2246467991473532e-16,-1.0,0.7818314824680298,0.6234898018587336,0,1,33.11
00009_03-06-2025-11.22,172.0,-115.2,64.9,-55.2,35.16,4.8,33.39,64.8,50.29,1.2246467991473532e-16,-1.0,0.7818314824680298,0.6234898018587336,1,0,42.67
00009_03-06-2025-12.22,172.0,-115.2,35.16,-55.2,33.39,4.8,50.29,34.8,36.98,1.2246467991473532e-16,-1.0,0.7818314824680298,0.6234898018587336,1,0,36.85
00009_03-06-2025-14.02,172.0,-64.8,36.98,-43.8,48.24,25.2,64.63,55.2,28.27,1.2246467991473532e-16,-1.0,0.7818314824680298,0.6234898018587336,1,0,29.79
00015_03-06-2025-14.12,157.0,-75.0,36.98,-54.0,48.24,15.0,64.63,45.0,28.27,1.2246467991473532e-16,-1.0,0.7818314824680298,0.6234898018587336,0,1,42.21
00017_03-06-2025-14.42,179.0,-84.0,48.24,-15.0,64.63,15.0,28.27,45.0,30.93,1.2246467991473532e-16,-1.0,0.7818314824680298,0.6234898018587336,1,0,34.72
00002_03-06-2025-16.37,157.0,-40.2,36.24,-10.2,48.51,19.8,54.43,49.8,68.84,1.2246467991473532e-16,-1.0,0.7818314824680298,0.6234898018587336,1,0,44.39
00015_03-06-2025-17.17,157.0,-49.8,48.51,-19.8,54.43,10.2,68.84,40.2,81.42,1.2246467991473532e-16,-1.0,0.7818314824680298,0.6234898018587336,0,1,46.11
00009_03-06-2025-17.22,172.0,-55.2,48.51,-25.2,54.43,4.8,68.84,34.8,81.42,1.2246467991473532e-16,-1.0,0.7818314824680298,0.6234898018587336,1,0,47.22
00002_03-06-2025-18.32,157.0,-34.8,81.42,-4.8,48.63,25.2,30.81,62.4,29.62,1.2246467991473532e-16,-1.0,0.7818314824680298,0.6234898018587336,1,0,37.79
00009_03-06-2025-19.29,172.0,-61.8,48.63,-31.8,30.81,5.4,29.62,36.0,62.81,1.2246467991473532e-16,-1.0,0.7818314824680298,0.6234898018587336,1,0,33.9
00009_03-06-2025-20.22,172.0,-48.0,29.62,-17.4,62.81,4.8,44.95,45.0,39.26,1.2246467991473532e-16,-1.0,0.7818314824680298,0.6234898018587336,1,0,39.1
00005_03-06-2025-21.02,172.0,-57.0,62.81,-34.8,44.95,5.4,39.26,550.2,35.56,1.2246467991473532e-16,-1.0,0.7818314824680298,0.6234898018587336,0,1,39.95
00002_04-06-2025-06.22,157.0,-555.0,39.26,-10.2,35.56,4.8,53.06,34.8,99.28,1.2246467991473532e-16,-1.0,0.9749279121818236,-0.22252093395631434,1,0,26.56
00005_04-06-2025-07.02,172.0,-34.8,53.06,-4.8,99.28,25.2,16.48,55.2,40.2,1.2246467991473532e-16,-1.0,0.9749279121818236,-0.22252093395631434,0,1,56.88
00002_04-06-2025-07.22,157.0,-55.2,53.06,-25.2,99.28,4.8,16.48,34.8,40.2,1.2246467991473532e-16,-1.0,0.9749279121818236,-0.22252093395631434,1,0,12.65
00002_04-06-2025-08.32,157.0,-34.8,40.2,-4.8,61.94,25.2,32.33,55.2,77.77,1.2246467991473532e-16,-1.0,0.9749279121818236,-0.22252093395631434,1,0,42.96
00009_04-06-2025-09.22,172.0,-55.2,61.94,-25.2,32.33,4.8,77.77,64.8,45.6,1.2246467991473532e-16,-1.0,0.9749279121818236,-0.22252093395631434,1,0,40.99
00009_04-06-2025-09.57,172.0,-60.0,32.33,-30.0,77.77,30.0,45.6,90.0,47.24,1.2246467991473532e-16,-1.0,0.9749279121818236,-0.22252093395631434,1,0,29.28
00011_04-06-2025-10.02,182.0,-64.8,32.33,-34.8,77.77,25.2,45.6,85.2,47.24,1.2246467991473532e-16,-1.0,0.9749279121818236,-0.22252093395631434,0,1,42.67
00009_04-06-2025-11.22,172.0,-115.2,77.77,-55.2,45.6,4.8,47.24,64.8,62.75,1.2246467991473532e-16,-1.0,0.9749279121818236,-0.22252093395631434,1,0,40.63
00009_04-06-2025-12.22,172.0,-115.2,45.6,-55.2,47.24,4.8,62.75,34.8,49.09,1.2246467991473532e-16,-1.0,0.9749279121818236,-0.22252093395631434,1,0,44.74
00009_04-06-2025-14.02,172.0,-64.8,49.09,-43.8,48.24,25.2,41.37,55.2,54.15,1.2246467991473532e-16,-1.0,0.9749279121818236,-0.22252093395631434,1,0,32.39
00015_04-06-2025-14.12,157.0,-75.0,49.09,-54.0,48.24,15.0,41.37,45.0,54.15,1.2246467991473532e-16,-1.0,0.9749279121818236,-0.22252093395631434,0,1,42.18
00017_04-06-2025-14.42,179.0,-84.0,48.24,-15.0,41.37,15.0,54.15,45.0,31.98,1.2246467991473532e-16,-1.0,0.9749279121818236,-0.22252093395631434,1,0,61.4
00002_04-06-2025-16.37,157.0,-40.2,41.82,-10.2,65.37,19.8,132.73,49.8,64.09,1.2246467991473532e-16,-1.0,0.9749279121818236,-0.22252093395631434,1,0,50.04
00015_04-06-2025-17.17,157.0,-49.8,65.37,-19.8,132.73,10.2,64.09,40.2,68.47,1.2246467991473532e-16,-1.0,0.9749279121818236,-0.22252093395631434,0,1,43.73
00009_04-06-2025-17.22,172.0,-55.2,65.37,-25.2,132.73,4.8,64.09,34.8,68.47,1.2246467991473532e-16,-1.0,0.9749279121818236,-0.22252093395631434,1,0,43.38
00002_04-06-2025-18.32,157.0,-34.8,68.47,-4.8,81.65,25.2,112.47,62.4,34.09,1.2246467991473532e-16,-1.0,0.9749279121818236,-0.22252093395631434,1,0,43.32
00009_04-06-2025-19.29,172.0,-61.8,81.65,-31.8,112.47,5.4,34.09,36.0,60.76,1.2246467991473532e-16,-1.0,0.9749279121818236,-0.22252093395631434,1,0,34.01
00009_04-06-2025-20.22,172.0,-48.0,34.09,-17.4,60.76,4.8,38.97,45.0,41.18,1.2246467991473532e-16,-1.0,0.9749279121818236,-0.22252093395631434,1,0,18.99
00005_04-06-2025-21.02,172.0,-57.0,60.76,-34.8,38.97,5.4,41.18,550.2,27.21,1.2246467991473532e-16,-1.0,0.9749279121818236,-0.22252093395631434,0,1,23.74
00002_05-06-2025-06.22,157.0,-555.0,41.18,-10.2,27.21,4.8,50.39,34.8,67.25,1.2246467991473532e-16,-1.0,0.43388373911755823,-0.900968867902419,1,0,29.62
00005_05-06-2025-07.02,172.0,-34.8,50.39,-4.8,67.25,25.2,32.27,55.2,60.06,1.2246467991473532e-16,-1.0,0.43388373911755823,-0.900968867902419,0,1,37.89
00002_05-06-2025-07.22,157.0,-55.2,50.39,-25.2,67.25,4.8,32.27,34.8,60.06,1.2246467991473532e-16,-1.0,0.43388373911755823,-0.900968867902419,1,0,36.79
00002_05-06-2025-08.32,157.0,-34.8,60.06,-4.8,57.28,25.2,65.34,55.2,63.12,1.2246467991473532e-16,-1.0,0.43388373911755823,-0.900968867902419,1,0,46.83
00009_05-06-2025-09.22,172.0,-55.2,57.28,-25.2,65.34,4.8,63.12,64.8,51.95,1.2246467991473532e-16,-1.0,0.43388373911755823,-0.900968867902419,1,0,38.61
00009_05-06-2025-09.57,172.0,-60.0,65.34,-30.0,63.12,30.0,51.95,90.0,53.75,1.2246467991473532e-16,-1.0,0.43388373911755823,-0.900968867902419,1,0,36.63
00011_05-06-2025-10.02,182.0,-64.8,65.34,-34.8,63.12,25.2,51.95,85.2,53.75,1.2246467991473532e-16,-1.0,0.43388373911755823,-0.900968867902419,0,1,62.15
00009_05-06-2025-11.22,172.0,-115.2,63.12,-55.2,51.95,4.8,53.75,64.8,47.39,1.2246467991473532e-16,-1.0,0.43388373911755823,-0.900968867902419,1,0,49.62
00009_05-06-2025-12.22,172.0,-115.2,51.95,-55.2,53.75,4.8,47.39,34.8,64.06,1.2246467991473532e-16,-1.0,0.43388373911755823,-0.900968867902419,1,0,62.09
00002_05-06-2025-16.37,157.0,-40.2,115.74,-10.2,65.2,19.8,143.0,49.8,86.37,1.2246467991473532e-16,-1.0,0.43388373911755823,-0.900968867902419,1,0,27.48
00015_05-06-2025-17.17,157.0,-49.8,65.2,-19.8,143.0,10.2,86.37,40.2,50.13,1.2246467991473532e-16,-1.0,0.43388373911755823,-0.900968867902419,0,1,42.27
00009_05-06-2025-17.22,172.0,-55.2,65.2,-25.2,143.0,4.8,86.37,34.8,50.13,1.2246467991473532e-16,-1.0,0.43388373911755823,-0.900968867902419,1,0,67.47
00002_05-06-2025-18.32,157.0,-34.8,50.13,-4.8,76.98,25.2,81.67,62.4,22.14,1.2246467991473532e-16,-1.0,0.43388373911755823,-0.900968867902419,1,0,27.12
00009_05-06-2025-19.29,172.0,-61.8,76.98,-31.8,81.67,5.4,22.14,36.0,54.7,1.2246467991473532e-16,-1.0,0.43388373911755823,-0.900968867902419,1,0,34.64
00009_05-06-2025-20.22,172.0,-48.0,22.14,-17.4,54.7,4.8,37.47,45.0,61.5,1.2246467991473532e-16,-1.0,0.43388373911755823,-0.900968867902419,1,0,22.59
00005_05-06-2025-21.02,172.0,-57.0,54.7,-34.8,37.47,5.4,61.5,565.2,29.62,1.2246467991473532e-16,-1.0,0.43388373911755823,-0.900968867902419,0,1,41.35
00002_06-06-2025-06.22,157.0,-595.2,37.47,-555.0,61.5,4.8,29.62,34.8,48.66,1.2246467991473532e-16,-1.0,-0.433883739117558,-0.9009688679024191,1,0,24.87
00005_06-06-2025-07.02,172.0,-34.8,29.62,-4.8,48.66,25.2,72.8,55.2,33.07,1.2246467991473532e-16,-1.0,-0.433883739117558,-0.9009688679024191,0,1,34.9
00002_06-06-2025-07.22,157.0,-55.2,29.62,-25.2,48.66,4.8,72.8,34.8,33.07,1.2246467991473532e-16,-1.0,-0.433883739117558,-0.9009688679024191,1,0,44.59
00002_06-06-2025-08.32,157.0,-64.8,72.8,-34.8,33.07,25.2,116.89,55.2,63.12,1.2246467991473532e-16,-1.0,-0.433883739117558,-0.9009688679024191,1,0,39.19
00009_06-06-2025-09.22,172.0,-85.2,33.07,-25.2,116.89,4.8,63.12,64.8,66.52,1.2246467991473532e-16,-1.0,-0.433883739117558,-0.9009688679024191,1,0,61.64
00009_06-06-2025-09.57,172.0,-60.0,116.89,-30.0,63.12,30.0,66.52,90.0,117.12,1.2246467991473532e-16,-1.0,-0.433883739117558,-0.9009688679024191,1,0,71.71
00011_06-06-2025-10.02,182.0,-64.8,116.89,-34.8,63.12,25.2,66.52,85.2,117.12,1.2246467991473532e-16,-1.0,-0.433883739117558,-0.9009688679024191,0,1,59.75
00009_06-06-2025-11.22,172.0,-115.2,63.12,-55.2,66.52,4.8,117.12,64.8,49.02,1.2246467991473532e-16,-1.0,-0.433883739117558,-0.9009688679024191,1,0,61.04
00009_06-06-2025-12.22,172.0,-115.2,66.52,-55.2,117.12,4.8,49.02,34.8,86.42,1.2246467991473532e-16,-1.0,-0.433883739117558,-0.9009688679024191,1,0,27.98
00009_06-06-2025-14.02,172.0,-43.8,55.14,-4.8,77.62,25.2,90.24,55.2,111.42,1.2246467991473532e-16,-1.0,-0.433883739117558,-0.9009688679024191,1,0,66.42
00015_06-06-2025-14.12,157.0,-54.0,55.14,-15.0,77.62,15.0,90.24,45.0,111.42,1.2246467991473532e-16,-1.0,-0.433883739117558,-0.9009688679024191,0,1,54.02
00017_06-06-2025-14.42,179.0,-45.0,77.62,-15.0,90.24,15.0,111.42,45.0,46.39,1.2246467991473532e-16,-1.0,-0.433883739117558,-0.9009688679024191,1,0,77.28
00002_06-06-2025-16.37,157.0,-40.2,108.45,-10.2,81.3,19.8,98.85,49.8,51.84,1.2246467991473532e-16,-1.0,-0.433883739117558,-0.9009688679024191,1,0,72.17
00015_06-06-2025-17.17,157.0,-49.8,81.3,-19.8,98.85,10.2,51.84,40.2,48.91,1.2246467991473532e-16,-1.0,-0.433883739117558,-0.9009688679024191,0,1,22.4
00009_06-06-2025-17.22,172.0,-55.2,81.3,-25.2,98.85,4.8,51.84,34.8,48.91,1.2246467991473532e-16,-1.0,-0.433883739117558,-0.9009688679024191,1,0,68.73
00002_06-06-2025-18.32,157.0,-34.8,48.91,-4.8,89.57,25.2,73.82,62.4,35.39,1.2246467991473532e-16,-1.0,-0.433883739117558,-0.9009688679024191,1,0,40.74
00009_06-06-2025-19.29,172.0,-61.8,89.57,-31.8,73.82,5.4,35.39,36.0,63.29,1.2246467991473532e-16,-1.0,-0.433883739117558,-0.9009688679024191,1,0,41.14
00009_06-06-2025-20.22,172.0,-48.0,35.39,-17.4,63.29,4.8,37.19,45.0,67.97,1.2246467991473532e-16,-1.0,-0.433883739117558,-0.9009688679024191,1,0,12.98
00005_06-06-2025-21.02,172.0,-57.0,63.29,-34.8,37.19,5.4,67.97,565.2,28.54,1.2246467991473532e-16,-1.0,-0.433883739117558,-0.9009688679024191,0,1,16.19
00005_07-06-2025-07.02,172.0,-594.6,67.97,-34.8,28.54,25.2,66.72,85.2,81.71,1.2246467991473532e-16,-1.0,-0.9749279121818236,-0.2225209339563146,0,1,57.49
00009_07-06-2025-08.07,172.0,-100.2,28.54,-40.2,66.72,19.8,81.71,49.8,55.71,1.2246467991473532e-16,-1.0,-0.9749279121818236,-0.2225209339563146,1,0,36.04
00009_07-06-2025-09.22,172.0,-55.2,81.71,-25.2,55.71,4.8,51.03,64.8,37.92,1.2246467991473532e-16,-1.0,-0.9749279121818236,-0.2225209339563146,1,0,61.54
00009_07-06-2025-09.57,172.0,-60.0,55.71,-30.0,51.03,30.0,37.92,90.0,46.64,1.2246467991473532e-16,-1.0,-0.9749279121818236,-0.2225209339563146,1,0,47.29
00011_07-06-2025-10.02,182.0,-64.8,55.71,-34.8,51.03,25.2,37.92,85.2,46.64,1.2246467991473532e-16,-1.0,-0.9749279121818236,-0.2225209339563146,0,1,39.36
00009_07-06-2025-11.22,172.0,-115.2,51.03,-55.2,37.92,4.8,46.64,64.8,66.97,1.2246467991473532e-16,-1.0,-0.9749279121818236,-0.2225209339563146,1,0,45.3
00009_07-06-2025-12.22,172.0,-115.2,37.92,-55.2,46.64,4.8,66.97,55.8,82.74,1.2246467991473532e-16,-1.0,-0.9749279121818236,-0.2225209339563146,1,0,26.56
00015_07-06-2025-14.12,157.0,-105.0,66.97,-54.0,82.74,75.0,23.56,135.0,105.48,1.2246467991473532e-16,-1.0,-0.9749279121818236,-0.2225209339563146,0,1,26.63
00017_07-06-2025-14.42,179.0,-135.0,66.97,-84.0,82.74,45.0,23.56,105.0,105.48,1.2246467991473532e-16,-1.0,-0.9749279121818236,-0.2225209339563146,1,0,43.91
00002_07-06-2025-16.37,157.0,-70.2,23.56,-10.2,105.48,49.8,18.61,109.8,95.26,1.2246467991473532e-16,-1.0,-0.9749279121818236,-0.2225209339563146,1,0,38.21
00015_07-06-2025-17.17,157.0,-109.8,23.56,-49.8,105.48,10.2,18.61,70.2,95.26,1.2246467991473532e-16,-1.0,-0.9749279121818236,-0.2225209339563146,0,1,32.55
00009_07-06-2025-19.29,172.0,-121.8,18.61,-61.8,95.26,5.4,31.12,58.2,19.94,1.2246467991473532e-16,-1.0,-0.9749279121818236,-0.2225209339563146,1,0,24.98
00009_07-06-2025-20.22,172.0,-115.2,95.26,-48.0,31.12,4.8,19.94,604.8,53.63,1.2246467991473532e-16,-1.0,-0.9749279121818236,-0.2225209339563146,1,0,22.62
00005_07-06-2025-21.02,172.0,-87.6,31.12,-34.8,19.94,565.2,53.63,625.2,38.86,1.2246467991473532e-16,-1.0,-0.9749279121818236,-0.2225209339563146,0,1,46.53
00005_08-06-2025-07.02,172.0,-634.8,19.94,-34.8,53.63,25.2,38.86,85.2,65.14,1.2246467991473532e-16,-1.0,-0.7818314824680299,0.6234898018587334,0,1,38.35
00009_08-06-2025-08.07,172.0,-100.2,53.63,-40.2,38.86,19.8,65.14,79.8,72.4,1.2246467991473532e-16,-1.0,-0.7818314824680299,0.6234898018587334,1,0,25.18
00009_08-06-2025-09.22,172.0,-115.2,38.86,-55.2,65.14,4.8,72.4,64.8,53.16,1.2246467991473532e-16,-1.0,-0.7818314824680299,0.6234898018587334,1,0,65.58
00009_08-06-2025-09.57,172.0,-90.0,65.14,-30.0,72.4,30.0,53.16,90.0,141.31,1.2246467991473532e-16,-1.0,-0.7818314824680299,0.6234898018587334,1,0,65.56
00011_08-06-2025-10.02,182.0,-94.8,65.14,-34.8,72.4,25.2,53.16,85.2,141.31,1.2246467991473532e-16,-1.0,-0.7818314824680299,0.6234898018587334,0,1,44.62
00009_08-06-2025-11.22,172.0,-115.2,72.4,-55.2,53.16,4.8,141.31,64.8,54.58,1.2246467991473532e-16,-1.0,-0.7818314824680299,0.6234898018587334,1,0,80.25
00009_08-06-2025-12.22,172.0,-115.2,53.16,-55.2,141.31,4.8,54.58,55.8,55.14,1.2246467991473532e-16,-1.0,-0.7818314824680299,0.6234898018587334,1,0,60.32
00009_08-06-2025-14.02,172.0,-94.8,54.58,-43.8,55.14,25.2,99.93,85.2,65.83,1.2246467991473532e-16,-1.0,-0.7818314824680299,0.6234898018587334,1,0,85.48
00015_08-06-2025-14.12,157.0,-105.0,54.58,-54.0,55.14,15.0,99.93,75.0,65.83,1.2246467991473532e-16,-1.0,-0.7818314824680299,0.6234898018587334,0,1,52.22
00017_08-06-2025-14.42,179.0,-84.0,55.14,-15.0,99.93,45.0,65.83,105.0,82.98,1.2246467991473532e-16,-1.0,-0.7818314824680299,0.6234898018587334,1,0,76.93
00002_08-06-2025-16.37,157.0,-70.2,65.83,-10.2,82.98,19.8,77.56,49.8,61.11,1.2246467991473532e-16,-1.0,-0.7818314824680299,0.6234898018587334,1,0,84.95
00015_08-06-2025-17.17,157.0,-49.8,82.98,-19.8,77.56,10.2,61.11,40.2,69.31,1.2246467991473532e-16,-1.0,-0.7818314824680299,0.6234898018587334,0,1,54.07
00009_08-06-2025-17.22,172.0,-55.2,82.98,-25.2,77.56,4.8,61.11,34.8,69.31,1.2246467991473532e-16,-1.0,-0.7818314824680299,0.6234898018587334,1,0,63.99
00002_08-06-2025-18.32,157.0,-34.8,69.31,-4.8,92.69,25.2,103.45,62.4,84.01,1.2246467991473532e-16,-1.0,-0.7818314824680299,0.6234898018587334,1,0,79.64
00009_08-06-2025-19.29,172.0,-61.8,92.69,-31.8,103.45,5.4,84.01,36.0,64.99,1.2246467991473532e-16,-1.0,-0.7818314824680299,0.6234898018587334,1,0,89.72
00009_08-06-2025-20.22,172.0,-48.0,84.01,-17.4,64.99,4.8,60.78,45.0,122.63,1.2246467991473532e-16,-1.0,-0.7818314824680299,0.6234898018587334,1,0,72.15
00005_08-06-2025-21.02,172.0,-57.0,64.99,-34.8,60.78,5.4,122.63,550.2,35.38,1.2246467991473532e-16,-1.0,-0.7818314824680299,0.6234898018587334,0,1,56.01
00002_09-06-2025-06.22,157.0,-555.0,122.63,-10.2,35.38,4.8,37.53,34.8,52.77,1.2246467991473532e-16,-1.0,0.0,1.0,1,0,39.18
00005_09-06-2025-07.02,172.0,-34.8,37.53,-4.8,52.77,25.2,46.57,55.2,69.65,1.2246467991473532e-16,-1.0,0.0,1.0,0,1,37.68
00002_09-06-2025-07.22,157.0,-55.2,37.53,-25.2,52.77,4.8,46.57,34.8,69.65,1.2246467991473532e-16,-1.0,0.0,1.0,1,0,43.7
00002_09-06-2025-08.32,157.0,-34.8,69.65,-4.8,66.83,25.2,48.94,55.2,69.1,1.2246467991473532e-16,-1.0,0.0,1.0,1,0,25.32
00009_09-06-2025-09.22,172.0,-55.2,66.83,-25.2,48.94,4.8,69.1,64.8,32.29,1.2246467991473532e-16,-1.0,0.0,1.0,1,0,55.82
00009_09-06-2025-09.57,172.0,-60.0,48.94,-30.0,69.1,30.0,32.29,90.0,36.27,1.2246467991473532e-16,-1.0,0.0,1.0,1,0,32.95
00011_09-06-2025-10.02,182.0,-64.8,48.94,-34.8,69.1,25.2,32.29,85.2,36.27,1.2246467991473532e-16,-1.0,0.0,1.0,0,1,41.0
00009_09-06-2025-11.22,172.0,-115.2,69.1,-55.2,32.29,4.8,36.27,64.8,46.64,1.2246467991473532e-16,-1.0,0.0,1.0,1,0,22.34
00009_09-06-2025-12.22,172.0,-115.2,32.29,-55.2,36.27,4.8,46.64,34.8,47.02,1.2246467991473532e-16,-1.0,0.0,1.0,1,0,25.78
00009_09-06-2025-14.02,172.0,-64.8,47.02,-43.8,68.94,25.2,36.94,55.2,50.18,1.2246467991473532e-16,-1.0,0.0,1.0,1,0,26.7
00015_09-06-2025-14.12,157.0,-75.0,47.02,-54.0,68.94,15.0,36.94,45.0,50.18,1.2246467991473532e-16,-1.0,0.0,1.0,0,1,34.75
00017_09-06-2025-14.42,179.0,-84.0,68.94,-15.0,36.94,15.0,50.18,45.0,38.38,1.2246467991473532e-16,-1.0,0.0,1.0,1,0,48.52
00002_09-06-2025-16.37,157.0,-40.2,42.3,-10.2,63.87,19.8,54.59,49.8,80.35,1.2246467991473532e-16,-1.0,0.0,1.0,1,0,40.63
00015_09-06-2025-17.17,157.0,-49.8,63.87,-19.8,54.59,10.2,80.35,40.2,47.57,1.2246467991473532e-16,-1.0,0.0,1.0,0,1,36.67
00009_09-06-2025-17.22,172.0,-55.2,63.87,-25.2,54.59,4.8,80.35,34.8,47.57,1.2246467991473532e-16,-1.0,0.0,1.0,1,0,48.71
00002_09-06-2025-18.32,157.0,-34.8,47.57,-4.8,47.16,25.2,36.66,62.4,21.26,1.2246467991473532e-16,-1.0,0.0,1.0,1,0,23.42
00009_09-06-2025-19.29,172.0,-61.8,47.16,-31.8,36.66,5.4,21.26,36.0,31.73,1.2246467991473532e-16,-1.0,0.0,1.0,1,0,57.96
00009_09-06-2025-20.22,172.0,-48.0,21.26,-17.4,31.73,4.8,12.62,45.0,46.92,1.2246467991473532e-16,-1.0,0.0,1.0,1,0,12.48
00005_09-06-2025-21.02,172.0,-57.0,31.73,-34.8,12.62,5.4,46.92,550.2,36.59,1.2246467991473532e-16,-1.0,0.0,1.0,0,1,19.63
00002_10-06-2025-06.22,157.0,-555.0,46.92,-10.2,36.59,4.8,35.85,34.8,108.89,1.2246467991473532e-16,-1.0,0.7818314824680298,0.6234898018587336,1,0,11.98
00005_10-06-2025-07.02,172.0,-34.8,35.85,-4.8,108.89,25.2,34.34,55.2,33.31,1.2246467991473532e-16,-1.0,0.7818314824680298,0.6234898018587336,0,1,33.28
00002_10-06-2025-07.22,157.0,-55.2,35.85,-25.2,108.89,4.8,34.34,34.8,33.31,1.2246467991473532e-16,-1.0,0.7818314824680298,0.6234898018587336,1,0,24.7
00002_10-06-2025-08.32,157.0,-34.8,33.31,-4.8,75.57,25.2,43.93,55.2,72.97,1.2246467991473532e-16,-1.0,0.7818314824680298,0.6234898018587336,1,0,60.73
00009_10-06-2025-09.22,172.0,-55.2,75.57,-25.2,43.93,4.8,72.97,64.8,37.43,1.2246467991473532e-16,-1.0,0.7818314824680298,0.6234898018587336,1,0,48.85
00009_10-06-2025-09.57,172.0,-60.0,43.93,-30.0,72.97,30.0,37.43,90.0,41.81,1.2246467991473532e-16,-1.0,0.7818314824680298,0.6234898018587336,1,0,49.35
00011_10-06-2025-10.02,182.0,-64.8,43.93,-34.8,72.97,25.2,37.43,85.2,41.81,1.2246467991473532e-16,-1.0,0.7818314824680298,0.6234898018587336,0,1,36.76
00009_10-06-2025-11.22,172.0,-115.2,72.97,-55.2,37.43,4.8,41.81,64.8,37.51,1.2246467991473532e-16,-1.0,0.7818314824680298,0.6234898018587336,1,0,25.72
00009_10-06-2025-12.22,172.0,-115.2,37.43,-55.2,41.81,4.8,37.51,34.8,43.52,1.2246467991473532e-16,-1.0,0.7818314824680298,0.6234898018587336,1,0,25.18
00009_10-06-2025-14.02,172.0,-64.8,43.52,-43.8,48.24,25.2,64.27,55.2,37.13,1.2246467991473532e-16,-1.0,0.7818314824680298,0.6234898018587336,1,0,32.0
00015_10-06-2025-14.12,157.0,-75.0,43.52,-54.0,48.24,15.0,64.27,45.0,37.13,1.2246467991473532e-16,-1.0,0.7818314824680298,0.6234898018587336,0,1,49.25
00017_10-06-2025-14.42,179.0,-84.0,48.24,-15.0,64.27,15.0,37.13,45.0,29.49,1.2246467991473532e-16,-1.0,0.7818314824680298,0.6234898018587336,1,0,32.54
00002_10-06-2025-16.37,157.0,-40.2,28.29,-10.2,41.67,19.8,56.38,49.8,46.02,1.2246467991473532e-16,-1.0,0.7818314824680298,0.6234898018587336,1,0,21.46
00015_10-06-2025-17.17,157.0,-49.8,41.67,-19.8,56.38,10.2,46.02,40.2,63.76,1.2246467991473532e-16,-1.0,0.7818314824680298,0.6234898018587336,0,1,47.45
00009_10-06-2025-17.22,172.0,-55.2,41.67,-25.2,56.38,4.8,46.02,34.8,63.76,1.2246467991473532e-16,-1.0,0.7818314824680298,0.6234898018587336,1,0,17.47
00002_10-06-2025-18.32,157.0,-34.8,63.76,-4.8,52.02,25.2,23.96,62.4,30.84,1.2246467991473532e-16,-1.0,0.7818314824680298,0.6234898018587336,1,0,24.04
00009_10-06-2025-19.29,172.0,-61.8,52.02,-31.8,23.96,5.4,30.84,36.0,32.49,1.2246467991473532e-16,-1.0,0.7818314824680298,0.6234898018587336,1,0,45.61
00009_10-06-2025-20.22,172.0,-48.0,30.84,-17.4,32.49,4.8,42.48,45.0,50.79,1.2246467991473532e-16,-1.0,0.7818314824680298,0.6234898018587336,1,0,33.64
00005_10-06-2025-21.02,172.0,-57.0,32.49,-34.8,42.48,5.4,50.79,550.2,32.57,1.2246467991473532e-16,-1.0,0.7818314824680298,0.6234898018587336,0,1,23.55
00002_11-06-2025-06.22,157.0,-555.0,50.79,-10.2,32.57,4.8,39.21,34.8,107.91,1.2246467991473532e-16,-1.0,0.9749279121818236,-0.22252093395631434,1,0,21.19
00005_11-06-2025-07.02,172.0,-34.8,39.21,-4.8,107.91,25.2,55.22,55.2,61.54,1.2246467991473532e-16,-1.0,0.9749279121818236,-0.22252093395631434,0,1,46.74
00002_11-06-2025-07.22,157.0,-55.2,39.21,-25.2,107.91,4.8,55.22,34.8,61.54,1.2246467991473532e-16,-1.0,0.9749279121818236,-0.22252093395631434,1,0,46.34
00002_11-06-2025-08.32,157.0,-34.8,61.54,-4.8,82.94,25.2,55.32,55.2,89.98,1.2246467991473532e-16,-1.0,0.9749279121818236,-0.22252093395631434,1,0,51.31
00009_11-06-2025-09.22,172.0,-55.2,82.94,-25.2,55.32,4.8,89.98,64.8,44.52,1.2246467991473532e-16,-1.0,0.9749279121818236,-0.22252093395631434,1,0,53.29
00009_11-06-2025-09.57,172.0,-60.0,55.32,-30.0,89.98,30.0,44.52,90.0,39.66,1.2246467991473532e-16,-1.0,0.9749279121818236,-0.22252093395631434,1,0,35.9
00011_11-06-2025-10.02,182.0,-64.8,55.32,-34.8,89.98,25.2,44.52,85.2,39.66,1.2246467991473532e-16,-1.0,0.9749279121818236,-0.22252093395631434,0,1,44.51
00009_11-06-2025-11.22,172.0,-115.2,89.98,-55.2,44.52,4.8,39.66,64.8,62.85,1.2246467991473532e-16,-1.0,0.9749279121818236,-0.22252093395631434,1,0,28.0
00009_11-06-2025-12.22,172.0,-115.2,44.52,-55.2,39.66,4.8,62.85,34.8,55.92,1.2246467991473532e-16,-1.0,0.9749279121818236,-0.22252093395631434,1,0,34.77
00009_11-06-2025-14.02,172.0,-64.8,55.92,-43.8,48.24,25.2,47.53,55.2,42.47,1.2246467991473532e-16,-1.0,0.9749279121818236,-0.22252093395631434,1,0,45.96
00015_11-06-2025-14.12,157.0,-75.0,55.92,-54.0,48.24,15.0,47.53,45.0,42.47,1.2246467991473532e-16,-1.0,0.9749279121818236,-0.22252093395631434,0,1,37.86
00017_11-06-2025-14.42,179.0,-84.0,48.24,-15.0,47.53,15.0,42.47,45.0,30.34,1.2246467991473532e-16,-1.0,0.9749279121818236,-0.22252093395631434,1,0,49.8
00002_11-06-2025-16.37,157.0,-40.2,41.63,-10.2,56.53,19.8,137.25,49.8,57.25,1.2246467991473532e-16,-1.0,0.9749279121818236,-0.22252093395631434,1,0,45.94
00015_11-06-2025-17.17,157.0,-49.8,56.53,-19.8,137.25,10.2,57.25,40.2,62.97,1.2246467991473532e-16,-1.0,0.9749279121818236,-0.22252093395631434,0,1,58.93
00009_11-06-2025-17.22,172.0,-55.2,56.53,-25.2,137.25,4.8,57.25,34.8,62.97,1.2246467991473532e-16,-1.0,0.9749279121818236,-0.22252093395631434,1,0,51.57
00002_11-06-2025-18.32,157.0,-34.8,62.97,-4.8,69.32,25.2,119.52,62.4,29.68,1.2246467991473532e-16,-1.0,0.9749279121818236,-0.22252093395631434,1,0,37.2
00009_11-06-2025-19.29,172.0,-61.8,69.32,-31.8,119.52,5.4,29.68,36.0,49.54,1.2246467991473532e-16,-1.0,0.9749279121818236,-0.22252093395631434,1,0,44.89
00009_11-06-2025-20.22,172.0,-48.0,29.68,-17.4,49.54,4.8,35.76,45.0,53.6,1.2246467991473532e-16,-1.0,0.9749279121818236,-0.22252093395631434,1,0,34.76
00005_11-06-2025-21.02,172.0,-57.0,49.54,-34.8,35.76,5.4,53.6,550.2,23.74,1.2246467991473532e-16,-1.0,0.9749279121818236,-0.22252093395631434,0,1,23.97
00002_12-06-2025-06.22,157.0,-555.0,53.6,-10.2,23.74,4.8,56.79,34.8,77.83,1.2246467991473532e-16,-1.0,0.43388373911755823,-0.900968867902419,1,0,42.91
00005_12-06-2025-07.02,172.0,-34.8,56.79,-4.8,77.83,25.2,44.93,55.2,36.03,1.2246467991473532e-16,-1.0,0.43388373911755823,-0.900968867902419,0,1,58.87
00002_12-06-2025-07.22,157.0,-55.2,56.79,-25.2,77.83,4.8,44.93,34.8,36.03,1.2246467991473532e-16,-1.0,0.43388373911755823,-0.900968867902419,1,0,42.65
00002_12-06-2025-08.32,157.0,-34.8,36.03,-4.8,60.95,25.2,71.07,55.2,82.85,1.2246467991473532e-16,-1.0,0.43388373911755823,-0.900968867902419,1,0,52.16
00009_12-06-2025-09.22,172.0,-55.2,60.95,-25.2,71.07,4.8,82.85,64.8,57.73,1.2246467991473532e-16,-1.0,0.43388373911755823,-0.900968867902419,1,0,68.96
00009_12-06-2025-09.57,172.0,-60.0,71.07,-30.0,82.85,30.0,57.73,90.0,54.03,1.2246467991473532e-16,-1.0,0.43388373911755823,-0.900968867902419,1,0,37.87
00011_12-06-2025-10.02,182.0,-64.8,71.07,-34.8,82.85,25.2,57.73,85.2,54.03,1.2246467991473532e-16,-1.0,0.43388373911755823,-0.900968867902419,0,1,63.55
00009_12-06-2025-11.22,172.0,-115.2,82.85,-55.2,57.73,4.8,54.03,64.8,42.43,1.2246467991473532e-16,-1.0,0.43388373911755823,-0.900968867902419,1,0,46.22
00009_12-06-2025-12.22,172.0,-115.2,57.73,-55.2,54.03,4.8,42.43,34.8,56.93,1.2246467991473532e-16,-1.0,0.43388373911755823,-0.900968867902419,1,0,48.96
00002_12-06-2025-16.37,157.0,-40.2,101.31,-10.2,86.04,19.8,145.63,49.8,97.52,1.2246467991473532e-16,-1.0,0.43388373911755823,-0.900968867902419,1,0,32.01
00015_12-06-2025-17.17,157.0,-49.8,86.04,-19.8,145.63,10.2,97.52,40.2,36.19,1.2246467991473532e-16,-1.0,0.43388373911755823,-0.900968867902419,0,1,41.63
00009_12-06-2025-17.22,172.0,-55.2,86.04,-25.2,145.63,4.8,97.52,34.8,36.19,1.2246467991473532e-16,-1.0,0.43388373911755823,-0.900968867902419,1,0,94.7
00002_12-06-2025-18.32,157.0,-34.8,36.19,-4.8,66.02,25.2,72.23,62.4,23.54,1.2246467991473532e-16,-1.0,0.43388373911755823,-0.900968867902419,1,0,33.64
00009_12-06-2025-19.29,172.0,-61.8,66.02,-31.8,72.23,5.4,23.54,36.0,51.33,1.2246467991473532e-16,-1.0,0.43388373911755823,-0.900968867902419,1,0,23.85
00009_12-06-2025-20.22,172.0,-48.0,23.54,-17.4,51.33,4.8,29.25,45.0,48.85,1.2246467991473532e-16,-1.0,0.43388373911755823,-0.900968867902419,1,0,13.18
00005_12-06-2025-21.02,172.0,-57.0,51.33,-34.8,29.25,5.4,48.85,565.2,21.06,1.2246467991473532e-16,-1.0,0.43388373911755823,-0.900968867902419,0,1,38.13
00002_13-06-2025-06.22,157.0,-595.2,29.25,-555.0,48.85,4.8,21.06,34.8,49.23,1.2246467991473532e-16,-1.0,-0.433883739117558,-0.9009688679024191,1,0,34.76
00005_13-06-2025-07.02,172.0,-34.8,21.06,-4.8,49.23,25.2,48.68,55.2,54.75,1.2246467991473532e-16,-1.0,-0.433883739117558,-0.9009688679024191,0,1,19.15
00002_13-06-2025-07.22,157.0,-55.2,21.06,-25.2,49.23,4.8,48.68,34.8,54.75,1.2246467991473532e-16,-1.0,-0.433883739117558,-0.9009688679024191,1,0,28.51
00002_13-06-2025-08.32,157.0,-64.8,48.68,-34.8,54.75,25.2,121.11,55.2,57.4,1.2246467991473532e-16,-1.0,-0.433883739117558,-0.9009688679024191,1,0,22.92
00009_13-06-2025-09.22,172.0,-85.2,54.75,-25.2,121.11,4.8,57.4,64.8,54.72,1.2246467991473532e-16,-1.0,-0.433883739117558,-0.9009688679024191,1,0,50.45
00009_13-06-2025-09.57,172.0,-60.0,121.11,-30.0,57.4,30.0,54.72,90.0,113.31,1.2246467991473532e-16,-1.0,-0.433883739117558,-0.9009688679024191,1,0,47.12
00011_13-06-2025-10.02,182.0,-64.8,121.11,-34.8,57.4,25.2,54.72,85.2,113.31,1.2246467991473532e-16,-1.0,-0.433883739117558,-0.9009688679024191,0,1,37.89
00009_13-06-2025-11.22,172.0,-115.2,57.4,-55.2,54.72,4.8,113.31,64.8,52.74,1.2246467991473532e-16,-1.0,-0.433883739117558,-0.9009688679024191,1,0,77.48
00009_13-06-2025-12.22,172.0,-115.2,54.72,-55.2,113.31,4.8,52.74,34.8,68.88,1.2246467991473532e-16,-1.0,-0.433883739117558,-0.9009688679024191,1,0,46.97
00009_13-06-2025-14.02,172.0,-43.8,55.14,-4.8,77.59,25.2,98.8,55.2,79.87,1.2246467991473532e-16,-1.0,-0.433883739117558,-0.9009688679024191,1,0,70.53
00015_13-06-2025-14.12,157.0,-54.0,55.14,-15.0,77.59,15.0,98.8,45.0,79.87,1.2246467991473532e-16,-1.0,-0.433883739117558,-0.9009688679024191,0,1,30.77
00017_13-06-2025-14.42,179.0,-45.0,77.59,-15.0,98.8,15.0,79.87,45.0,61.74,1.2246467991473532e-16,-1.0,-0.433883739117558,-0.9009688679024191,1,0,79.59
00002_13-06-2025-16.37,157.0,-40.2,85.53,-10.2,80.42,19.8,112.36,49.8,53.18,1.2246467991473532e-16,-1.0,-0.433883739117558,-0.9009688679024191,1,0,75.53
00015_13-06-2025-17.17,157.0,-49.8,80.42,-19.8,112.36,10.2,53.18,40.2,52.42,1.2246467991473532e-16,-1.0,-0.433883739117558,-0.9009688679024191,0,1,40.61
00009_13-06-2025-17.22,172.0,-55.2,80.42,-25.2,112.36,4.8,53.18,34.8,52.42,1.2246467991473532e-16,-1.0,-0.433883739117558,-0.9009688679024191,1,0,65.02
00002_13-06-2025-18.32,157.0,-34.8,52.42,-4.8,83.95,25.2,66.72,62.4,40.18,1.2246467991473532e-16,-1.0,-0.433883739117558,-0.9009688679024191,1,0,60.13
00009_13-06-2025-19.29,172.0,-61.8,83.95,-31.8,66.72,5.4,40.18,36.0,48.04,1.2246467991473532e-16,-1.0,-0.433883739117558,-0.9009688679024191,1,0,64.05
00009_13-06-2025-20.22,172.0,-48.0,40.18,-17.4,48.04,4.8,34.52,45.0,91.36,1.2246467991473532e-16,-1.0,-0.433883739117558,-0.9009688679024191,1,0,17.75
00005_13-06-2025-21.02,172.0,-57.0,48.04,-34.8,34.52,5.4,91.36,565.2,30.9,1.2246467991473532e-16,-1.0,-0.433883739117558,-0.9009688679024191,0,1,29.31
00005_14-06-2025-07.02,172.0,-594.6,91.36,-34.8,30.9,25.2,52.06,85.2,46.57,1.2246467991473532e-16,-1.0,-0.9749279121818236,-0.2225209339563146,0,1,33.62
00009_14-06-2025-08.07,172.0,-100.2,30.9,-40.2,52.06,19.8,46.57,49.8,69.77,1.2246467991473532e-16,-1.0,-0.9749279121818236,-0.2225209339563146,1,0,27.41
00009_14-06-2025-09.22,172.0,-55.2,46.57,-25.2,69.77,4.8,54.29,64.8,54.35,1.2246467991473532e-16,-1.0,-0.9749279121818236,-0.2225209339563146,1,0,43.79
00009_14-06-2025-09.57,172.0,-60.0,69.77,-30.0,54.29,30.0,54.35,90.0,47.69,1.2246467991473532e-16,-1.0,-0.9749279121818236,-0.2225209339563146,1,0,43.12
00011_14-06-2025-10.02,182.0,-64.8,69.77,-34.8,54.29,25.2,54.35,85.2,47.69,1.2246467991473532e-16,-1.0,-0.9749279121818236,-0.2225209339563146,0,1,26.14
00009_14-06-2025-11.22,172.0,-115.2,54.29,-55.2,54.35,4.8,47.69,64.8,48.89,1.2246467991473532e-16,-1.0,-0.9749279121818236,-0.2225209339563146,1,0,48.26
00009_14-06-2025-12.22,172.0,-115.2,54.35,-55.2,47.69,4.8,48.89,55.8,82.74,1.2246467991473532e-16,-1.0,-0.9749279121818236,-0.2225209339563146,1,0,41.69
00015_14-06-2025-14.12,157.0,-105.0,48.89,-54.0,82.74,75.0,33.42,135.0,104.8,1.2246467991473532e-16,-1.0,-0.9749279121818236,-0.2225209339563146,0,1,21.72
00017_14-06-2025-14.42,179.0,-135.0,48.89,-84.0,82.74,45.0,33.42,105.0,104.8,1.2246467991473532e-16,-1.0,-0.9749279121818236,-0.2225209339563146,1,0,56.15
00002_14-06-2025-16.37,157.0,-70.2,33.42,-10.2,104.8,49.8,19.47,109.8,106.95,1.2246467991473532e-16,-1.0,-0.9749279121818236,-0.2225209339563146,1,0,29.94
00015_14-06-2025-17.17,157.0,-109.8,33.42,-49.8,104.8,10.2,19.47,70.2,106.95,1.2246467991473532e-16,-1.0,-0.9749279121818236,-0.2225209339563146,0,1,20.6
00009_14-06-2025-19.29,172.0,-121.8,19.47,-61.8,106.95,5.4,34.08,58.2,21.13,1.2246467991473532e-16,-1.0,-0.9749279121818236,-0.2225209339563146,1,0,35.28
00009_14-06-2025-20.22,172.0,-115.2,106.95,-48.0,34.08,4.8,21.13,604.8,54.1,1.2246467991473532e-16,-1.0,-0.9749279121818236,-0.2225209339563146,1,0,42.24
00005_14-06-2025-21.02,172.0,-87.6,34.08,-34.8,21.13,565.2,54.1,625.2,68.6,1.2246467991473532e-16,-1.0,-0.9749279121818236,-0.2225209339563146,0,1,24.02
00005_15-06-2025-07.02,172.0,-634.8,21.13,-34.8,54.1,25.2,68.6,85.2,91.0,1.2246467991473532e-16,-1.0,-0.7818314824680299,0.6234898018587334,0,1,48.71
00009_15-06-2025-08.07,172.0,-100.2,54.1,-40.2,68.6,19.8,91.0,79.8,66.74,1.2246467991473532e-16,-1.0,-0.7818314824680299,0.6234898018587334,1,0,55.28
00009_15-06-2025-09.22,172.0,-115.2,68.6,-55.2,91.0,4.8,66.74,64.8,39.64,1.2246467991473532e-16,-1.0,-0.7818314824680299,0.6234898018587334,1,0,40.49
00009_15-06-2025-09.57,172.0,-90.0,91.0,-30.0,66.74,30.0,39.64,90.0,131.26,1.2246467991473532e-16,-1.0,-0.7818314824680299,0.6234898018587334,1,0,65.89
00011_15-06-2025-10.02,182.0,-94.8,91.0,-34.8,66.74,25.2,39.64,85.2,131.26,1.2246467991473532e-16,-1.0,-0.7818314824680299,0.6234898018587334,0,1,49.9
00009_15-06-2025-11.22,172.0,-115.2,66.74,-55.2,39.64,4.8,131.26,64.8,52.84,1.2246467991473532e-16,-1.0,-0.7818314824680299,0.6234898018587334,1,0,77.19
00009_15-06-2025-12.22,172.0,-115.2,39.64,-55.2,131.26,4.8,52.84,55.8,55.14,1.2246467991473532e-16,-1.0,-0.7818314824680299,0.6234898018587334,1,0,62.15
00009_15-06-2025-14.02,172.0,-94.8,52.84,-43.8,55.14,25.2,95.44,85.2,67.06,1.2246467991473532e-16,-1.0,-0.7818314824680299,0.6234898018587334,1,0,74.58
00015_15-06-2025-14.12,157.0,-105.0,52.84,-54.0,55.14,15.0,95.44,75.0,67.06,1.2246467991473532e-16,-1.0,-0.7818314824680299,0.6234898018587334,0,1,45.95
00017_15-06-2025-14.42,179.0,-84.0,55.14,-15.0,95.44,45.0,67.06,105.0,84.56,1.2246467991473532e-16,-1.0,-0.7818314824680299,0.6234898018587334,1,0,72.06
00002_15-06-2025-16.37,157.0,-70.2,67.06,-10.2,84.56,19.8,89.66,49.8,68.63,1.2246467991473532e-16,-1.0,-0.7818314824680299,0.6234898018587334,1,0,82.93
00015_15-06-2025-17.17,157.0,-49.8,84.56,-19.8,89.66,10.2,68.63,40.2,61.09,1.2246467991473532e-16,-1.0,-0.7818314824680299,0.6234898018587334,0,1,55.9
00009_15-06-2025-17.22,172.0,-55.2,84.56,-25.2,89.66,4.8,68.63,34.8,61.09,1.2246467991473532e-16,-1.0,-0.7818314824680299,0.6234898018587334,1,0,87.55
00002_15-06-2025-18.32,157.0,-34.8,61.09,-4.8,105.81,25.2,120.86,62.4,87.61,1.2246467991473532e-16,-1.0,-0.7818314824680299,0.6234898018587334,1,0,81.13
00009_15-06-2025-19.29,172.0,-61.8,105.81,-31.8,120.86,5.4,87.61,36.0,57.85,1.2246467991473532e-16,-1.0,-0.7818314824680299,0.6234898018587334,1,0,84.66
00009_15-06-2025-20.22,172.0,-48.0,87.61,-17.4,57.85,4.8,64.11,45.0,130.17,1.2246467991473532e-16,-1.0,-0.7818314824680299,0.6234898018587334,1,0,77.47
00005_15-06-2025-21.02,172.0,-57.0,57.85,-34.8,64.11,5.4,130.17,550.2,28.52,1.2246467991473532e-16,-1.0,-0.7818314824680299,0.6234898018587334,0,1,87.12
00002_16-06-2025-06.22,157.0,-555.0,130.17,-10.2,28.52,4.8,39.55,34.8,53.07,1.2246467991473532e-16,-1.0,0.0,1.0,1,0,24.47
00005_16-06-2025-07.02,172.0,-34.8,39.55,-4.8,53.07,25.2,60.17,55.2,69.7,1.2246467991473532e-16,-1.0,0.0,1.0,0,1,38.56
00002_16-06-2025-07.22,157.0,-55.2,39.55,-25.2,53.07,4.8,60.17,34.8,69.7,1.2246467991473532e-16,-1.0,0.0,1.0,1,0,37.53
00002_16-06-2025-08.32,157.0,-34.8,69.7,-4.8,77.09,25.2,52.97,55.2,72.04,1.2246467991473532e-16,-1.0,0.0,1.0,1,0,43.08
00009_16-06-2025-09.22,172.0,-55.2,77.09,-25.2,52.97,4.8,72.04,64.8,35.97,1.2246467991473532e-16,-1.0,0.0,1.0,1,0,50.7
00009_16-06-2025-09.57,172.0,-60.0,52.97,-30.0,72.04,30.0,35.97,90.0,40.42,1.2246467991473532e-16,-1.0,0.0,1.0,1,0,42.0
00011_16-06-2025-10.02,182.0,-64.8,52.97,-34.8,72.04,25.2,35.97,85.2,40.42,1.2246467991473532e-16,-1.0,0.0,1.0,0,1,51.7
00009_16-06-2025-11.22,172.0,-115.2,72.04,-55.2,35.97,4.8,40.42,64.8,40.6,1.2246467991473532e-16,-1.0,0.0,1.0,1,0,34.92
00009_16-06-2025-12.22,172.0,-115.2,35.97,-55.2,40.42,4.8,40.6,34.8,47.94,1.2246467991473532e-16,-1.0,0.0,1.0,1,0,30.32
00009_16-06-2025-14.02,172.0,-64.8,47.94,-43.8,68.94,25.2,45.18,55.2,46.7,1.2246467991473532e-16,-1.0,0.0,1.0,1,0,50.67
00015_16-06-2025-14.12,157.0,-75.0,47.94,-54.0,68.94,15.0,45.18,45.0,46.7,1.2246467991473532e-16,-1.0,0.0,1.0,0,1,48.25
00017_16-06-2025-14.42,179.0,-84.0,68.94,-15.0,45.18,15.0,46.7,45.0,31.49,1.2246467991473532e-16,-1.0,0.0,1.0,1,0,40.9
00002_16-06-2025-16.37,157.0,-40.2,44.29,-10.2,69.38,19.8,49.08,49.8,64.59,1.2246467991473532e-16,-1.0,0.0,1.0,1,0,22.77
00015_16-06-2025-17.17,157.0,-49.8,69.38,-19.8,49.08,10.2,64.59,40.2,42.37,1.2246467991473532e-16,-1.0,0.0,1.0,0,1,31.67
00009_16-06-2025-17.22,172.0,-55.2,69.38,-25.2,49.08,4.8,64.59,34.8,42.37,1.2246467991473532e-16,-1.0,0.0,1.0,1,0,37.33
00002_16-06-2025-18.32,157.0,-34.8,42.37,-4.8,66.05,25.2,36.0,62.4,19.63,1.2246467991473532e-16,-1.0,0.0,1.0,1,0,41.16
00009_16-06-2025-19.29,172.0,-61.8,66.05,-31.8,36.0,5.4,19.63,36.0,23.2,1.2246467991473532e-16,-1.0,0.0,1.0,1,0,44.13
00009_16-06-2025-20.22,172.0,-48.0,19.63,-17.4,23.2,4.8,25.55,45.0,35.38,1.2246467991473532e-16,-1.0,0.0,1.0,1,0,33.84
00005_16-06-2025-21.02,172.0,-57.0,23.2,-34.8,25.55,5.4,35.38,550.2,34.97,1.2246467991473532e-16,-1.0,0.0,1.0,0,1,47.97
00002_17-06-2025-06.22,157.0,-555.0,35.38,-10.2,34.97,4.8,46.02,34.8,112.76,1.2246467991473532e-16,-1.0,0.7818314824680298,0.6234898018587336,1,0,10.0
00005_17-06-2025-07.02,172.0,-34.8,46.02,-4.8,112.76,25.2,36.06,55.2,37.84,1.2246467991473532e-16,-1.0,0.7818314824680298,0.6234898018587336,0,1,44.22
00002_17-06-2025-07.22,157.0,-55.2,46.02,-25.2,112.76,4.8,36.06,34.8,37.84,1.2246467991473532e-16,-1.0,0.7818314824680298,0.6234898018587336,1,0,17.47
00002_17-06-2025-08.32,157.0,-34.8,37.84,-4.8,77.17,25.2,55.76,55.2,44.78,1.2246467991473532e-16,-1.0,0.7818314824680298,0.6234898018587336,1,0,32.39
00009_17-06-2025-09.22,172.0,-55.2,77.17,-25.2,55.76,4.8,44.78,64.8,34.72,1.2246467991473532e-16,-1.0,0.7818314824680298,0.6234898018587336,1,0,43.14
00009_17-06-2025-09.57,172.0,-60.0,55.76,-30.0,44.78,30.0,34.72,90.0,43.04,1.2246467991473532e-16,-1.0,0.7818314824680298,0.6234898018587336,1,0,38.43
00011_17-06-2025-10.02,182.0,-64.8,55.76,-34.8,44.78,25.2,34.72,85.2,43.04,1.2246467991473532e-16,-1.0,0.7818314824680298,0.6234898018587336,0,1,24.83
00009_17-06-2025-11.22,172.0,-115.2,44.78,-55.2,34.72,4.8,43.04,64.8,42.31,1.2246467991473532e-16,-1.0,0.7818314824680298,0.6234898018587336,1,0,33.15
00009_17-06-2025-12.22,172.0,-115.2,34.72,-55.2,43.04,4.8,42.31,34.8,53.26,1.2246467991473532e-16,-1.0,0.7818314824680298,0.6234898018587336,1,0,36.63
00009_17-06-2025-14.02,172.0,-64.8,53.26,-43.8,48.24,25.2,66.86,55.2,57.32,1.2246467991473532e-16,-1.0,0.7818314824680298,0.6234898018587336,1,0,38.85
00015_17-06-2025-14.12,157.0,-75.0,53.26,-54.0,48.24,15.0,66.86,45.0,57.32,1.2246467991473532e-16,-1.0,0.7818314824680298,0.6234898018587336,0,1,10.0
00017_17-06-2025-14.42,179.0,-84.0,48.24,-15.0,66.86,15.0,57.32,45.0,30.46,1.2246467991473532e-16,-1.0,0.7818314824680298,0.6234898018587336,1,0,31.02
00002_17-06-2025-16.37,157.0,-40.2,26.85,-10.2,37.94,19.8,45.16,49.8,48.57,1.2246467991473532e-16,-1.0,0.7818314824680298,0.6234898018587336,1,0,25.95
00015_17-06-2025-17.17,157.0,-49.8,37.94,-19.8,45.16,10.2,48.57,40.2,75.17,1.2246467991473532e-16,-1.0,0.7818314824680298,0.6234898018587336,0,1,40.38
00009_17-06-2025-17.22,172.0,-55.2,37.94,-25.2,45.16,4.8,48.57,34.8,75.17,1.2246467991473532e-16,-1.0,0.7818314824680298,0.6234898018587336,1,0,24.92
00002_17-06-2025-18.32,157.0,-34.8,75.17,-4.8,57.68,25.2,28.12,62.4,30.52,1.2246467991473532e-16,-1.0,0.7818314824680298,0.6234898018587336,1,0,52.07
00009_17-06-2025-19.29,172.0,-61.8,57.68,-31.8,28.12,5.4,30.52,36.0,38.48,1.2246467991473532e-16,-1.0,0.7818314824680298,0.6234898018587336,1,0,29.96
00009_17-06-2025-20.22,172.0,-48.0,30.52,-17.4,38.48,4.8,35.79,45.0,52.92,1.2246467991473532e-16,-1.0,0.7818314824680298,0.6234898018587336,1,0,39.6
00005_17-06-2025-21.02,172.0,-57.0,38.48,-34.8,35.79,5.4,52.92,550.2,35.78,1.2246467991473532e-16,-1.0,0.7818314824680298,0.6234898018587336,0,1,36.36
00002_18-06-2025-06.22,157.0,-555.0,52.92,-10.2,35.78,4.8,58.8,34.8,105.47,1.2246467991473532e-16,-1.0,0.9749279121818236,-0.22252093395631434,1,0,47.58
00005_18-06-2025-07.02,172.0,-34.8,58.8,-4.8,105.47,25.2,40.58,55.2,42.21,1.2246467991473532e-16,-1.0,0.9749279121818236,-0.22252093395631434,0,1,65.81
00002_18-06-2025-07.22,157.0,-55.2,58.8,-25.2,105.47,4.8,40.58,34.8,42.21,1.2246467991473532e-16,-1.0,0.9749279121818236,-0.22252093395631434,1,0,20.4
00002_18-06-2025-08.32,157.0,-34.8,42.21,-4.8,87.13,25.2,44.29,55.2,78.33,1.2246467991473532e-16,-1.0,0.9749279121818236,-0.22252093395631434,1,0,46.9
00009_18-06-2025-09.22,172.0,-55.2,87.13,-25.2,44.29,4.8,78.33,64.8,46.6,1.2246467991473532e-16,-1.0,0.9749279121818236,-0.22252093395631434,1,0,39.02
00009_18-06-2025-09.57,172.0,-60.0,44.29,-30.0,78.33,30.0,46.6,90.0,59.93,1.2246467991473532e-16,-1.0,0.9749279121818236,-0.22252093395631434,1,0,45.23
00011_18-06-2025-10.02,182.0,-64.8,44.29,-34.8,78.33,25.2,46.6,85.2,59.93,1.2246467991473532e-16,-1.0,0.9749279121818236,-0.22252093395631434,0,1,49.14
00009_18-06-2025-11.22,172.0,-115.2,78.33,-55.2,46.6,4.8,59.93,64.8,52.45,1.2246467991473532e-16,-1.0,0.9749279121818236,-0.22252093395631434,1,0,52.14
00009_18-06-2025-12.22,172.0,-115.2,46.6,-55.2,59.93,4.8,52.45,34.8,68.4,1.2246467991473532e-16,-1.0,0.9749279121818236,-0.22252093395631434,1,0,56.14
00009_18-06-2025-14.02,172.0,-64.8,68.4,-43.8,48.24,25.2,36.69,55.2,31.14,1.2246467991473532e-16,-1.0,0.9749279121818236,-0.22252093395631434,1,0,20.2
00015_18-06-2025-14.12,157.0,-75.0,68.4,-54.0,48.24,15.0,36.69,45.0,31.14,1.2246467991473532e-16,-1.0,0.9749279121818236,-0.22252093395631434,0,1,36.18
00017_18-06-2025-14.42,179.0,-84.0,48.24,-15.0,36.69,15.0,31.14,45.0,35.34,1.2246467991473532e-16,-1.0,0.9749279121818236,-0.22252093395631434,1,0,47.23
00002_18-06-2025-16.37,157.0,-40.2,53.17,-10.2,63.03,19.8,133.15,49.8,58.8,1.2246467991473532e-16,-1.0,0.9749279121818236,-0.22252093395631434,1,0,64.8
00015_18-06-2025-17.17,157.0,-49.8,63.03,-19.8,133.15,10.2,58.8,40.2,56.83,1.2246467991473532e-16,-1.0,0.9749279121818236,-0.22252093395631434,0,1,45.9
00009_18-06-2025-17.22,172.0,-55.2,63.03,-25.2,133.15,4.8,58.8,34.8,56.83,1.2246467991473532e-16,-1.0,0.9749279121818236,-0.22252093395631434,1,0,51.45
00002_18-06-2025-18.32,157.0,-34.8,56.83,-4.8,87.39,25.2,109.23,62.4,24.94,1.2246467991473532e-16,-1.0,0.9749279121818236,-0.22252093395631434,1,0,51.92
00009_18-06-2025-19.29,172.0,-61.8,87.39,-31.8,109.23,5.4,24.94,36.0,49.88,1.2246467991473532e-16,-1.0,0.9749279121818236,-0.22252093395631434,1,0,42.26
00009_18-06-2025-20.22,172.0,-48.0,24.94,-17.4,49.88,4.8,47.88,45.0,80.62,1.2246467991473532e-16,-1.0,0.9749279121818236,-0.22252093395631434,1,0,18.9
00005_18-06-2025-21.02,172.0,-57.0,49.88,-34.8,47.88,5.4,80.62,550.2,28.44,1.2246467991473532e-16,-1.0,0.9749279121818236,-0.22252093395631434,0,1,50.76
00002_19-06-2025-06.22,157.0,-555.0,80.62,-10.2,28.44,4.8,50.81,34.8,64.0,1.2246467991473532e-16,-1.0,0.43388373911755823,-0.900968867902419,1,0,44.63
00005_19-06-2025-07.02,172.0,-34.8,50.81,-4.8,64.0,25.2,36.93,55.2,59.88,1.2246467991473532e-16,-1.0,0.43388373911755823,-0.900968867902419,0,1,25.92
00002_19-06-2025-07.22,157.0,-55.2,50.81,-25.2,64.0,4.8,36.93,34.8,59.88,1.2246467991473532e-16,-1.0,0.43388373911755823,-0.900968867902419,1,0,39.97
00002_19-06-2025-08.32,157.0,-34.8,59.88,-4.8,81.18,25.2,51.57,55.2,44.66,1.2246467991473532e-16,-1.0,0.43388373911755823,-0.900968867902419,1,0,49.32
00009_19-06-2025-09.22,172.0,-55.2,81.18,-25.2,51.57,4.8,44.66,64.8,52.88,1.2246467991473532e-16,-1.0,0.43388373911755823,-0.900968867902419,1,0,58.4
00009_19-06-2025-09.57,172.0,-60.0,51.57,-30.0,44.66,30.0,52.88,90.0,56.0,1.2246467991473532e-16,-1.0,0.43388373911755823,-0.900968867902419,1,0,53.96
00011_19-06-2025-10.02,182.0,-64.8,51.57,-34.8,44.66,25.2,52.88,85.2,56.0,1.2246467991473532e-16,-1.0,0.43388373911755823,-0.900968867902419,0,1,35.73
00009_19-06-2025-11.22,172.0,-115.2,44.66,-55.2,52.88,4.8,56.0,64.8,47.92,1.2246467991473532e-16,-1.0,0.43388373911755823,-0.900968867902419,1,0,62.87
00009_19-06-2025-12.22,172.0,-115.2,52.88,-55.2,56.0,4.8,47.92,34.8,67.95,1.2246467991473532e-16,-1.0,0.43388373911755823,-0.900968867902419,1,0,55.55
00002_19-06-2025-16.37,157.0,-40.2,93.99,-10.2,83.45,19.8,150.93,49.8,99.39,1.2246467991473532e-16,-1.0,0.43388373911755823,-0.900968867902419,1,0,73.89
00015_19-06-2025-17.17,157.0,-49.8,83.45,-19.8,150.93,10.2,99.39,40.2,54.85,1.2246467991473532e-16,-1.0,0.43388373911755823,-0.900968867902419,0,1,67.05
00009_19-06-2025-17.22,172.0,-55.2,83.45,-25.2,150.93,4.8,99.39,34.8,54.85,1.2246467991473532e-16,-1.0,0.43388373911755823,-0.900968867902419,1,0,61.01
00002_19-06-2025-18.32,157.0,-34.8,54.85,-4.8,64.66,25.2,79.36,62.4,30.02,1.2246467991473532e-16,-1.0,0.43388373911755823,-0.900968867902419,1,0,39.06
00009_19-06-2025-19.29,172.0,-61.8,64.66,-31.8,79.36,5.4,30.02,36.0,52.59,1.2246467991473532e-16,-1.0,0.43388373911755823,-0.900968867902419,1,0,39.45
00009_19-06-2025-20.22,172.0,-48.0,30.02,-17.4,52.59,4.8,39.92,45.0,54.8,1.2246467991473532e-16,-1.0,0.43388373911755823,-0.900968867902419,1,0,25.2
00005_19-06-2025-21.02,172.0,-57.0,52.59,-34.8,39.92,5.4,54.8,565.2,19.69,1.2246467991473532e-16,-1.0,0.43388373911755823,-0.900968867902419,0,1,54.85
00002_20-06-2025-06.22,157.0,-595.2,39.92,-555.0,54.8,4.8,19.69,34.8,31.94,1.2246467991473532e-16,-1.0,-0.433883739117558,-0.9009688679024191,1,0,32.57
00005_20-06-2025-07.02,172.0,-34.8,19.69,-4.8,31.94,25.2,73.35,55.2,61.38,1.2246467991473532e-16,-1.0,-0.433883739117558,-0.9009688679024191,0,1,35.31
00002_20-06-2025-07.22,157.0,-55.2,19.69,-25.2,31.94,4.8,73.35,34.8,61.38,1.2246467991473532e-16,-1.0,-0.433883739117558,-0.9009688679024191,1,0,56.03
00002_20-06-2025-08.32,157.0,-64.8,73.35,-34.8,61.38,25.2,129.52,55.2,77.72,1.2246467991473532e-16,-1.0,-0.433883739117558,-0.9009688679024191,1,0,46.71
00009_20-06-2025-09.22,172.0,-85.2,61.38,-25.2,129.52,4.8,77.72,64.8,61.19,1.2246467991473532e-16,-1.0,-0.433883739117558,-0.9009688679024191,1,0,58.06
00009_20-06-2025-09.57,172.0,-60.0,129.52,-30.0,77.72,30.0,61.19,90.0,102.81,1.2246467991473532e-16,-1.0,-0.433883739117558,-0.9009688679024191,1,0,61.76
00011_20-06-2025-10.02,182.0,-64.8,129.52,-34.8,77.72,25.2,61.19,85.2,102.81,1.2246467991473532e-16,-1.0,-0.433883739117558,-0.9009688679024191,0,1,45.57
00009_20-06-2025-11.22,172.0,-115.2,77.72,-55.2,61.19,4.8,102.81,64.8,44.09,1.2246467991473532e-16,-1.0,-0.433883739117558,-0.9009688679024191,1,0,65.6
00009_20-06-2025-12.22,172.0,-115.2,61.19,-55.2,102.81,4.8,44.09,34.8,98.93,1.2246467991473532e-16,-1.0,-0.433883739117558,-0.9009688679024191,1,0,20.69
00009_20-06-2025-14.02,172.0,-43.8,55.14,-4.8,88.1,25.2,102.67,55.2,93.42,1.2246467991473532e-16,-1.0,-0.433883739117558,-0.9009688679024191,1,0,56.43
00015_20-06-2025-14.12,157.0,-54.0,55.14,-15.0,88.1,15.0,102.67,45.0,93.42,1.2246467991473532e-16,-1.0,-0.433883739117558,-0.9009688679024191,0,1,42.87
00017_20-06-2025-14.42,179.0,-45.0,88.1,-15.0,102.67,15.0,93.42,45.0,68.52,1.2246467991473532e-16,-1.0,-0.433883739117558,-0.9009688679024191,1,0,76.91
00002_20-06-2025-16.37,157.0,-40.2,90.19,-10.2,92.54,19.8,91.86,49.8,60.43,1.2246467991473532e-16,-1.0,-0.433883739117558,-0.9009688679024191,1,0,59.42
00015_20-06-2025-17.17,157.0,-49.8,92.54,-19.8,91.86,10.2,60.43,40.2,72.2,1.2246467991473532e-16,-1.0,-0.433883739117558,-0.9009688679024191,0,1,40.03
00009_20-06-2025-17.22,172.0,-55.2,92.54,-25.2,91.86,4.8,60.43,34.8,72.2,1.2246467991473532e-16,-1.0,-0.433883739117558,-0.9009688679024191,1,0,47.85
00002_20-06-2025-18.32,157.0,-34.8,72.2,-4.8,101.62,25.2,45.6,62.4,35.34,1.2246467991473532e-16,-1.0,-0.433883739117558,-0.9009688679024191,1,0,53.06
00009_20-06-2025-19.29,172.0,-61.8,101.62,-31.8,45.6,5.4,35.34,36.0,59.31,1.2246467991473532e-16,-1.0,-0.433883739117558,-0.9009688679024191,1,0,51.06
00009_20-06-2025-20.22,172.0,-48.0,35.34,-17.4,59.31,4.8,49.47,45.0,90.39,1.2246467991473532e-16,-1.0,-0.433883739117558,-0.9009688679024191,1,0,33.9
00005_20-06-2025-21.02,172.0,-57.0,59.31,-34.8,49.47,5.4,90.39,565.2,33.74,1.2246467991473532e-16,-1.0,-0.433883739117558,-0.9009688679024191,0,1,27.07
00005_21-06-2025-07.02,172.0,-594.6,90.39,-34.8,33.74,25.2,56.41,85.2,40.98,1.2246467991473532e-16,-1.0,-0.9749279121818236,-0.2225209339563146,0,1,41.34
00009_21-06-2025-08.07,172.0,-100.2,33.74,-40.2,56.41,19.8,40.98,49.8,61.97,1.2246467991473532e-16,-1.0,-0.9749279121818236,-0.2225209339563146,1,0,25.91
00009_21-06-2025-09.22,172.0,-55.2,40.98,-25.2,61.97,4.8,47.92,64.8,50.59,1.2246467991473532e-16,-1.0,-0.9749279121818236,-0.2225209339563146,1,0,22.42
00009_21-06-2025-09.57,172.0,-60.0,61.97,-30.0,47.92,30.0,50.59,90.0,51.63,1.2246467991473532e-16,-1.0,-0.9749279121818236,-0.2225209339563146,1,0,53.83
00011_21-06-2025-10.02,182.0,-64.8,61.97,-34.8,47.92,25.2,50.59,85.2,51.63,1.2246467991473532e-16,-1.0,-0.9749279121818236,-0.2225209339563146,0,1,40.61
00009_21-06-2025-11.22,172.0,-115.2,47.92,-55.2,50.59,4.8,51.63,64.8,45.07,1.2246467991473532e-16,-1.0,-0.9749279121818236,-0.2225209339563146,1,0,53.37
00009_21-06-2025-12.22,172.0,-115.2,50.59,-55.2,51.63,4.8,45.07,55.8,82.74,1.2246467991473532e-16,-1.0,-0.9749279121818236,-0.2225209339563146,1,0,39.79
00015_21-06-2025-14.12,157.0,-105.0,45.07,-54.0,82.74,75.0,32.63,135.0,95.81,1.2246467991473532e-16,-1.0,-0.9749279121818236,-0.2225209339563146,0,1,18.51
00017_21-06-2025-14.42,179.0,-135.0,45.07,-84.0,82.74,45.0,32.63,105.0,95.81,1.2246467991473532e-16,-1.0,-0.9749279121818236,-0.2225209339563146,1,0,34.58
00002_21-06-2025-16.37,157.0,-70.2,32.63,-10.2,95.81,49.8,24.02,109.8,85.55,1.2246467991473532e-16,-1.0,-0.9749279121818236,-0.2225209339563146,1,0,47.55
00015_21-06-2025-17.17,157.0,-109.8,32.63,-49.8,95.81,10.2,24.02,70.2,85.55,1.2246467991473532e-16,-1.0,-0.9749279121818236,-0.2225209339563146,0,1,20.4
00009_21-06-2025-19.29,172.0,-121.8,24.02,-61.8,85.55,5.4,29.58,58.2,27.76,1.2246467991473532e-16,-1.0,-0.9749279121818236,-0.2225209339563146,1,0,39.11
00009_21-06-2025-20.22,172.0,-115.2,85.55,-48.0,29.58,4.8,27.76,604.8,56.3,1.2246467991473532e-16,-1.0,-0.9749279121818236,-0.2225209339563146,1,0,23.46
00005_21-06-2025-21.02,172.0,-87.6,29.58,-34.8,27.76,565.2,56.3,625.2,35.26,1.2246467991473532e-16,-1.0,-0.9749279121818236,-0.2225209339563146,0,1,17.15
00005_22-06-2025-07.02,172.0,-634.8,27.76,-34.8,56.3,25.2,35.26,85.2,85.02,1.2246467991473532e-16,-1.0,-0.7818314824680299,0.6234898018587334,0,1,41.93
00009_22-06-2025-08.07,172.0,-100.2,56.3,-40.2,35.26,19.8,85.02,79.8,69.36,1.2246467991473532e-16,-1.0,-0.7818314824680299,0.6234898018587334,1,0,52.12
00009_22-06-2025-09.22,172.0,-115.2,35.26,-55.2,85.02,4.8,69.36,64.8,35.66,1.2246467991473532e-16,-1.0,-0.7818314824680299,0.6234898018587334,1,0,52.4
00009_22-06-2025-09.57,172.0,-90.0,85.02,-30.0,69.36,30.0,35.66,90.0,132.07,1.2246467991473532e-16,-1.0,-0.7818314824680299,0.6234898018587334,1,0,46.31
00011_22-06-2025-10.02,182.0,-94.8,85.02,-34.8,69.36,25.2,35.66,85.2,132.07,1.2246467991473532e-16,-1.0,-0.7818314824680299,0.6234898018587334,0,1,48.03
00009_22-06-2025-11.22,172.0,-115.2,69.36,-55.2,35.66,4.8,132.07,64.8,65.48,1.2246467991473532e-16,-1.0,-0.7818314824680299,0.6234898018587334,1,0,66.06
00009_22-06-2025-12.22,172.0,-115.2,35.66,-55.2,132.07,4.8,65.48,55.8,55.14,1.2246467991473532e-16,-1.0,-0.7818314824680299,0.6234898018587334,1,0,59.14
00009_22-06-2025-14.02,172.0,-94.8,65.48,-43.8,55.14,25.2,127.85,85.2,65.47,1.2246467991473532e-16,-1.0,-0.7818314824680299,0.6234898018587334,1,0,91.41
00015_22-06-2025-14.12,157.0,-105.0,65.48,-54.0,55.14,15.0,127.85,75.0,65.47,1.2246467991473532e-16,-1.0,-0.7818314824680299,0.6234898018587334,0,1,44.48
00017_22-06-2025-14.42,179.0,-84.0,55.14,-15.0,127.85,45.0,65.47,105.0,96.11,1.2246467991473532e-16,-1.0,-0.7818314824680299,0.6234898018587334,1,0,84.57
00002_22-06-2025-16.37,157.0,-70.2,65.47,-10.2,96.11,19.8,81.57,49.8,57.94,1.2246467991473532e-16,-1.0,-0.7818314824680299,0.6234898018587334,1,0,82.68
00015_22-06-2025-17.17,157.0,-49.8,96.11,-19.8,81.57,10.2,57.94,40.2,64.82,1.2246467991473532e-16,-1.0,-0.7818314824680299,0.6234898018587334,0,1,61.86
00009_22-06-2025-17.22,172.0,-55.2,96.11,-25.2,81.57,4.8,57.94,34.8,64.82,1.2246467991473532e-16,-1.0,-0.7818314824680299,0.6234898018587334,1,0,82.15
00002_22-06-2025-18.32,157.0,-34.8,64.82,-4.8,95.87,25.2,113.17,62.4,76.89,1.2246467991473532e-16,-1.0,-0.7818314824680299,0.6234898018587334,1,0,97.03
00009_22-06-2025-19.29,172.0,-61.8,95.87,-31.8,113.17,5.4,76.89,36.0,67.19,1.2246467991473532e-16,-1.0,-0.7818314824680299,0.6234898018587334,1,0,78.21
00009_22-06-2025-20.22,172.0,-48.0,76.89,-17.4,67.19,4.8,76.96,45.0,108.13,1.2246467991473532e-16,-1.0,-0.7818314824680299,0.6234898018587334,1,0,74.12
00005_22-06-2025-21.02,172.0,-57.0,67.19,-34.8,76.96,5.4,108.13,550.2,28.54,1.2246467991473532e-16,-1.0,-0.7818314824680299,0.6234898018587334,0,1,68.86
00002_23-06-2025-06.22,157.0,-555.0,108.13,-10.2,28.54,4.8,49.88,34.8,60.98,1.2246467991473532e-16,-1.0,0.0,1.0,1,0,37.68
00005_23-06-2025-07.02,172.0,-34.8,49.88,-4.8,60.98,25.2,49.66,55.2,68.39,1.2246467991473532e-16,-1.0,0.0,1.0,0,1,48.97
00002_23-06-2025-07.22,157.0,-55.2,49.88,-25.2,60.98,4.8,49.66,34.8,68.39,1.2246467991473532e-16,-1.0,0.0,1.0,1,0,35.77
00002_23-06-2025-08.32,157.0,-34.8,68.39,-4.8,67.42,25.2,60.69,55.2,70.26,1.2246467991473532e-16,-1.0,0.0,1.0,1,0,44.06
00009_23-06-2025-09.22,172.0,-55.2,67.42,-25.2,60.69,4.8,70.26,64.8,35.33,1.2246467991473532e-16,-1.0,0.0,1.0,1,0,44.87
00009_23-06-2025-09.57,172.0,-60.0,60.69,-30.0,70.26,30.0,35.33,90.0,46.36,1.2246467991473532e-16,-1.0,0.0,1.0,1,0,29.48
00011_23-06-2025-10.02,182.0,-64.8,60.69,-34.8,70.26,25.2,35.33,85.2,46.36,1.2246467991473532e-16,-1.0,0.0,1.0,0,1,24.05
00009_23-06-2025-11.22,172.0,-115.2,70.26,-55.2,35.33,4.8,46.36,64.8,52.0,1.2246467991473532e-16,-1.0,0.0,1.0,1,0,36.75
00009_23-06-2025-12.22,172.0,-115.2,35.33,-55.2,46.36,4.8,52.0,34.8,42.75,1.2246467991473532e-16,-1.0,0.0,1.0,1,0,36.45
00009_23-06-2025-14.02,172.0,-64.8,42.75,-43.8,68.94,25.2,28.98,55.2,36.28,1.2246467991473532e-16,-1.0,0.0,1.0,1,0,28.02
00015_23-06-2025-14.12,157.0,-75.0,42.75,-54.0,68.94,15.0,28.98,45.0,36.28,1.2246467991473532e-16,-1.0,0.0,1.0,0,1,49.85
00017_23-06-2025-14.42,179.0,-84.0,68.94,-15.0,28.98,15.0,36.28,45.0,39.05,1.2246467991473532e-16,-1.0,0.0,1.0,1,0,35.38
00002_23-06-2025-16.37,157.0,-40.2,33.89,-10.2,62.65,19.8,50.73,49.8,57.46,1.2246467991473532e-16,-1.0,0.0,1.0,1,0,18.12
00015_23-06-2025-17.17,157.0,-49.8,62.65,-19.8,50.73,10.2,57.46,40.2,39.3,1.2246467991473532e-16,-1.0,0.0,1.0,0,1,30.45
00009_23-06-2025-17.22,172.0,-55.2,62.65,-25.2,50.73,4.8,57.46,34.8,39.3,1.2246467991473532e-16,-1.0,0.0,1.0,1,0,25.62
00002_23-06-2025-18.32,157.0,-34.8,39.3,-4.8,62.02,25.2,36.67,62.4,23.56,1.2246467991473532e-16,-1.0,0.0,1.0,1,0,21.88
00009_23-06-2025-19.29,172.0,-61.8,62.02,-31.8,36.67,5.4,23.56,36.0,14.48,1.2246467991473532e-16,-1.0,0.0,1.0,1,0,49.34
00009_23-06-2025-20.22,172.0,-48.0,23.56,-17.4,14.48,4.8,24.3,45.0,30.79,1.2246467991473532e-16,-1.0,0.0,1.0,1,0,19.7
00005_23-06-2025-21.02,172.0,-57.0,14.48,-34.8,24.3,5.4,30.79,550.2,33.91,1.2246467991473532e-16,-1.0,0.0,1.0,0,1,18.54
00002_24-06-2025-06.22,157.0,-555.0,30.79,-10.2,33.91,4.8,40.37,34.8,105.28,1.2246467991473532e-16,-1.0,0.7818314824680298,0.6234898018587336,1,0,12.84
00005_24-06-2025-07.02,172.0,-34.8,40.37,-4.8,105.28,25.2,48.8,55.2,42.24,1.2246467991473532e-16,-1.0,0.7818314824680298,0.6234898018587336,0,1,22.93
00002_24-06-2025-07.22,157.0,-55.2,40.37,-25.2,105.28,4.8,48.8,34.8,42.24,1.2246467991473532e-16,-1.0,0.7818314824680298,0.6234898018587336,1,0,46.46
00002_24-06-2025-08.32,157.0,-34.8,42.24,-4.8,83.13,25.2,41.02,55.2,72.86,1.2246467991473532e-16,-1.0,0.7818314824680298,0.6234898018587336,1,0,46.46
00009_24-06-2025-09.22,172.0,-55.2,83.13,-25.2,41.02,4.8,72.86,64.8,34.04,1.2246467991473532e-16,-1.0,0.7818314824680298,0.6234898018587336,1,0,32.77
00009_24-06-2025-09.57,172.0,-60.0,41.02,-30.0,72.86,30.0,34.04,90.0,23.97,1.2246467991473532e-16,-1.0,0.7818314824680298,0.6234898018587336,1,0,33.75
00011_24-06-2025-10.02,182.0,-64.8,41.02,-34.8,72.86,25.2,34.04,85.2,23.97,1.2246467991473532e-16,-1.0,0.7818314824680298,0.6234898018587336,0,1,37.51
00009_24-06-2025-11.22,172.0,-115.2,72.86,-55.2,34.04,4.8,23.97,64.8,43.38,1.2246467991473532e-16,-1.0,0.7818314824680298,0.6234898018587336,1,0,24.8
00009_24-06-2025-12.22,172.0,-115.2,34.04,-55.2,23.97,4.8,43.38,34.8,27.1,1.2246467991473532e-16,-1.0,0.7818314824680298,0.6234898018587336,1,0,19.29
00009_24-06-2025-14.02,172.0,-64.8,27.1,-43.8,48.24,25.2,84.52,55.2,36.65,1.2246467991473532e-16,-1.0,0.7818314824680298,0.6234898018587336,1,0,39.44
00015_24-06-2025-14.12,157.0,-75.0,27.1,-54.0,48.24,15.0,84.52,45.0,36.65,1.2246467991473532e-16,-1.0,0.7818314824680298,0.6234898018587336,0,1,31.58
00017_24-06-2025-14.42,179.0,-84.0,48.24,-15.0,84.52,15.0,36.65,45.0,30.98,1.2246467991473532e-16,-1.0,0.7818314824680298,0.6234898018587336,1,0,32.5
00002_24-06-2025-16.37,157.0,-40.2,45.53,-10.2,41.76,19.8,59.64,49.8,60.58,1.2246467991473532e-16,-1.0,0.7818314824680298,0.6234898018587336,1,0,30.85
00015_24-06-2025-17.17,157.0,-49.8,41.76,-19.8,59.64,10.2,60.58,40.2,81.74,1.2246467991473532e-16,-1.0,0.7818314824680298,0.6234898018587336,0,1,27.36
00009_24-06-2025-17.22,172.0,-55.2,41.76,-25.2,59.64,4.8,60.58,34.8,81.74,1.2246467991473532e-16,-1.0,0.7818314824680298,0.6234898018587336,1,0,15.59
00002_24-06-2025-18.32,157.0,-34.8,81.74,-4.8,64.06,25.2,33.05,62.4,29.18,1.2246467991473532e-16,-1.0,0.7818314824680298,0.6234898018587336,1,0,44.73
00009_24-06-2025-19.29,172.0,-61.8,64.06,-31.8,33.05,5.4,29.18,36.0,35.14,1.2246467991473532e-16,-1.0,0.7818314824680298,0.6234898018587336,1,0,18.76
00009_24-06-2025-20.22,172.0,-48.0,29.18,-17.4,35.14,4.8,34.76,45.0,56.87,1.2246467991473532e-16,-1.0,0.7818314824680298,0.6234898018587336,1,0,24.38
00005_24-06-2025-21.02,172.0,-57.0,35.14,-34.8,34.76,5.4,56.87,550.2,37.72,1.2246467991473532e-16,-1.0,0.7818314824680298,0.6234898018587336,0,1,41.74
00002_25-06-2025-06.22,157.0,-555.0,56.87,-10.2,37.72,4.8,45.25,34.8,98.51,1.2246467991473532e-16,-1.0,0.9749279121818236,-0.22252093395631434,1,0,32.24
00005_25-06-2025-07.02,172.0,-34.8,45.25,-4.8,98.51,25.2,24.16,55.2,65.26,1.2246467991473532e-16,-1.0,0.9749279121818236,-0.22252093395631434,0,1,53.44
00002_25-06-2025-07.22,157.0,-55.2,45.25,-25.2,98.51,4.8,24.16,34.8,65.26,1.2246467991473532e-16,-1.0,0.9749279121818236,-0.22252093395631434,1,0,52.31
00002_25-06-2025-08.32,157.0,-34.8,65.26,-4.8,80.45,25.2,77.76,55.2,56.7,1.2246467991473532e-16,-1.0,0.9749279121818236,-0.22252093395631434,1,0,46.32
00009_25-06-2025-09.22,172.0,-55.2,80.45,-25.2,77.76,4.8,56.7,64.8,49.79,1.2246467991473532e-16,-1.0,0.9749279121818236,-0.22252093395631434,1,0,46.77
00009_25-06-2025-09.57,172.0,-60.0,77.76,-30.0,56.7,30.0,49.79,90.0,39.95,1.2246467991473532e-16,-1.0,0.9749279121818236,-0.22252093395631434,1,0,32.52
00011_25-06-2025-10.02,182.0,-64.8,77.76,-34.8,56.7,25.2,49.79,85.2,39.95,1.2246467991473532e-16,-1.0,0.9749279121818236,-0.22252093395631434,0,1,42.25
00009_25-06-2025-11.22,172.0,-115.2,56.7,-55.2,49.79,4.8,39.95,64.8,41.21,1.2246467991473532e-16,-1.0,0.9749279121818236,-0.22252093395631434,1,0,32.79
00009_25-06-2025-12.22,172.0,-115.2,49.79,-55.2,39.95,4.8,41.21,34.8,41.74,1.2246467991473532e-16,-1.0,0.9749279121818236,-0.22252093395631434,1,0,30.01
00009_25-06-2025-14.02,172.0,-64.8,41.74,-43.8,48.24,25.2,26.99,55.2,44.86,1.2246467991473532e-16,-1.0,0.9749279121818236,-0.22252093395631434,1,0,16.14
00015_25-06-2025-14.12,157.0,-75.0,41.74,-54.0,48.24,15.0,26.99,45.0,44.86,1.2246467991473532e-16,-1.0,0.9749279121818236,-0.22252093395631434,0,1,35.28
00017_25-06-2025-14.42,179.0,-84.0,48.24,-15.0,26.99,15.0,44.86,45.0,36.97,1.2246467991473532e-16,-1.0,0.9749279121818236,-0.22252093395631434,1,0,44.95
00002_25-06-2025-16.37,157.0,-40.2,39.04,-10.2,68.19,19.8,111.61,49.8,39.72,1.2246467991473532e-16,-1.0,0.9749279121818236,-0.22252093395631434,1,0,50.69
00015_25-06-2025-17.17,157.0,-49.8,68.19,-19.8,111.61,10.2,39.72,40.2,54.49,1.2246467991473532e-16,-1.0,0.9749279121818236,-0.22252093395631434,0,1,28.67
00009_25-06-2025-17.22,172.0,-55.2,68.19,-25.2,111.61,4.8,39.72,34.8,54.49,1.2246467991473532e-16,-1.0,0.9749279121818236,-0.22252093395631434,1,0,46.05
00002_25-06-2025-18.32,157.0,-34.8,54.49,-4.8,66.01,25.2,106.67,62.4,30.33,1.2246467991473532e-16,-1.0,0.9749279121818236,-0.22252093395631434,1,0,50.28
00009_25-06-2025-19.29,172.0,-61.8,66.01,-31.8,106.67,5.4,30.33,36.0,36.18,1.2246467991473532e-16,-1.0,0.9749279121818236,-0.22252093395631434,1,0,44.57
00009_25-06-2025-20.22,172.0,-48.0,30.33,-17.4,36.18,4.8,39.31,45.0,55.83,1.2246467991473532e-16,-1.0,0.9749279121818236,-0.22252093395631434,1,0,36.31
00005_25-06-2025-21.02,172.0,-57.0,36.18,-34.8,39.31,5.4,55.83,550.2,23.55,1.2246467991473532e-16,-1.0,0.9749279121818236,-0.22252093395631434,0,1,44.02
00002_26-06-2025-06.22,157.0,-555.0,55.83,-10.2,23.55,4.8,44.33,34.8,71.34,1.2246467991473532e-16,-1.0,0.43388373911755823,-0.900968867902419,1,0,43.47
00005_26-06-2025-07.02,172.0,-34.8,44.33,-4.8,71.34,25.2,53.36,55.2,30.49,1.2246467991473532e-16,-1.0,0.43388373911755823,-0.900968867902419,0,1,50.04
00002_26-06-2025-07.22,157.0,-55.2,44.33,-25.2,71.34,4.8,53.36,34.8,30.49,1.2246467991473532e-16,-1.0,0.43388373911755823,-0.900968867902419,1,0,48.91
00002_26-06-2025-08.32,157.0,-34.8,30.49,-4.8,59.06,25.2,74.32,55.2,57.33,1.2246467991473532e-16,-1.0,0.43388373911755823,-0.900968867902419,1,0,36.54
00009_26-06-2025-09.22,172.0,-55.2,59.06,-25.2,74.32,4.8,57.33,64.8,58.73,1.2246467991473532e-16,-1.0,0.43388373911755823,-0.900968867902419,1,0,57.73
00009_26-06-2025-09.57,172.0,-60.0,74.32,-30.0,57.33,30.0,58.73,90.0,60.07,1.2246467991473532e-16,-1.0,0.43388373911755823,-0.900968867902419,1,0,63.03
00011_26-06-2025-10.02,182.0,-64.8,74.32,-34.8,57.33,25.2,58.73,85.2,60.07,1.2246467991473532e-16,-1.0,0.43388373911755823,-0.900968867902419,0,1,34.8
00009_26-06-2025-11.22,172.0,-115.2,57.33,-55.2,58.73,4.8,60.07,64.8,26.51,1.2246467991473532e-16,-1.0,0.43388373911755823,-0.900968867902419,1,0,65.38
00009_26-06-2025-12.22,172.0,-115.2,58.73,-55.2,60.07,4.8,26.51,34.8,69.19,1.2246467991473532e-16,-1.0,0.43388373911755823,-0.900968867902419,1,0,31.14
00002_26-06-2025-16.37,157.0,-40.2,93.78,-10.2,80.7,19.8,130.59,49.8,102.18,1.2246467991473532e-16,-1.0,0.43388373911755823,-0.900968867902419,1,0,39.85
00015_26-06-2025-17.17,157.0,-49.8,80.7,-19.8,130.59,10.2,102.18,40.2,65.28,1.2246467991473532e-16,-1.0,0.43388373911755823,-0.900968867902419,0,1,54.47
00009_26-06-2025-17.22,172.0,-55.2,80.7,-25.2,130.59,4.8,102.18,34.8,65.28,1.2246467991473532e-16,-1.0,0.43388373911755823,-0.900968867902419,1,0,62.24
00002_26-06-2025-18.32,157.0,-34.8,65.28,-4.8,57.74,25.2,64.25,62.4,37.09,1.2246467991473532e-16,-1.0,0.43388373911755823,-0.900968867902419,1,0,53.33
00009_26-06-2025-19.29,172.0,-61.8,57.74,-31.8,64.25,5.4,37.09,36.0,23.83,1.2246467991473532e-16,-1.0,0.43388373911755823,-0.900968867902419,1,0,35.12
00009_26-06-2025-20.22,172.0,-48.0,37.09,-17.4,23.83,4.8,59.48,45.0,56.96,1.2246467991473532e-16,-1.0,0.43388373911755823,-0.900968867902419,1,0,44.26
00005_26-06-2025-21.02,172.0,-57.0,23.83,-34.8,59.48,5.4,56.96,565.2,23.05,1.2246467991473532e-16,-1.0,0.43388373911755823,-0.900968867902419,0,1,38.82
00002_27-06-2025-06.22,157.0,-595.2,59.48,-555.0,56.96,4.8,23.05,34.8,49.85,1.2246467991473532e-16,-1.0,-0.433883739117558,-0.9009688679024191,1,0,13.36
00005_27-06-2025-07.02,172.0,-34.8,23.05,-4.8,49.85,25.2,69.63,55.2,49.94,1.2246467991473532e-16,-1.0,-0.433883739117558,-0.9009688679024191,0,1,38.99
00002_27-06-2025-07.22,157.0,-55.2,23.05,-25.2,49.85,4.8,69.63,34.8,49.94,1.2246467991473532e-16,-1.0,-0.433883739117558,-0.9009688679024191,1,0,35.81
00002_27-06-2025-08.32,157.0,-64.8,69.63,-34.8,49.94,25.2,123.47,55.2,67.67,1.2246467991473532e-16,-1.0,-0.433883739117558,-0.9009688679024191,1,0,46.54
00009_27-06-2025-09.22,172.0,-85.2,49.94,-25.2,123.47,4.8,67.67,64.8,61.71,1.2246467991473532e-16,-1.0,-0.433883739117558,-0.9009688679024191,1,0,48.97
00009_27-06-2025-09.57,172.0,-60.0,123.47,-30.0,67.67,30.0,61.71,90.0,105.78,1.2246467991473532e-16,-1.0,-0.433883739117558,-0.9009688679024191,1,0,44.94
00011_27-06-2025-10.02,182.0,-64.8,123.47,-34.8,67.67,25.2,61.71,85.2,105.78,1.2246467991473532e-16,-1.0,-0.433883739117558,-0.9009688679024191,0,1,32.16
00009_27-06-2025-11.22,172.0,-115.2,67.67,-55.2,61.71,4.8,105.78,64.8,43.88,1.2246467991473532e-16,-1.0,-0.433883739117558,-0.9009688679024191,1,0,49.98
00009_27-06-2025-12.22,172.0,-115.2,61.71,-55.2,105.78,4.8,43.88,34.8,79.99,1.2246467991473532e-16,-1.0,-0.433883739117558,-0.9009688679024191,1,0,51.86
00009_27-06-2025-14.02,172.0,-43.8,55.14,-4.8,76.1,25.2,103.13,55.2,109.46,1.2246467991473532e-16,-1.0,-0.433883739117558,-0.9009688679024191,1,0,63.31
00015_27-06-2025-14.12,157.0,-54.0,55.14,-15.0,76.1,15.0,103.13,45.0,109.46,1.2246467991473532e-16,-1.0,-0.433883739117558,-0.9009688679024191,0,1,52.74
00017_27-06-2025-14.42,179.0,-45.0,76.1,-15.0,103.13,15.0,109.46,45.0,56.72,1.2246467991473532e-16,-1.0,-0.433883739117558,-0.9009688679024191,1,0,94.87
00002_27-06-2025-16.37,157.0,-40.2,109.48,-10.2,85.67,19.8,95.55,49.8,59.07,1.2246467991473532e-16,-1.0,-0.433883739117558,-0.9009688679024191,1,0,59.53
00015_27-06-2025-17.17,157.0,-49.8,85.67,-19.8,95.55,10.2,59.07,40.2,46.92,1.2246467991473532e-16,-1.0,-0.433883739117558,-0.9009688679024191,0,1,49.74
00009_27-06-2025-17.22,172.0,-55.2,85.67,-25.2,95.55,4.8,59.07,34.8,46.92,1.2246467991473532e-16,-1.0,-0.433883739117558,-0.9009688679024191,1,0,70.9
00002_27-06-2025-18.32,157.0,-34.8,46.92,-4.8,74.27,25.2,51.59,62.4,19.97,1.2246467991473532e-16,-1.0,-0.433883739117558,-0.9009688679024191,1,0,42.44
00009_27-06-2025-19.29,172.0,-61.8,74.27,-31.8,51.59,5.4,19.97,36.0,58.89,1.2246467991473532e-16,-1.0,-0.433883739117558,-0.9009688679024191,1,0,54.16
00009_27-06-2025-20.22,172.0,-48.0,19.97,-17.4,58.89,4.8,43.27,45.0,84.67,1.2246467991473532e-16,-1.0,-0.433883739117558,-0.9009688679024191,1,0,25.88
00005_27-06-2025-21.02,172.0,-57.0,58.89,-34.8,43.27,5.4,84.67,565.2,20.94,1.2246467991473532e-16,-1.0,-0.433883739117558,-0.9009688679024191,0,1,32.57
00005_28-06-2025-07.02,172.0,-594.6,84.67,-34.8,20.94,25.2,56.43,85.2,40.94,1.2246467991473532e-16,-1.0,-0.9749279121818236,-0.2225209339563146,0,1,24.03
00009_28-06-2025-08.07,172.0,-100.2,20.94,-40.2,56.43,19.8,40.94,49.8,46.08,1.2246467991473532e-16,-1.0,-0.9749279121818236,-0.2225209339563146,1,0,47.45
00009_28-06-2025-09.22,172.0,-55.2,40.94,-25.2,46.08,4.8,56.24,64.8,47.14,1.2246467991473532e-16,-1.0,-0.9749279121818236,-0.2225209339563146,1,0,28.54
00009_28-06-2025-09.57,172.0,-60.0,46.08,-30.0,56.24,30.0,47.14,90.0,65.64,1.2246467991473532e-16,-1.0,-0.9749279121818236,-0.2225209339563146,1,0,30.66
00011_28-06-2025-10.02,182.0,-64.8,46.08,-34.8,56.24,25.2,47.14,85.2,65.64,1.2246467991473532e-16,-1.0,-0.9749279121818236,-0.2225209339563146,0,1,35.19
00009_28-06-2025-11.22,172.0,-115.2,56.24,-55.2,47.14,4.8,65.64,64.8,55.55,1.2246467991473532e-16,-1.0,-0.9749279121818236,-0.2225209339563146,1,0,49.49
00009_28-06-2025-12.22,172.0,-115.2,47.14,-55.2,65.64,4.8,55.55,55.8,82.74,1.2246467991473532e-16,-1.0,-0.9749279121818236,-0.2225209339563146,1,0,26.77
00015_28-06-2025-14.12,157.0,-105.0,55.55,-54.0,82.74,75.0,31.6,135.0,106.8,1.2246467991473532e-16,-1.0,-0.9749279121818236,-0.2225209339563146,0,1,15.21
00017_28-06-2025-14.42,179.0,-135.0,55.55,-84.0,82.74,45.0,31.6,105.0,106.8,1.2246467991473532e-16,-1.0,-0.9749279121818236,-0.2225209339563146,1,0,40.31
00002_28-06-2025-16.37,157.0,-70.2,31.6,-10.2,106.8,49.8,26.91,109.8,99.87,1.2246467991473532e-16,-1.0,-0.9749279121818236,-0.2225209339563146,1,0,45.26
00015_28-06-2025-17.17,157.0,-109.8,31.6,-49.8,106.8,10.2,26.91,70.2,99.87,1.2246467991473532e-16,-1.0,-0.9749279121818236,-0.2225209339563146,0,1,18.05
00009_28-06-2025-19.29,172.0,-121.8,26.91,-61.8,99.87,5.4,38.18,58.2,32.89,1.2246467991473532e-16,-1.0,-0.9749279121818236,-0.2225209339563146,1,0,20.38
00009_28-06-2025-20.22,172.0,-115.2,99.87,-48.0,38.18,4.8,32.89,604.8,58.22,1.2246467991473532e-16,-1.0,-0.9749279121818236,-0.2225209339563146,1,0,33.89
00005_28-06-2025-21.02,172.0,-87.6,38.18,-34.8,32.89,565.2,58.22,625.2,32.53,1.2246467991473532e-16,-1.0,-0.9749279121818236,-0.2225209339563146,0,1,32.17
00005_29-06-2025-07.02,172.0,-634.8,32.89,-34.8,58.22,25.2,32.53,85.2,71.29,1.2246467991473532e-16,-1.0,-0.7818314824680299,0.6234898018587334,0,1,42.54
00009_29-06-2025-08.07,172.0,-100.2,58.22,-40.2,32.53,19.8,71.29,79.8,70.93,1.2246467991473532e-16,-1.0,-0.7818314824680299,0.6234898018587334,1,0,45.62
00009_29-06-2025-09.22,172.0,-115.2,32.53,-55.2,71.29,4.8,70.93,64.8,57.85,1.2246467991473532e-16,-1.0,-0.7818314824680299,0.6234898018587334,1,0,33.99
00009_29-06-2025-09.57,172.0,-90.0,71.29,-30.0,70.93,30.0,57.85,90.0,150.93,1.2246467991473532e-16,-1.0,-0.7818314824680299,0.6234898018587334,1,0,54.87
00011_29-06-2025-10.02,182.0,-94.8,71.29,-34.8,70.93,25.2,57.85,85.2,150.93,1.2246467991473532e-16,-1.0,-0.7818314824680299,0.6234898018587334,0,1,37.38
00009_29-06-2025-11.22,172.0,-115.2,70.93,-55.2,57.85,4.8,150.93,64.8,58.26,1.2246467991473532e-16,-1.0,-0.7818314824680299,0.6234898018587334,1,0,58.84
00009_29-06-2025-12.22,172.0,-115.2,57.85,-55.2,150.93,4.8,58.26,55.8,55.14,1.2246467991473532e-16,-1.0,-0.7818314824680299,0.6234898018587334,1,0,63.18
00009_29-06-2025-14.02,172.0,-94.8,58.26,-43.8,55.14,25.2,95.33,85.2,66.69,1.2246467991473532e-16,-1.0,-0.7818314824680299,0.6234898018587334,1,0,80.43
00015_29-06-2025-14.12,157.0,-105.0,58.26,-54.0,55.14,15.0,95.33,75.0,66.69,1.2246467991473532e-16,-1.0,-0.7818314824680299,0.6234898018587334,0,1,49.52
00017_29-06-2025-14.42,179.0,-84.0,55.14,-15.0,95.33,45.0,66.69,105.0,90.51,1.2246467991473532e-16,-1.0,-0.7818314824680299,0.6234898018587334,1,0,75.78
00002_29-06-2025-16.37,157.0,-70.2,66.69,-10.2,90.51,19.8,77.2,49.8,72.66,1.2246467991473532e-16,-1.0,-0.7818314824680299,0.6234898018587334,1,0,104.3
00015_29-06-2025-17.17,157.0,-49.8,90.51,-19.8,77.2,10.2,72.66,40.2,77.03,1.2246467991473532e-16,-1.0,-0.7818314824680299,0.6234898018587334,0,1,74.58
00009_29-06-2025-17.22,172.0,-55.2,90.51,-25.2,77.2,4.8,72.66,34.8,77.03,1.2246467991473532e-16,-1.0,-0.7818314824680299,0.6234898018587334,1,0,85.65
00002_29-06-2025-18.32,157.0,-34.8,77.03,-4.8,95.06,25.2,108.16,62.4,87.79,1.2246467991473532e-16,-1.0,-0.7818314824680299,0.6234898018587334,1,0,76.96
00009_29-06-2025-19.29,172.0,-61.8,95.06,-31.8,108.16,5.4,87.79,36.0,55.21,1.2246467991473532e-16,-1.0,-0.7818314824680299,0.6234898018587334,1,0,100.39
00009_29-06-2025-20.22,172.0,-48.0,87.79,-17.4,55.21,4.8,61.66,45.0,131.65,1.2246467991473532e-16,-1.0,-0.7818314824680299,0.6234898018587334,1,0,76.89
00005_29-06-2025-21.02,172.0,-57.0,55.21,-34.8,61.66,5.4,131.65,550.2,33.76,1.2246467991473532e-16,-1.0,-0.7818314824680299,0.6234898018587334,0,1,58.42
00002_30-06-2025-06.22,157.0,-555.0,131.65,-10.2,33.76,4.8,46.78,34.8,51.6,1.2246467991473532e-16,-1.0,0.0,1.0,1,0,19.85
00005_30-06-2025-07.02,172.0,-34.8,46.78,-4.8,51.6,25.2,44.27,55.2,69.71,1.2246467991473532e-16,-1.0,0.0,1.0,0,1,28.81
00002_30-06-2025-07.22,157.0,-55.2,46.78,-25.2,51.6,4.8,44.27,34.8,69.71,1.2246467991473532e-16,-1.0,0.0,1.0,1,0,27.13
00002_30-06-2025-08.32,157.0,-34.8,69.71,-4.8,59.66,25.2,45.35,55.2,68.13,1.2246467991473532e-16,-1.0,0.0,1.0,1,0,37.26
00009_30-06-2025-09.22,172.0,-55.2,59.66,-25.2,45.35,4.8,68.13,64.8,35.87,1.2246467991473532e-16,-1.0,0.0,1.0,1,0,50.37
00009_30-06-2025-09.57,172.0,-60.0,45.35,-30.0,68.13,30.0,35.87,90.0,36.74,1.2246467991473532e-16,-1.0,0.0,1.0,1,0,26.63
00011_30-06-2025-10.02,182.0,-64.8,45.35,-34.8,68.13,25.2,35.87,85.2,36.74,1.2246467991473532e-16,-1.0,0.0,1.0,0,1,47.12
00009_30-06-2025-11.22,172.0,-115.2,68.13,-55.2,35.87,4.8,36.74,64.8,39.48,1.2246467991473532e-16,-1.0,0.0,1.0,1,0,28.56
00009_30-06-2025-12.22,172.0,-115.2,35.87,-55.2,36.74,4.8,39.48,34.8,30.36,1.2246467991473532e-16,-1.0,0.0,1.0,1,0,43.91
00009_30-06-2025-14.02,172.0,-64.8,30.36,-43.8,68.94,25.2,35.16,55.2,46.35,1.2246467991473532e-16,-1.0,0.0,1.0,1,0,28.04
00015_30-06-2025-14.12,157.0,-75.0,30.36,-54.0,68.94,15.0,35.16,45.0,46.35,1.2246467991473532e-16,-1.0,0.0,1.0,0,1,40.21
00017_30-06-2025-14.42,179.0,-84.0,68.94,-15.0,35.16,15.0,46.35,45.0,33.1,1.2246467991473532e-16,-1.0,0.0,1.0,1,0,30.26
00002_30-06-2025-16.37,157.0,-40.2,44.62,-10.2,73.34,19.8,49.23,49.8,65.35,1.2246467991473532e-16,-1.0,0.0,1.0,1,0,31.21
00015_30-06-2025-17.17,157.0,-49.8,73.34,-19.8,49.23,10.2,65.35,40.2,39.1,1.2246467991473532e-16,-1.0,0.0,1.0,0,1,18.12
00009_30-06-2025-17.22,172.0,-55.2,73.34,-25.2,49.23,4.8,65.35,34.8,39.1,1.2246467991473532e-16,-1.0,0.0,1.0,1,0,29.58
00002_30-06-2025-18.32,157.0,-34.8,39.1,-4.8,52.12,25.2,40.25,62.4,21.48,1.2246467991473532e-16,-1.0,0.0,1.0,1,0,46.22
00009_30-06-2025-19.29,172.0,-61.8,52.12,-31.8,40.25,5.4,21.48,36.0,28.07,1.2246467991473532e-16,-1.0,0.0,1.0,1,0,39.99
00009_30-06-2025-20.22,172.0,-48.0,21.48,-17.4,28.07,4.8,27.82,45.0,32.02,1.2246467991473532e-16,-1.0,0.0,1.0,1,0,33.65
00005_30-06-2025-21.02,172.0,-57.0,28.07,-34.8,27.82,5.4,32.02,550.2,35.56,1.2246467991473532e-16,-1.0,0.0,1.0,0,1,26.77
00002_01-07-2025-06.22,157.0,-555.0,32.02,-10.2,35.56,4.8,53.6,34.8,115.68,-0.4999999999999998,-0.8660254037844388,0.7818314824680298,0.6234898018587336,1,0,33.48
00005_01-07-2025-07.02,172.0,-34.8,53.6,-4.8,115.68,25.2,41.52,55.2,44.95,-0.4999999999999998,-0.8660254037844388,0.7818314824680298,0.6234898018587336,0,1,52.34
00002_01-07-2025-07.22,157.0,-55.2,53.6,-25.2,115.68,4.8,41.52,34.8,44.95,-0.4999999999999998,-0.8660254037844388,0.7818314824680298,0.6234898018587336,1,0,33.9
00002_01-07-2025-08.32,157.0,-34.8,44.95,-4.8,62.84,25.2,44.61,55.2,73.46,-0.4999999999999998,-0.8660254037844388,0.7818314824680298,0.6234898018587336,1,0,33.67
00009_01-07-2025-09.22,172.0,-55.2,62.84,-25.2,44.61,4.8,73.46,64.8,34.72,-0.4999999999999998,-0.8660254037844388,0.7818314824680298,0.6234898018587336,1,0,33.51
00009_01-07-2025-09.57,172.0,-60.0,44.61,-30.0,73.46,30.0,34.72,90.0,28.16,-0.4999999999999998,-0.8660254037844388,0.7818314824680298,0.6234898018587336,1,0,53.0
00011_01-07-2025-10.02,182.0,-64.8,44.61,-34.8,73.46,25.2,34.72,85.2,28.16,-0.4999999999999998,-0.8660254037844388,0.7818314824680298,0.6234898018587336,0,1,13.21
00009_01-07-2025-11.22,172.0,-115.2,73.46,-55.2,34.72,4.8,28.16,64.8,48.81,-0.4999999999999998,-0.8660254037844388,0.7818314824680298,0.6234898018587336,1,0,17.59
00009_01-07-2025-12.22,172.0,-115.2,34.72,-55.2,28.16,4.8,48.81,34.8,42.89,-0.4999999999999998,-0.8660254037844388,0.7818314824680298,0.6234898018587336,1,0,28.9
00009_01-07-2025-14.02,172.0,-64.8,42.89,-43.8,48.24,25.2,62.98,55.2,51.92,-0.4999999999999998,-0.8660254037844388,0.7818314824680298,0.6234898018587336,1,0,36.58
00015_01-07-2025-14.12,157.0,-75.0,42.89,-54.0,48.24,15.0,62.98,45.0,51.92,-0.4999999999999998,-0.8660254037844388,0.7818314824680298,0.6234898018587336,0,1,32.37
00017_01-07-2025-14.42,179.0,-84.0,48.24,-15.0,62.98,15.0,51.92,45.0,31.26,-0.4999999999999998,-0.8660254037844388,0.7818314824680298,0.6234898018587336,1,0,36.66
00002_01-07-2025-16.37,157.0,-40.2,25.91,-10.2,39.42,19.8,46.55,49.8,56.73,-0.4999999999999998,-0.8660254037844388,0.7818314824680298,0.6234898018587336,1,0,35.78
00015_01-07-2025-17.17,157.0,-49.8,39.42,-19.8,46.55,10.2,56.73,40.2,64.56,-0.4999999999999998,-0.8660254037844388,0.7818314824680298,0.6234898018587336,0,1,48.8
00009_01-07-2025-17.22,172.0,-55.2,39.42,-25.2,46.55,4.8,56.73,34.8,64.56,-0.4999999999999998,-0.8660254037844388,0.7818314824680298,0.6234898018587336,1,0,30.41
00002_01-07-2025-18.32,157.0,-34.8,64.56,-4.8,54.8,25.2,41.48,62.4,31.62,-0.4999999999999998,-0.8660254037844388,0.7818314824680298,0.6234898018587336,1,0,54.79
00009_01-07-2025-19.29,172.0,-61.8,54.8,-31.8,41.48,5.4,31.62,36.0,38.91,-0.4999999999999998,-0.8660254037844388,0.7818314824680298,0.6234898018587336,1,0,32.48
00009_01-07-2025-20.22,172.0,-48.0,31.62,-17.4,38.91,4.8,25.28,45.0,27.15,-0.4999999999999998,-0.8660254037844388,0.7818314824680298,0.6234898018587336,1,0,24.22
00005_01-07-2025-21.02,172.0,-57.0,38.91,-34.8,25.28,5.4,27.15,550.2,39.09,-0.4999999999999998,-0.8660254037844388,0.7818314824680298,0.6234898018587336,0,1,26.46
00002_02-07-2025-06.22,157.0,-555.0,27.15,-10.2,39.09,4.8,51.96,34.8,106.04,-0.4999999999999998,-0.8660254037844388,0.9749279121818236,-0.22252093395631434,1,0,42.67
00005_02-07-2025-07.02,172.0,-34.8,51.96,-4.8,106.04,25.2,35.68,55.2,45.38,-0.4999999999999998,-0.8660254037844388,0.9749279121818236,-0.22252093395631434,0,1,44.36
00002_02-07-2025-07.22,157.0,-55.2,51.96,-25.2,106.04,4.8,35.68,34.8,45.38,-0.4999999999999998,-0.8660254037844388,0.9749279121818236,-0.22252093395631434,1,0,39.57
00002_02-07-2025-08.32,157.0,-34.8,45.38,-4.8,85.51,25.2,48.25,55.2,60.1,-0.4999999999999998,-0.8660254037844388,0.9749279121818236,-0.22252093395631434,1,0,42.01
00009_02-07-2025-09.22,172.0,-55.2,85.51,-25.2,48.25,4.8,60.1,64.8,44.54,-0.4999999999999998,-0.8660254037844388,0.9749279121818236,-0.22252093395631434,1,0,29.7
00009_02-07-2025-09.57,172.0,-60.0,48.25,-30.0,60.1,30.0,44.54,90.0,67.04,-0.4999999999999998,-0.8660254037844388,0.9749279121818236,-0.22252093395631434,1,0,26.93
00011_02-07-2025-10.02,182.0,-64.8,48.25,-34.8,60.1,25.2,44.54,85.2,67.04,-0.4999999999999998,-0.8660254037844388,0.9749279121818236,-0.22252093395631434,0,1,36.36
00009_02-07-2025-11.22,172.0,-115.2,60.1,-55.2,44.54,4.8,67.04,64.8,47.28,-0.4999999999999998,-0.8660254037844388,0.9749279121818236,-0.22252093395631434,1,0,54.37
00009_02-07-2025-12.22,172.0,-115.2,44.54,-55.2,67.04,4.8,47.28,34.8,46.65,-0.4999999999999998,-0.8660254037844388,0.9749279121818236,-0.22252093395631434,1,0,51.05
00009_02-07-2025-14.02,172.0,-64.8,46.65,-43.8,48.24,25.2,26.78,55.2,48.98,-0.4999999999999998,-0.8660254037844388,0.9749279121818236,-0.22252093395631434,1,0,40.93
00015_02-07-2025-14.12,157.0,-75.0,46.65,-54.0,48.24,15.0,26.78,45.0,48.98,-0.4999999999999998,-0.8660254037844388,0.9749279121818236,-0.22252093395631434,0,1,21.5
00017_02-07-2025-14.42,179.0,-84.0,48.24,-15.0,26.78,15.0,48.98,45.0,30.69,-0.4999999999999998,-0.8660254037844388,0.9749279121818236,-0.22252093395631434,1,0,44.14
00002_02-07-2025-16.37,157.0,-40.2,69.42,-10.2,50.31,19.8,115.4,49.8,35.53,-0.4999999999999998,-0.8660254037844388,0.9749279121818236,-0.22252093395631434,1,0,59.68
00015_02-07-2025-17.17,157.0,-49.8,50.31,-19.8,115.4,10.2,35.53,40.2,55.24,-0.4999999999999998,-0.8660254037844388,0.9749279121818236,-0.22252093395631434,0,1,53.81
00009_02-07-2025-17.22,172.0,-55.2,50.31,-25.2,115.4,4.8,35.53,34.8,55.24,-0.4999999999999998,-0.8660254037844388,0.9749279121818236,-0.22252093395631434,1,0,39.74
00002_02-07-2025-18.32,157.0,-34.8,55.24,-4.8,68.31,25.2,106.92,62.4,27.06,-0.4999999999999998,-0.8660254037844388,0.9749279121818236,-0.22252093395631434,1,0,41.19
00009_02-07-2025-19.29,172.0,-61.8,68.31,-31.8,106.92,5.4,27.06,36.0,67.82,-0.4999999999999998,-0.8660254037844388,0.9749279121818236,-0.22252093395631434,1,0,57.37
00009_02-07-2025-20.22,172.0,-48.0,27.06,-17.4,67.82,4.8,44.4,45.0,73.0,-0.4999999999999998,-0.8660254037844388,0.9749279121818236,-0.22252093395631434,1,0,33.19
00005_02-07-2025-21.02,172.0,-57.0,67.82,-34.8,44.4,5.4,73.0,550.2,21.5,-0.4999999999999998,-0.8660254037844388,0.9749279121818236,-0.22252093395631434,0,1,33.81
00002_03-07-2025-06.22,157.0,-555.0,73.0,-10.2,21.5,4.8,41.43,34.8,73.89,-0.4999999999999998,-0.8660254037844388,0.43388373911755823,-0.900968867902419,1,0,25.86
00005_03-07-2025-07.02,172.0,-34.8,41.43,-4.8,73.89,25.2,53.36,55.2,43.5,-0.4999999999999998,-0.8660254037844388,0.43388373911755823,-0.900968867902419,0,1,40.18
00002_03-07-2025-07.22,157.0,-55.2,41.43,-25.2,73.89,4.8,53.36,34.8,43.5,-0.4999999999999998,-0.8660254037844388,0.43388373911755823,-0.900968867902419,1,0,50.6
00002_03-07-2025-08.32,157.0,-34.8,43.5,-4.8,67.88,25.2,59.69,55.2,64.37,-0.4999999999999998,-0.8660254037844388,0.43388373911755823,-0.900968867902419,1,0,50.44
00009_03-07-2025-09.22,172.0,-55.2,67.88,-25.2,59.69,4.8,64.37,64.8,54.27,-0.4999999999999998,-0.8660254037844388,0.43388373911755823,-0.900968867902419,1,0,64.75
00009_03-07-2025-09.57,172.0,-60.0,59.69,-30.0,64.37,30.0,54.27,90.0,52.71,-0.4999999999999998,-0.8660254037844388,0.43388373911755823,-0.900968867902419,1,0,47.09
00011_03-07-2025-10.02,182.0,-64.8,59.69,-34.8,64.37,25.2,54.27,85.2,52.71,-0.4999999999999998,-0.8660254037844388,0.43388373911755823,-0.900968867902419,0,1,41.46
00009_03-07-2025-11.22,172.0,-115.2,64.37,-55.2,54.27,4.8,52.71,64.8,37.79,-0.4999999999999998,-0.8660254037844388,0.43388373911755823,-0.900968867902419,1,0,53.1
00009_03-07-2025-12.22,172.0,-115.2,54.27,-55.2,52.71,4.8,37.79,34.8,56.32,-0.4999999999999998,-0.8660254037844388,0.43388373911755823,-0.900968867902419,1,0,34.45
00002_03-07-2025-16.37,157.0,-40.2,131.6,-10.2,83.72,19.8,137.7,49.8,89.91,-0.4999999999999998,-0.8660254037844388,0.43388373911755823,-0.900968867902419,1,0,62.59
00015_03-07-2025-17.17,157.0,-49.8,83.72,-19.8,137.7,10.2,89.91,40.2,55.11,-0.4999999999999998,-0.8660254037844388,0.43388373911755823,-0.900968867902419,0,1,45.91
00009_03-07-2025-17.22,172.0,-55.2,83.72,-25.2,137.7,4.8,89.91,34.8,55.11,-0.4999999999999998,-0.8660254037844388,0.43388373911755823,-0.900968867902419,1,0,86.34
00002_03-07-2025-18.32,157.0,-34.8,55.11,-4.8,75.74,25.2,77.26,62.4,40.53,-0.4999999999999998,-0.8660254037844388,0.43388373911755823,-0.900968867902419,1,0,31.33
00009_03-07-2025-19.29,172.0,-61.8,75.74,-31.8,77.26,5.4,40.53,36.0,52.34,-0.4999999999999998,-0.8660254037844388,0.43388373911755823,-0.900968867902419,1,0,42.12
00009_03-07-2025-20.22,172.0,-48.0,40.53,-17.4,52.34,4.8,61.93,45.0,46.79,-0.4999999999999998,-0.8660254037844388,0.43388373911755823,-0.900968867902419,1,0,35.91
00005_03-07-2025-21.02,172.0,-57.0,52.34,-34.8,61.93,5.4,46.79,565.2,27.79,-0.4999999999999998,-0.8660254037844388,0.43388373911755823,-0.900968867902419,0,1,46.26
00002_04-07-2025-06.22,157.0,-595.2,61.93,-555.0,46.79,4.8,27.79,34.8,42.75,-0.4999999999999998,-0.8660254037844388,-0.433883739117558,-0.9009688679024191,1,0,27.04
00005_04-07-2025-07.02,172.0,-34.8,27.79,-4.8,42.75,25.2,54.04,55.2,51.87,-0.4999999999999998,-0.8660254037844388,-0.433883739117558,-0.9009688679024191,0,1,25.9
00002_04-07-2025-07.22,157.0,-55.2,27.79,-25.2,42.75,4.8,54.04,34.8,51.87,-0.4999999999999998,-0.8660254037844388,-0.433883739117558,-0.9009688679024191,1,0,40.14
00002_04-07-2025-08.32,157.0,-64.8,54.04,-34.8,51.87,25.2,108.67,55.2,62.04,-0.4999999999999998,-0.8660254037844388,-0.433883739117558,-0.9009688679024191,1,0,54.9
00009_04-07-2025-09.22,172.0,-85.2,51.87,-25.2,108.67,4.8,62.04,64.8,47.22,-0.4999999999999998,-0.8660254037844388,-0.433883739117558,-0.9009688679024191,1,0,59.42
00009_04-07-2025-09.57,172.0,-60.0,108.67,-30.0,62.04,30.0,47.22,90.0,113.54,-0.4999999999999998,-0.8660254037844388,-0.433883739117558,-0.9009688679024191,1,0,65.49
00011_04-07-2025-10.02,182.0,-64.8,108.67,-34.8,62.04,25.2,47.22,85.2,113.54,-0.4999999999999998,-0.8660254037844388,-0.433883739117558,-0.9009688679024191,0,1,31.04
00009_04-07-2025-11.22,172.0,-115.2,62.04,-55.2,47.22,4.8,113.54,64.8,55.4,-0.4999999999999998,-0.8660254037844388,-0.433883739117558,-0.9009688679024191,1,0,53.06
00009_04-07-2025-12.22,172.0,-115.2,47.22,-55.2,113.54,4.8,55.4,34.8,79.93,-0.4999999999999998,-0.8660254037844388,-0.433883739117558,-0.9009688679024191,1,0,52.88
00009_04-07-2025-14.02,172.0,-43.8,55.14,-4.8,78.28,25.2,104.79,55.2,88.91,-0.4999999999999998,-0.8660254037844388,-0.433883739117558,-0.9009688679024191,1,0,70.69
00015_04-07-2025-14.12,157.0,-54.0,55.14,-15.0,78.28,15.0,104.79,45.0,88.91,-0.4999999999999998,-0.8660254037844388,-0.433883739117558,-0.9009688679024191,0,1,40.24
00017_04-07-2025-14.42,179.0,-45.0,78.28,-15.0,104.79,15.0,88.91,45.0,56.53,-0.4999999999999998,-0.8660254037844388,-0.433883739117558,-0.9009688679024191,1,0,85.29
00002_04-07-2025-16.37,157.0,-40.2,94.92,-10.2,92.1,19.8,106.21,49.8,52.66,-0.4999999999999998,-0.8660254037844388,-0.433883739117558,-0.9009688679024191,1,0,53.89
00015_04-07-2025-17.17,157.0,-49.8,92.1,-19.8,106.21,10.2,52.66,40.2,48.44,-0.4999999999999998,-0.8660254037844388,-0.433883739117558,-0.9009688679024191,0,1,44.13
00009_04-07-2025-17.22,172.0,-55.2,92.1,-25.2,106.21,4.8,52.66,34.8,48.44,-0.4999999999999998,-0.8660254037844388,-0.433883739117558,-0.9009688679024191,1,0,64.21
00002_04-07-2025-18.32,157.0,-34.8,48.44,-4.8,82.53,25.2,62.66,62.4,27.44,-0.4999999999999998,-0.8660254037844388,-0.433883739117558,-0.9009688679024191,1,0,35.41
00009_04-07-2025-19.29,172.0,-61.8,82.53,-31.8,62.66,5.4,27.44,36.0,57.66,-0.4999999999999998,-0.8660254037844388,-0.433883739117558,-0.9009688679024191,1,0,53.04
00009_04-07-2025-20.22,172.0,-48.0,27.44,-17.4,57.66,4.8,49.28,45.0,85.22,-0.4999999999999998,-0.8660254037844388,-0.433883739117558,-0.9009688679024191,1,0,38.83
00005_04-07-2025-21.02,172.0,-57.0,57.66,-34.8,49.28,5.4,85.22,565.2,32.84,-0.4999999999999998,-0.8660254037844388,-0.433883739117558,-0.9009688679024191,0,1,19.21
00005_05-07-2025-07.02,172.0,-594.6,85.22,-34.8,32.84,25.2,61.92,85.2,52.36,-0.4999999999999998,-0.8660254037844388,-0.9749279121818236,-0.2225209339563146,0,1,31.76
00009_05-07-2025-08.07,172.0,-100.2,32.84,-40.2,61.92,19.8,52.36,49.8,49.68,-0.4999999999999998,-0.8660254037844388,-0.9749279121818236,-0.2225209339563146,1,0,40.48
00009_05-07-2025-09.22,172.0,-55.2,52.36,-25.2,49.68,4.8,49.33,64.8,54.62,-0.4999999999999998,-0.8660254037844388,-0.9749279121818236,-0.2225209339563146,1,0,33.1
00009_05-07-2025-09.57,172.0,-60.0,49.68,-30.0,49.33,30.0,54.62,90.0,52.21,-0.4999999999999998,-0.8660254037844388,-0.9749279121818236,-0.2225209339563146,1,0,45.25
00011_05-07-2025-10.02,182.0,-64.8,49.68,-34.8,49.33,25.2,54.62,85.2,52.21,-0.4999999999999998,-0.8660254037844388,-0.9749279121818236,-0.2225209339563146,0,1,24.61
00009_05-07-2025-11.22,172.0,-115.2,49.33,-55.2,54.62,4.8,52.21,64.8,59.93,-0.4999999999999998,-0.8660254037844388,-0.9749279121818236,-0.2225209339563146,1,0,39.42
00009_05-07-2025-12.22,172.0,-115.2,54.62,-55.2,52.21,4.8,59.93,55.8,82.74,-0.4999999999999998,-0.8660254037844388,-0.9749279121818236,-0.2225209339563146,1,0,45.18
00015_05-07-2025-14.12,157.0,-105.0,59.93,-54.0,82.74,75.0,26.77,135.0,87.24,-0.4999999999999998,-0.8660254037844388,-0.9749279121818236,-0.2225209339563146,0,1,10.0
00017_05-07-2025-14.42,179.0,-135.0,59.93,-84.0,82.74,45.0,26.77,105.0,87.24,-0.4999999999999998,-0.8660254037844388,-0.9749279121818236,-0.2225209339563146,1,0,25.37
00002_05-07-2025-16.37,157.0,-70.2,26.77,-10.2,87.24,49.8,26.89,109.8,101.06,-0.4999999999999998,-0.8660254037844388,-0.9749279121818236,-0.2225209339563146,1,0,45.04
00015_05-07-2025-17.17,157.0,-109.8,26.77,-49.8,87.24,10.2,26.89,70.2,101.06,-0.4999999999999998,-0.8660254037844388,-0.9749279121818236,-0.2225209339563146,0,1,26.88
00009_05-07-2025-19.29,172.0,-121.8,26.89,-61.8,101.06,5.4,33.16,58.2,18.74,-0.4999999999999998,-0.8660254037844388,-0.9749279121818236,-0.2225209339563146,1,0,11.97
00009_05-07-2025-20.22,172.0,-115.2,101.06,-48.0,33.16,4.8,18.74,604.8,54.35,-0.4999999999999998,-0.8660254037844388,-0.9749279121818236,-0.2225209339563146,1,0,38.49
00005_05-07-2025-21.02,172.0,-87.6,33.16,-34.8,18.74,565.2,54.35,625.2,31.85,-0.4999999999999998,-0.8660254037844388,-0.9749279121818236,-0.2225209339563146,0,1,26.16
00005_06-07-2025-07.02,172.0,-634.8,18.74,-34.8,54.35,25.2,31.85,85.2,81.51,-0.4999999999999998,-0.8660254037844388,-0.7818314824680299,0.6234898018587334,0,1,45.4
00009_06-07-2025-08.07,172.0,-100.2,54.35,-40.2,31.85,19.8,81.51,79.8,75.99,-0.4999999999999998,-0.8660254037844388,-0.7818314824680299,0.6234898018587334,1,0,42.11
00009_06-07-2025-09.22,172.0,-115.2,31.85,-55.2,81.51,4.8,75.99,64.8,50.6,-0.4999999999999998,-0.8660254037844388,-0.7818314824680299,0.6234898018587334,1,0,44.58
00009_06-07-2025-09.57,172.0,-90.0,81.51,-30.0,75.99,30.0,50.6,90.0,145.13,-0.4999999999999998,-0.8660254037844388,-0.7818314824680299,0.6234898018587334,1,0,69.15
00011_06-07-2025-10.02,182.0,-94.8,81.51,-34.8,75.99,25.2,50.6,85.2,145.13,-0.4999999999999998,-0.8660254037844388,-0.7818314824680299,0.6234898018587334,0,1,37.24
00009_06-07-2025-11.22,172.0,-115.2,75.99,-55.2,50.6,4.8,145.13,64.8,56.92,-0.4999999999999998,-0.8660254037844388,-0.7818314824680299,0.6234898018587334,1,0,71.61
00009_06-07-2025-12.22,172.0,-115.2,50.6,-55.2,145.13,4.8,56.92,55.8,55.14,-0.4999999999999998,-0.8660254037844388,-0.7818314824680299,0.6234898018587334,1,0,48.69
00009_06-07-2025-14.02,172.0,-94.8,56.92,-43.8,55.14,25.2,82.79,85.2,65.48,-0.4999999999999998,-0.8660254037844388,-0.7818314824680299,0.6234898018587334,1,0,88.11
00015_06-07-2025-14.12,157.0,-105.0,56.92,-54.0,55.14,15.0,82.79,75.0,65.48,-0.4999999999999998,-0.8660254037844388,-0.7818314824680299,0.6234898018587334,0,1,64.66
00017_06-07-2025-14.42,179.0,-84.0,55.14,-15.0,82.79,45.0,65.48,105.0,84.29,-0.4999999999999998,-0.8660254037844388,-0.7818314824680299,0.6234898018587334,1,0,69.57
00002_06-07-2025-16.37,157.0,-70.2,65.48,-10.2,84.29,19.8,86.35,49.8,71.35,-0.4999999999999998,-0.8660254037844388,-0.7818314824680299,0.6234898018587334,1,0,95.34
00015_06-07-2025-17.17,157.0,-49.8,84.29,-19.8,86.35,10.2,71.35,40.2,58.36,-0.4999999999999998,-0.8660254037844388,-0.7818314824680299,0.6234898018587334,0,1,52.33
00009_06-07-2025-17.22,172.0,-55.2,84.29,-25.2,86.35,4.8,71.35,34.8,58.36,-0.4999999999999998,-0.8660254037844388,-0.7818314824680299,0.6234898018587334,1,0,104.54
00002_06-07-2025-18.32,157.0,-34.8,58.36,-4.8,100.19,25.2,105.81,62.4,82.58,-0.4999999999999998,-0.8660254037844388,-0.7818314824680299,0.6234898018587334,1,0,94.06
00009_06-07-2025-19.29,172.0,-61.8,100.19,-31.8,105.81,5.4,82.58,36.0,68.57,-0.4999999999999998,-0.8660254037844388,-0.7818314824680299,0.6234898018587334,1,0,96.47
00009_06-07-2025-20.22,172.0,-48.0,82.58,-17.4,68.57,4.8,121.1,45.0,147.5,-0.4999999999999998,-0.8660254037844388,-0.7818314824680299,0.6234898018587334,1,0,95.45
00005_06-07-2025-21.02,172.0,-57.0,68.57,-34.8,121.1,5.4,147.5,550.2,29.43,-0.4999999999999998,-0.8660254037844388,-0.7818314824680299,0.6234898018587334,0,1,86.64
00002_07-07-2025-06.22,157.0,-555.0,147.5,-10.2,29.43,4.8,51.26,34.8,64.19,-0.4999999999999998,-0.8660254037844388,0.0,1.0,1,0,38.78
00005_07-07-2025-07.02,172.0,-34.8,51.26,-4.8,64.19,25.2,58.27,55.2,63.64,-0.4999999999999998,-0.8660254037844388,0.0,1.0,0,1,42.44
00002_07-07-2025-07.22,157.0,-55.2,51.26,-25.2,64.19,4.8,58.27,34.8,63.64,-0.4999999999999998,-0.8660254037844388,0.0,1.0,1,0,51.8
00002_07-07-2025-08.32,157.0,-34.8,63.64,-4.8,70.36,25.2,46.3,55.2,73.55,-0.4999999999999998,-0.8660254037844388,0.0,1.0,1,0,36.67
00009_07-07-2025-09.22,172.0,-55.2,70.36,-25.2,46.3,4.8,73.55,64.8,34.86,-0.4999999999999998,-0.8660254037844388,0.0,1.0,1,0,46.24
00009_07-07-2025-09.57,172.0,-60.0,46.3,-30.0,73.55,30.0,34.86,90.0,37.67,-0.4999999999999998,-0.8660254037844388,0.0,1.0,1,0,36.18
00011_07-07-2025-10.02,182.0,-64.8,46.3,-34.8,73.55,25.2,34.86,85.2,37.67,-0.4999999999999998,-0.8660254037844388,0.0,1.0,0,1,34.35
00009_07-07-2025-11.22,172.0,-115.2,73.55,-55.2,34.86,4.8,37.67,64.8,40.79,-0.4999999999999998,-0.8660254037844388,0.0,1.0,1,0,44.59
00009_07-07-2025-12.22,172.0,-115.2,34.86,-55.2,37.67,4.8,40.79,34.8,38.23,-0.4999999999999998,-0.8660254037844388,0.0,1.0,1,0,15.66
00009_07-07-2025-14.02,172.0,-64.8,38.23,-43.8,68.94,25.2,33.37,55.2,43.65,-0.4999999999999998,-0.8660254037844388,0.0,1.0,1,0,35.62
00015_07-07-2025-14.12,157.0,-75.0,38.23,-54.0,68.94,15.0,33.37,45.0,43.65,-0.4999999999999998,-0.8660254037844388,0.0,1.0,0,1,49.17
00017_07-07-2025-14.42,179.0,-84.0,68.94,-15.0,33.37,15.0,43.65,45.0,40.58,-0.4999999999999998,-0.8660254037844388,0.0,1.0,1,0,52.5
00002_07-07-2025-16.37,157.0,-40.2,35.4,-10.2,72.74,19.8,40.22,49.8,75.09,-0.4999999999999998,-0.8660254037844388,0.0,1.0,1,0,57.02
00015_07-07-2025-17.17,157.0,-49.8,72.74,-19.8,40.22,10.2,75.09,40.2,36.41,-0.4999999999999998,-0.8660254037844388,0.0,1.0,0,1,35.38
00009_07-07-2025-17.22,172.0,-55.2,72.74,-25.2,40.22,4.8,75.09,34.8,36.41,-0.4999999999999998,-0.8660254037844388,0.0,1.0,1,0,32.15
00002_07-07-2025-18.32,157.0,-34.8,36.41,-4.8,56.54,25.2,34.97,62.4,21.2,-0.4999999999999998,-0.8660254037844388,0.0,1.0,1,0,10.0
00009_07-07-2025-19.29,172.0,-61.8,56.54,-31.8,34.97,5.4,21.2,36.0,19.82,-0.4999999999999998,-0.8660254037844388,0.0,1.0,1,0,68.88
00009_07-07-2025-20.22,172.0,-48.0,21.2,-17.4,19.82,4.8,10.46,45.0,29.85,-0.4999999999999998,-0.8660254037844388,0.0,1.0,1,0,13.46
00005_07-07-2025-21.02,172.0,-57.0,19.82,-34.8,10.46,5.4,29.85,550.2,33.47,-0.4999999999999998,-0.8660254037844388,0.0,1.0,0,1,10.0
00002_08-07-2025-06.22,157.0,-555.0,29.85,-10.2,33.47,4.8,36.09,34.8,106.31,-0.4999999999999998,-0.8660254037844388,0.7818314824680298,0.6234898018587336,1,0,39.17
00005_08-07-2025-07.02,172.0,-34.8,36.09,-4.8,106.31,25.2,37.56,55.2,43.18,-0.4999999999999998,-0.8660254037844388,0.7818314824680298,0.6234898018587336,0,1,22.5
00002_08-07-2025-07.22,157.0,-55.2,36.09,-25.2,106.31,4.8,37.56,34.8,43.18,-0.4999999999999998,-0.8660254037844388,0.7818314824680298,0.6234898018587336,1,0,25.3
00002_08-07-2025-08.32,157.0,-34.8,43.18,-4.8,64.16,25.2,51.81,55.2,60.23,-0.4999999999999998,-0.8660254037844388,0.7818314824680298,0.6234898018587336,1,0,21.45
00009_08-07-2025-09.22,172.0,-55.2,64.16,-25.2,51.81,4.8,60.23,64.8,32.94,-0.4999999999999998,-0.8660254037844388,0.7818314824680298,0.6234898018587336,1,0,38.36
00009_08-07-2025-09.57,172.0,-60.0,51.81,-30.0,60.23,30.0,32.94,90.0,27.09,-0.4999999999999998,-0.8660254037844388,0.7818314824680298,0.6234898018587336,1,0,34.19
00011_08-07-2025-10.02,182.0,-64.8,51.81,-34.8,60.23,25.2,32.94,85.2,27.09,-0.4999999999999998,-0.8660254037844388,0.7818314824680298,0.6234898018587336,0,1,10.0
00009_08-07-2025-11.22,172.0,-115.2,60.23,-55.2,32.94,4.8,27.09,64.8,48.47,-0.4999999999999998,-0.8660254037844388,0.7818314824680298,0.6234898018587336,1,0,29.01
00009_08-07-2025-12.22,172.0,-115.2,32.94,-55.2,27.09,4.8,48.47,34.8,50.75,-0.4999999999999998,-0.8660254037844388,0.7818314824680298,0.6234898018587336,1,0,32.34
00009_08-07-2025-14.02,172.0,-64.8,50.75,-43.8,48.24,25.2,69.37,55.2,37.3,-0.4999999999999998,-0.8660254037844388,0.7818314824680298,0.6234898018587336,1,0,35.52
00015_08-07-2025-14.12,157.0,-75.0,50.75,-54.0,48.24,15.0,69.37,45.0,37.3,-0.4999999999999998,-0.8660254037844388,0.7818314824680298,0.6234898018587336,0,1,17.66
00017_08-07-2025-14.42,179.0,-84.0,48.24,-15.0,69.37,15.0,37.3,45.0,31.72,-0.4999999999999998,-0.8660254037844388,0.7818314824680298,0.6234898018587336,1,0,41.86
00002_08-07-2025-16.37,157.0,-40.2,32.92,-10.2,42.73,19.8,59.8,49.8,57.34,-0.4999999999999998,-0.8660254037844388,0.7818314824680298,0.6234898018587336,1,0,45.2
00015_08-07-2025-17.17,157.0,-49.8,42.73,-19.8,59.8,10.2,57.34,40.2,87.93,-0.4999999999999998,-0.8660254037844388,0.7818314824680298,0.6234898018587336,0,1,45.08
00009_08-07-2025-17.22,172.0,-55.2,42.73,-25.2,59.8,4.8,57.34,34.8,87.93,-0.4999999999999998,-0.8660254037844388,0.7818314824680298,0.6234898018587336,1,0,26.42
00002_08-07-2025-18.32,157.0,-34.8,87.93,-4.8,49.29,25.2,35.06,62.4,28.78,-0.4999999999999998,-0.8660254037844388,0.7818314824680298,0.6234898018587336,1,0,44.89
00009_08-07-2025-19.29,172.0,-61.8,49.29,-31.8,35.06,5.4,28.78,36.0,43.75,-0.4999999999999998,-0.8660254037844388,0.7818314824680298,0.6234898018587336,1,0,49.37
00009_08-07-2025-20.22,172.0,-48.0,28.78,-17.4,43.75,4.8,24.07,45.0,49.49,-0.4999999999999998,-0.8660254037844388,0.7818314824680298,0.6234898018587336,1,0,18.63
00005_08-07-2025-21.02,172.0,-57.0,43.75,-34.8,24.07,5.4,49.49,550.2,35.32,-0.4999999999999998,-0.8660254037844388,0.7818314824680298,0.6234898018587336,0,1,26.3
00002_09-07-2025-06.22,157.0,-555.0,49.49,-10.2,35.32,4.8,42.89,34.8,97.05,-0.4999999999999998,-0.8660254037844388,0.9749279121818236,-0.22252093395631434,1,0,50.75
00005_09-07-2025-07.02,172.0,-34.8,42.89,-4.8,97.05,25.2,57.87,55.2,31.5,-0.4999999999999998,-0.8660254037844388,0.9749279121818236,-0.22252093395631434,0,1,43.19
00002_09-07-2025-07.22,157.0,-55.2,42.89,-25.2,97.05,4.8,57.87,34.8,31.5,-0.4999999999999998,-0.8660254037844388,0.9749279121818236,-0.22252093395631434,1,0,40.45
00002_09-07-2025-08.32,157.0,-34.8,31.5,-4.8,88.78,25.2,70.02,55.2,62.19,-0.4999999999999998,-0.8660254037844388,0.9749279121818236,-0.22252093395631434,1,0,57.17
00009_09-07-2025-09.22,172.0,-55.2,88.78,-25.2,70.02,4.8,62.19,64.8,40.86,-0.4999999999999998,-0.8660254037844388,0.9749279121818236,-0.22252093395631434,1,0,56.04
00009_09-07-2025-09.57,172.0,-60.0,70.02,-30.0,62.19,30.0,40.86,90.0,41.84,-0.4999999999999998,-0.8660254037844388,0.9749279121818236,-0.22252093395631434,1,0,20.8
00011_09-07-2025-10.02,182.0,-64.8,70.02,-34.8,62.19,25.2,40.86,85.2,41.84,-0.4999999999999998,-0.8660254037844388,0.9749279121818236,-0.22252093395631434,0,1,39.45
00009_09-07-2025-11.22,172.0,-115.2,62.19,-55.2,40.86,4.8,41.84,64.8,37.27,-0.4999999999999998,-0.8660254037844388,0.9749279121818236,-0.22252093395631434,1,0,47.64
00009_09-07-2025-12.22,172.0,-115.2,40.86,-55.2,41.84,4.8,37.27,34.8,59.88,-0.4999999999999998,-0.8660254037844388,0.9749279121818236,-0.22252093395631434,1,0,38.71
00009_09-07-2025-14.02,172.0,-64.8,59.88,-43.8,48.24,25.2,56.66,55.2,53.79,-0.4999999999999998,-0.8660254037844388,0.9749279121818236,-0.22252093395631434,1,0,31.09
00015_09-07-2025-14.12,157.0,-75.0,59.88,-54.0,48.24,15.0,56.66,45.0,53.79,-0.4999999999999998,-0.8660254037844388,0.9749279121818236,-0.22252093395631434,0,1,43.61
00017_09-07-2025-14.42,179.0,-84.0,48.24,-15.0,56.66,15.0,53.79,45.0,37.27,-0.4999999999999998,-0.8660254037844388,0.9749279121818236,-0.22252093395631434,1,0,42.42
00002_09-07-2025-16.37,157.0,-40.2,24.65,-10.2,49.75,19.8,127.36,49.8,66.53,-0.4999999999999998,-0.8660254037844388,0.9749279121818236,-0.22252093395631434,1,0,34.82
00015_09-07-2025-17.17,157.0,-49.8,49.75,-19.8,127.36,10.2,66.53,40.2,55.01,-0.4999999999999998,-0.8660254037844388,0.9749279121818236,-0.22252093395631434,0,1,40.4
00009_09-07-2025-17.22,172.0,-55.2,49.75,-25.2,127.36,4.8,66.53,34.8,55.01,-0.4999999999999998,-0.8660254037844388,0.9749279121818236,-0.22252093395631434,1,0,46.68
00002_09-07-2025-18.32,157.0,-34.8,55.01,-4.8,51.67,25.2,117.93,62.4,26.36,-0.4999999999999998,-0.8660254037844388,0.9749279121818236,-0.22252093395631434,1,0,45.81
00009_09-07-2025-19.29,172.0,-61.8,51.67,-31.8,117.93,5.4,26.36,36.0,57.17,-0.4999999999999998,-0.8660254037844388,0.9749279121818236,-0.22252093395631434,1,0,34.69
00009_09-07-2025-20.22,172.0,-48.0,26.36,-17.4,57.17,4.8,44.21,45.0,49.87,-0.4999999999999998,-0.8660254037844388,0.9749279121818236,-0.22252093395631434,1,0,45.36
00005_09-07-2025-21.02,172.0,-57.0,57.17,-34.8,44.21,5.4,49.87,550.2,33.08,-0.4999999999999998,-0.8660254037844388,0.9749279121818236,-0.22252093395631434,0,1,39.18
00002_10-07-2025-06.22,157.0,-555.0,49.87,-10.2,33.08,4.8,44.0,34.8,54.87,-0.4999999999999998,-0.8660254037844388,0.43388373911755823,-0.900968867902419,1,0,35.21
00005_10-07-2025-07.02,172.0,-34.8,44.0,-4.8,54.87,25.2,41.79,55.2,63.17,-0.4999999999999998,-0.8660254037844388,0.43388373911755823,-0.900968867902419,0,1,26.41
00002_10-07-2025-07.22,157.0,-55.2,44.0,-25.2,54.87,4.8,41.79,34.8,63.17,-0.4999999999999998,-0.8660254037844388,0.43388373911755823,-0.900968867902419,1,0,37.1
00002_10-07-2025-08.32,157.0,-34.8,63.17,-4.8,73.44,25.2,49.63,55.2,41.58,-0.4999999999999998,-0.8660254037844388,0.43388373911755823,-0.900968867902419,1,0,50.58
00009_10-07-2025-09.22,172.0,-55.2,73.44,-25.2,49.63,4.8,41.58,64.8,55.37,-0.4999999999999998,-0.8660254037844388,0.43388373911755823,-0.900968867902419,1,0,66.29
00009_10-07-2025-09.57,172.0,-60.0,49.63,-30.0,41.58,30.0,55.37,90.0,46.27,-0.4999999999999998,-0.8660254037844388,0.43388373911755823,-0.900968867902419,1,0,62.04
00011_10-07-2025-10.02,182.0,-64.8,49.63,-34.8,41.58,25.2,55.37,85.2,46.27,-0.4999999999999998,-0.8660254037844388,0.43388373911755823,-0.900968867902419,0,1,41.84
00009_10-07-2025-11.22,172.0,-115.2,41.58,-55.2,55.37,4.8,46.27,64.8,47.63,-0.4999999999999998,-0.8660254037844388,0.43388373911755823,-0.900968867902419,1,0,31.5
00009_10-07-2025-12.22,172.0,-115.2,55.37,-55.2,46.27,4.8,47.63,34.8,45.62,-0.4999999999999998,-0.8660254037844388,0.43388373911755823,-0.900968867902419,1,0,33.03
00002_10-07-2025-16.37,157.0,-40.2,100.1,-10.2,67.89,19.8,150.43,49.8,105.34,-0.4999999999999998,-0.8660254037844388,0.43388373911755823,-0.900968867902419,1,0,43.35
00015_10-07-2025-17.17,157.0,-49.8,67.89,-19.8,150.43,10.2,105.34,40.2,42.71,-0.4999999999999998,-0.8660254037844388,0.43388373911755823,-0.900968867902419,0,1,59.82
00009_10-07-2025-17.22,172.0,-55.2,67.89,-25.2,150.43,4.8,105.34,34.8,42.71,-0.4999999999999998,-0.8660254037844388,0.43388373911755823,-0.900968867902419,1,0,91.55
00002_10-07-2025-18.32,157.0,-34.8,42.71,-4.8,87.12,25.2,96.93,62.4,38.67,-0.4999999999999998,-0.8660254037844388,0.43388373911755823,-0.900968867902419,1,0,67.38
00009_10-07-2025-19.29,172.0,-61.8,87.12,-31.8,96.93,5.4,38.67,36.0,64.28,-0.4999999999999998,-0.8660254037844388,0.43388373911755823,-0.900968867902419,1,0,41.42
00009_10-07-2025-20.22,172.0,-48.0,38.67,-17.4,64.28,4.8,61.07,45.0,66.06,-0.4999999999999998,-0.8660254037844388,0.43388373911755823,-0.900968867902419,1,0,28.23
00005_10-07-2025-21.02,172.0,-57.0,64.28,-34.8,61.07,5.4,66.06,565.2,13.78,-0.4999999999999998,-0.8660254037844388,0.43388373911755823,-0.900968867902419,0,1,31.21
00002_11-07-2025-06.22,157.0,-595.2,61.07,-555.0,66.06,4.8,13.78,34.8,56.48,-0.4999999999999998,-0.8660254037844388,-0.433883739117558,-0.9009688679024191,1,0,12.85
00005_11-07-2025-07.02,172.0,-34.8,13.78,-4.8,56.48,25.2,72.35,55.2,47.54,-0.4999999999999998,-0.8660254037844388,-0.433883739117558,-0.9009688679024191,0,1,48.7
00002_11-07-2025-07.22,157.0,-55.2,13.78,-25.2,56.48,4.8,72.35,34.8,47.54,-0.4999999999999998,-0.8660254037844388,-0.433883739117558,-0.9009688679024191,1,0,47.66
00002_11-07-2025-08.32,157.0,-64.8,72.35,-34.8,47.54,25.2,108.7,55.2,63.24,-0.4999999999999998,-0.8660254037844388,-0.433883739117558,-0.9009688679024191,1,0,47.83
00009_11-07-2025-09.22,172.0,-85.2,47.54,-25.2,108.7,4.8,63.24,64.8,60.33,-0.4999999999999998,-0.8660254037844388,-0.433883739117558,-0.9009688679024191,1,0,50.49
00009_11-07-2025-09.57,172.0,-60.0,108.7,-30.0,63.24,30.0,60.33,90.0,104.58,-0.4999999999999998,-0.8660254037844388,-0.433883739117558,-0.9009688679024191,1,0,78.59
00011_11-07-2025-10.02,182.0,-64.8,108.7,-34.8,63.24,25.2,60.33,85.2,104.58,-0.4999999999999998,-0.8660254037844388,-0.433883739117558,-0.9009688679024191,0,1,47.87
00009_11-07-2025-11.22,172.0,-115.2,63.24,-55.2,60.33,4.8,104.58,64.8,56.32,-0.4999999999999998,-0.8660254037844388,-0.433883739117558,-0.9009688679024191,1,0,67.65
00009_11-07-2025-12.22,172.0,-115.2,60.33,-55.2,104.58,4.8,56.32,34.8,72.27,-0.4999999999999998,-0.8660254037844388,-0.433883739117558,-0.9009688679024191,1,0,47.39
00009_11-07-2025-14.02,172.0,-43.8,55.14,-4.8,85.18,25.2,95.72,55.2,107.82,-0.4999999999999998,-0.8660254037844388,-0.433883739117558,-0.9009688679024191,1,0,81.23
00015_11-07-2025-14.12,157.0,-54.0,55.14,-15.0,85.18,15.0,95.72,45.0,107.82,-0.4999999999999998,-0.8660254037844388,-0.433883739117558,-0.9009688679024191,0,1,27.96
00017_11-07-2025-14.42,179.0,-45.0,85.18,-15.0,95.72,15.0,107.82,45.0,48.21,-0.4999999999999998,-0.8660254037844388,-0.433883739117558,-0.9009688679024191,1,0,66.26
00002_11-07-2025-16.37,157.0,-40.2,94.68,-10.2,88.57,19.8,101.13,49.8,61.81,-0.4999999999999998,-0.8660254037844388,-0.433883739117558,-0.9009688679024191,1,0,67.73
00015_11-07-2025-17.17,157.0,-49.8,88.57,-19.8,101.13,10.2,61.81,40.2,44.4,-0.4999999999999998,-0.8660254037844388,-0.433883739117558,-0.9009688679024191,0,1,55.25
00009_11-07-2025-17.22,172.0,-55.2,88.57,-25.2,101.13,4.8,61.81,34.8,44.4,-0.4999999999999998,-0.8660254037844388,-0.433883739117558,-0.9009688679024191,1,0,75.3
00002_11-07-2025-18.32,157.0,-34.8,44.4,-4.8,87.31,25.2,49.3,62.4,40.25,-0.4999999999999998,-0.8660254037844388,-0.433883739117558,-0.9009688679024191,1,0,51.06
00009_11-07-2025-19.29,172.0,-61.8,87.31,-31.8,49.3,5.4,40.25,36.0,75.59,-0.4999999999999998,-0.8660254037844388,-0.433883739117558,-0.9009688679024191,1,0,45.74
00009_11-07-2025-20.22,172.0,-48.0,40.25,-17.4,75.59,4.8,62.96,45.0,92.86,-0.4999999999999998,-0.8660254037844388,-0.433883739117558,-0.9009688679024191,1,0,39.9
00005_11-07-2025-21.02,172.0,-57.0,75.59,-34.8,62.96,5.4,92.86,565.2,27.55,-0.4999999999999998,-0.8660254037844388,-0.433883739117558,-0.9009688679024191,0,1,39.37
00005_12-07-2025-07.02,172.0,-594.6,92.86,-34.8,27.55,25.2,43.98,85.2,57.87,-0.4999999999999998,-0.8660254037844388,-0.9749279121818236,-0.2225209339563146,0,1,36.48
00009_12-07-2025-08.07,172.0,-100.2,27.55,-40.2,43.98,19.8,57.87,49.8,58.7,-0.4999999999999998,-0.8660254037844388,-0.9749279121818236,-0.2225209339563146,1,0,25.74
00009_12-07-2025-09.22,172.0,-55.2,57.87,-25.2,58.7,4.8,61.57,64.8,44.91,-0.4999999999999998,-0.8660254037844388,-0.9749279121818236,-0.2225209339563146,1,0,35.57
00009_12-07-2025-09.57,172.0,-60.0,58.7,-30.0,61.57,30.0,44.91,90.0,45.12,-0.4999999999999998,-0.8660254037844388,-0.9749279121818236,-0.2225209339563146,1,0,41.95
00011_12-07-2025-10.02,182.0,-64.8,58.7,-34.8,61.57,25.2,44.91,85.2,45.12,-0.4999999999999998,-0.8660254037844388,-0.9749279121818236,-0.2225209339563146,0,1,52.24
00009_12-07-2025-11.22,172.0,-115.2,61.57,-55.2,44.91,4.8,45.12,64.8,33.55,-0.4999999999999998,-0.8660254037844388,-0.9749279121818236,-0.2225209339563146,1,0,34.31
00009_12-07-2025-12.22,172.0,-115.2,44.91,-55.2,45.12,4.8,33.55,55.8,82.74,-0.4999999999999998,-0.8660254037844388,-0.9749279121818236,-0.2225209339563146,1,0,54.73
00015_12-07-2025-14.12,157.0,-105.0,33.55,-54.0,82.74,75.0,32.1,135.0,91.21,-0.4999999999999998,-0.8660254037844388,-0.9749279121818236,-0.2225209339563146,0,1,20.54
00017_12-07-2025-14.42,179.0,-135.0,33.55,-84.0,82.74,45.0,32.1,105.0,91.21,-0.4999999999999998,-0.8660254037844388,-0.9749279121818236,-0.2225209339563146,1,0,44.36
00002_12-07-2025-16.37,157.0,-70.2,32.1,-10.2,91.21,49.8,22.17,109.8,82.84,-0.4999999999999998,-0.8660254037844388,-0.9749279121818236,-0.2225209339563146,1,0,47.39
00015_12-07-2025-17.17,157.0,-109.8,32.1,-49.8,91.21,10.2,22.17,70.2,82.84,-0.4999999999999998,-0.8660254037844388,-0.9749279121818236,-0.2225209339563146,0,1,41.21
00009_12-07-2025-19.29,172.0,-121.8,22.17,-61.8,82.84,5.4,23.63,58.2,12.05,-0.4999999999999998,-0.8660254037844388,-0.9749279121818236,-0.2225209339563146,1,0,27.67
00009_12-07-2025-20.22,172.0,-115.2,82.84,-48.0,23.63,4.8,12.05,604.8,51.95,-0.4999999999999998,-0.8660254037844388,-0.9749279121818236,-0.2225209339563146,1,0,29.02
00005_12-07-2025-21.02,172.0,-87.6,23.63,-34.8,12.05,565.2,51.95,625.2,68.33,-0.4999999999999998,-0.8660254037844388,-0.9749279121818236,-0.2225209339563146,0,1,29.49
00005_13-07-2025-07.02,172.0,-634.8,12.05,-34.8,51.95,25.2,68.33,85.2,74.54,-0.4999999999999998,-0.8660254037844388,-0.7818314824680299,0.6234898018587334,0,1,41.89
00009_13-07-2025-08.07,172.0,-100.2,51.95,-40.2,68.33,19.8,74.54,79.8,64.23,-0.4999999999999998,-0.8660254037844388,-0.7818314824680299,0.6234898018587334,1,0,44.99
00009_13-07-2025-09.22,172.0,-115.2,68.33,-55.2,74.54,4.8,64.23,64.8,42.78,-0.4999999999999998,-0.8660254037844388,-0.7818314824680299,0.6234898018587334,1,0,56.79
00009_13-07-2025-09.57,172.0,-90.0,74.54,-30.0,64.23,30.0,42.78,90.0,145.33,-0.4999999999999998,-0.8660254037844388,-0.7818314824680299,0.6234898018587334,1,0,56.58
00011_13-07-2025-10.02,182.0,-94.8,74.54,-34.8,64.23,25.2,42.78,85.2,145.33,-0.4999999999999998,-0.8660254037844388,-0.7818314824680299,0.6234898018587334,0,1,46.15
00009_13-07-2025-11.22,172.0,-115.2,64.23,-55.2,42.78,4.8,145.33,64.8,48.72,-0.4999999999999998,-0.8660254037844388,-0.7818314824680299,0.6234898018587334,1,0,61.01
00009_13-07-2025-12.22,172.0,-115.2,42.78,-55.2,145.33,4.8,48.72,55.8,55.14,-0.4999999999999998,-0.8660254037844388,-0.7818314824680299,0.6234898018587334,1,0,76.75
00009_13-07-2025-14.02,172.0,-94.8,48.72,-43.8,55.14,25.2,97.93,85.2,60.75,-0.4999999999999998,-0.8660254037844388,-0.7818314824680299,0.6234898018587334,1,0,85.76
00015_13-07-2025-14.12,157.0,-105.0,48.72,-54.0,55.14,15.0,97.93,75.0,60.75,-0.4999999999999998,-0.8660254037844388,-0.7818314824680299,0.6234898018587334,0,1,66.46
00017_13-07-2025-14.42,179.0,-84.0,55.14,-15.0,97.93,45.0,60.75,105.0,94.21,-0.4999999999999998,-0.8660254037844388,-0.7818314824680299,0.6234898018587334,1,0,79.84
00002_13-07-2025-16.37,157.0,-70.2,60.75,-10.2,94.21,19.8,80.96,49.8,62.84,-0.4999999999999998,-0.8660254037844388,-0.7818314824680299,0.6234898018587334,1,0,93.61
00015_13-07-2025-17.17,157.0,-49.8,94.21,-19.8,80.96,10.2,62.84,40.2,74.83,-0.4999999999999998,-0.8660254037844388,-0.7818314824680299,0.6234898018587334,0,1,42.21
00009_13-07-2025-17.22,172.0,-55.2,94.21,-25.2,80.96,4.8,62.84,34.8,74.83,-0.4999999999999998,-0.8660254037844388,-0.7818314824680299,0.6234898018587334,1,0,72.69
00002_13-07-2025-18.32,157.0,-34.8,74.83,-4.8,92.59,25.2,113.12,62.4,79.76,-0.4999999999999998,-0.8660254037844388,-0.7818314824680299,0.6234898018587334,1,0,95.38
00009_13-07-2025-19.29,172.0,-61.8,92.59,-31.8,113.12,5.4,79.76,36.0,65.91,-0.4999999999999998,-0.8660254037844388,-0.7818314824680299,0.6234898018587334,1,0,88.53
00009_13-07-2025-20.22,172.0,-48.0,79.76,-17.4,65.91,4.8,82.22,45.0,109.96,-0.4999999999999998,-0.8660254037844388,-0.7818314824680299,0.6234898018587334,1,0,74.88
00005_13-07-2025-21.02,172.0,-57.0,65.91,-34.8,82.22,5.4,109.96,550.2,33.74,-0.4999999999999998,-0.8660254037844388,-0.7818314824680299,0.6234898018587334,0,1,71.57
00002_14-07-2025-06.22,157.0,-555.0,109.96,-10.2,33.74,4.8,41.92,34.8,55.11,-0.4999999999999998,-0.8660254037844388,0.0,1.0,1,0,18.1
00005_14-07-2025-07.02,172.0,-34.8,41.92,-4.8,55.11,25.2,48.52,55.2,64.63,-0.4999999999999998,-0.8660254037844388,0.0,1.0,0,1,29.8
00002_14-07-2025-07.22,157.0,-55.2,41.92,-25.2,55.11,4.8,48.52,34.8,64.63,-0.4999999999999998,-0.8660254037844388,0.0,1.0,1,0,41.16
00002_14-07-2025-08.32,157.0,-34.8,64.63,-4.8,70.7,25.2,49.99,55.2,77.38,-0.4999999999999998,-0.8660254037844388,0.0,1.0,1,0,49.54
00009_14-07-2025-09.22,172.0,-55.2,70.7,-25.2,49.99,4.8,77.38,64.8,34.34,-0.4999999999999998,-0.8660254037844388,0.0,1.0,1,0,57.17
00009_14-07-2025-09.57,172.0,-60.0,49.99,-30.0,77.38,30.0,34.34,90.0,49.51,-0.4999999999999998,-0.8660254037844388,0.0,1.0,1,0,32.15
00011_14-07-2025-10.02,182.0,-64.8,49.99,-34.8,77.38,25.2,34.34,85.2,49.51,-0.4999999999999998,-0.8660254037844388,0.0,1.0,0,1,29.3
00009_14-07-2025-11.22,172.0,-115.2,77.38,-55.2,34.34,4.8,49.51,64.8,53.42,-0.4999999999999998,-0.8660254037844388,0.0,1.0,1,0,26.15
00009_14-07-2025-12.22,172.0,-115.2,34.34,-55.2,49.51,4.8,53.42,34.8,36.19,-0.4999999999999998,-0.8660254037844388,0.0,1.0,1,0,36.04
00009_14-07-2025-14.02,172.0,-64.8,36.19,-43.8,68.94,25.2,33.61,55.2,43.14,-0.4999999999999998,-0.8660254037844388,0.0,1.0,1,0,52.66
00015_14-07-2025-14.12,157.0,-75.0,36.19,-54.0,68.94,15.0,33.61,45.0,43.14,-0.4999999999999998,-0.8660254037844388,0.0,1.0,0,1,21.99
00017_14-07-2025-14.42,179.0,-84.0,68.94,-15.0,33.61,15.0,43.14,45.0,32.66,-0.4999999999999998,-0.8660254037844388,0.0,1.0,1,0,38.49
00002_14-07-2025-16.37,157.0,-40.2,45.97,-10.2,55.75,19.8,44.98,49.8,66.08,-0.4999999999999998,-0.8660254037844388,0.0,1.0,1,0,40.59
00015_14-07-2025-17.17,157.0,-49.8,55.75,-19.8,44.98,10.2,66.08,40.2,32.5,-0.4999999999999998,-0.8660254037844388,0.0,1.0,0,1,16.52
00009_14-07-2025-17.22,172.0,-55.2,55.75,-25.2,44.98,4.8,66.08,34.8,32.5,-0.4999999999999998,-0.8660254037844388,0.0,1.0,1,0,31.76
00002_14-07-2025-18.32,157.0,-34.8,32.5,-4.8,50.16,25.2,49.63,62.4,27.49,-0.4999999999999998,-0.8660254037844388,0.0,1.0,1,0,38.31
00009_14-07-2025-19.29,172.0,-61.8,50.16,-31.8,49.63,5.4,27.49,36.0,24.88,-0.4999999999999998,-0.8660254037844388,0.0,1.0,1,0,72.56
00009_14-07-2025-20.22,172.0,-48.0,27.49,-17.4,24.88,4.8,19.64,45.0,28.25,-0.4999999999999998,-0.8660254037844388,0.0,1.0,1,0,33.02
00005_14-07-2025-21.02,172.0,-57.0,24.88,-34.8,19.64,5.4,28.25,550.2,32.79,-0.4999999999999998,-0.8660254037844388,0.0,1.0,0,1,28.35
00002_15-07-2025-06.22,157.0,-555.0,28.25,-10.2,32.79,4.8,38.65,34.8,123.11,-0.4999999999999998,-0.8660254037844388,0.7818314824680298,0.6234898018587336,1,0,28.28
00005_15-07-2025-07.02,172.0,-34.8,38.65,-4.8,123.11,25.2,30.88,55.2,32.06,-0.4999999999999998,-0.8660254037844388,0.7818314824680298,0.6234898018587336,0,1,58.55
00002_15-07-2025-07.22,157.0,-55.2,38.65,-25.2,123.11,4.8,30.88,34.8,32.06,-0.4999999999999998,-0.8660254037844388,0.7818314824680298,0.6234898018587336,1,0,41.34
00002_15-07-2025-08.32,157.0,-34.8,32.06,-4.8,66.6,25.2,35.56,55.2,87.23,-0.4999999999999998,-0.8660254037844388,0.7818314824680298,0.6234898018587336,1,0,36.97
00009_15-07-2025-09.22,172.0,-55.2,66.6,-25.2,35.56,4.8,87.23,64.8,35.89,-0.4999999999999998,-0.8660254037844388,0.7818314824680298,0.6234898018587336,1,0,48.54
00009_15-07-2025-09.57,172.0,-60.0,35.56,-30.0,87.23,30.0,35.89,90.0,33.23,-0.4999999999999998,-0.8660254037844388,0.7818314824680298,0.6234898018587336,1,0,30.24
00011_15-07-2025-10.02,182.0,-64.8,35.56,-34.8,87.23,25.2,35.89,85.2,33.23,-0.4999999999999998,-0.8660254037844388,0.7818314824680298,0.6234898018587336,0,1,34.39
00009_15-07-2025-11.22,172.0,-115.2,87.23,-55.2,35.89,4.8,33.23,64.8,58.93,-0.4999999999999998,-0.8660254037844388,0.7818314824680298,0.6234898018587336,1,0,29.29
00009_15-07-2025-12.22,172.0,-115.2,35.89,-55.2,33.23,4.8,58.93,34.8,40.47,-0.4999999999999998,-0.8660254037844388,0.7818314824680298,0.6234898018587336,1,0,40.12
00009_15-07-2025-14.02,172.0,-64.8,40.47,-43.8,48.24,25.2,61.31,55.2,24.07,-0.4999999999999998,-0.8660254037844388,0.7818314824680298,0.6234898018587336,1,0,36.76
00015_15-07-2025-14.12,157.0,-75.0,40.47,-54.0,48.24,15.0,61.31,45.0,24.07,-0.4999999999999998,-0.8660254037844388,0.7818314824680298,0.6234898018587336,0,1,24.31
00017_15-07-2025-14.42,179.0,-84.0,48.24,-15.0,61.31,15.0,24.07,45.0,31.02,-0.4999999999999998,-0.8660254037844388,0.7818314824680298,0.6234898018587336,1,0,30.71
00002_15-07-2025-16.37,157.0,-40.2,24.65,-10.2,46.3,19.8,57.16,49.8,64.87,-0.4999999999999998,-0.8660254037844388,0.7818314824680298,0.6234898018587336,1,0,49.81
00015_15-07-2025-17.17,157.0,-49.8,46.3,-19.8,57.16,10.2,64.87,40.2,61.83,-0.4999999999999998,-0.8660254037844388,0.7818314824680298,0.6234898018587336,0,1,28.3
00009_15-07-2025-17.22,172.0,-55.2,46.3,-25.2,57.16,4.8,64.87,34.8,61.83,-0.4999999999999998,-0.8660254037844388,0.7818314824680298,0.6234898018587336,1,0,33.25
00002_15-07-2025-18.32,157.0,-34.8,61.83,-4.8,56.85,25.2,43.48,62.4,30.31,-0.4999999999999998,-0.8660254037844388,0.7818314824680298,0.6234898018587336,1,0,30.37
00009_15-07-2025-19.29,172.0,-61.8,56.85,-31.8,43.48,5.4,30.31,36.0,40.48,-0.4999999999999998,-0.8660254037844388,0.7818314824680298,0.6234898018587336,1,0,31.81
00009_15-07-2025-20.22,172.0,-48.0,30.31,-17.4,40.48,4.8,15.5,45.0,36.66,-0.4999999999999998,-0.8660254037844388,0.7818314824680298,0.6234898018587336,1,0,34.06
00005_15-07-2025-21.02,172.0,-57.0,40.48,-34.8,15.5,5.4,36.66,550.2,35.1,-0.4999999999999998,-0.8660254037844388,0.7818314824680298,0.6234898018587336,0,1,10.0
00002_16-07-2025-06.22,157.0,-555.0,36.66,-10.2,35.1,4.8,63.42,34.8,106.63,-0.4999999999999998,-0.8660254037844388,0.9749279121818236,-0.22252093395631434,1,0,41.6
00005_16-07-2025-07.02,172.0,-34.8,63.42,-4.8,106.63,25.2,22.41,55.2,45.0,-0.4999999999999998,-0.8660254037844388,0.9749279121818236,-0.22252093395631434,0,1,51.54
00002_16-07-2025-07.22,157.0,-55.2,63.42,-25.2,106.63,4.8,22.41,34.8,45.0,-0.4999999999999998,-0.8660254037844388,0.9749279121818236,-0.22252093395631434,1,0,34.34
00002_16-07-2025-08.32,157.0,-34.8,45.0,-4.8,87.02,25.2,53.25,55.2,56.51,-0.4999999999999998,-0.8660254037844388,0.9749279121818236,-0.22252093395631434,1,0,51.97
00009_16-07-2025-09.22,172.0,-55.2,87.02,-25.2,53.25,4.8,56.51,64.8,46.86,-0.4999999999999998,-0.8660254037844388,0.9749279121818236,-0.22252093395631434,1,0,50.45
00009_16-07-2025-09.57,172.0,-60.0,53.25,-30.0,56.51,30.0,46.86,90.0,56.05,-0.4999999999999998,-0.8660254037844388,0.9749279121818236,-0.22252093395631434,1,0,39.07
00011_16-07-2025-10.02,182.0,-64.8,53.25,-34.8,56.51,25.2,46.86,85.2,56.05,-0.4999999999999998,-0.8660254037844388,0.9749279121818236,-0.22252093395631434,0,1,42.94
00009_16-07-2025-11.22,172.0,-115.2,56.51,-55.2,46.86,4.8,56.05,64.8,60.67,-0.4999999999999998,-0.8660254037844388,0.9749279121818236,-0.22252093395631434,1,0,37.95
00009_16-07-2025-12.22,172.0,-115.2,46.86,-55.2,56.05,4.8,60.67,34.8,46.72,-0.4999999999999998,-0.8660254037844388,0.9749279121818236,-0.22252093395631434,1,0,41.9
00009_16-07-2025-14.02,172.0,-64.8,46.72,-43.8,48.24,25.2,43.24,55.2,48.83,-0.4999999999999998,-0.8660254037844388,0.9749279121818236,-0.22252093395631434,1,0,45.02
00015_16-07-2025-14.12,157.0,-75.0,46.72,-54.0,48.24,15.0,43.24,45.0,48.83,-0.4999999999999998,-0.8660254037844388,0.9749279121818236,-0.22252093395631434,0,1,30.99
00017_16-07-2025-14.42,179.0,-84.0,48.24,-15.0,43.24,15.0,48.83,45.0,35.95,-0.4999999999999998,-0.8660254037844388,0.9749279121818236,-0.22252093395631434,1,0,57.35
00002_16-07-2025-16.37,157.0,-40.2,58.72,-10.2,39.21,19.8,135.32,49.8,61.9,-0.4999999999999998,-0.8660254037844388,0.9749279121818236,-0.22252093395631434,1,0,46.93
00015_16-07-2025-17.17,157.0,-49.8,39.21,-19.8,135.32,10.2,61.9,40.2,49.12,-0.4999999999999998,-0.8660254037844388,0.9749279121818236,-0.22252093395631434,0,1,37.94
00009_16-07-2025-17.22,172.0,-55.2,39.21,-25.2,135.32,4.8,61.9,34.8,49.12,-0.4999999999999998,-0.8660254037844388,0.9749279121818236,-0.22252093395631434,1,0,45.9
00002_16-07-2025-18.32,157.0,-34.8,49.12,-4.8,69.92,25.2,118.3,62.4,35.02,-0.4999999999999998,-0.8660254037844388,0.9749279121818236,-0.22252093395631434,1,0,37.84
00009_16-07-2025-19.29,172.0,-61.8,69.92,-31.8,118.3,5.4,35.02,36.0,55.25,-0.4999999999999998,-0.8660254037844388,0.9749279121818236,-0.22252093395631434,1,0,28.21
00009_16-07-2025-20.22,172.0,-48.0,35.02,-17.4,55.25,4.8,26.51,45.0,28.72,-0.4999999999999998,-0.8660254037844388,0.9749279121818236,-0.22252093395631434,1,0,28.41
00005_16-07-2025-21.02,172.0,-57.0,55.25,-34.8,26.51,5.4,28.72,550.2,34.94,-0.4999999999999998,-0.8660254037844388,0.9749279121818236,-0.22252093395631434,0,1,31.59
00002_17-07-2025-06.22,157.0,-555.0,28.72,-10.2,34.94,4.8,47.22,34.8,38.33,-0.4999999999999998,-0.8660254037844388,0.43388373911755823,-0.900968867902419,1,0,22.05
00005_17-07-2025-07.02,172.0,-34.8,47.22,-4.8,38.33,25.2,26.22,55.2,57.98,-0.4999999999999998,-0.8660254037844388,0.43388373911755823,-0.900968867902419,0,1,19.57
00002_17-07-2025-07.22,157.0,-55.2,47.22,-25.2,38.33,4.8,26.22,34.8,57.98,-0.4999999999999998,-0.8660254037844388,0.43388373911755823,-0.900968867902419,1,0,16.33
00002_17-07-2025-08.32,157.0,-34.8,57.98,-4.8,53.61,25.2,75.75,55.2,27.74,-0.4999999999999998,-0.8660254037844388,0.43388373911755823,-0.900968867902419,1,0,56.87
00009_17-07-2025-09.22,172.0,-55.2,53.61,-25.2,75.75,4.8,27.74,64.8,55.06,-0.4999999999999998,-0.8660254037844388,0.43388373911755823,-0.900968867902419,1,0,53.88
00009_17-07-2025-09.57,172.0,-60.0,75.75,-30.0,27.74,30.0,55.06,90.0,45.21,-0.4999999999999998,-0.8660254037844388,0.43388373911755823,-0.900968867902419,1,0,60.74
00011_17-07-2025-10.02,182.0,-64.8,75.75,-34.8,27.74,25.2,55.06,85.2,45.21,-0.4999999999999998,-0.8660254037844388,0.43388373911755823,-0.900968867902419,0,1,40.44
00009_17-07-2025-11.22,172.0,-115.2,27.74,-55.2,55.06,4.8,45.21,64.8,54.7,-0.4999999999999998,-0.8660254037844388,0.43388373911755823,-0.900968867902419,1,0,53.78
00009_17-07-2025-12.22,172.0,-115.2,55.06,-55.2,45.21,4.8,54.7,34.8,41.25,-0.4999999999999998,-0.8660254037844388,0.43388373911755823,-0.900968867902419,1,0,62.07
00002_17-07-2025-16.37,157.0,-40.2,86.71,-10.2,57.64,19.8,139.35,49.8,72.06,-0.4999999999999998,-0.8660254037844388,0.43388373911755823,-0.900968867902419,1,0,43.8
00015_17-07-2025-17.17,157.0,-49.8,57.64,-19.8,139.35,10.2,72.06,40.2,72.19,-0.4999999999999998,-0.8660254037844388,0.43388373911755823,-0.900968867902419,0,1,59.53
00009_17-07-2025-17.22,172.0,-55.2,57.64,-25.2,139.35,4.8,72.06,34.8,72.19,-0.4999999999999998,-0.8660254037844388,0.43388373911755823,-0.900968867902419,1,0,69.49
00002_17-07-2025-18.32,157.0,-34.8,72.19,-4.8,87.54,25.2,87.32,62.4,35.94,-0.4999999999999998,-0.8660254037844388,0.43388373911755823,-0.900968867902419,1,0,48.16
00009_17-07-2025-19.29,172.0,-61.8,87.54,-31.8,87.32,5.4,35.94,36.0,50.17,-0.4999999999999998,-0.8660254037844388,0.43388373911755823,-0.900968867902419,1,0,43.2
00009_17-07-2025-20.22,172.0,-48.0,35.94,-17.4,50.17,4.8,37.52,45.0,50.42,-0.4999999999999998,-0.8660254037844388,0.43388373911755823,-0.900968867902419,1,0,33.99
00005_17-07-2025-21.02,172.0,-57.0,50.17,-34.8,37.52,5.4,50.42,565.2,20.49,-0.4999999999999998,-0.8660254037844388,0.43388373911755823,-0.900968867902419,0,1,41.37
00002_18-07-2025-06.22,157.0,-595.2,37.52,-555.0,50.42,4.8,20.49,34.8,50.9,-0.4999999999999998,-0.8660254037844388,-0.433883739117558,-0.9009688679024191,1,0,19.6
00005_18-07-2025-07.02,172.0,-34.8,20.49,-4.8,50.9,25.2,65.9,55.2,55.97,-0.4999999999999998,-0.8660254037844388,-0.433883739117558,-0.9009688679024191,0,1,38.87
00002_18-07-2025-07.22,157.0,-55.2,20.49,-25.2,50.9,4.8,65.9,34.8,55.97,-0.4999999999999998,-0.8660254037844388,-0.433883739117558,-0.9009688679024191,1,0,42.59
00002_18-07-2025-08.32,157.0,-64.8,65.9,-34.8,55.97,25.2,112.89,55.2,57.16,-0.4999999999999998,-0.8660254037844388,-0.433883739117558,-0.9009688679024191,1,0,39.77
00009_18-07-2025-09.22,172.0,-85.2,55.97,-25.2,112.89,4.8,57.16,64.8,58.73,-0.4999999999999998,-0.8660254037844388,-0.433883739117558,-0.9009688679024191,1,0,37.66
00009_18-07-2025-09.57,172.0,-60.0,112.89,-30.0,57.16,30.0,58.73,90.0,99.36,-0.4999999999999998,-0.8660254037844388,-0.433883739117558,-0.9009688679024191,1,0,50.93
00011_18-07-2025-10.02,182.0,-64.8,112.89,-34.8,57.16,25.2,58.73,85.2,99.36,-0.4999999999999998,-0.8660254037844388,-0.433883739117558,-0.9009688679024191,0,1,39.69
00009_18-07-2025-11.22,172.0,-115.2,57.16,-55.2,58.73,4.8,99.36,64.8,45.62,-0.4999999999999998,-0.8660254037844388,-0.433883739117558,-0.9009688679024191,1,0,56.59
00009_18-07-2025-12.22,172.0,-115.2,58.73,-55.2,99.36,4.8,45.62,34.8,85.49,-0.4999999999999998,-0.8660254037844388,-0.433883739117558,-0.9009688679024191,1,0,40.18
00009_18-07-2025-14.02,172.0,-43.8,55.14,-4.8,79.09,25.2,96.39,55.2,107.54,-0.4999999999999998,-0.8660254037844388,-0.433883739117558,-0.9009688679024191,1,0,50.84
00015_18-07-2025-14.12,157.0,-54.0,55.14,-15.0,79.09,15.0,96.39,45.0,107.54,-0.4999999999999998,-0.8660254037844388,-0.433883739117558,-0.9009688679024191,0,1,52.04
00017_18-07-2025-14.42,179.0,-45.0,79.09,-15.0,96.39,15.0,107.54,45.0,49.25,-0.4999999999999998,-0.8660254037844388,-0.433883739117558,-0.9009688679024191,1,0,81.82
00002_18-07-2025-16.37,157.0,-40.2,98.31,-10.2,83.28,19.8,99.34,49.8,48.22,-0.4999999999999998,-0.8660254037844388,-0.433883739117558,-0.9009688679024191,1,0,67.96
00015_18-07-2025-17.17,157.0,-49.8,83.28,-19.8,99.34,10.2,48.22,40.2,34.71,-0.4999999999999998,-0.8660254037844388,-0.433883739117558,-0.9009688679024191,0,1,34.03
00009_18-07-2025-17.22,172.0,-55.2,83.28,-25.2,99.34,4.8,48.22,34.8,34.71,-0.4999999999999998,-0.8660254037844388,-0.433883739117558,-0.9009688679024191,1,0,70.49
00002_18-07-2025-18.32,157.0,-34.8,34.71,-4.8,72.64,25.2,53.66,62.4,28.57,-0.4999999999999998,-0.8660254037844388,-0.433883739117558,-0.9009688679024191,1,0,30.69
00009_18-07-2025-19.29,172.0,-61.8,72.64,-31.8,53.66,5.4,28.57,36.0,83.64,-0.4999999999999998,-0.8660254037844388,-0.433883739117558,-0.9009688679024191,1,0,61.1
00009_18-07-2025-20.22,172.0,-48.0,28.57,-17.4,83.64,4.8,42.92,45.0,85.59,-0.4999999999999998,-0.8660254037844388,-0.433883739117558,-0.9009688679024191,1,0,37.79
00005_18-07-2025-21.02,172.0,-57.0,83.64,-34.8,42.92,5.4,85.59,565.2,29.11,-0.4999999999999998,-0.8660254037844388,-0.433883739117558,-0.9009688679024191,0,1,41.99
00005_19-07-2025-07.02,172.0,-594.6,85.59,-34.8,29.11,25.2,57.91,85.2,69.21,-0.4999999999999998,-0.8660254037844388,-0.9749279121818236,-0.2225209339563146,0,1,43.09
00009_19-07-2025-08.07,172.0,-100.2,29.11,-40.2,57.91,19.8,69.21,49.8,58.65,-0.4999999999999998,-0.8660254037844388,-0.9749279121818236,-0.2225209339563146,1,0,34.21
00009_19-07-2025-09.22,172.0,-55.2,69.21,-25.2,58.65,4.8,51.88,64.8,43.46,-0.4999999999999998,-0.8660254037844388,-0.9749279121818236,-0.2225209339563146,1,0,38.42
00009_19-07-2025-09.57,172.0,-60.0,58.65,-30.0,51.88,30.0,43.46,90.0,45.38,-0.4999999999999998,-0.8660254037844388,-0.9749279121818236,-0.2225209339563146,1,0,50.08
00011_19-07-2025-10.02,182.0,-64.8,58.65,-34.8,51.88,25.2,43.46,85.2,45.38,-0.4999999999999998,-0.8660254037844388,-0.9749279121818236,-0.2225209339563146,0,1,30.51
00009_19-07-2025-11.22,172.0,-115.2,51.88,-55.2,43.46,4.8,45.38,64.8,72.46,-0.4999999999999998,-0.8660254037844388,-0.9749279121818236,-0.2225209339563146,1,0,35.22
00009_19-07-2025-12.22,172.0,-115.2,43.46,-55.2,45.38,4.8,72.46,55.8,82.74,-0.4999999999999998,-0.8660254037844388,-0.9749279121818236,-0.2225209339563146,1,0,53.83
00015_19-07-2025-14.12,157.0,-105.0,72.46,-54.0,82.74,75.0,30.14,135.0,80.64,-0.4999999999999998,-0.8660254037844388,-0.9749279121818236,-0.2225209339563146,0,1,17.64
00017_19-07-2025-14.42,179.0,-135.0,72.46,-84.0,82.74,45.0,30.14,105.0,80.64,-0.4999999999999998,-0.8660254037844388,-0.9749279121818236,-0.2225209339563146,1,0,32.65
00002_19-07-2025-16.37,157.0,-70.2,30.14,-10.2,80.64,49.8,18.92,109.8,106.77,-0.4999999999999998,-0.8660254037844388,-0.9749279121818236,-0.2225209339563146,1,0,37.96
00015_19-07-2025-17.17,157.0,-109.8,30.14,-49.8,80.64,10.2,18.92,70.2,106.77,-0.4999999999999998,-0.8660254037844388,-0.9749279121818236,-0.2225209339563146,0,1,30.09
00009_19-07-2025-19.29,172.0,-121.8,18.92,-61.8,106.77,5.4,26.53,58.2,26.48,-0.4999999999999998,-0.8660254037844388,-0.9749279121818236,-0.2225209339563146,1,0,26.35
00009_19-07-2025-20.22,172.0,-115.2,106.77,-48.0,26.53,4.8,26.48,604.8,61.35,-0.4999999999999998,-0.8660254037844388,-0.9749279121818236,-0.2225209339563146,1,0,54.99
00005_19-07-2025-21.02,172.0,-87.6,26.53,-34.8,26.48,565.2,61.35,625.2,56.99,-0.4999999999999998,-0.8660254037844388,-0.9749279121818236,-0.2225209339563146,0,1,10.0
00005_20-07-2025-07.02,172.0,-634.8,26.48,-34.8,61.35,25.2,56.99,85.2,80.44,-0.4999999999999998,-0.8660254037844388,-0.7818314824680299,0.6234898018587334,0,1,40.77
00009_20-07-2025-08.07,172.0,-100.2,61.35,-40.2,56.99,19.8,80.44,79.8,59.17,-0.4999999999999998,-0.8660254037844388,-0.7818314824680299,0.6234898018587334,1,0,45.89
00009_20-07-2025-09.22,172.0,-115.2,56.99,-55.2,80.44,4.8,59.17,64.8,49.03,-0.4999999999999998,-0.8660254037844388,-0.7818314824680299,0.6234898018587334,1,0,50.52
00009_20-07-2025-09.57,172.0,-90.0,80.44,-30.0,59.17,30.0,49.03,90.0,138.16,-0.4999999999999998,-0.8660254037844388,-0.7818314824680299,0.6234898018587334,1,0,73.56
00011_20-07-2025-10.02,182.0,-94.8,80.44,-34.8,59.17,25.2,49.03,85.2,138.16,-0.4999999999999998,-0.8660254037844388,-0.7818314824680299,0.6234898018587334,0,1,34.31
00009_20-07-2025-11.22,172.0,-115.2,59.17,-55.2,49.03,4.8,138.16,64.8,58.79,-0.4999999999999998,-0.8660254037844388,-0.7818314824680299,0.6234898018587334,1,0,76.22
00009_20-07-2025-12.22,172.0,-115.2,49.03,-55.2,138.16,4.8,58.79,55.8,55.14,-0.4999999999999998,-0.8660254037844388,-0.7818314824680299,0.6234898018587334,1,0,63.76
00009_20-07-2025-14.02,172.0,-94.8,58.79,-43.8,55.14,25.2,84.88,85.2,67.51,-0.4999999999999998,-0.8660254037844388,-0.7818314824680299,0.6234898018587334,1,0,78.48
00015_20-07-2025-14.12,157.0,-105.0,58.79,-54.0,55.14,15.0,84.88,75.0,67.51,-0.4999999999999998,-0.8660254037844388,-0.7818314824680299,0.6234898018587334,0,1,51.24
00017_20-07-2025-14.42,179.0,-84.0,55.14,-15.0,84.88,45.0,67.51,105.0,87.13,-0.4999999999999998,-0.8660254037844388,-0.7818314824680299,0.6234898018587334,1,0,79.18
00002_20-07-2025-16.37,157.0,-70.2,67.51,-10.2,87.13,19.8,74.9,49.8,61.25,-0.4999999999999998,-0.8660254037844388,-0.7818314824680299,0.6234898018587334,1,0,77.22
00015_20-07-2025-17.17,157.0,-49.8,87.13,-19.8,74.9,10.2,61.25,40.2,62.09,-0.4999999999999998,-0.8660254037844388,-0.7818314824680299,0.6234898018587334,0,1,56.38
00009_20-07-2025-17.22,172.0,-55.2,87.13,-25.2,74.9,4.8,61.25,34.8,62.09,-0.4999999999999998,-0.8660254037844388,-0.7818314824680299,0.6234898018587334,1,0,87.0
00002_20-07-2025-18.32,157.0,-34.8,62.09,-4.8,89.81,25.2,115.51,62.4,84.95,-0.4999999999999998,-0.8660254037844388,-0.7818314824680299,0.6234898018587334,1,0,76.08
00009_20-07-2025-19.29,172.0,-61.8,89.81,-31.8,115.51,5.4,84.95,36.0,67.24,-0.4999999999999998,-0.8660254037844388,-0.7818314824680299,0.6234898018587334,1,0,78.38
00009_20-07-2025-20.22,172.0,-48.0,84.95,-17.4,67.24,4.8,97.26,45.0,127.65,-0.4999999999999998,-0.8660254037844388,-0.7818314824680299,0.6234898018587334,1,0,99.57
00005_20-07-2025-21.02,172.0,-57.0,67.24,-34.8,97.26,5.4,127.65,550.2,33.03,-0.4999999999999998,-0.8660254037844388,-0.7818314824680299,0.6234898018587334,0,1,65.96
00002_21-07-2025-06.22,157.0,-555.0,127.65,-10.2,33.03,4.8,43.23,34.8,56.04,-0.4999999999999998,-0.8660254037844388,0.0,1.0,1,0,14.17
00005_21-07-2025-07.02,172.0,-34.8,43.23,-4.8,56.04,25.2,57.0,55.2,73.64,-0.4999999999999998,-0.8660254037844388,0.0,1.0,0,1,42.4
00002_21-07-2025-07.22,157.0,-55.2,43.23,-25.2,56.04,4.8,57.0,34.8,73.64,-0.4999999999999998,-0.8660254037844388,0.0,1.0,1,0,34.66
00002_21-07-2025-08.32,157.0,-34.8,73.64,-4.8,71.85,25.2,34.65,55.2,74.83,-0.4999999999999998,-0.8660254037844388,0.0,1.0,1,0,54.17
00009_21-07-2025-09.22,172.0,-55.2,71.85,-25.2,34.65,4.8,74.83,64.8,32.99,-0.4999999999999998,-0.8660254037844388,0.0,1.0,1,0,51.46
00009_21-07-2025-09.57,172.0,-60.0,34.65,-30.0,74.83,30.0,32.99,90.0,24.41,-0.4999999999999998,-0.8660254037844388,0.0,1.0,1,0,59.49
00011_21-07-2025-10.02,182.0,-64.8,34.65,-34.8,74.83,25.2,32.99,85.2,24.41,-0.4999999999999998,-0.8660254037844388,0.0,1.0,0,1,34.71
00009_21-07-2025-11.22,172.0,-115.2,74.83,-55.2,32.99,4.8,24.41,64.8,45.98,-0.4999999999999998,-0.8660254037844388,0.0,1.0,1,0,38.2
00009_21-07-2025-12.22,172.0,-115.2,32.99,-55.2,24.41,4.8,45.98,34.8,36.39,-0.4999999999999998,-0.8660254037844388,0.0,1.0,1,0,35.27
00009_21-07-2025-14.02,172.0,-64.8,36.39,-43.8,68.94,25.2,38.14,55.2,47.72,-0.4999999999999998,-0.8660254037844388,0.0,1.0,1,0,23.28
00015_21-07-2025-14.12,157.0,-75.0,36.39,-54.0,68.94,15.0,38.14,45.0,47.72,-0.4999999999999998,-0.8660254037844388,0.0,1.0,0,1,10.98
00017_21-07-2025-14.42,179.0,-84.0,68.94,-15.0,38.14,15.0,47.72,45.0,33.13,-0.4999999999999998,-0.8660254037844388,0.0,1.0,1,0,41.29
00002_21-07-2025-16.37,157.0,-40.2,38.71,-10.2,67.31,19.8,51.26,49.8,69.75,-0.4999999999999998,-0.8660254037844388,0.0,1.0,1,0,35.92
00015_21-07-2025-17.17,157.0,-49.8,67.31,-19.8,51.26,10.2,69.75,40.2,36.4,-0.4999999999999998,-0.8660254037844388,0.0,1.0,0,1,24.68
00009_21-07-2025-17.22,172.0,-55.2,67.31,-25.2,51.26,4.8,69.75,34.8,36.4,-0.4999999999999998,-0.8660254037844388,0.0,1.0,1,0,44.37
00002_21-07-2025-18.32,157.0,-34.8,36.4,-4.8,57.3,25.2,46.76,62.4,19.74,-0.4999999999999998,-0.8660254037844388,0.0,1.0,1,0,32.34
00009_21-07-2025-19.29,172.0,-61.8,57.3,-31.8,46.76,5.4,19.74,36.0,25.97,-0.4999999999999998,-0.8660254037844388,0.0,1.0,1,0,25.68
00009_21-07-2025-20.22,172.0,-48.0,19.74,-17.4,25.97,4.8,12.94,45.0,38.66,-0.4999999999999998,-0.8660254037844388,0.0,1.0,1,0,33.37
00005_21-07-2025-21.02,172.0,-57.0,25.97,-34.8,12.94,5.4,38.66,550.2,36.35,-0.4999999999999998,-0.8660254037844388,0.0,1.0,0,1,29.47
00002_22-07-2025-06.22,157.0,-555.0,38.66,-10.2,36.35,4.8,50.35,34.8,107.7,-0.4999999999999998,-0.8660254037844388,0.7818314824680298,0.6234898018587336,1,0,39.88
00005_22-07-2025-07.02,172.0,-34.8,50.35,-4.8,107.7,25.2,36.08,55.2,29.93,-0.4999999999999998,-0.8660254037844388,0.7818314824680298,0.6234898018587336,0,1,52.25
00002_22-07-2025-07.22,157.0,-55.2,50.35,-25.2,107.7,4.8,36.08,34.8,29.93,-0.4999999999999998,-0.8660254037844388,0.7818314824680298,0.6234898018587336,1,0,34.12
00002_22-07-2025-08.32,157.0,-34.8,29.93,-4.8,79.86,25.2,53.23,55.2,61.38,-0.4999999999999998,-0.8660254037844388,0.7818314824680298,0.6234898018587336,1,0,39.6
00009_22-07-2025-09.22,172.0,-55.2,79.86,-25.2,53.23,4.8,61.38,64.8,34.68,-0.4999999999999998,-0.8660254037844388,0.7818314824680298,0.6234898018587336,1,0,37.05
00009_22-07-2025-09.57,172.0,-60.0,53.23,-30.0,61.38,30.0,34.68,90.0,33.43,-0.4999999999999998,-0.8660254037844388,0.7818314824680298,0.6234898018587336,1,0,23.86
00011_22-07-2025-10.02,182.0,-64.8,53.23,-34.8,61.38,25.2,34.68,85.2,33.43,-0.4999999999999998,-0.8660254037844388,0.7818314824680298,0.6234898018587336,0,1,28.8
00009_22-07-2025-11.22,172.0,-115.2,61.38,-55.2,34.68,4.8,33.43,64.8,56.17,-0.4999999999999998,-0.8660254037844388,0.7818314824680298,0.6234898018587336,1,0,34.73
00009_22-07-2025-12.22,172.0,-115.2,34.68,-55.2,33.43,4.8,56.17,34.8,30.02,-0.4999999999999998,-0.8660254037844388,0.7818314824680298,0.6234898018587336,1,0,47.53
00009_22-07-2025-14.02,172.0,-64.8,30.02,-43.8,48.24,25.2,70.42,55.2,50.8,-0.4999999999999998,-0.8660254037844388,0.7818314824680298,0.6234898018587336,1,0,35.65
00015_22-07-2025-14.12,157.0,-75.0,30.02,-54.0,48.24,15.0,70.42,45.0,50.8,-0.4999999999999998,-0.8660254037844388,0.7818314824680298,0.6234898018587336,0,1,53.75
00017_22-07-2025-14.42,179.0,-84.0,48.24,-15.0,70.42,15.0,50.8,45.0,28.66,-0.4999999999999998,-0.8660254037844388,0.7818314824680298,0.6234898018587336,1,0,26.02
00002_22-07-2025-16.37,157.0,-40.2,28.77,-10.2,30.18,19.8,48.01,49.8,55.35,-0.4999999999999998,-0.8660254037844388,0.7818314824680298,0.6234898018587336,1,0,10.0
00015_22-07-2025-17.17,157.0,-49.8,30.18,-19.8,48.01,10.2,55.35,40.2,76.6,-0.4999999999999998,-0.8660254037844388,0.7818314824680298,0.6234898018587336,0,1,24.98
00009_22-07-2025-17.22,172.0,-55.2,30.18,-25.2,48.01,4.8,55.35,34.8,76.6,-0.4999999999999998,-0.8660254037844388,0.7818314824680298,0.6234898018587336,1,0,57.56
00002_22-07-2025-18.32,157.0,-34.8,76.6,-4.8,53.45,25.2,19.9,62.4,30.81,-0.4999999999999998,-0.8660254037844388,0.7818314824680298,0.6234898018587336,1,0,35.12
00009_22-07-2025-19.29,172.0,-61.8,53.45,-31.8,19.9,5.4,30.81,36.0,53.44,-0.4999999999999998,-0.8660254037844388,0.7818314824680298,0.6234898018587336,1,0,32.4
00009_22-07-2025-20.22,172.0,-48.0,30.81,-17.4,53.44,4.8,36.51,45.0,42.4,-0.4999999999999998,-0.8660254037844388,0.7818314824680298,0.6234898018587336,1,0,22.95
00005_22-07-2025-21.02,172.0,-57.0,53.44,-34.8,36.51,5.4,42.4,550.2,34.12,-0.4999999999999998,-0.8660254037844388,0.7818314824680298,0.6234898018587336,0,1,24.43
00002_23-07-2025-06.22,157.0,-555.0,42.4,-10.2,34.12,4.8,16.52,34.8,98.95,-0.4999999999999998,-0.8660254037844388,0.9749279121818236,-0.22252093395631434,1,0,19.24
00005_23-07-2025-07.02,172.0,-34.8,16.52,-4.8,98.95,25.2,23.99,55.2,48.62,-0.4999999999999998,-0.8660254037844388,0.9749279121818236,-0.22252093395631434,0,1,47.44
00002_23-07-2025-07.22,157.0,-55.2,16.52,-25.2,98.95,4.8,23.99,34.8,48.62,-0.4999999999999998,-0.8660254037844388,0.9749279121818236,-0.22252093395631434,1,0,26.36
00002_23-07-2025-08.32,157.0,-34.8,48.62,-4.8,69.1,25.2,49.59,55.2,60.39,-0.4999999999999998,-0.8660254037844388,0.9749279121818236,-0.22252093395631434,1,0,35.04
00009_23-07-2025-09.22,172.0,-55.2,69.1,-25.2,49.59,4.8,60.39,64.8,50.58,-0.4999999999999998,-0.8660254037844388,0.9749279121818236,-0.22252093395631434,1,0,36.38
00009_23-07-2025-09.57,172.0,-60.0,49.59,-30.0,60.39,30.0,50.58,90.0,53.6,-0.4999999999999998,-0.8660254037844388,0.9749279121818236,-0.22252093395631434,1,0,25.44
00011_23-07-2025-10.02,182.0,-64.8,49.59,-34.8,60.39,25.2,50.58,85.2,53.6,-0.4999999999999998,-0.8660254037844388,0.9749279121818236,-0.22252093395631434,0,1,51.94
00009_23-07-2025-11.22,172.0,-115.2,60.39,-55.2,50.58,4.8,53.6,64.8,44.44,-0.4999999999999998,-0.8660254037844388,0.9749279121818236,-0.22252093395631434,1,0,35.24
00009_23-07-2025-12.22,172.0,-115.2,50.58,-55.2,53.6,4.8,44.44,34.8,33.1,-0.4999999999999998,-0.8660254037844388,0.9749279121818236,-0.22252093395631434,1,0,60.11
00009_23-07-2025-14.02,172.0,-64.8,33.1,-43.8,48.24,25.2,53.29,55.2,57.28,-0.4999999999999998,-0.8660254037844388,0.9749279121818236,-0.22252093395631434,1,0,42.6
00015_23-07-2025-14.12,157.0,-75.0,33.1,-54.0,48.24,15.0,53.29,45.0,57.28,-0.4999999999999998,-0.8660254037844388,0.9749279121818236,-0.22252093395631434,0,1,28.58
00017_23-07-2025-14.42,179.0,-84.0,48.24,-15.0,53.29,15.0,57.28,45.0,29.37,-0.4999999999999998,-0.8660254037844388,0.9749279121818236,-0.22252093395631434,1,0,46.51
00002_23-07-2025-16.37,157.0,-40.2,40.7,-10.2,53.7,19.8,133.2,49.8,57.8,-0.4999999999999998,-0.8660254037844388,0.9749279121818236,-0.22252093395631434,1,0,36.72
00015_23-07-2025-17.17,157.0,-49.8,53.7,-19.8,133.2,10.2,57.8,40.2,69.88,-0.4999999999999998,-0.8660254037844388,0.9749279121818236,-0.22252093395631434,0,1,35.37
00009_23-07-2025-17.22,172.0,-55.2,53.7,-25.2,133.2,4.8,57.8,34.8,69.88,-0.4999999999999998,-0.8660254037844388,0.9749279121818236,-0.22252093395631434,1,0,26.83
00002_23-07-2025-18.32,157.0,-34.8,69.88,-4.8,73.75,25.2,113.0,62.4,27.19,-0.4999999999999998,-0.8660254037844388,0.9749279121818236,-0.22252093395631434,1,0,42.38
00009_23-07-2025-19.29,172.0,-61.8,73.75,-31.8,113.0,5.4,27.19,36.0,47.38,-0.4999999999999998,-0.8660254037844388,0.9749279121818236,-0.22252093395631434,1,0,31.85
00009_23-07-2025-20.22,172.0,-48.0,27.19,-17.4,47.38,4.8,46.05,45.0,57.42,-0.4999999999999998,-0.8660254037844388,0.9749279121818236,-0.22252093395631434,1,0,51.07
00005_23-07-2025-21.02,172.0,-57.0,47.38,-34.8,46.05,5.4,57.42,550.2,19.54,-0.4999999999999998,-0.8660254037844388,0.9749279121818236,-0.22252093395631434,0,1,55.24
00002_24-07-2025-06.22,157.0,-555.0,57.42,-10.2,19.54,4.8,33.67,34.8,43.78,-0.4999999999999998,-0.8660254037844388,0.43388373911755823,-0.900968867902419,1,0,28.29
00005_24-07-2025-07.02,172.0,-34.8,33.67,-4.8,43.78,25.2,40.85,55.2,54.12,-0.4999999999999998,-0.8660254037844388,0.43388373911755823,-0.900968867902419,0,1,51.95
00002_24-07-2025-07.22,157.0,-55.2,33.67,-25.2,43.78,4.8,40.85,34.8,54.12,-0.4999999999999998,-0.8660254037844388,0.43388373911755823,-0.900968867902419,1,0,30.94
00002_24-07-2025-08.32,157.0,-34.8,54.12,-4.8,26.27,25.2,73.26,55.2,76.95,-0.4999999999999998,-0.8660254037844388,0.43388373911755823,-0.900968867902419,1,0,48.56
00009_24-07-2025-09.22,172.0,-55.2,26.27,-25.2,73.26,4.8,76.95,64.8,55.61,-0.4999999999999998,-0.8660254037844388,0.43388373911755823,-0.900968867902419,1,0,67.93
00009_24-07-2025-09.57,172.0,-60.0,73.26,-30.0,76.95,30.0,55.61,90.0,60.52,-0.4999999999999998,-0.8660254037844388,0.43388373911755823,-0.900968867902419,1,0,51.35
00011_24-07-2025-10.02,182.0,-64.8,73.26,-34.8,76.95,25.2,55.61,85.2,60.52,-0.4999999999999998,-0.8660254037844388,0.43388373911755823,-0.900968867902419,0,1,47.26
00009_24-07-2025-11.22,172.0,-115.2,76.95,-55.2,55.61,4.8,60.52,64.8,49.67,-0.4999999999999998,-0.8660254037844388,0.43388373911755823,-0.900968867902419,1,0,56.5
00009_24-07-2025-12.22,172.0,-115.2,55.61,-55.2,60.52,4.8,49.67,34.8,54.28,-0.4999999999999998,-0.8660254037844388,0.43388373911755823,-0.900968867902419,1,0,49.69
00002_24-07-2025-16.37,157.0,-40.2,90.46,-10.2,82.91,19.8,151.09,49.8,77.93,-0.4999999999999998,-0.8660254037844388,0.43388373911755823,-0.900968867902419,1,0,46.19
00015_24-07-2025-17.17,157.0,-49.8,82.91,-19.8,151.09,10.2,77.93,40.2,57.03,-0.4999999999999998,-0.8660254037844388,0.43388373911755823,-0.900968867902419,0,1,49.49
00009_24-07-2025-17.22,172.0,-55.2,82.91,-25.2,151.09,4.8,77.93,34.8,57.03,-0.4999999999999998,-0.8660254037844388,0.43388373911755823,-0.900968867902419,1,0,73.98
00002_24-07-2025-18.32,157.0,-34.8,57.03,-4.8,77.39,25.2,84.23,62.4,41.04,-0.4999999999999998,-0.8660254037844388,0.43388373911755823,-0.900968867902419,1,0,34.26
00009_24-07-2025-19.29,172.0,-61.8,77.39,-31.8,84.23,5.4,41.04,36.0,58.21,-0.4999999999999998,-0.8660254037844388,0.43388373911755823,-0.900968867902419,1,0,54.91
00009_24-07-2025-20.22,172.0,-48.0,41.04,-17.4,58.21,4.8,41.66,45.0,65.29,-0.4999999999999998,-0.8660254037844388,0.43388373911755823,-0.900968867902419,1,0,33.5
00005_24-07-2025-21.02,172.0,-57.0,58.21,-34.8,41.66,5.4,65.29,565.2,24.53,-0.4999999999999998,-0.8660254037844388,0.43388373911755823,-0.900968867902419,0,1,29.38
00002_25-07-2025-06.22,157.0,-595.2,41.66,-555.0,65.29,4.8,24.53,34.8,51.8,-0.4999999999999998,-0.8660254037844388,-0.433883739117558,-0.9009688679024191,1,0,26.54
00005_25-07-2025-07.02,172.0,-34.8,24.53,-4.8,51.8,25.2,63.92,55.2,61.75,-0.4999999999999998,-0.8660254037844388,-0.433883739117558,-0.9009688679024191,0,1,44.63
00002_25-07-2025-07.22,157.0,-55.2,24.53,-25.2,51.8,4.8,63.92,34.8,61.75,-0.4999999999999998,-0.8660254037844388,-0.433883739117558,-0.9009688679024191,1,0,36.76
00002_25-07-2025-08.32,157.0,-64.8,63.92,-34.8,61.75,25.2,130.09,55.2,51.98,-0.4999999999999998,-0.8660254037844388,-0.433883739117558,-0.9009688679024191,1,0,21.6
00009_25-07-2025-09.22,172.0,-85.2,61.75,-25.2,130.09,4.8,51.98,64.8,54.75,-0.4999999999999998,-0.8660254037844388,-0.433883739117558,-0.9009688679024191,1,0,37.96
00009_25-07-2025-09.57,172.0,-60.0,130.09,-30.0,51.98,30.0,54.75,90.0,100.72,-0.4999999999999998,-0.8660254037844388,-0.433883739117558,-0.9009688679024191,1,0,56.87
00011_25-07-2025-10.02,182.0,-64.8,130.09,-34.8,51.98,25.2,54.75,85.2,100.72,-0.4999999999999998,-0.8660254037844388,-0.433883739117558,-0.9009688679024191,0,1,50.25
00009_25-07-2025-11.22,172.0,-115.2,51.98,-55.2,54.75,4.8,100.72,64.8,41.02,-0.4999999999999998,-0.8660254037844388,-0.433883739117558,-0.9009688679024191,1,0,83.02
00009_25-07-2025-12.22,172.0,-115.2,54.75,-55.2,100.72,4.8,41.02,34.8,79.73,-0.4999999999999998,-0.8660254037844388,-0.433883739117558,-0.9009688679024191,1,0,36.07
00009_25-07-2025-14.02,172.0,-43.8,55.14,-4.8,94.91,25.2,95.63,55.2,86.19,-0.4999999999999998,-0.8660254037844388,-0.433883739117558,-0.9009688679024191,1,0,78.39
00015_25-07-2025-14.12,157.0,-54.0,55.14,-15.0,94.91,15.0,95.63,45.0,86.19,-0.4999999999999998,-0.8660254037844388,-0.433883739117558,-0.9009688679024191,0,1,31.38
00017_25-07-2025-14.42,179.0,-45.0,94.91,-15.0,95.63,15.0,86.19,45.0,51.94,-0.4999999999999998,-0.8660254037844388,-0.433883739117558,-0.9009688679024191,1,0,89.97
00002_25-07-2025-16.37,157.0,-40.2,93.36,-10.2,76.93,19.8,103.18,49.8,62.82,-0.4999999999999998,-0.8660254037844388,-0.433883739117558,-0.9009688679024191,1,0,67.89
00015_25-07-2025-17.17,157.0,-49.8,76.93,-19.8,103.18,10.2,62.82,40.2,43.2,-0.4999999999999998,-0.8660254037844388,-0.433883739117558,-0.9009688679024191,0,1,31.39
00009_25-07-2025-17.22,172.0,-55.2,76.93,-25.2,103.18,4.8,62.82,34.8,43.2,-0.4999999999999998,-0.8660254037844388,-0.433883739117558,-0.9009688679024191,1,0,62.58
00002_25-07-2025-18.32,157.0,-34.8,43.2,-4.8,83.42,25.2,79.9,62.4,39.54,-0.4999999999999998,-0.8660254037844388,-0.433883739117558,-0.9009688679024191,1,0,39.26
00009_25-07-2025-19.29,172.0,-61.8,83.42,-31.8,79.9,5.4,39.54,36.0,67.24,-0.4999999999999998,-0.8660254037844388,-0.433883739117558,-0.9009688679024191,1,0,53.12
00009_25-07-2025-20.22,172.0,-48.0,39.54,-17.4,67.24,4.8,57.09,45.0,84.03,-0.4999999999999998,-0.8660254037844388,-0.433883739117558,-0.9009688679024191,1,0,41.58
00005_25-07-2025-21.02,172.0,-57.0,67.24,-34.8,57.09,5.4,84.03,565.2,27.92,-0.4999999999999998,-0.8660254037844388,-0.433883739117558,-0.9009688679024191,0,1,42.77
00005_26-07-2025-07.02,172.0,-594.6,84.03,-34.8,27.92,25.2,44.8,85.2,55.33,-0.4999999999999998,-0.8660254037844388,-0.9749279121818236,-0.2225209339563146,0,1,27.76
00009_26-07-2025-08.07,172.0,-100.2,27.92,-40.2,44.8,19.8,55.33,49.8,38.51,-0.4999999999999998,-0.8660254037844388,-0.9749279121818236,-0.2225209339563146,1,0,29.31
00009_26-07-2025-09.22,172.0,-55.2,55.33,-25.2,38.51,4.8,59.4,64.8,38.63,-0.4999999999999998,-0.8660254037844388,-0.9749279121818236,-0.2225209339563146,1,0,29.59
00009_26-07-2025-09.57,172.0,-60.0,38.51,-30.0,59.4,30.0,38.63,90.0,41.43,-0.4999999999999998,-0.8660254037844388,-0.9749279121818236,-0.2225209339563146,1,0,52.64
00011_26-07-2025-10.02,182.0,-64.8,38.51,-34.8,59.4,25.2,38.63,85.2,41.43,-0.4999999999999998,-0.8660254037844388,-0.9749279121818236,-0.2225209339563146,0,1,35.99
00009_26-07-2025-11.22,172.0,-115.2,59.4,-55.2,38.63,4.8,41.43,64.8,57.47,-0.4999999999999998,-0.8660254037844388,-0.9749279121818236,-0.2225209339563146,1,0,48.12
00009_26-07-2025-12.22,172.0,-115.2,38.63,-55.2,41.43,4.8,57.47,55.8,82.74,-0.4999999999999998,-0.8660254037844388,-0.9749279121818236,-0.2225209339563146,1,0,34.42
00015_26-07-2025-14.12,157.0,-105.0,57.47,-54.0,82.74,75.0,28.73,135.0,106.71,-0.4999999999999998,-0.8660254037844388,-0.9749279121818236,-0.2225209339563146,0,1,35.18
00017_26-07-2025-14.42,179.0,-135.0,57.47,-84.0,82.74,45.0,28.73,105.0,106.71,-0.4999999999999998,-0.8660254037844388,-0.9749279121818236,-0.2225209339563146,1,0,28.18
00002_26-07-2025-16.37,157.0,-70.2,28.73,-10.2,106.71,49.8,26.18,109.8,87.76,-0.4999999999999998,-0.8660254037844388,-0.9749279121818236,-0.2225209339563146,1,0,56.71
00015_26-07-2025-17.17,157.0,-109.8,28.73,-49.8,106.71,10.2,26.18,70.2,87.76,-0.4999999999999998,-0.8660254037844388,-0.9749279121818236,-0.2225209339563146,0,1,33.98
00009_26-07-2025-19.29,172.0,-121.8,26.18,-61.8,87.76,5.4,31.06,58.2,16.81,-0.4999999999999998,-0.8660254037844388,-0.9749279121818236,-0.2225209339563146,1,0,32.07
00009_26-07-2025-20.22,172.0,-115.2,87.76,-48.0,31.06,4.8,16.81,604.8,48.06,-0.4999999999999998,-0.8660254037844388,-0.9749279121818236,-0.2225209339563146,1,0,41.22
00005_26-07-2025-21.02,172.0,-87.6,31.06,-34.8,16.81,565.2,48.06,625.2,48.21,-0.4999999999999998,-0.8660254037844388,-0.9749279121818236,-0.2225209339563146,0,1,18.37
00005_27-07-2025-07.02,172.0,-634.8,16.81,-34.8,48.06,25.2,48.21,85.2,78.92,-0.4999999999999998,-0.8660254037844388,-0.7818314824680299,0.6234898018587334,0,1,52.83
00009_27-07-2025-08.07,172.0,-100.2,48.06,-40.2,48.21,19.8,78.92,79.8,61.07,-0.4999999999999998,-0.8660254037844388,-0.7818314824680299,0.6234898018587334,1,0,65.9
00009_27-07-2025-09.22,172.0,-115.2,48.21,-55.2,78.92,4.8,61.07,64.8,48.8,-0.4999999999999998,-0.8660254037844388,-0.7818314824680299,0.6234898018587334,1,0,52.21
00009_27-07-2025-09.57,172.0,-90.0,78.92,-30.0,61.07,30.0,48.8,90.0,124.28,-0.4999999999999998,-0.8660254037844388,-0.7818314824680299,0.6234898018587334,1,0,45.38
00011_27-07-2025-10.02,182.0,-94.8,78.92,-34.8,61.07,25.2,48.8,85.2,124.28,-0.4999999999999998,-0.8660254037844388,-0.7818314824680299,0.6234898018587334,0,1,46.22
00009_27-07-2025-11.22,172.0,-115.2,61.07,-55.2,48.8,4.8,124.28,64.8,63.55,-0.4999999999999998,-0.8660254037844388,-0.7818314824680299,0.6234898018587334,1,0,70.5
00009_27-07-2025-12.22,172.0,-115.2,48.8,-55.2,124.28,4.8,63.55,55.8,55.14,-0.4999999999999998,-0.8660254037844388,-0.7818314824680299,0.6234898018587334,1,0,56.26
00009_27-07-2025-14.02,172.0,-94.8,63.55,-43.8,55.14,25.2,102.29,85.2,78.05,-0.4999999999999998,-0.8660254037844388,-0.7818314824680299,0.6234898018587334,1,0,83.12
00015_27-07-2025-14.12,157.0,-105.0,63.55,-54.0,55.14,15.0,102.29,75.0,78.05,-0.4999999999999998,-0.8660254037844388,-0.7818314824680299,0.6234898018587334,0,1,41.36
00017_27-07-2025-14.42,179.0,-84.0,55.14,-15.0,102.29,45.0,78.05,105.0,74.32,-0.4999999999999998,-0.8660254037844388,-0.7818314824680299,0.6234898018587334,1,0,81.18
00002_27-07-2025-16.37,157.0,-70.2,78.05,-10.2,74.32,19.8,78.34,49.8,61.36,-0.4999999999999998,-0.8660254037844388,-0.7818314824680299,0.6234898018587334,1,0,100.72
00015_27-07-2025-17.17,157.0,-49.8,74.32,-19.8,78.34,10.2,61.36,40.2,56.34,-0.4999999999999998,-0.8660254037844388,-0.7818314824680299,0.6234898018587334,0,1,32.06
00009_27-07-2025-17.22,172.0,-55.2,74.32,-25.2,78.34,4.8,61.36,34.8,56.34,-0.4999999999999998,-0.8660254037844388,-0.7818314824680299,0.6234898018587334,1,0,81.32
00002_27-07-2025-18.32,157.0,-34.8,56.34,-4.8,114.56,25.2,95.69,62.4,82.04,-0.4999999999999998,-0.8660254037844388,-0.7818314824680299,0.6234898018587334,1,0,102.8
00009_27-07-2025-19.29,172.0,-61.8,114.56,-31.8,95.69,5.4,82.04,36.0,63.25,-0.4999999999999998,-0.8660254037844388,-0.7818314824680299,0.6234898018587334,1,0,90.42
00009_27-07-2025-20.22,172.0,-48.0,82.04,-17.4,63.25,4.8,78.39,45.0,121.75,-0.4999999999999998,-0.8660254037844388,-0.7818314824680299,0.6234898018587334,1,0,86.76
00005_27-07-2025-21.02,172.0,-57.0,63.25,-34.8,78.39,5.4,121.75,550.2,29.54,-0.4999999999999998,-0.8660254037844388,-0.7818314824680299,0.6234898018587334,0,1,81.92
00002_28-07-2025-06.22,157.0,-555.0,121.75,-10.2,29.54,4.8,44.32,34.8,51.06,-0.4999999999999998,-0.8660254037844388,0.0,1.0,1,0,30.32
00005_28-07-2025-07.02,172.0,-34.8,44.32,-4.8,51.06,25.2,49.73,55.2,55.32,-0.4999999999999998,-0.8660254037844388,0.0,1.0,0,1,25.64
00002_28-07-2025-07.22,157.0,-55.2,44.32,-25.2,51.06,4.8,49.73,34.8,55.32,-0.4999999999999998,-0.8660254037844388,0.0,1.0,1,0,37.14
00002_28-07-2025-08.32,157.0,-34.8,55.32,-4.8,63.44,25.2,56.13,55.2,73.12,-0.4999999999999998,-0.8660254037844388,0.0,1.0,1,0,33.15
00009_28-07-2025-09.22,172.0,-55.2,63.44,-25.2,56.13,4.8,73.12,64.8,33.07,-0.4999999999999998,-0.8660254037844388,0.0,1.0,1,0,55.64
00009_28-07-2025-09.57,172.0,-60.0,56.13,-30.0,73.12,30.0,33.07,90.0,37.73,-0.4999999999999998,-0.8660254037844388,0.0,1.0,1,0,42.91
00011_28-07-2025-10.02,182.0,-64.8,56.13,-34.8,73.12,25.2,33.07,85.2,37.73,-0.4999999999999998,-0.8660254037844388,0.0,1.0,0,1,35.56
00009_28-07-2025-11.22,172.0,-115.2,73.12,-55.2,33.07,4.8,37.73,64.8,52.18,-0.4999999999999998,-0.8660254037844388,0.0,1.0,1,0,39.16
00009_28-07-2025-12.22,172.0,-115.2,33.07,-55.2,37.73,4.8,52.18,34.8,31.96,-0.4999999999999998,-0.8660254037844388,0.0,1.0,1,0,18.32
00009_28-07-2025-14.02,172.0,-64.8,31.96,-43.8,68.94,25.2,30.63,55.2,43.78,-0.4999999999999998,-0.8660254037844388,0.0,1.0,1,0,34.8
00015_28-07-2025-14.12,157.0,-75.0,31.96,-54.0,68.94,15.0,30.63,45.0,43.78,-0.4999999999999998,-0.8660254037844388,0.0,1.0,0,1,37.14
00017_28-07-2025-14.42,179.0,-84.0,68.94,-15.0,30.63,15.0,43.78,45.0,35.53,-0.4999999999999998,-0.8660254037844388,0.0,1.0,1,0,54.62
00002_28-07-2025-16.37,157.0,-40.2,50.61,-10.2,74.03,19.8,45.09,49.8,75.34,-0.4999999999999998,-0.8660254037844388,0.0,1.0,1,0,56.63
00015_28-07-2025-17.17,157.0,-49.8,74.03,-19.8,45.09,10.2,75.34,40.2,38.87,-0.4999999999999998,-0.8660254037844388,0.0,1.0,0,1,22.15
00009_28-07-2025-17.22,172.0,-55.2,74.03,-25.2,45.09,4.8,75.34,34.8,38.87,-0.4999999999999998,-0.8660254037844388,0.0,1.0,1,0,35.93
00002_28-07-2025-18.32,157.0,-34.8,38.87,-4.8,68.63,25.2,39.53,62.4,15.0,-0.4999999999999998,-0.8660254037844388,0.0,1.0,1,0,22.82
00009_28-07-2025-19.29,172.0,-61.8,68.63,-31.8,39.53,5.4,15.0,36.0,29.55,-0.4999999999999998,-0.8660254037844388,0.0,1.0,1,0,59.02
00009_28-07-2025-20.22,172.0,-48.0,15.0,-17.4,29.55,4.8,25.81,45.0,42.51,-0.4999999999999998,-0.8660254037844388,0.0,1.0,1,0,37.36
00005_28-07-2025-21.02,172.0,-57.0,29.55,-34.8,25.81,5.4,42.51,550.2,35.29,-0.4999999999999998,-0.8660254037844388,0.0,1.0,0,1,31.9
00002_29-07-2025-06.22,157.0,-555.0,42.51,-10.2,35.29,4.8,38.17,34.8,111.92,-0.4999999999999998,-0.8660254037844388,0.7818314824680298,0.6234898018587336,1,0,43.9
00005_29-07-2025-07.02,172.0,-34.8,38.17,-4.8,111.92,25.2,46.0,55.2,26.56,-0.4999999999999998,-0.8660254037844388,0.7818314824680298,0.6234898018587336,0,1,68.41
00002_29-07-2025-07.22,157.0,-55.2,38.17,-25.2,111.92,4.8,46.0,34.8,26.56,-0.4999999999999998,-0.8660254037844388,0.7818314824680298,0.6234898018587336,1,0,68.59
00002_29-07-2025-08.32,157.0,-34.8,26.56,-4.8,68.67,25.2,46.45,55.2,72.04,-0.4999999999999998,-0.8660254037844388,0.7818314824680298,0.6234898018587336,1,0,37.52
00009_29-07-2025-09.22,172.0,-55.2,68.67,-25.2,46.45,4.8,72.04,64.8,34.12,-0.4999999999999998,-0.8660254037844388,0.7818314824680298,0.6234898018587336,1,0,39.73
00009_29-07-2025-09.57,172.0,-60.0,46.45,-30.0,72.04,30.0,34.12,90.0,45.03,-0.4999999999999998,-0.8660254037844388,0.7818314824680298,0.6234898018587336,1,0,30.8
00011_29-07-2025-10.02,182.0,-64.8,46.45,-34.8,72.04,25.2,34.12,85.2,45.03,-0.4999999999999998,-0.8660254037844388,0.7818314824680298,0.6234898018587336,0,1,27.37
00009_29-07-2025-11.22,172.0,-115.2,72.04,-55.2,34.12,4.8,45.03,64.8,34.67,-0.4999999999999998,-0.8660254037844388,0.7818314824680298,0.6234898018587336,1,0,37.52
00009_29-07-2025-12.22,172.0,-115.2,34.12,-55.2,45.03,4.8,34.67,34.8,40.03,-0.4999999999999998,-0.8660254037844388,0.7818314824680298,0.6234898018587336,1,0,24.09
00009_29-07-2025-14.02,172.0,-64.8,40.03,-43.8,48.24,25.2,69.31,55.2,48.83,-0.4999999999999998,-0.8660254037844388,0.7818314824680298,0.6234898018587336,1,0,30.66
00015_29-07-2025-14.12,157.0,-75.0,40.03,-54.0,48.24,15.0,69.31,45.0,48.83,-0.4999999999999998,-0.8660254037844388,0.7818314824680298,0.6234898018587336,0,1,40.42
00017_29-07-2025-14.42,179.0,-84.0,48.24,-15.0,69.31,15.0,48.83,45.0,28.27,-0.4999999999999998,-0.8660254037844388,0.7818314824680298,0.6234898018587336,1,0,48.39
00002_29-07-2025-16.37,157.0,-40.2,33.58,-10.2,39.26,19.8,54.87,49.8,61.48,-0.4999999999999998,-0.8660254037844388,0.7818314824680298,0.6234898018587336,1,0,25.94
00015_29-07-2025-17.17,157.0,-49.8,39.26,-19.8,54.87,10.2,61.48,40.2,57.43,-0.4999999999999998,-0.8660254037844388,0.7818314824680298,0.6234898018587336,0,1,34.09
00009_29-07-2025-17.22,172.0,-55.2,39.26,-25.2,54.87,4.8,61.48,34.8,57.43,-0.4999999999999998,-0.8660254037844388,0.7818314824680298,0.6234898018587336,1,0,52.92
00002_29-07-2025-18.32,157.0,-34.8,57.43,-4.8,51.15,25.2,49.15,62.4,28.29,-0.4999999999999998,-0.8660254037844388,0.7818314824680298,0.6234898018587336,1,0,32.68
00009_29-07-2025-19.29,172.0,-61.8,51.15,-31.8,49.15,5.4,28.29,36.0,52.34,-0.4999999999999998,-0.8660254037844388,0.7818314824680298,0.6234898018587336,1,0,26.7
00009_29-07-2025-20.22,172.0,-48.0,28.29,-17.4,52.34,4.8,27.45,45.0,31.79,-0.4999999999999998,-0.8660254037844388,0.7818314824680298,0.6234898018587336,1,0,27.67
00005_29-07-2025-21.02,172.0,-57.0,52.34,-34.8,27.45,5.4,31.79,550.2,33.02,-0.4999999999999998,-0.8660254037844388,0.7818314824680298,0.6234898018587336,0,1,21.72
00002_30-07-2025-06.22,157.0,-555.0,31.79,-10.2,33.02,4.8,31.16,34.8,84.17,-0.4999999999999998,-0.8660254037844388,0.9749279121818236,-0.22252093395631434,1,0,23.02
00005_30-07-2025-07.02,172.0,-34.8,31.16,-4.8,84.17,25.2,26.7,55.2,61.39,-0.4999999999999998,-0.8660254037844388,0.9749279121818236,-0.22252093395631434,0,1,57.29
00002_30-07-2025-07.22,157.0,-55.2,31.16,-25.2,84.17,4.8,26.7,34.8,61.39,-0.4999999999999998,-0.8660254037844388,0.9749279121818236,-0.22252093395631434,1,0,27.21
00002_30-07-2025-08.32,157.0,-34.8,61.39,-4.8,79.25,25.2,74.72,55.2,79.97,-0.4999999999999998,-0.8660254037844388,0.9749279121818236,-0.22252093395631434,1,0,33.34
00009_30-07-2025-09.22,172.0,-55.2,79.25,-25.2,74.72,4.8,79.97,64.8,41.7,-0.4999999999999998,-0.8660254037844388,0.9749279121818236,-0.22252093395631434,1,0,39.64
00009_30-07-2025-09.57,172.0,-60.0,74.72,-30.0,79.97,30.0,41.7,90.0,40.24,-0.4999999999999998,-0.8660254037844388,0.9749279121818236,-0.22252093395631434,1,0,41.01
00011_30-07-2025-10.02,182.0,-64.8,74.72,-34.8,79.97,25.2,41.7,85.2,40.24,-0.4999999999999998,-0.8660254037844388,0.9749279121818236,-0.22252093395631434,0,1,42.71
00009_30-07-2025-11.22,172.0,-115.2,79.97,-55.2,41.7,4.8,40.24,64.8,49.76,-0.4999999999999998,-0.8660254037844388,0.9749279121818236,-0.22252093395631434,1,0,51.81
00009_30-07-2025-12.22,172.0,-115.2,41.7,-55.2,40.24,4.8,49.76,34.8,46.84,-0.4999999999999998,-0.8660254037844388,0.9749279121818236,-0.22252093395631434,1,0,40.66
00009_30-07-2025-14.02,172.0,-64.8,46.84,-43.8,48.24,25.2,35.47,55.2,62.18,-0.4999999999999998,-0.8660254037844388,0.9749279121818236,-0.22252093395631434,1,0,40.44
00015_30-07-2025-14.12,157.0,-75.0,46.84,-54.0,48.24,15.0,35.47,45.0,62.18,-0.4999999999999998,-0.8660254037844388,0.9749279121818236,-0.22252093395631434,0,1,43.33
00017_30-07-2025-14.42,179.0,-84.0,48.24,-15.0,35.47,15.0,62.18,45.0,32.3,-0.4999999999999998,-0.8660254037844388,0.9749279121818236,-0.22252093395631434,1,0,54.95
00002_30-07-2025-16.37,157.0,-40.2,37.51,-10.2,63.3,19.8,131.88,49.8,45.85,-0.4999999999999998,-0.8660254037844388,0.9749279121818236,-0.22252093395631434,1,0,55.59
00015_30-07-2025-17.17,157.0,-49.8,63.3,-19.8,131.88,10.2,45.85,40.2,58.81,-0.4999999999999998,-0.8660254037844388,0.9749279121818236,-0.22252093395631434,0,1,38.94
00009_30-07-2025-17.22,172.0,-55.2,63.3,-25.2,131.88,4.8,45.85,34.8,58.81,-0.4999999999999998,-0.8660254037844388,0.9749279121818236,-0.22252093395631434,1,0,35.09
00002_30-07-2025-18.32,157.0,-34.8,58.81,-4.8,69.81,25.2,112.71,62.4,29.53,-0.4999999999999998,-0.8660254037844388,0.9749279121818236,-0.22252093395631434,1,0,45.33
00009_30-07-2025-19.29,172.0,-61.8,69.81,-31.8,112.71,5.4,29.53,36.0,66.32,-0.4999999999999998,-0.8660254037844388,0.9749279121818236,-0.22252093395631434,1,0,25.21
00009_30-07-2025-20.22,172.0,-48.0,29.53,-17.4,66.32,4.8,55.14,45.0,61.87,-0.4999999999999998,-0.8660254037844388,0.9749279121818236,-0.22252093395631434,1,0,54.32
00005_30-07-2025-21.02,172.0,-57.0,66.32,-34.8,55.14,5.4,61.87,550.2,35.6,-0.4999999999999998,-0.8660254037844388,0.9749279121818236,-0.22252093395631434,0,1,40.1
00002_31-07-2025-06.22,157.0,-555.0,61.87,-10.2,35.6,4.8,34.62,34.8,56.17,-0.4999999999999998,-0.8660254037844388,0.43388373911755823,-0.900968867902419,1,0,31.78
00005_31-07-2025-07.02,172.0,-34.8,34.62,-4.8,56.17,25.2,53.59,55.2,21.8,-0.4999999999999998,-0.8660254037844388,0.43388373911755823,-0.900968867902419,0,1,60.14
00002_31-07-2025-07.22,157.0,-55.2,34.62,-25.2,56.17,4.8,53.59,34.8,21.8,-0.4999999999999998,-0.8660254037844388,0.43388373911755823,-0.900968867902419,1,0,33.53
00002_31-07-2025-08.32,157.0,-34.8,21.8,-4.8,48.86,25.2,60.13,55.2,53.95,-0.4999999999999998,-0.8660254037844388,0.43388373911755823,-0.900968867902419,1,0,46.78
00009_31-07-2025-09.22,172.0,-55.2,48.86,-25.2,60.13,4.8,53.95,64.8,51.07,-0.4999999999999998,-0.8660254037844388,0.43388373911755823,-0.900968867902419,1,0,56.07
00009_31-07-2025-09.57,172.0,-60.0,60.13,-30.0,53.95,30.0,51.07,90.0,73.58,-0.4999999999999998,-0.8660254037844388,0.43388373911755823,-0.900968867902419,1,0,39.58
00011_31-07-2025-10.02,182.0,-64.8,60.13,-34.8,53.95,25.2,51.07,85.2,73.58,-0.4999999999999998,-0.8660254037844388,0.43388373911755823,-0.900968867902419,0,1,67.77
00009_31-07-2025-11.22,172.0,-115.2,53.95,-55.2,51.07,4.8,73.58,64.8,44.21,-0.4999999999999998,-0.8660254037844388,0.43388373911755823,-0.900968867902419,1,0,50.75
00009_31-07-2025-12.22,172.0,-115.2,51.07,-55.2,73.58,4.8,44.21,34.8,72.51,-0.4999999999999998,-0.8660254037844388,0.43388373911755823,-0.900968867902419,1,0,51.57
00002_31-07-2025-16.37,157.0,-40.2,75.72,-10.2,82.08,19.8,160.0,49.8,79.54,-0.4999999999999998,-0.8660254037844388,0.43388373911755823,-0.900968867902419,1,0,54.53
00015_31-07-2025-17.17,157.0,-49.8,82.08,-19.8,160.0,10.2,79.54,40.2,69.82,-0.4999999999999998,-0.8660254037844388,0.43388373911755823,-0.900968867902419,0,1,53.05
00009_31-07-2025-17.22,172.0,-55.2,82.08,-25.2,160.0,4.8,79.54,34.8,69.82,-0.4999999999999998,-0.8660254037844388,0.43388373911755823,-0.900968867902419,1,0,75.67
00002_31-07-2025-18.32,157.0,-34.8,69.82,-4.8,79.03,25.2,84.99,62.4,29.77,-0.4999999999999998,-0.8660254037844388,0.43388373911755823,-0.900968867902419,1,0,63.02
00009_31-07-2025-19.29,172.0,-61.8,79.03,-31.8,84.99,5.4,29.77,36.0,57.41,-0.4999999999999998,-0.8660254037844388,0.43388373911755823,-0.900968867902419,1,0,45.64
00009_31-07-2025-20.22,172.0,-48.0,29.77,-17.4,57.41,4.8,66.43,45.0,57.69,-0.4999999999999998,-0.8660254037844388,0.43388373911755823,-0.900968867902419,1,0,32.35
00005_31-07-2025-21.02,172.0,-57.0,57.41,-34.8,66.43,5.4,57.69,565.2,20.1,-0.4999999999999998,-0.8660254037844388,0.43388373911755823,-0.900968867902419,0,1,41.31
00002_01-08-2025-06.22,157.0,-595.2,66.43,-555.0,57.69,4.8,20.1,34.8,47.61,-0.8660254037844384,-0.5000000000000004,-0.433883739117558,-0.9009688679024191,1,0,20.79
00005_01-08-2025-07.02,172.0,-34.8,20.1,-4.8,47.61,25.2,69.73,55.2,44.01,-0.8660254037844384,-0.5000000000000004,-0.433883739117558,-0.9009688679024191,0,1,49.42
00002_01-08-2025-07.22,157.0,-55.2,20.1,-25.2,47.61,4.8,69.73,34.8,44.01,-0.8660254037844384,-0.5000000000000004,-0.433883739117558,-0.9009688679024191,1,0,40.88
00002_01-08-2025-08.32,157.0,-64.8,69.73,-34.8,44.01,25.2,108.83,55.2,70.8,-0.8660254037844384,-0.5000000000000004,-0.433883739117558,-0.9009688679024191,1,0,15.65
00009_01-08-2025-09.22,172.0,-85.2,44.01,-25.2,108.83,4.8,70.8,64.8,75.51,-0.8660254037844384,-0.5000000000000004,-0.433883739117558,-0.9009688679024191,1,0,57.55
00009_01-08-2025-09.57,172.0,-60.0,108.83,-30.0,70.8,30.0,75.51,90.0,110.84,-0.8660254037844384,-0.5000000000000004,-0.433883739117558,-0.9009688679024191,1,0,62.46
00011_01-08-2025-10.02,182.0,-64.8,108.83,-34.8,70.8,25.2,75.51,85.2,110.84,-0.8660254037844384,-0.5000000000000004,-0.433883739117558,-0.9009688679024191,0,1,55.19
00009_01-08-2025-11.22,172.0,-115.2,70.8,-55.2,75.51,4.8,110.84,64.8,40.09,-0.8660254037844384,-0.5000000000000004,-0.433883739117558,-0.9009688679024191,1,0,28.13
00009_01-08-2025-12.22,172.0,-115.2,75.51,-55.2,110.84,4.8,40.09,34.8,78.41,-0.8660254037844384,-0.5000000000000004,-0.433883739117558,-0.9009688679024191,1,0,17.28
00009_01-08-2025-14.02,172.0,-43.8,55.14,-4.8,72.85,25.2,95.43,55.2,95.59,-0.8660254037844384,-0.5000000000000004,-0.433883739117558,-0.9009688679024191,1,0,50.82
00015_01-08-2025-14.12,157.0,-54.0,55.14,-15.0,72.85,15.0,95.43,45.0,95.59,-0.8660254037844384,-0.5000000000000004,-0.433883739117558,-0.9009688679024191,0,1,57.05
00017_01-08-2025-14.42,179.0,-45.0,72.85,-15.0,95.43,15.0,95.59,45.0,55.34,-0.8660254037844384,-0.5000000000000004,-0.433883739117558,-0.9009688679024191,1,0,93.87
00002_01-08-2025-16.37,157.0,-40.2,89.91,-10.2,73.72,19.8,96.72,49.8,53.05,-0.8660254037844384,-0.5000000000000004,-0.433883739117558,-0.9009688679024191,1,0,46.56
00015_01-08-2025-17.17,157.0,-49.8,73.72,-19.8,96.72,10.2,53.05,40.2,66.18,-0.8660254037844384,-0.5000000000000004,-0.433883739117558,-0.9009688679024191,0,1,44.76
00009_01-08-2025-17.22,172.0,-55.2,73.72,-25.2,96.72,4.8,53.05,34.8,66.18,-0.8660254037844384,-0.5000000000000004,-0.433883739117558,-0.9009688679024191,1,0,81.84
00002_01-08-2025-18.32,157.0,-34.8,66.18,-4.8,87.94,25.2,80.43,62.4,30.39,-0.8660254037844384,-0.5000000000000004,-0.433883739117558,-0.9009688679024191,1,0,42.17
00009_01-08-2025-19.29,172.0,-61.8,87.94,-31.8,80.43,5.4,30.39,36.0,69.05,-0.8660254037844384,-0.5000000000000004,-0.433883739117558,-0.9009688679024191,1,0,43.56
00009_01-08-2025-20.22,172.0,-48.0,30.39,-17.4,69.05,4.8,52.26,45.0,95.32,-0.8660254037844384,-0.5000000000000004,-0.433883739117558,-0.9009688679024191,1,0,36.59
00005_01-08-2025-21.02,172.0,-57.0,69.05,-34.8,52.26,5.4,95.32,565.2,26.23,-0.8660254037844384,-0.5000000000000004,-0.433883739117558,-0.9009688679024191,0,1,44.7
00005_02-08-2025-07.02,172.0,-594.6,95.32,-34.8,26.23,25.2,41.98,85.2,34.93,-0.8660254037844384,-0.5000000000000004,-0.9749279121818236,-0.2225209339563146,0,1,48.3
00009_02-08-2025-08.07,172.0,-100.2,26.23,-40.2,41.98,19.8,34.93,49.8,68.47,-0.8660254037844384,-0.5000000000000004,-0.9749279121818236,-0.2225209339563146,1,0,34.07
00009_02-08-2025-09.22,172.0,-55.2,34.93,-25.2,68.47,4.8,49.27,64.8,47.23,-0.8660254037844384,-0.5000000000000004,-0.9749279121818236,-0.2225209339563146,1,0,46.03
00009_02-08-2025-09.57,172.0,-60.0,68.47,-30.0,49.27,30.0,47.23,90.0,56.18,-0.8660254037844384,-0.5000000000000004,-0.9749279121818236,-0.2225209339563146,1,0,46.1
00011_02-08-2025-10.02,182.0,-64.8,68.47,-34.8,49.27,25.2,47.23,85.2,56.18,-0.8660254037844384,-0.5000000000000004,-0.9749279121818236,-0.2225209339563146,0,1,18.41
00009_02-08-2025-11.22,172.0,-115.2,49.27,-55.2,47.23,4.8,56.18,64.8,42.87,-0.8660254037844384,-0.5000000000000004,-0.9749279121818236,-0.2225209339563146,1,0,49.73
00009_02-08-2025-12.22,172.0,-115.2,47.23,-55.2,56.18,4.8,42.87,55.8,82.74,-0.8660254037844384,-0.5000000000000004,-0.9749279121818236,-0.2225209339563146,1,0,27.43
00015_02-08-2025-14.12,157.0,-105.0,42.87,-54.0,82.74,75.0,27.59,135.0,82.01,-0.8660254037844384,-0.5000000000000004,-0.9749279121818236,-0.2225209339563146,0,1,18.7
00017_02-08-2025-14.42,179.0,-135.0,42.87,-84.0,82.74,45.0,27.59,105.0,82.01,-0.8660254037844384,-0.5000000000000004,-0.9749279121818236,-0.2225209339563146,1,0,28.8
00002_02-08-2025-16.37,157.0,-70.2,27.59,-10.2,82.01,49.8,19.94,109.8,118.46,-0.8660254037844384,-0.5000000000000004,-0.9749279121818236,-0.2225209339563146,1,0,34.8
00015_02-08-2025-17.17,157.0,-109.8,27.59,-49.8,82.01,10.2,19.94,70.2,118.46,-0.8660254037844384,-0.5000000000000004,-0.9749279121818236,-0.2225209339563146,0,1,26.82
00009_02-08-2025-19.29,172.0,-121.8,19.94,-61.8,118.46,5.4,28.98,58.2,33.4,-0.8660254037844384,-0.5000000000000004,-0.9749279121818236,-0.2225209339563146,1,0,24.73
00009_02-08-2025-20.22,172.0,-115.2,118.46,-48.0,28.98,4.8,33.4,604.8,53.66,-0.8660254037844384,-0.5000000000000004,-0.9749279121818236,-0.2225209339563146,1,0,28.92
00005_02-08-2025-21.02,172.0,-87.6,28.98,-34.8,33.4,565.2,53.66,625.2,65.76,-0.8660254037844384,-0.5000000000000004,-0.9749279121818236,-0.2225209339563146,0,1,15.17
00005_03-08-2025-07.02,172.0,-634.8,33.4,-34.8,53.66,25.2,65.76,85.2,88.91,-0.8660254037844384,-0.5000000000000004,-0.7818314824680299,0.6234898018587334,0,1,48.22
00009_03-08-2025-08.07,172.0,-100.2,53.66,-40.2,65.76,19.8,88.91,79.8,50.14,-0.8660254037844384,-0.5000000000000004,-0.7818314824680299,0.6234898018587334,1,0,67.46
00009_03-08-2025-09.22,172.0,-115.2,65.76,-55.2,88.91,4.8,50.14,64.8,51.76,-0.8660254037844384,-0.5000000000000004,-0.7818314824680299,0.6234898018587334,1,0,33.79
00009_03-08-2025-09.57,172.0,-90.0,88.91,-30.0,50.14,30.0,51.76,90.0,127.44,-0.8660254037844384,-0.5000000000000004,-0.7818314824680299,0.6234898018587334,1,0,44.75
00011_03-08-2025-10.02,182.0,-94.8,88.91,-34.8,50.14,25.2,51.76,85.2,127.44,-0.8660254037844384,-0.5000000000000004,-0.7818314824680299,0.6234898018587334,0,1,31.07
00009_03-08-2025-11.22,172.0,-115.2,50.14,-55.2,51.76,4.8,127.44,64.8,51.97,-0.8660254037844384,-0.5000000000000004,-0.7818314824680299,0.6234898018587334,1,0,62.67
00009_03-08-2025-12.22,172.0,-115.2,51.76,-55.2,127.44,4.8,51.97,55.8,55.14,-0.8660254037844384,-0.5000000000000004,-0.7818314824680299,0.6234898018587334,1,0,49.45
00009_03-08-2025-14.02,172.0,-94.8,51.97,-43.8,55.14,25.2,86.93,85.2,56.48,-0.8660254037844384,-0.5000000000000004,-0.7818314824680299,0.6234898018587334,1,0,86.35
00015_03-08-2025-14.12,157.0,-105.0,51.97,-54.0,55.14,15.0,86.93,75.0,56.48,-0.8660254037844384,-0.5000000000000004,-0.7818314824680299,0.6234898018587334,0,1,49.05
00017_03-08-2025-14.42,179.0,-84.0,55.14,-15.0,86.93,45.0,56.48,105.0,100.15,-0.8660254037844384,-0.5000000000000004,-0.7818314824680299,0.6234898018587334,1,0,65.21
00002_03-08-2025-16.37,157.0,-70.2,56.48,-10.2,100.15,19.8,57.54,49.8,61.36,-0.8660254037844384,-0.5000000000000004,-0.7818314824680299,0.6234898018587334,1,0,72.36
00015_03-08-2025-17.17,157.0,-49.8,100.15,-19.8,57.54,10.2,61.36,40.2,86.44,-0.8660254037844384,-0.5000000000000004,-0.7818314824680299,0.6234898018587334,0,1,51.31
00009_03-08-2025-17.22,172.0,-55.2,100.15,-25.2,57.54,4.8,61.36,34.8,86.44,-0.8660254037844384,-0.5000000000000004,-0.7818314824680299,0.6234898018587334,1,0,91.44
00002_03-08-2025-18.32,157.0,-34.8,86.44,-4.8,81.55,25.2,120.29,62.4,80.09,-0.8660254037844384,-0.5000000000000004,-0.7818314824680299,0.6234898018587334,1,0,78.62
00009_03-08-2025-19.29,172.0,-61.8,81.55,-31.8,120.29,5.4,80.09,36.0,55.3,-0.8660254037844384,-0.5000000000000004,-0.7818314824680299,0.6234898018587334,1,0,93.08
00009_03-08-2025-20.22,172.0,-48.0,80.09,-17.4,55.3,4.8,74.34,45.0,127.9,-0.8660254037844384,-0.5000000000000004,-0.7818314824680299,0.6234898018587334,1,0,89.95
00005_03-08-2025-21.02,172.0,-57.0,55.3,-34.8,74.34,5.4,127.9,550.2,29.67,-0.8660254037844384,-0.5000000000000004,-0.7818314824680299,0.6234898018587334,0,1,63.49
00002_04-08-2025-06.22,157.0,-555.0,127.9,-10.2,29.67,4.8,51.44,34.8,60.46,-0.8660254037844384,-0.5000000000000004,0.0,1.0,1,0,27.56
00005_04-08-2025-07.02,172.0,-34.8,51.44,-4.8,60.46,25.2,57.8,55.2,79.13,-0.8660254037844384,-0.5000000000000004,0.0,1.0,0,1,36.85
00002_04-08-2025-07.22,157.0,-55.2,51.44,-25.2,60.46,4.8,57.8,34.8,79.13,-0.8660254037844384,-0.5000000000000004,0.0,1.0,1,0,37.88
00002_04-08-2025-08.32,157.0,-34.8,79.13,-4.8,66.12,25.2,47.14,55.2,71.37,-0.8660254037844384,-0.5000000000000004,0.0,1.0,1,0,32.0
00009_04-08-2025-09.22,172.0,-55.2,66.12,-25.2,47.14,4.8,71.37,64.8,33.12,-0.8660254037844384,-0.5000000000000004,0.0,1.0,1,0,63.69
00009_04-08-2025-09.57,172.0,-60.0,47.14,-30.0,71.37,30.0,33.12,90.0,42.62,-0.8660254037844384,-0.5000000000000004,0.0,1.0,1,0,36.79
00011_04-08-2025-10.02,182.0,-64.8,47.14,-34.8,71.37,25.2,33.12,85.2,42.62,-0.8660254037844384,-0.5000000000000004,0.0,1.0,0,1,27.9
00009_04-08-2025-11.22,172.0,-115.2,71.37,-55.2,33.12,4.8,42.62,64.8,50.9,-0.8660254037844384,-0.5000000000000004,0.0,1.0,1,0,39.61
00009_04-08-2025-12.22,172.0,-115.2,33.12,-55.2,42.62,4.8,50.9,34.8,35.11,-0.8660254037844384,-0.5000000000000004,0.0,1.0,1,0,45.09
00009_04-08-2025-14.02,172.0,-64.8,35.11,-43.8,68.94,25.2,34.48,55.2,53.22,-0.8660254037844384,-0.5000000000000004,0.0,1.0,1,0,52.99
00015_04-08-2025-14.12,157.0,-75.0,35.11,-54.0,68.94,15.0,34.48,45.0,53.22,-0.8660254037844384,-0.5000000000000004,0.0,1.0,0,1,28.76
00017_04-08-2025-14.42,179.0,-84.0,68.94,-15.0,34.48,15.0,53.22,45.0,32.01,-0.8660254037844384,-0.5000000000000004,0.0,1.0,1,0,58.34
00002_04-08-2025-16.37,157.0,-40.2,39.51,-10.2,81.01,19.8,53.14,49.8,73.53,-0.8660254037844384,-0.5000000000000004,0.0,1.0,1,0,37.64
00015_04-08-2025-17.17,157.0,-49.8,81.01,-19.8,53.14,10.2,73.53,40.2,37.8,-0.8660254037844384,-0.5000000000000004,0.0,1.0,0,1,17.15
00009_04-08-2025-17.22,172.0,-55.2,81.01,-25.2,53.14,4.8,73.53,34.8,37.8,-0.8660254037844384,-0.5000000000000004,0.0,1.0,1,0,68.49
00002_04-08-2025-18.32,157.0,-34.8,37.8,-4.8,53.55,25.2,38.07,62.4,20.47,-0.8660254037844384,-0.5000000000000004,0.0,1.0,1,0,36.56
00009_04-08-2025-19.29,172.0,-61.8,53.55,-31.8,38.07,5.4,20.47,36.0,20.66,-0.8660254037844384,-0.5000000000000004,0.0,1.0,1,0,41.11
00009_04-08-2025-20.22,172.0,-48.0,20.47,-17.4,20.66,4.8,25.67,45.0,37.04,-0.8660254037844384,-0.5000000000000004,0.0,1.0,1,0,10.86
00005_04-08-2025-21.02,172.0,-57.0,20.66,-34.8,25.67,5.4,37.04,550.2,34.96,-0.8660254037844384,-0.5000000000000004,0.0,1.0,0,1,20.77
00002_05-08-2025-06.22,157.0,-555.0,37.04,-10.2,34.96,4.8,36.32,34.8,123.39,-0.8660254037844384,-0.5000000000000004,0.7818314824680298,0.6234898018587336,1,0,39.8
00005_05-08-2025-07.02,172.0,-34.8,36.32,-4.8,123.39,25.2,35.39,55.2,47.79,-0.8660254037844384,-0.5000000000000004,0.7818314824680298,0.6234898018587336,0,1,46.17
00002_05-08-2025-07.22,157.0,-55.2,36.32,-25.2,123.39,4.8,35.39,34.8,47.79,-0.8660254037844384,-0.5000000000000004,0.7818314824680298,0.6234898018587336,1,0,12.18
00002_05-08-2025-08.32,157.0,-34.8,47.79,-4.8,58.57,25.2,31.83,55.2,60.85,-0.8660254037844384,-0.5000000000000004,0.7818314824680298,0.6234898018587336,1,0,38.46
00009_05-08-2025-09.22,172.0,-55.2,58.57,-25.2,31.83,4.8,60.85,64.8,34.75,-0.8660254037844384,-0.5000000000000004,0.7818314824680298,0.6234898018587336,1,0,22.36
00009_05-08-2025-09.57,172.0,-60.0,31.83,-30.0,60.85,30.0,34.75,90.0,39.06,-0.8660254037844384,-0.5000000000000004,0.7818314824680298,0.6234898018587336,1,0,33.33
00011_05-08-2025-10.02,182.0,-64.8,31.83,-34.8,60.85,25.2,34.75,85.2,39.06,-0.8660254037844384,-0.5000000000000004,0.7818314824680298,0.6234898018587336,0,1,25.93
00009_05-08-2025-11.22,172.0,-115.2,60.85,-55.2,34.75,4.8,39.06,64.8,49.47,-0.8660254037844384,-0.5000000000000004,0.7818314824680298,0.6234898018587336,1,0,55.7
00009_05-08-2025-12.22,172.0,-115.2,34.75,-55.2,39.06,4.8,49.47,34.8,40.95,-0.8660254037844384,-0.5000000000000004,0.7818314824680298,0.6234898018587336,1,0,32.53
00009_05-08-2025-14.02,172.0,-64.8,40.95,-43.8,48.24,25.2,52.04,55.2,42.51,-0.8660254037844384,-0.5000000000000004,0.7818314824680298,0.6234898018587336,1,0,23.65
00015_05-08-2025-14.12,157.0,-75.0,40.95,-54.0,48.24,15.0,52.04,45.0,42.51,-0.8660254037844384,-0.5000000000000004,0.7818314824680298,0.6234898018587336,0,1,33.99
00017_05-08-2025-14.42,179.0,-84.0,48.24,-15.0,52.04,15.0,42.51,45.0,31.01,-0.8660254037844384,-0.5000000000000004,0.7818314824680298,0.6234898018587336,1,0,30.78
00002_05-08-2025-16.37,157.0,-40.2,32.45,-10.2,34.39,19.8,47.59,49.8,38.56,-0.8660254037844384,-0.5000000000000004,0.7818314824680298,0.6234898018587336,1,0,14.03
00015_05-08-2025-17.17,157.0,-49.8,34.39,-19.8,47.59,10.2,38.56,40.2,72.21,-0.8660254037844384,-0.5000000000000004,0.7818314824680298,0.6234898018587336,0,1,44.25
00009_05-08-2025-17.22,172.0,-55.2,34.39,-25.2,47.59,4.8,38.56,34.8,72.21,-0.8660254037844384,-0.5000000000000004,0.7818314824680298,0.6234898018587336,1,0,41.71
00002_05-08-2025-18.32,157.0,-34.8,72.21,-4.8,71.97,25.2,41.61,62.4,32.51,-0.8660254037844384,-0.5000000000000004,0.7818314824680298,0.6234898018587336,1,0,41.26
00009_05-08-2025-19.29,172.0,-61.8,71.97,-31.8,41.61,5.4,32.51,36.0,40.94,-0.8660254037844384,-0.5000000000000004,0.7818314824680298,0.6234898018587336,1,0,21.26
00009_05-08-2025-20.22,172.0,-48.0,32.51,-17.4,40.94,4.8,50.32,45.0,36.71,-0.8660254037844384,-0.5000000000000004,0.7818314824680298,0.6234898018587336,1,0,24.61
00005_05-08-2025-21.02,172.0,-57.0,40.94,-34.8,50.32,5.4,36.71,550.2,40.09,-0.8660254037844384,-0.5000000000000004,0.7818314824680298,0.6234898018587336,0,1,26.68
00002_06-08-2025-06.22,157.0,-555.0,36.71,-10.2,40.09,4.8,67.83,34.8,98.34,-0.8660254037844384,-0.5000000000000004,0.9749279121818236,-0.22252093395631434,1,0,32.16
00005_06-08-2025-07.02,172.0,-34.8,67.83,-4.8,98.34,25.2,56.58,55.2,59.91,-0.8660254037844384,-0.5000000000000004,0.9749279121818236,-0.22252093395631434,0,1,49.46
00002_06-08-2025-07.22,157.0,-55.2,67.83,-25.2,98.34,4.8,56.58,34.8,59.91,-0.8660254037844384,-0.5000000000000004,0.9749279121818236,-0.22252093395631434,1,0,34.04
00002_06-08-2025-08.32,157.0,-34.8,59.91,-4.8,77.54,25.2,43.06,55.2,61.92,-0.8660254037844384,-0.5000000000000004,0.9749279121818236,-0.22252093395631434,1,0,36.32
00009_06-08-2025-09.22,172.0,-55.2,77.54,-25.2,43.06,4.8,61.92,64.8,46.64,-0.8660254037844384,-0.5000000000000004,0.9749279121818236,-0.22252093395631434,1,0,54.62
00009_06-08-2025-09.57,172.0,-60.0,43.06,-30.0,61.92,30.0,46.64,90.0,35.95,-0.8660254037844384,-0.5000000000000004,0.9749279121818236,-0.22252093395631434,1,0,35.33
00011_06-08-2025-10.02,182.0,-64.8,43.06,-34.8,61.92,25.2,46.64,85.2,35.95,-0.8660254037844384,-0.5000000000000004,0.9749279121818236,-0.22252093395631434,0,1,34.13
00009_06-08-2025-11.22,172.0,-115.2,61.92,-55.2,46.64,4.8,35.95,64.8,53.94,-0.8660254037844384,-0.5000000000000004,0.9749279121818236,-0.22252093395631434,1,0,57.33
00009_06-08-2025-12.22,172.0,-115.2,46.64,-55.2,35.95,4.8,53.94,34.8,37.63,-0.8660254037844384,-0.5000000000000004,0.9749279121818236,-0.22252093395631434,1,0,55.51
00009_06-08-2025-14.02,172.0,-64.8,37.63,-43.8,48.24,25.2,46.83,55.2,50.78,-0.8660254037844384,-0.5000000000000004,0.9749279121818236,-0.22252093395631434,1,0,19.18
00015_06-08-2025-14.12,157.0,-75.0,37.63,-54.0,48.24,15.0,46.83,45.0,50.78,-0.8660254037844384,-0.5000000000000004,0.9749279121818236,-0.22252093395631434,0,1,33.74
00017_06-08-2025-14.42,179.0,-84.0,48.24,-15.0,46.83,15.0,50.78,45.0,34.69,-0.8660254037844384,-0.5000000000000004,0.9749279121818236,-0.22252093395631434,1,0,44.84
00002_06-08-2025-16.37,157.0,-40.2,39.82,-10.2,80.43,19.8,126.31,49.8,46.34,-0.8660254037844384,-0.5000000000000004,0.9749279121818236,-0.22252093395631434,1,0,59.65
00015_06-08-2025-17.17,157.0,-49.8,80.43,-19.8,126.31,10.2,46.34,40.2,57.9,-0.8660254037844384,-0.5000000000000004,0.9749279121818236,-0.22252093395631434,0,1,40.49
00009_06-08-2025-17.22,172.0,-55.2,80.43,-25.2,126.31,4.8,46.34,34.8,57.9,-0.8660254037844384,-0.5000000000000004,0.9749279121818236,-0.22252093395631434,1,0,47.39
00002_06-08-2025-18.32,157.0,-34.8,57.9,-4.8,63.93,25.2,122.18,62.4,32.94,-0.8660254037844384,-0.5000000000000004,0.9749279121818236,-0.22252093395631434,1,0,45.57
00009_06-08-2025-19.29,172.0,-61.8,63.93,-31.8,122.18,5.4,32.94,36.0,59.85,-0.8660254037844384,-0.5000000000000004,0.9749279121818236,-0.22252093395631434,1,0,29.96
00009_06-08-2025-20.22,172.0,-48.0,32.94,-17.4,59.85,4.8,65.73,45.0,57.9,-0.8660254037844384,-0.5000000000000004,0.9749279121818236,-0.22252093395631434,1,0,41.14
00005_06-08-2025-21.02,172.0,-57.0,59.85,-34.8,65.73,5.4,57.9,550.2,25.77,-0.8660254037844384,-0.5000000000000004,0.9749279121818236,-0.22252093395631434,0,1,46.36
00002_07-08-2025-06.22,157.0,-555.0,57.9,-10.2,25.77,4.8,41.6,34.8,68.25,-0.8660254037844384,-0.5000000000000004,0.43388373911755823,-0.900968867902419,1,0,31.6
00005_07-08-2025-07.02,172.0,-34.8,41.6,-4.8,68.25,25.2,34.27,55.2,49.61,-0.8660254037844384,-0.5000000000000004,0.43388373911755823,-0.900968867902419,0,1,51.34
00002_07-08-2025-07.22,157.0,-55.2,41.6,-25.2,68.25,4.8,34.27,34.8,49.61,-0.8660254037844384,-0.5000000000000004,0.43388373911755823,-0.900968867902419,1,0,39.41
00002_07-08-2025-08.32,157.0,-34.8,49.61,-4.8,31.58,25.2,58.37,55.2,56.04,-0.8660254037844384,-0.5000000000000004,0.43388373911755823,-0.900968867902419,1,0,33.34
00009_07-08-2025-09.22,172.0,-55.2,31.58,-25.2,58.37,4.8,56.04,64.8,47.11,-0.8660254037844384,-0.5000000000000004,0.43388373911755823,-0.900968867902419,1,0,52.55
00009_07-08-2025-09.57,172.0,-60.0,58.37,-30.0,56.04,30.0,47.11,90.0,40.91,-0.8660254037844384,-0.5000000000000004,0.43388373911755823,-0.900968867902419,1,0,55.34
00011_07-08-2025-10.02,182.0,-64.8,58.37,-34.8,56.04,25.2,47.11,85.2,40.91,-0.8660254037844384,-0.5000000000000004,0.43388373911755823,-0.900968867902419,0,1,55.22
00009_07-08-2025-11.22,172.0,-115.2,56.04,-55.2,47.11,4.8,40.91,64.8,43.25,-0.8660254037844384,-0.5000000000000004,0.43388373911755823,-0.900968867902419,1,0,46.52
00009_07-08-2025-12.22,172.0,-115.2,47.11,-55.2,40.91,4.8,43.25,34.8,51.97,-0.8660254037844384,-0.5000000000000004,0.43388373911755823,-0.900968867902419,1,0,48.62
00002_07-08-2025-16.37,157.0,-40.2,111.24,-10.2,70.89,19.8,139.98,49.8,118.34,-0.8660254037844384,-0.5000000000000004,0.43388373911755823,-0.900968867902419,1,0,51.98
00015_07-08-2025-17.17,157.0,-49.8,70.89,-19.8,139.98,10.2,118.34,40.2,53.62,-0.8660254037844384,-0.5000000000000004,0.43388373911755823,-0.900968867902419,0,1,51.17
00009_07-08-2025-17.22,172.0,-55.2,70.89,-25.2,139.98,4.8,118.34,34.8,53.62,-0.8660254037844384,-0.5000000000000004,0.43388373911755823,-0.900968867902419,1,0,95.47
00002_07-08-2025-18.32,157.0,-34.8,53.62,-4.8,61.25,25.2,87.33,62.4,35.06,-0.8660254037844384,-0.5000000000000004,0.43388373911755823,-0.900968867902419,1,0,39.31
00009_07-08-2025-19.29,172.0,-61.8,61.25,-31.8,87.33,5.4,35.06,36.0,63.24,-0.8660254037844384,-0.5000000000000004,0.43388373911755823,-0.900968867902419,1,0,35.43
00009_07-08-2025-20.22,172.0,-48.0,35.06,-17.4,63.24,4.8,53.36,45.0,61.94,-0.8660254037844384,-0.5000000000000004,0.43388373911755823,-0.900968867902419,1,0,30.77
00005_07-08-2025-21.02,172.0,-57.0,63.24,-34.8,53.36,5.4,61.94,565.2,30.68,-0.8660254037844384,-0.5000000000000004,0.43388373911755823,-0.900968867902419,0,1,50.28
00002_08-08-2025-06.22,157.0,-595.2,53.36,-555.0,61.94,4.8,30.68,34.8,35.73,-0.8660254037844384,-0.5000000000000004,-0.433883739117558,-0.9009688679024191,1,0,34.13
00005_08-08-2025-07.02,172.0,-34.8,30.68,-4.8,35.73,25.2,75.23,55.2,38.72,-0.8660254037844384,-0.5000000000000004,-0.433883739117558,-0.9009688679024191,0,1,46.0
00002_08-08-2025-07.22,157.0,-55.2,30.68,-25.2,35.73,4.8,75.23,34.8,38.72,-0.8660254037844384,-0.5000000000000004,-0.433883739117558,-0.9009688679024191,1,0,29.41
00002_08-08-2025-08.32,157.0,-64.8,75.23,-34.8,38.72,25.2,109.2,55.2,71.45,-0.8660254037844384,-0.5000000000000004,-0.433883739117558,-0.9009688679024191,1,0,24.06
00009_08-08-2025-09.22,172.0,-85.2,38.72,-25.2,109.2,4.8,71.45,64.8,62.83,-0.8660254037844384,-0.5000000000000004,-0.433883739117558,-0.9009688679024191,1,0,67.77
00009_08-08-2025-09.57,172.0,-60.0,109.2,-30.0,71.45,30.0,62.83,90.0,121.5,-0.8660254037844384,-0.5000000000000004,-0.433883739117558,-0.9009688679024191,1,0,52.76
00011_08-08-2025-10.02,182.0,-64.8,109.2,-34.8,71.45,25.2,62.83,85.2,121.5,-0.8660254037844384,-0.5000000000000004,-0.433883739117558,-0.9009688679024191,0,1,34.41
00009_08-08-2025-11.22,172.0,-115.2,71.45,-55.2,62.83,4.8,121.5,64.8,52.63,-0.8660254037844384,-0.5000000000000004,-0.433883739117558,-0.9009688679024191,1,0,75.83
00009_08-08-2025-12.22,172.0,-115.2,62.83,-55.2,121.5,4.8,52.63,34.8,83.13,-0.8660254037844384,-0.5000000000000004,-0.433883739117558,-0.9009688679024191,1,0,49.01
00009_08-08-2025-14.02,172.0,-43.8,55.14,-4.8,96.21,25.2,92.21,55.2,105.12,-0.8660254037844384,-0.5000000000000004,-0.433883739117558,-0.9009688679024191,1,0,59.93
00015_08-08-2025-14.12,157.0,-54.0,55.14,-15.0,96.21,15.0,92.21,45.0,105.12,-0.8660254037844384,-0.5000000000000004,-0.433883739117558,-0.9009688679024191,0,1,29.31
00017_08-08-2025-14.42,179.0,-45.0,96.21,-15.0,92.21,15.0,105.12,45.0,49.27,-0.8660254037844384,-0.5000000000000004,-0.433883739117558,-0.9009688679024191,1,0,72.98
00002_08-08-2025-16.37,157.0,-40.2,107.71,-10.2,80.12,19.8,91.42,49.8,44.81,-0.8660254037844384,-0.5000000000000004,-0.433883739117558,-0.9009688679024191,1,0,50.21
00015_08-08-2025-17.17,157.0,-49.8,80.12,-19.8,91.42,10.2,44.81,40.2,56.96,-0.8660254037844384,-0.5000000000000004,-0.433883739117558,-0.9009688679024191,0,1,52.35
00009_08-08-2025-17.22,172.0,-55.2,80.12,-25.2,91.42,4.8,44.81,34.8,56.96,-0.8660254037844384,-0.5000000000000004,-0.433883739117558,-0.9009688679024191,1,0,65.72
00002_08-08-2025-18.32,157.0,-34.8,56.96,-4.8,97.61,25.2,72.01,62.4,42.96,-0.8660254037844384,-0.5000000000000004,-0.433883739117558,-0.9009688679024191,1,0,39.54
00009_08-08-2025-19.29,172.0,-61.8,97.61,-31.8,72.01,5.4,42.96,36.0,72.17,-0.8660254037844384,-0.5000000000000004,-0.433883739117558,-0.9009688679024191,1,0,57.02
00009_08-08-2025-20.22,172.0,-48.0,42.96,-17.4,72.17,4.8,50.29,45.0,87.89,-0.8660254037844384,-0.5000000000000004,-0.433883739117558,-0.9009688679024191,1,0,35.56
00005_08-08-2025-21.02,172.0,-57.0,72.17,-34.8,50.29,5.4,87.89,565.2,26.0,-0.8660254037844384,-0.5000000000000004,-0.433883739117558,-0.9009688679024191,0,1,43.55
00005_09-08-2025-07.02,172.0,-594.6,87.89,-34.8,26.0,25.2,58.18,85.2,67.71,-0.8660254037844384,-0.5000000000000004,-0.9749279121818236,-0.2225209339563146,0,1,12.94
00009_09-08-2025-08.07,172.0,-100.2,26.0,-40.2,58.18,19.8,67.71,49.8,53.54,-0.8660254037844384,-0.5000000000000004,-0.9749279121818236,-0.2225209339563146,1,0,49.47
00009_09-08-2025-09.22,172.0,-55.2,67.71,-25.2,53.54,4.8,64.44,64.8,51.16,-0.8660254037844384,-0.5000000000000004,-0.9749279121818236,-0.2225209339563146,1,0,50.94
00009_09-08-2025-09.57,172.0,-60.0,53.54,-30.0,64.44,30.0,51.16,90.0,58.14,-0.8660254037844384,-0.5000000000000004,-0.9749279121818236,-0.2225209339563146,1,0,51.61
00011_09-08-2025-10.02,182.0,-64.8,53.54,-34.8,64.44,25.2,51.16,85.2,58.14,-0.8660254037844384,-0.5000000000000004,-0.9749279121818236,-0.2225209339563146,0,1,44.01
00009_09-08-2025-11.22,172.0,-115.2,64.44,-55.2,51.16,4.8,58.14,64.8,74.31,-0.8660254037844384,-0.5000000000000004,-0.9749279121818236,-0.2225209339563146,1,0,56.31
00009_09-08-2025-12.22,172.0,-115.2,51.16,-55.2,58.14,4.8,74.31,55.8,82.74,-0.8660254037844384,-0.5000000000000004,-0.9749279121818236,-0.2225209339563146,1,0,32.18
00015_09-08-2025-14.12,157.0,-105.0,74.31,-54.0,82.74,75.0,33.15,135.0,98.68,-0.8660254037844384,-0.5000000000000004,-0.9749279121818236,-0.2225209339563146,0,1,32.94
00017_09-08-2025-14.42,179.0,-135.0,74.31,-84.0,82.74,45.0,33.15,105.0,98.68,-0.8660254037844384,-0.5000000000000004,-0.9749279121818236,-0.2225209339563146,1,0,49.28
00002_09-08-2025-16.37,157.0,-70.2,33.15,-10.2,98.68,49.8,18.27,109.8,87.02,-0.8660254037844384,-0.5000000000000004,-0.9749279121818236,-0.2225209339563146,1,0,48.63
00015_09-08-2025-17.17,157.0,-109.8,33.15,-49.8,98.68,10.2,18.27,70.2,87.02,-0.8660254037844384,-0.5000000000000004,-0.9749279121818236,-0.2225209339563146,0,1,28.51
00009_09-08-2025-19.29,172.0,-121.8,18.27,-61.8,87.02,5.4,29.65,58.2,27.45,-0.8660254037844384,-0.5000000000000004,-0.9749279121818236,-0.2225209339563146,1,0,36.03
00009_09-08-2025-20.22,172.0,-115.2,87.02,-48.0,29.65,4.8,27.45,604.8,55.72,-0.8660254037844384,-0.5000000000000004,-0.9749279121818236,-0.2225209339563146,1,0,23.65
00005_09-08-2025-21.02,172.0,-87.6,29.65,-34.8,27.45,565.2,55.72,625.2,61.78,-0.8660254037844384,-0.5000000000000004,-0.9749279121818236,-0.2225209339563146,0,1,21.95
00005_10-08-2025-07.02,172.0,-634.8,27.45,-34.8,55.72,25.2,61.78,85.2,78.14,-0.8660254037844384,-0.5000000000000004,-0.7818314824680299,0.6234898018587334,0,1,29.39
00009_10-08-2025-08.07,172.0,-100.2,55.72,-40.2,61.78,19.8,78.14,79.8,44.5,-0.8660254037844384,-0.5000000000000004,-0.7818314824680299,0.6234898018587334,1,0,38.86
00009_10-08-2025-09.22,172.0,-115.2,61.78,-55.2,78.14,4.8,44.5,64.8,47.57,-0.8660254037844384,-0.5000000000000004,-0.7818314824680299,0.6234898018587334,1,0,55.21
00009_10-08-2025-09.57,172.0,-90.0,78.14,-30.0,44.5,30.0,47.57,90.0,154.78,-0.8660254037844384,-0.5000000000000004,-0.7818314824680299,0.6234898018587334,1,0,59.59
00011_10-08-2025-10.02,182.0,-94.8,78.14,-34.8,44.5,25.2,47.57,85.2,154.78,-0.8660254037844384,-0.5000000000000004,-0.7818314824680299,0.6234898018587334,0,1,46.8
00009_10-08-2025-11.22,172.0,-115.2,44.5,-55.2,47.57,4.8,154.78,64.8,61.4,-0.8660254037844384,-0.5000000000000004,-0.7818314824680299,0.6234898018587334,1,0,73.81
00009_10-08-2025-12.22,172.0,-115.2,47.57,-55.2,154.78,4.8,61.4,55.8,55.14,-0.8660254037844384,-0.5000000000000004,-0.7818314824680299,0.6234898018587334,1,0,69.16
00009_10-08-2025-14.02,172.0,-94.8,61.4,-43.8,55.14,25.2,97.52,85.2,55.24,-0.8660254037844384,-0.5000000000000004,-0.7818314824680299,0.6234898018587334,1,0,86.14
00015_10-08-2025-14.12,157.0,-105.0,61.4,-54.0,55.14,15.0,97.52,75.0,55.24,-0.8660254037844384,-0.5000000000000004,-0.7818314824680299,0.6234898018587334,0,1,48.4
00017_10-08-2025-14.42,179.0,-84.0,55.14,-15.0,97.52,45.0,55.24,105.0,88.73,-0.8660254037844384,-0.5000000000000004,-0.7818314824680299,0.6234898018587334,1,0,88.48
00002_10-08-2025-16.37,157.0,-70.2,55.24,-10.2,88.73,19.8,79.01,49.8,72.77,-0.8660254037844384,-0.5000000000000004,-0.7818314824680299,0.6234898018587334,1,0,93.58
00015_10-08-2025-17.17,157.0,-49.8,88.73,-19.8,79.01,10.2,72.77,40.2,93.35,-0.8660254037844384,-0.5000000000000004,-0.7818314824680299,0.6234898018587334,0,1,62.84
00009_10-08-2025-17.22,172.0,-55.2,88.73,-25.2,79.01,4.8,72.77,34.8,93.35,-0.8660254037844384,-0.5000000000000004,-0.7818314824680299,0.6234898018587334,1,0,72.78
00002_10-08-2025-18.32,157.0,-34.8,93.35,-4.8,89.71,25.2,113.69,62.4,83.18,-0.8660254037844384,-0.5000000000000004,-0.7818314824680299,0.6234898018587334,1,0,97.73
00009_10-08-2025-19.29,172.0,-61.8,89.71,-31.8,113.69,5.4,83.18,36.0,62.4,-0.8660254037844384,-0.5000000000000004,-0.7818314824680299,0.6234898018587334,1,0,79.75
00009_10-08-2025-20.22,172.0,-48.0,83.18,-17.4,62.4,4.8,77.99,45.0,134.45,-0.8660254037844384,-0.5000000000000004,-0.7818314824680299,0.6234898018587334,1,0,93.72
00005_10-08-2025-21.02,172.0,-57.0,62.4,-34.8,77.99,5.4,134.45,550.2,31.03,-0.8660254037844384,-0.5000000000000004,-0.7818314824680299,0.6234898018587334,0,1,65.4
00002_11-08-2025-06.22,157.0,-555.0,134.45,-10.2,31.03,4.8,35.86,34.8,54.76,-0.8660254037844384,-0.5000000000000004,0.0,1.0,1,0,19.88
00005_11-08-2025-07.02,172.0,-34.8,35.86,-4.8,54.76,25.2,55.84,55.2,56.96,-0.8660254037844384,-0.5000000000000004,0.0,1.0,0,1,47.32
00002_11-08-2025-07.22,157.0,-55.2,35.86,-25.2,54.76,4.8,55.84,34.8,56.96,-0.8660254037844384,-0.5000000000000004,0.0,1.0,1,0,53.73
00002_11-08-2025-08.32,157.0,-34.8,56.96,-4.8,66.91,25.2,45.94,55.2,75.22,-0.8660254037844384,-0.5000000000000004,0.0,1.0,1,0,32.07
00009_11-08-2025-09.22,172.0,-55.2,66.91,-25.2,45.94,4.8,75.22,64.8,33.88,-0.8660254037844384,-0.5000000000000004,0.0,1.0,1,0,76.47
00009_11-08-2025-09.57,172.0,-60.0,45.94,-30.0,75.22,30.0,33.88,90.0,34.39,-0.8660254037844384,-0.5000000000000004,0.0,1.0,1,0,44.84
00011_11-08-2025-10.02,182.0,-64.8,45.94,-34.8,75.22,25.2,33.88,85.2,34.39,-0.8660254037844384,-0.5000000000000004,0.0,1.0,0,1,18.17
00009_11-08-2025-11.22,172.0,-115.2,75.22,-55.2,33.88,4.8,34.39,64.8,46.16,-0.8660254037844384,-0.5000000000000004,0.0,1.0,1,0,21.53
00009_11-08-2025-12.22,172.0,-115.2,33.88,-55.2,34.39,4.8,46.16,34.8,50.04,-0.8660254037844384,-0.5000000000000004,0.0,1.0,1,0,50.8
00009_11-08-2025-14.02,172.0,-64.8,50.04,-43.8,68.94,25.2,47.6,55.2,33.41,-0.8660254037844384,-0.5000000000000004,0.0,1.0,1,0,28.9
00015_11-08-2025-14.12,157.0,-75.0,50.04,-54.0,68.94,15.0,47.6,45.0,33.41,-0.8660254037844384,-0.5000000000000004,0.0,1.0,0,1,21.21
00017_11-08-2025-14.42,179.0,-84.0,68.94,-15.0,47.6,15.0,33.41,45.0,30.5,-0.8660254037844384,-0.5000000000000004,0.0,1.0,1,0,35.25
00002_11-08-2025-16.37,157.0,-40.2,43.5,-10.2,74.14,19.8,55.88,49.8,67.53,-0.8660254037844384,-0.5000000000000004,0.0,1.0,1,0,26.11
00015_11-08-2025-17.17,157.0,-49.8,74.14,-19.8,55.88,10.2,67.53,40.2,47.1,-0.8660254037844384,-0.5000000000000004,0.0,1.0,0,1,42.15
00009_11-08-2025-17.22,172.0,-55.2,74.14,-25.2,55.88,4.8,67.53,34.8,47.1,-0.8660254037844384,-0.5000000000000004,0.0,1.0,1,0,34.39
00002_11-08-2025-18.32,157.0,-34.8,47.1,-4.8,49.8,25.2,45.28,62.4,22.39,-0.8660254037844384,-0.5000000000000004,0.0,1.0,1,0,34.38
00009_11-08-2025-19.29,172.0,-61.8,49.8,-31.8,45.28,5.4,22.39,36.0,26.66,-0.8660254037844384,-0.5000000000000004,0.0,1.0,1,0,35.83
00009_11-08-2025-20.22,172.0,-48.0,22.39,-17.4,26.66,4.8,27.87,45.0,46.25,-0.8660254037844384,-0.5000000000000004,0.0,1.0,1,0,32.95
00005_11-08-2025-21.02,172.0,-57.0,26.66,-34.8,27.87,5.4,46.25,550.2,34.52,-0.8660254037844384,-0.5000000000000004,0.0,1.0,0,1,22.95
00002_12-08-2025-06.22,157.0,-555.0,46.25,-10.2,34.52,4.8,39.4,34.8,113.2,-0.8660254037844384,-0.5000000000000004,0.7818314824680298,0.6234898018587336,1,0,23.78
00005_12-08-2025-07.02,172.0,-34.8,39.4,-4.8,113.2,25.2,23.96,55.2,53.82,-0.8660254037844384,-0.5000000000000004,0.7818314824680298,0.6234898018587336,0,1,39.96
00002_12-08-2025-07.22,157.0,-55.2,39.4,-25.2,113.2,4.8,23.96,34.8,53.82,-0.8660254037844384,-0.5000000000000004,0.7818314824680298,0.6234898018587336,1,0,32.27
00002_12-08-2025-08.32,157.0,-34.8,53.82,-4.8,68.84,25.2,43.16,55.2,65.26,-0.8660254037844384,-0.5000000000000004,0.7818314824680298,0.6234898018587336,1,0,40.72
00009_12-08-2025-09.22,172.0,-55.2,68.84,-25.2,43.16,4.8,65.26,64.8,32.72,-0.8660254037844384,-0.5000000000000004,0.7818314824680298,0.6234898018587336,1,0,49.28
00009_12-08-2025-09.57,172.0,-60.0,43.16,-30.0,65.26,30.0,32.72,90.0,37.64,-0.8660254037844384,-0.5000000000000004,0.7818314824680298,0.6234898018587336,1,0,47.4
00011_12-08-2025-10.02,182.0,-64.8,43.16,-34.8,65.26,25.2,32.72,85.2,37.64,-0.8660254037844384,-0.5000000000000004,0.7818314824680298,0.6234898018587336,0,1,10.0
00009_12-08-2025-11.22,172.0,-115.2,65.26,-55.2,32.72,4.8,37.64,64.8,54.86,-0.8660254037844384,-0.5000000000000004,0.7818314824680298,0.6234898018587336,1,0,22.32
00009_12-08-2025-12.22,172.0,-115.2,32.72,-55.2,37.64,4.8,54.86,34.8,30.68,-0.8660254037844384,-0.5000000000000004,0.7818314824680298,0.6234898018587336,1,0,30.41
00009_12-08-2025-14.02,172.0,-64.8,30.68,-43.8,48.24,25.2,76.32,55.2,29.09,-0.8660254037844384,-0.5000000000000004,0.7818314824680298,0.6234898018587336,1,0,34.3
00015_12-08-2025-14.12,157.0,-75.0,30.68,-54.0,48.24,15.0,76.32,45.0,29.09,-0.8660254037844384,-0.5000000000000004,0.7818314824680298,0.6234898018587336,0,1,30.05
00017_12-08-2025-14.42,179.0,-84.0,48.24,-15.0,76.32,15.0,29.09,45.0,29.49,-0.8660254037844384,-0.5000000000000004,0.7818314824680298,0.6234898018587336,1,0,40.85
00002_12-08-2025-16.37,157.0,-40.2,29.28,-10.2,29.23,19.8,52.11,49.8,58.29,-0.8660254037844384,-0.5000000000000004,0.7818314824680298,0.6234898018587336,1,0,20.98
00015_12-08-2025-17.17,157.0,-49.8,29.23,-19.8,52.11,10.2,58.29,40.2,53.75,-0.8660254037844384,-0.5000000000000004,0.7818314824680298,0.6234898018587336,0,1,46.86
00009_12-08-2025-17.22,172.0,-55.2,29.23,-25.2,52.11,4.8,58.29,34.8,53.75,-0.8660254037844384,-0.5000000000000004,0.7818314824680298,0.6234898018587336,1,0,30.94
00002_12-08-2025-18.32,157.0,-34.8,53.75,-4.8,56.43,25.2,25.71,62.4,30.62,-0.8660254037844384,-0.5000000000000004,0.7818314824680298,0.6234898018587336,1,0,33.48
00009_12-08-2025-19.29,172.0,-61.8,56.43,-31.8,25.71,5.4,30.62,36.0,50.11,-0.8660254037844384,-0.5000000000000004,0.7818314824680298,0.6234898018587336,1,0,45.36
00009_12-08-2025-20.22,172.0,-48.0,30.62,-17.4,50.11,4.8,48.61,45.0,39.93,-0.8660254037844384,-0.5000000000000004,0.7818314824680298,0.6234898018587336,1,0,13.45
00005_12-08-2025-21.02,172.0,-57.0,50.11,-34.8,48.61,5.4,39.93,550.2,33.97,-0.8660254037844384,-0.5000000000000004,0.7818314824680298,0.6234898018587336,0,1,37.3
00002_13-08-2025-06.22,157.0,-555.0,39.93,-10.2,33.97,4.8,39.92,34.8,112.01,-0.8660254037844384,-0.5000000000000004,0.9749279121818236,-0.22252093395631434,1,0,37.5
00005_13-08-2025-07.02,172.0,-34.8,39.92,-4.8,112.01,25.2,29.92,55.2,52.49,-0.8660254037844384,-0.5000000000000004,0.9749279121818236,-0.22252093395631434,0,1,31.79
00002_13-08-2025-07.22,157.0,-55.2,39.92,-25.2,112.01,4.8,29.92,34.8,52.49,-0.8660254037844384,-0.5000000000000004,0.9749279121818236,-0.22252093395631434,1,0,27.22
00002_13-08-2025-08.32,157.0,-34.8,52.49,-4.8,80.85,25.2,41.06,55.2,61.17,-0.8660254037844384,-0.5000000000000004,0.9749279121818236,-0.22252093395631434,1,0,30.29
00009_13-08-2025-09.22,172.0,-55.2,80.85,-25.2,41.06,4.8,61.17,64.8,47.25,-0.8660254037844384,-0.5000000000000004,0.9749279121818236,-0.22252093395631434,1,0,31.03
00009_13-08-2025-09.57,172.0,-60.0,41.06,-30.0,61.17,30.0,47.25,90.0,56.42,-0.8660254037844384,-0.5000000000000004,0.9749279121818236,-0.22252093395631434,1,0,28.87
00011_13-08-2025-10.02,182.0,-64.8,41.06,-34.8,61.17,25.2,47.25,85.2,56.42,-0.8660254037844384,-0.5000000000000004,0.9749279121818236,-0.22252093395631434,0,1,25.14
00009_13-08-2025-11.22,172.0,-115.2,61.17,-55.2,47.25,4.8,56.42,64.8,64.39,-0.8660254037844384,-0.5000000000000004,0.9749279121818236,-0.22252093395631434,1,0,15.91
00009_13-08-2025-12.22,172.0,-115.2,47.25,-55.2,56.42,4.8,64.39,34.8,54.2,-0.8660254037844384,-0.5000000000000004,0.9749279121818236,-0.22252093395631434,1,0,39.75
00009_13-08-2025-14.02,172.0,-64.8,54.2,-43.8,48.24,25.2,36.5,55.2,46.11,-0.8660254037844384,-0.5000000000000004,0.9749279121818236,-0.22252093395631434,1,0,31.97
00015_13-08-2025-14.12,157.0,-75.0,54.2,-54.0,48.24,15.0,36.5,45.0,46.11,-0.8660254037844384,-0.5000000000000004,0.9749279121818236,-0.22252093395631434,0,1,37.46
00017_13-08-2025-14.42,179.0,-84.0,48.24,-15.0,36.5,15.0,46.11,45.0,39.65,-0.8660254037844384,-0.5000000000000004,0.9749279121818236,-0.22252093395631434,1,0,39.14
00002_13-08-2025-16.37,157.0,-40.2,62.51,-10.2,68.24,19.8,129.39,49.8,53.59,-0.8660254037844384,-0.5000000000000004,0.9749279121818236,-0.22252093395631434,1,0,45.39
00015_13-08-2025-17.17,157.0,-49.8,68.24,-19.8,129.39,10.2,53.59,40.2,67.64,-0.8660254037844384,-0.5000000000000004,0.9749279121818236,-0.22252093395631434,0,1,29.27
00009_13-08-2025-17.22,172.0,-55.2,68.24,-25.2,129.39,4.8,53.59,34.8,67.64,-0.8660254037844384,-0.5000000000000004,0.9749279121818236,-0.22252093395631434,1,0,52.47
00002_13-08-2025-18.32,157.0,-34.8,67.64,-4.8,65.15,25.2,98.53,62.4,30.29,-0.8660254037844384,-0.5000000000000004,0.9749279121818236,-0.22252093395631434,1,0,40.93
00009_13-08-2025-19.29,172.0,-61.8,65.15,-31.8,98.53,5.4,30.29,36.0,45.99,-0.8660254037844384,-0.5000000000000004,0.9749279121818236,-0.22252093395631434,1,0,37.03
00009_13-08-2025-20.22,172.0,-48.0,30.29,-17.4,45.99,4.8,60.35,45.0,46.7,-0.8660254037844384,-0.5000000000000004,0.9749279121818236,-0.22252093395631434,1,0,46.53
00005_13-08-2025-21.02,172.0,-57.0,45.99,-34.8,60.35,5.4,46.7,550.2,25.15,-0.8660254037844384,-0.5000000000000004,0.9749279121818236,-0.22252093395631434,0,1,39.22
00002_14-08-2025-06.22,157.0,-555.0,46.7,-10.2,25.15,4.8,43.49,34.8,66.71,-0.8660254037844384,-0.5000000000000004,0.43388373911755823,-0.900968867902419,1,0,42.83
00005_14-08-2025-07.02,172.0,-34.8,43.49,-4.8,66.71,25.2,44.11,55.2,37.78,-0.8660254037844384,-0.5000000000000004,0.43388373911755823,-0.900968867902419,0,1,39.73
00002_14-08-2025-07.22,157.0,-55.2,43.49,-25.2,66.71,4.8,44.11,34.8,37.78,-0.8660254037844384,-0.5000000000000004,0.43388373911755823,-0.900968867902419,1,0,46.13
00002_14-08-2025-08.32,157.0,-34.8,37.78,-4.8,48.53,25.2,75.35,55.2,64.19,-0.8660254037844384,-0.5000000000000004,0.43388373911755823,-0.900968867902419,1,0,46.65
00009_14-08-2025-09.22,172.0,-55.2,48.53,-25.2,75.35,4.8,64.19,64.8,60.17,-0.8660254037844384,-0.5000000000000004,0.43388373911755823,-0.900968867902419,1,0,59.56
00009_14-08-2025-09.57,172.0,-60.0,75.35,-30.0,64.19,30.0,60.17,90.0,54.08,-0.8660254037844384,-0.5000000000000004,0.43388373911755823,-0.900968867902419,1,0,40.34
00011_14-08-2025-10.02,182.0,-64.8,75.35,-34.8,64.19,25.2,60.17,85.2,54.08,-0.8660254037844384,-0.5000000000000004,0.43388373911755823,-0.900968867902419,0,1,37.99
00009_14-08-2025-11.22,172.0,-115.2,64.19,-55.2,60.17,4.8,54.08,64.8,60.82,-0.8660254037844384,-0.5000000000000004,0.43388373911755823,-0.900968867902419,1,0,34.6
00009_14-08-2025-12.22,172.0,-115.2,60.17,-55.2,54.08,4.8,60.82,34.8,51.34,-0.8660254037844384,-0.5000000000000004,0.43388373911755823,-0.900968867902419,1,0,48.65
00002_14-08-2025-16.37,157.0,-40.2,84.08,-10.2,60.4,19.8,145.07,49.8,94.93,-0.8660254037844384,-0.5000000000000004,0.43388373911755823,-0.900968867902419,1,0,54.17
00015_14-08-2025-17.17,157.0,-49.8,60.4,-19.8,145.07,10.2,94.93,40.2,40.38,-0.8660254037844384,-0.5000000000000004,0.43388373911755823,-0.900968867902419,0,1,58.68
00009_14-08-2025-17.22,172.0,-55.2,60.4,-25.2,145.07,4.8,94.93,34.8,40.38,-0.8660254037844384,-0.5000000000000004,0.43388373911755823,-0.900968867902419,1,0,62.57
00002_14-08-2025-18.32,157.0,-34.8,40.38,-4.8,61.85,25.2,75.61,62.4,23.96,-0.8660254037844384,-0.5000000000000004,0.43388373911755823,-0.900968867902419,1,0,27.07
00009_14-08-2025-19.29,172.0,-61.8,61.85,-31.8,75.61,5.4,23.96,36.0,41.38,-0.8660254037844384,-0.5000000000000004,0.43388373911755823,-0.900968867902419,1,0,49.22
00009_14-08-2025-20.22,172.0,-48.0,23.96,-17.4,41.38,4.8,37.43,45.0,48.16,-0.8660254037844384,-0.5000000000000004,0.43388373911755823,-0.900968867902419,1,0,46.68
00005_14-08-2025-21.02,172.0,-57.0,41.38,-34.8,37.43,5.4,48.16,565.2,14.01,-0.8660254037844384,-0.5000000000000004,0.43388373911755823,-0.900968867902419,0,1,37.4
00002_15-08-2025-06.22,157.0,-595.2,37.43,-555.0,48.16,4.8,14.01,34.8,61.12,-0.8660254037844384,-0.5000000000000004,-0.433883739117558,-0.9009688679024191,1,0,13.8
00005_15-08-2025-07.02,172.0,-34.8,14.01,-4.8,61.12,25.2,68.79,55.2,60.19,-0.8660254037844384,-0.5000000000000004,-0.433883739117558,-0.9009688679024191,0,1,36.14
00002_15-08-2025-07.22,157.0,-55.2,14.01,-25.2,61.12,4.8,68.79,34.8,60.19,-0.8660254037844384,-0.5000000000000004,-0.433883739117558,-0.9009688679024191,1,0,44.62
00002_15-08-2025-08.32,157.0,-64.8,68.79,-34.8,60.19,25.2,112.27,55.2,53.08,-0.8660254037844384,-0.5000000000000004,-0.433883739117558,-0.9009688679024191,1,0,19.78
00009_15-08-2025-09.22,172.0,-85.2,60.19,-25.2,112.27,4.8,53.08,64.8,61.43,-0.8660254037844384,-0.5000000000000004,-0.433883739117558,-0.9009688679024191,1,0,38.1
00009_15-08-2025-09.57,172.0,-60.0,112.27,-30.0,53.08,30.0,61.43,90.0,122.83,-0.8660254037844384,-0.5000000000000004,-0.433883739117558,-0.9009688679024191,1,0,83.56
00011_15-08-2025-10.02,182.0,-64.8,112.27,-34.8,53.08,25.2,61.43,85.2,122.83,-0.8660254037844384,-0.5000000000000004,-0.433883739117558,-0.9009688679024191,0,1,58.09
00009_15-08-2025-11.22,172.0,-115.2,53.08,-55.2,61.43,4.8,122.83,64.8,61.78,-0.8660254037844384,-0.5000000000000004,-0.433883739117558,-0.9009688679024191,1,0,73.5
00009_15-08-2025-12.22,172.0,-115.2,61.43,-55.2,122.83,4.8,61.78,34.8,99.71,-0.8660254037844384,-0.5000000000000004,-0.433883739117558,-0.9009688679024191,1,0,40.27
00009_15-08-2025-14.02,172.0,-43.8,55.14,-4.8,81.39,25.2,103.19,55.2,91.97,-0.8660254037844384,-0.5000000000000004,-0.433883739117558,-0.9009688679024191,1,0,64.77
00015_15-08-2025-14.12,157.0,-54.0,55.14,-15.0,81.39,15.0,103.19,45.0,91.97,-0.8660254037844384,-0.5000000000000004,-0.433883739117558,-0.9009688679024191,0,1,48.35
00017_15-08-2025-14.42,179.0,-45.0,81.39,-15.0,103.19,15.0,91.97,45.0,42.68,-0.8660254037844384,-0.5000000000000004,-0.433883739117558,-0.9009688679024191,1,0,85.6
00002_15-08-2025-16.37,157.0,-40.2,102.07,-10.2,83.81,19.8,90.48,49.8,58.7,-0.8660254037844384,-0.5000000000000004,-0.433883739117558,-0.9009688679024191,1,0,62.8
00015_15-08-2025-17.17,157.0,-49.8,83.81,-19.8,90.48,10.2,58.7,40.2,62.92,-0.8660254037844384,-0.5000000000000004,-0.433883739117558,-0.9009688679024191,0,1,44.36
00009_15-08-2025-17.22,172.0,-55.2,83.81,-25.2,90.48,4.8,58.7,34.8,62.92,-0.8660254037844384,-0.5000000000000004,-0.433883739117558,-0.9009688679024191,1,0,54.26
00002_15-08-2025-18.32,157.0,-34.8,62.92,-4.8,93.92,25.2,74.31,62.4,36.32,-0.8660254037844384,-0.5000000000000004,-0.433883739117558,-0.9009688679024191,1,0,54.49
00009_15-08-2025-19.29,172.0,-61.8,93.92,-31.8,74.31,5.4,36.32,36.0,66.27,-0.8660254037844384,-0.5000000000000004,-0.433883739117558,-0.9009688679024191,1,0,58.95
00009_15-08-2025-20.22,172.0,-48.0,36.32,-17.4,66.27,4.8,45.7,45.0,87.53,-0.8660254037844384,-0.5000000000000004,-0.433883739117558,-0.9009688679024191,1,0,15.91
00005_15-08-2025-21.02,172.0,-57.0,66.27,-34.8,45.7,5.4,87.53,565.2,31.25,-0.8660254037844384,-0.5000000000000004,-0.433883739117558,-0.9009688679024191,0,1,28.84
00005_16-08-2025-07.02,172.0,-594.6,87.53,-34.8,31.25,25.2,60.48,85.2,52.85,-0.8660254037844384,-0.5000000000000004,-0.9749279121818236,-0.2225209339563146,0,1,20.48
00009_16-08-2025-08.07,172.0,-100.2,31.25,-40.2,60.48,19.8,52.85,49.8,53.47,-0.8660254037844384,-0.5000000000000004,-0.9749279121818236,-0.2225209339563146,1,0,25.73
00009_16-08-2025-09.22,172.0,-55.2,52.85,-25.2,53.47,4.8,43.43,64.8,49.52,-0.8660254037844384,-0.5000000000000004,-0.9749279121818236,-0.2225209339563146,1,0,21.99
00009_16-08-2025-09.57,172.0,-60.0,53.47,-30.0,43.43,30.0,49.52,90.0,36.87,-0.8660254037844384,-0.5000000000000004,-0.9749279121818236,-0.2225209339563146,1,0,51.43
00011_16-08-2025-10.02,182.0,-64.8,53.47,-34.8,43.43,25.2,49.52,85.2,36.87,-0.8660254037844384,-0.5000000000000004,-0.9749279121818236,-0.2225209339563146,0,1,23.89
00009_16-08-2025-11.22,172.0,-115.2,43.43,-55.2,49.52,4.8,36.87,64.8,53.27,-0.8660254037844384,-0.5000000000000004,-0.9749279121818236,-0.2225209339563146,1,0,22.31
00009_16-08-2025-12.22,172.0,-115.2,49.52,-55.2,36.87,4.8,53.27,55.8,82.74,-0.8660254037844384,-0.5000000000000004,-0.9749279121818236,-0.2225209339563146,1,0,34.01
00015_16-08-2025-14.12,157.0,-105.0,53.27,-54.0,82.74,75.0,28.5,135.0,101.53,-0.8660254037844384,-0.5000000000000004,-0.9749279121818236,-0.2225209339563146,0,1,27.9
00017_16-08-2025-14.42,179.0,-135.0,53.27,-84.0,82.74,45.0,28.5,105.0,101.53,-0.8660254037844384,-0.5000000000000004,-0.9749279121818236,-0.2225209339563146,1,0,20.62
00002_16-08-2025-16.37,157.0,-70.2,28.5,-10.2,101.53,49.8,20.86,109.8,100.95,-0.8660254037844384,-0.5000000000000004,-0.9749279121818236,-0.2225209339563146,1,0,55.26
00015_16-08-2025-17.17,157.0,-109.8,28.5,-49.8,101.53,10.2,20.86,70.2,100.95,-0.8660254037844384,-0.5000000000000004,-0.9749279121818236,-0.2225209339563146,0,1,22.7
00009_16-08-2025-19.29,172.0,-121.8,20.86,-61.8,100.95,5.4,28.77,58.2,10.0,-0.8660254037844384,-0.5000000000000004,-0.9749279121818236,-0.2225209339563146,1,0,32.77
00009_16-08-2025-20.22,172.0,-115.2,100.95,-48.0,28.77,4.8,10.0,604.8,55.66,-0.8660254037844384,-0.5000000000000004,-0.9749279121818236,-0.2225209339563146,1,0,30.43
00005_16-08-2025-21.02,172.0,-87.6,28.77,-34.8,10.0,565.2,55.66,625.2,38.69,-0.8660254037844384,-0.5000000000000004,-0.9749279121818236,-0.2225209339563146,0,1,18.61
00005_17-08-2025-07.02,172.0,-634.8,10.0,-34.8,55.66,25.2,38.69,85.2,92.93,-0.8660254037844384,-0.5000000000000004,-0.7818314824680299,0.6234898018587334,0,1,58.88
00009_17-08-2025-08.07,172.0,-100.2,55.66,-40.2,38.69,19.8,92.93,79.8,61.57,-0.8660254037844384,-0.5000000000000004,-0.7818314824680299,0.6234898018587334,1,0,50.01
00009_17-08-2025-09.22,172.0,-115.2,38.69,-55.2,92.93,4.8,61.57,64.8,47.51,-0.8660254037844384,-0.5000000000000004,-0.7818314824680299,0.6234898018587334,1,0,52.29
00009_17-08-2025-09.57,172.0,-90.0,92.93,-30.0,61.57,30.0,47.51,90.0,160.0,-0.8660254037844384,-0.5000000000000004,-0.7818314824680299,0.6234898018587334,1,0,49.73
00011_17-08-2025-10.02,182.0,-94.8,92.93,-34.8,61.57,25.2,47.51,85.2,160.0,-0.8660254037844384,-0.5000000000000004,-0.7818314824680299,0.6234898018587334,0,1,54.49
00009_17-08-2025-11.22,172.0,-115.2,61.57,-55.2,47.51,4.8,160.0,64.8,55.03,-0.8660254037844384,-0.5000000000000004,-0.7818314824680299,0.6234898018587334,1,0,62.03
00009_17-08-2025-12.22,172.0,-115.2,47.51,-55.2,160.0,4.8,55.03,55.8,55.14,-0.8660254037844384,-0.5000000000000004,-0.7818314824680299,0.6234898018587334,1,0,39.2
00009_17-08-2025-14.02,172.0,-94.8,55.03,-43.8,55.14,25.2,86.64,85.2,60.72,-0.8660254037844384,-0.5000000000000004,-0.7818314824680299,0.6234898018587334,1,0,84.77
00015_17-08-2025-14.12,157.0,-105.0,55.03,-54.0,55.14,15.0,86.64,75.0,60.72,-0.8660254037844384,-0.5000000000000004,-0.7818314824680299,0.6234898018587334,0,1,54.89
00017_17-08-2025-14.42,179.0,-84.0,55.14,-15.0,86.64,45.0,60.72,105.0,99.17,-0.8660254037844384,-0.5000000000000004,-0.7818314824680299,0.6234898018587334,1,0,75.37
00002_17-08-2025-16.37,157.0,-70.2,60.72,-10.2,99.17,19.8,75.51,49.8,73.0,-0.8660254037844384,-0.5000000000000004,-0.7818314824680299,0.6234898018587334,1,0,88.55
00015_17-08-2025-17.17,157.0,-49.8,99.17,-19.8,75.51,10.2,73.0,40.2,67.1,-0.8660254037844384,-0.5000000000000004,-0.7818314824680299,0.6234898018587334,0,1,60.03
00009_17-08-2025-17.22,172.0,-55.2,99.17,-25.2,75.51,4.8,73.0,34.8,67.1,-0.8660254037844384,-0.5000000000000004,-0.7818314824680299,0.6234898018587334,1,0,101.09
00002_17-08-2025-18.32,157.0,-34.8,67.1,-4.8,105.38,25.2,136.3,62.4,72.03,-0.8660254037844384,-0.5000000000000004,-0.7818314824680299,0.6234898018587334,1,0,86.99
00009_17-08-2025-19.29,172.0,-61.8,105.38,-31.8,136.3,5.4,72.03,36.0,78.53,-0.8660254037844384,-0.5000000000000004,-0.7818314824680299,0.6234898018587334,1,0,82.81
00009_17-08-2025-20.22,172.0,-48.0,72.03,-17.4,78.53,4.8,101.52,45.0,140.05,-0.8660254037844384,-0.5000000000000004,-0.7818314824680299,0.6234898018587334,1,0,80.36
00005_17-08-2025-21.02,172.0,-57.0,78.53,-34.8,101.52,5.4,140.05,550.2,33.3,-0.8660254037844384,-0.5000000000000004,-0.7818314824680299,0.6234898018587334,0,1,55.84
00002_18-08-2025-06.22,157.0,-555.0,140.05,-10.2,33.3,4.8,54.32,34.8,54.34,-0.8660254037844384,-0.5000000000000004,0.0,1.0,1,0,35.57
00005_18-08-2025-07.02,172.0,-34.8,54.32,-4.8,54.34,25.2,55.81,55.2,64.99,-0.8660254037844384,-0.5000000000000004,0.0,1.0,0,1,22.18
00002_18-08-2025-07.22,157.0,-55.2,54.32,-25.2,54.34,4.8,55.81,34.8,64.99,-0.8660254037844384,-0.5000000000000004,0.0,1.0,1,0,51.34
00002_18-08-2025-08.32,157.0,-34.8,64.99,-4.8,69.5,25.2,55.42,55.2,72.06,-0.8660254037844384,-0.5000000000000004,0.0,1.0,1,0,56.0
00009_18-08-2025-09.22,172.0,-55.2,69.5,-25.2,55.42,4.8,72.06,64.8,29.61,-0.8660254037844384,-0.5000000000000004,0.0,1.0,1,0,54.61
00009_18-08-2025-09.57,172.0,-60.0,55.42,-30.0,72.06,30.0,29.61,90.0,44.27,-0.8660254037844384,-0.5000000000000004,0.0,1.0,1,0,33.9
00011_18-08-2025-10.02,182.0,-64.8,55.42,-34.8,72.06,25.2,29.61,85.2,44.27,-0.8660254037844384,-0.5000000000000004,0.0,1.0,0,1,27.32
00009_18-08-2025-11.22,172.0,-115.2,72.06,-55.2,29.61,4.8,44.27,64.8,46.43,-0.8660254037844384,-0.5000000000000004,0.0,1.0,1,0,32.02
00009_18-08-2025-12.22,172.0,-115.2,29.61,-55.2,44.27,4.8,46.43,34.8,46.51,-0.8660254037844384,-0.5000000000000004,0.0,1.0,1,0,34.85
00009_18-08-2025-14.02,172.0,-64.8,46.51,-43.8,68.94,25.2,28.72,55.2,37.74,-0.8660254037844384,-0.5000000000000004,0.0,1.0,1,0,31.93
00015_18-08-2025-14.12,157.0,-75.0,46.51,-54.0,68.94,15.0,28.72,45.0,37.74,-0.8660254037844384,-0.5000000000000004,0.0,1.0,0,1,44.99
00017_18-08-2025-14.42,179.0,-84.0,68.94,-15.0,28.72,15.0,37.74,45.0,34.93,-0.8660254037844384,-0.5000000000000004,0.0,1.0,1,0,41.17
00002_18-08-2025-16.37,157.0,-40.2,34.51,-10.2,69.85,19.8,42.79,49.8,67.21,-0.8660254037844384,-0.5000000000000004,0.0,1.0,1,0,31.81
00015_18-08-2025-17.17,157.0,-49.8,69.85,-19.8,42.79,10.2,67.21,40.2,35.58,-0.8660254037844384,-0.5000000000000004,0.0,1.0,0,1,38.66
00009_18-08-2025-17.22,172.0,-55.2,69.85,-25.2,42.79,4.8,67.21,34.8,35.58,-0.8660254037844384,-0.5000000000000004,0.0,1.0,1,0,40.5
00002_18-08-2025-18.32,157.0,-34.8,35.58,-4.8,51.66,25.2,33.8,62.4,23.29,-0.8660254037844384,-0.5000000000000004,0.0,1.0,1,0,35.29
00009_18-08-2025-19.29,172.0,-61.8,51.66,-31.8,33.8,5.4,23.29,36.0,23.87,-0.8660254037844384,-0.5000000000000004,0.0,1.0,1,0,23.49
00009_18-08-2025-20.22,172.0,-48.0,23.29,-17.4,23.87,4.8,26.73,45.0,36.17,-0.8660254037844384,-0.5000000000000004,0.0,1.0,1,0,39.92
00005_18-08-2025-21.02,172.0,-57.0,23.87,-34.8,26.73,5.4,36.17,550.2,34.18,-0.8660254037844384,-0.5000000000000004,0.0,1.0,0,1,31.18
00002_19-08-2025-06.22,157.0,-555.0,36.17,-10.2,34.18,4.8,44.86,34.8,126.38,-0.8660254037844384,-0.5000000000000004,0.7818314824680298,0.6234898018587336,1,0,39.85
00005_19-08-2025-07.02,172.0,-34.8,44.86,-4.8,126.38,25.2,45.5,55.2,33.87,-0.8660254037844384,-0.5000000000000004,0.7818314824680298,0.6234898018587336,0,1,37.75
00002_19-08-2025-07.22,157.0,-55.2,44.86,-25.2,126.38,4.8,45.5,34.8,33.87,-0.8660254037844384,-0.5000000000000004,0.7818314824680298,0.6234898018587336,1,0,20.59
00002_19-08-2025-08.32,157.0,-34.8,33.87,-4.8,64.84,25.2,65.63,55.2,62.16,-0.8660254037844384,-0.5000000000000004,0.7818314824680298,0.6234898018587336,1,0,53.18
00009_19-08-2025-09.22,172.0,-55.2,64.84,-25.2,65.63,4.8,62.16,64.8,35.11,-0.8660254037844384,-0.5000000000000004,0.7818314824680298,0.6234898018587336,1,0,23.15
00009_19-08-2025-09.57,172.0,-60.0,65.63,-30.0,62.16,30.0,35.11,90.0,34.99,-0.8660254037844384,-0.5000000000000004,0.7818314824680298,0.6234898018587336,1,0,47.01
00011_19-08-2025-10.02,182.0,-64.8,65.63,-34.8,62.16,25.2,35.11,85.2,34.99,-0.8660254037844384,-0.5000000000000004,0.7818314824680298,0.6234898018587336,0,1,42.67
00009_19-08-2025-11.22,172.0,-115.2,62.16,-55.2,35.11,4.8,34.99,64.8,44.4,-0.8660254037844384,-0.5000000000000004,0.7818314824680298,0.6234898018587336,1,0,22.23
00009_19-08-2025-12.22,172.0,-115.2,35.11,-55.2,34.99,4.8,44.4,34.8,54.09,-0.8660254037844384,-0.5000000000000004,0.7818314824680298,0.6234898018587336,1,0,49.02
00009_19-08-2025-14.02,172.0,-64.8,54.09,-43.8,48.24,25.2,59.2,55.2,41.05,-0.8660254037844384,-0.5000000000000004,0.7818314824680298,0.6234898018587336,1,0,22.11
00015_19-08-2025-14.12,157.0,-75.0,54.09,-54.0,48.24,15.0,59.2,45.0,41.05,-0.8660254037844384,-0.5000000000000004,0.7818314824680298,0.6234898018587336,0,1,32.44
00017_19-08-2025-14.42,179.0,-84.0,48.24,-15.0,59.2,15.0,41.05,45.0,30.13,-0.8660254037844384,-0.5000000000000004,0.7818314824680298,0.6234898018587336,1,0,34.3
00002_19-08-2025-16.37,157.0,-40.2,43.45,-10.2,42.07,19.8,61.69,49.8,70.15,-0.8660254037844384,-0.5000000000000004,0.7818314824680298,0.6234898018587336,1,0,32.78
00015_19-08-2025-17.17,157.0,-49.8,42.07,-19.8,61.69,10.2,70.15,40.2,72.52,-0.8660254037844384,-0.5000000000000004,0.7818314824680298,0.6234898018587336,0,1,55.46
00009_19-08-2025-17.22,172.0,-55.2,42.07,-25.2,61.69,4.8,70.15,34.8,72.52,-0.8660254037844384,-0.5000000000000004,0.7818314824680298,0.6234898018587336,1,0,39.94
00002_19-08-2025-18.32,157.0,-34.8,72.52,-4.8,58.12,25.2,35.65,62.4,27.91,-0.8660254037844384,-0.5000000000000004,0.7818314824680298,0.6234898018587336,1,0,34.25
00009_19-08-2025-19.29,172.0,-61.8,58.12,-31.8,35.65,5.4,27.91,36.0,30.76,-0.8660254037844384,-0.5000000000000004,0.7818314824680298,0.6234898018587336,1,0,38.75
00009_19-08-2025-20.22,172.0,-48.0,27.91,-17.4,30.76,4.8,38.11,45.0,40.06,-0.8660254037844384,-0.5000000000000004,0.7818314824680298,0.6234898018587336,1,0,33.66
00005_19-08-2025-21.02,172.0,-57.0,30.76,-34.8,38.11,5.4,40.06,550.2,33.35,-0.8660254037844384,-0.5000000000000004,0.7818314824680298,0.6234898018587336,0,1,52.14
00002_20-08-2025-06.22,157.0,-555.0,40.06,-10.2,33.35,4.8,51.6,34.8,114.26,-0.8660254037844384,-0.5000000000000004,0.9749279121818236,-0.22252093395631434,1,0,10.0
00005_20-08-2025-07.02,172.0,-34.8,51.6,-4.8,114.26,25.2,50.26,55.2,29.26,-0.8660254037844384,-0.5000000000000004,0.9749279121818236,-0.22252093395631434,0,1,43.21
00002_20-08-2025-07.22,157.0,-55.2,51.6,-25.2,114.26,4.8,50.26,34.8,29.26,-0.8660254037844384,-0.5000000000000004,0.9749279121818236,-0.22252093395631434,1,0,46.27
00002_20-08-2025-08.32,157.0,-34.8,29.26,-4.8,91.44,25.2,43.36,55.2,77.72,-0.8660254037844384,-0.5000000000000004,0.9749279121818236,-0.22252093395631434,1,0,38.07
00009_20-08-2025-09.22,172.0,-55.2,91.44,-25.2,43.36,4.8,77.72,64.8,42.74,-0.8660254037844384,-0.5000000000000004,0.9749279121818236,-0.22252093395631434,1,0,35.9
00009_20-08-2025-09.57,172.0,-60.0,43.36,-30.0,77.72,30.0,42.74,90.0,49.23,-0.8660254037844384,-0.5000000000000004,0.9749279121818236,-0.22252093395631434,1,0,53.28
00011_20-08-2025-10.02,182.0,-64.8,43.36,-34.8,77.72,25.2,42.74,85.2,49.23,-0.8660254037844384,-0.5000000000000004,0.9749279121818236,-0.22252093395631434,0,1,40.05
00009_20-08-2025-11.22,172.0,-115.2,77.72,-55.2,42.74,4.8,49.23,64.8,54.71,-0.8660254037844384,-0.5000000000000004,0.9749279121818236,-0.22252093395631434,1,0,43.65
00009_20-08-2025-12.22,172.0,-115.2,42.74,-55.2,49.23,4.8,54.71,34.8,65.74,-0.8660254037844384,-0.5000000000000004,0.9749279121818236,-0.22252093395631434,1,0,55.93
00009_20-08-2025-14.02,172.0,-64.8,65.74,-43.8,48.24,25.2,36.48,55.2,54.1,-0.8660254037844384,-0.5000000000000004,0.9749279121818236,-0.22252093395631434,1,0,50.19
00015_20-08-2025-14.12,157.0,-75.0,65.74,-54.0,48.24,15.0,36.48,45.0,54.1,-0.8660254037844384,-0.5000000000000004,0.9749279121818236,-0.22252093395631434,0,1,20.82
00017_20-08-2025-14.42,179.0,-84.0,48.24,-15.0,36.48,15.0,54.1,45.0,28.51,-0.8660254037844384,-0.5000000000000004,0.9749279121818236,-0.22252093395631434,1,0,64.18
00002_20-08-2025-16.37,157.0,-40.2,44.06,-10.2,72.19,19.8,142.39,49.8,73.02,-0.8660254037844384,-0.5000000000000004,0.9749279121818236,-0.22252093395631434,1,0,40.45
00015_20-08-2025-17.17,157.0,-49.8,72.19,-19.8,142.39,10.2,73.02,40.2,73.71,-0.8660254037844384,-0.5000000000000004,0.9749279121818236,-0.22252093395631434,0,1,43.07
00009_20-08-2025-17.22,172.0,-55.2,72.19,-25.2,142.39,4.8,73.02,34.8,73.71,-0.8660254037844384,-0.5000000000000004,0.9749279121818236,-0.22252093395631434,1,0,49.62
00002_20-08-2025-18.32,157.0,-34.8,73.71,-4.8,89.29,25.2,128.5,62.4,27.37,-0.8660254037844384,-0.5000000000000004,0.9749279121818236,-0.22252093395631434,1,0,63.76
00009_20-08-2025-19.29,172.0,-61.8,89.29,-31.8,128.5,5.4,27.37,36.0,47.62,-0.8660254037844384,-0.5000000000000004,0.9749279121818236,-0.22252093395631434,1,0,48.59
00009_20-08-2025-20.22,172.0,-48.0,27.37,-17.4,47.62,4.8,41.76,45.0,63.33,-0.8660254037844384,-0.5000000000000004,0.9749279121818236,-0.22252093395631434,1,0,48.5
00005_20-08-2025-21.02,172.0,-57.0,47.62,-34.8,41.76,5.4,63.33,550.2,31.55,-0.8660254037844384,-0.5000000000000004,0.9749279121818236,-0.22252093395631434,0,1,57.83
00002_21-08-2025-06.22,157.0,-555.0,63.33,-10.2,31.55,4.8,31.85,34.8,73.23,-0.8660254037844384,-0.5000000000000004,0.43388373911755823,-0.900968867902419,1,0,29.7
00005_21-08-2025-07.02,172.0,-34.8,31.85,-4.8,73.23,25.2,40.84,55.2,50.07,-0.8660254037844384,-0.5000000000000004,0.43388373911755823,-0.900968867902419,0,1,33.33
00002_21-08-2025-07.22,157.0,-55.2,31.85,-25.2,73.23,4.8,40.84,34.8,50.07,-0.8660254037844384,-0.5000000000000004,0.43388373911755823,-0.900968867902419,1,0,21.39
00002_21-08-2025-08.32,157.0,-34.8,50.07,-4.8,64.13,25.2,60.22,55.2,66.76,-0.8660254037844384,-0.5000000000000004,0.43388373911755823,-0.900968867902419,1,0,43.21
00009_21-08-2025-09.22,172.0,-55.2,64.13,-25.2,60.22,4.8,66.76,64.8,50.43,-0.8660254037844384,-0.5000000000000004,0.43388373911755823,-0.900968867902419,1,0,60.0
00009_21-08-2025-09.57,172.0,-60.0,60.22,-30.0,66.76,30.0,50.43,90.0,60.14,-0.8660254037844384,-0.5000000000000004,0.43388373911755823,-0.900968867902419,1,0,56.64
00011_21-08-2025-10.02,182.0,-64.8,60.22,-34.8,66.76,25.2,50.43,85.2,60.14,-0.8660254037844384,-0.5000000000000004,0.43388373911755823,-0.900968867902419,0,1,49.05
00009_21-08-2025-11.22,172.0,-115.2,66.76,-55.2,50.43,4.8,60.14,64.8,55.2,-0.8660254037844384,-0.5000000000000004,0.43388373911755823,-0.900968867902419,1,0,61.44
00009_21-08-2025-12.22,172.0,-115.2,50.43,-55.2,60.14,4.8,55.2,34.8,55.03,-0.8660254037844384,-0.5000000000000004,0.43388373911755823,-0.900968867902419,1,0,52.67
00002_21-08-2025-16.37,157.0,-40.2,116.28,-10.2,70.07,19.8,160.0,49.8,116.25,-0.8660254037844384,-0.5000000000000004,0.43388373911755823,-0.900968867902419,1,0,42.12
00015_21-08-2025-17.17,157.0,-49.8,70.07,-19.8,160.0,10.2,116.25,40.2,76.19,-0.8660254037844384,-0.5000000000000004,0.43388373911755823,-0.900968867902419,0,1,66.08
00009_21-08-2025-17.22,172.0,-55.2,70.07,-25.2,160.0,4.8,116.25,34.8,76.19,-0.8660254037844384,-0.5000000000000004,0.43388373911755823,-0.900968867902419,1,0,84.63
00002_21-08-2025-18.32,157.0,-34.8,76.19,-4.8,74.91,25.2,64.9,62.4,33.11,-0.8660254037844384,-0.5000000000000004,0.43388373911755823,-0.900968867902419,1,0,32.9
00009_21-08-2025-19.29,172.0,-61.8,74.91,-31.8,64.9,5.4,33.11,36.0,46.79,-0.8660254037844384,-0.5000000000000004,0.43388373911755823,-0.900968867902419,1,0,31.95
00009_21-08-2025-20.22,172.0,-48.0,33.11,-17.4,46.79,4.8,55.67,45.0,62.28,-0.8660254037844384,-0.5000000000000004,0.43388373911755823,-0.900968867902419,1,0,31.72
00005_21-08-2025-21.02,172.0,-57.0,46.79,-34.8,55.67,5.4,62.28,565.2,19.49,-0.8660254037844384,-0.5000000000000004,0.43388373911755823,-0.900968867902419,0,1,22.6
00002_22-08-2025-06.22,157.0,-595.2,55.67,-555.0,62.28,4.8,19.49,34.8,53.0,-0.8660254037844384,-0.5000000000000004,-0.433883739117558,-0.9009688679024191,1,0,22.8
00005_22-08-2025-07.02,172.0,-34.8,19.49,-4.8,53.0,25.2,95.73,55.2,66.94,-0.8660254037844384,-0.5000000000000004,-0.433883739117558,-0.9009688679024191,0,1,57.41
00002_22-08-2025-07.22,157.0,-55.2,19.49,-25.2,53.0,4.8,95.73,34.8,66.94,-0.8660254037844384,-0.5000000000000004,-0.433883739117558,-0.9009688679024191,1,0,60.65
00002_22-08-2025-08.32,157.0,-64.8,95.73,-34.8,66.94,25.2,112.29,55.2,68.63,-0.8660254037844384,-0.5000000000000004,-0.433883739117558,-0.9009688679024191,1,0,49.25
00009_22-08-2025-09.22,172.0,-85.2,66.94,-25.2,112.29,4.8,68.63,64.8,64.21,-0.8660254037844384,-0.5000000000000004,-0.433883739117558,-0.9009688679024191,1,0,71.25
00009_22-08-2025-09.57,172.0,-60.0,112.29,-30.0,68.63,30.0,64.21,90.0,124.8,-0.8660254037844384,-0.5000000000000004,-0.433883739117558,-0.9009688679024191,1,0,51.66
00011_22-08-2025-10.02,182.0,-64.8,112.29,-34.8,68.63,25.2,64.21,85.2,124.8,-0.8660254037844384,-0.5000000000000004,-0.433883739117558,-0.9009688679024191,0,1,47.37
00009_22-08-2025-11.22,172.0,-115.2,68.63,-55.2,64.21,4.8,124.8,64.8,56.42,-0.8660254037844384,-0.5000000000000004,-0.433883739117558,-0.9009688679024191,1,0,54.52
00009_22-08-2025-12.22,172.0,-115.2,64.21,-55.2,124.8,4.8,56.42,34.8,63.57,-0.8660254037844384,-0.5000000000000004,-0.433883739117558,-0.9009688679024191,1,0,51.43
00009_22-08-2025-14.02,172.0,-43.8,55.14,-4.8,87.49,25.2,93.09,55.2,84.05,-0.8660254037844384,-0.5000000000000004,-0.433883739117558,-0.9009688679024191,1,0,53.28
00015_22-08-2025-14.12,157.0,-54.0,55.14,-15.0,87.49,15.0,93.09,45.0,84.05,-0.8660254037844384,-0.5000000000000004,-0.433883739117558,-0.9009688679024191,0,1,51.01
00017_22-08-2025-14.42,179.0,-45.0,87.49,-15.0,93.09,15.0,84.05,45.0,55.0,-0.8660254037844384,-0.5000000000000004,-0.433883739117558,-0.9009688679024191,1,0,72.06
00002_22-08-2025-16.37,157.0,-40.2,111.44,-10.2,76.66,19.8,92.68,49.8,50.3,-0.8660254037844384,-0.5000000000000004,-0.433883739117558,-0.9009688679024191,1,0,54.32
00015_22-08-2025-17.17,157.0,-49.8,76.66,-19.8,92.68,10.2,50.3,40.2,48.14,-0.8660254037844384,-0.5000000000000004,-0.433883739117558,-0.9009688679024191,0,1,54.66
00009_22-08-2025-17.22,172.0,-55.2,76.66,-25.2,92.68,4.8,50.3,34.8,48.14,-0.8660254037844384,-0.5000000000000004,-0.433883739117558,-0.9009688679024191,1,0,55.22
00002_22-08-2025-18.32,157.0,-34.8,48.14,-4.8,81.19,25.2,67.93,62.4,38.79,-0.8660254037844384,-0.5000000000000004,-0.433883739117558,-0.9009688679024191,1,0,51.24
00009_22-08-2025-19.29,172.0,-61.8,81.19,-31.8,67.93,5.4,38.79,36.0,61.74,-0.8660254037844384,-0.5000000000000004,-0.433883739117558,-0.9009688679024191,1,0,49.51
00009_22-08-2025-20.22,172.0,-48.0,38.79,-17.4,61.74,4.8,43.27,45.0,73.34,-0.8660254037844384,-0.5000000000000004,-0.433883739117558,-0.9009688679024191,1,0,44.06
00005_22-08-2025-21.02,172.0,-57.0,61.74,-34.8,43.27,5.4,73.34,565.2,33.1,-0.8660254037844384,-0.5000000000000004,-0.433883739117558,-0.9009688679024191,0,1,39.86
00005_23-08-2025-07.02,172.0,-594.6,73.34,-34.8,33.1,25.2,53.64,85.2,47.32,-0.8660254037844384,-0.5000000000000004,-0.9749279121818236,-0.2225209339563146,0,1,34.5
00009_23-08-2025-08.07,172.0,-100.2,33.1,-40.2,53.64,19.8,47.32,49.8,67.84,-0.8660254037844384,-0.5000000000000004,-0.9749279121818236,-0.2225209339563146,1,0,28.09
00009_23-08-2025-09.22,172.0,-55.2,47.32,-25.2,67.84,4.8,48.06,64.8,46.5,-0.8660254037844384,-0.5000000000000004,-0.9749279121818236,-0.2225209339563146,1,0,20.76
00009_23-08-2025-09.57,172.0,-60.0,67.84,-30.0,48.06,30.0,46.5,90.0,36.48,-0.8660254037844384,-0.5000000000000004,-0.9749279121818236,-0.2225209339563146,1,0,46.73
00011_23-08-2025-10.02,182.0,-64.8,67.84,-34.8,48.06,25.2,46.5,85.2,36.48,-0.8660254037844384,-0.5000000000000004,-0.9749279121818236,-0.2225209339563146,0,1,42.34
00009_23-08-2025-11.22,172.0,-115.2,48.06,-55.2,46.5,4.8,36.48,64.8,47.73,-0.8660254037844384,-0.5000000000000004,-0.9749279121818236,-0.2225209339563146,1,0,58.47
00009_23-08-2025-12.22,172.0,-115.2,46.5,-55.2,36.48,4.8,47.73,55.8,82.74,-0.8660254037844384,-0.5000000000000004,-0.9749279121818236,-0.2225209339563146,1,0,39.93
00015_23-08-2025-14.12,157.0,-105.0,47.73,-54.0,82.74,75.0,29.5,135.0,96.92,-0.8660254037844384,-0.5000000000000004,-0.9749279121818236,-0.2225209339563146,0,1,19.04
00017_23-08-2025-14.42,179.0,-135.0,47.73,-84.0,82.74,45.0,29.5,105.0,96.92,-0.8660254037844384,-0.5000000000000004,-0.9749279121818236,-0.2225209339563146,1,0,32.5
00002_23-08-2025-16.37,157.0,-70.2,29.5,-10.2,96.92,49.8,28.11,109.8,86.73,-0.8660254037844384,-0.5000000000000004,-0.9749279121818236,-0.2225209339563146,1,0,34.38
00015_23-08-2025-17.17,157.0,-109.8,29.5,-49.8,96.92,10.2,28.11,70.2,86.73,-0.8660254037844384,-0.5000000000000004,-0.9749279121818236,-0.2225209339563146,0,1,15.93
00009_23-08-2025-19.29,172.0,-121.8,28.11,-61.8,86.73,5.4,28.7,58.2,15.06,-0.8660254037844384,-0.5000000000000004,-0.9749279121818236,-0.2225209339563146,1,0,28.64
00009_23-08-2025-20.22,172.0,-115.2,86.73,-48.0,28.7,4.8,15.06,604.8,44.71,-0.8660254037844384,-0.5000000000000004,-0.9749279121818236,-0.2225209339563146,1,0,18.4
00005_23-08-2025-21.02,172.0,-87.6,28.7,-34.8,15.06,565.2,44.71,625.2,41.85,-0.8660254037844384,-0.5000000000000004,-0.9749279121818236,-0.2225209339563146,0,1,14.21
00005_24-08-2025-07.02,172.0,-634.8,15.06,-34.8,44.71,25.2,41.85,85.2,73.14,-0.8660254037844384,-0.5000000000000004,-0.7818314824680299,0.6234898018587334,0,1,41.79
00009_24-08-2025-08.07,172.0,-100.2,44.71,-40.2,41.85,19.8,73.14,79.8,61.18,-0.8660254037844384,-0.5000000000000004,-0.7818314824680299,0.6234898018587334,1,0,25.67
00009_24-08-2025-09.22,172.0,-115.2,41.85,-55.2,73.14,4.8,61.18,64.8,47.78,-0.8660254037844384,-0.5000000000000004,-0.7818314824680299,0.6234898018587334,1,0,70.42
00009_24-08-2025-09.57,172.0,-90.0,73.14,-30.0,61.18,30.0,47.78,90.0,137.15,-0.8660254037844384,-0.5000000000000004,-0.7818314824680299,0.6234898018587334,1,0,73.25
00011_24-08-2025-10.02,182.0,-94.8,73.14,-34.8,61.18,25.2,47.78,85.2,137.15,-0.8660254037844384,-0.5000000000000004,-0.7818314824680299,0.6234898018587334,0,1,50.63
00009_24-08-2025-11.22,172.0,-115.2,61.18,-55.2,47.78,4.8,137.15,64.8,65.19,-0.8660254037844384,-0.5000000000000004,-0.7818314824680299,0.6234898018587334,1,0,74.6
00009_24-08-2025-12.22,172.0,-115.2,47.78,-55.2,137.15,4.8,65.19,55.8,55.14,-0.8660254037844384,-0.5000000000000004,-0.7818314824680299,0.6234898018587334,1,0,64.61
00009_24-08-2025-14.02,172.0,-94.8,65.19,-43.8,55.14,25.2,107.82,85.2,61.06,-0.8660254037844384,-0.5000000000000004,-0.7818314824680299,0.6234898018587334,1,0,86.62
00015_24-08-2025-14.12,157.0,-105.0,65.19,-54.0,55.14,15.0,107.82,75.0,61.06,-0.8660254037844384,-0.5000000000000004,-0.7818314824680299,0.6234898018587334,0,1,60.8
00017_24-08-2025-14.42,179.0,-84.0,55.14,-15.0,107.82,45.0,61.06,105.0,70.17,-0.8660254037844384,-0.5000000000000004,-0.7818314824680299,0.6234898018587334,1,0,84.07
00002_24-08-2025-16.37,157.0,-70.2,61.06,-10.2,70.17,19.8,80.64,49.8,63.45,-0.8660254037844384,-0.5000000000000004,-0.7818314824680299,0.6234898018587334,1,0,94.21
00015_24-08-2025-17.17,157.0,-49.8,70.17,-19.8,80.64,10.2,63.45,40.2,91.34,-0.8660254037844384,-0.5000000000000004,-0.7818314824680299,0.6234898018587334,0,1,56.32
00009_24-08-2025-17.22,172.0,-55.2,70.17,-25.2,80.64,4.8,63.45,34.8,91.34,-0.8660254037844384,-0.5000000000000004,-0.7818314824680299,0.6234898018587334,1,0,75.08
00002_24-08-2025-18.32,157.0,-34.8,91.34,-4.8,120.46,25.2,115.65,62.4,80.79,-0.8660254037844384,-0.5000000000000004,-0.7818314824680299,0.6234898018587334,1,0,107.58
00009_24-08-2025-19.29,172.0,-61.8,120.46,-31.8,115.65,5.4,80.79,36.0,78.22,-0.8660254037844384,-0.5000000000000004,-0.7818314824680299,0.6234898018587334,1,0,89.81
00009_24-08-2025-20.22,172.0,-48.0,80.79,-17.4,78.22,4.8,80.58,45.0,112.08,-0.8660254037844384,-0.5000000000000004,-0.7818314824680299,0.6234898018587334,1,0,82.44
00005_24-08-2025-21.02,172.0,-57.0,78.22,-34.8,80.58,5.4,112.08,550.2,30.67,-0.8660254037844384,-0.5000000000000004,-0.7818314824680299,0.6234898018587334,0,1,70.6
00002_25-08-2025-06.22,157.0,-555.0,112.08,-10.2,30.67,4.8,46.44,34.8,60.23,-0.8660254037844384,-0.5000000000000004,0.0,1.0,1,0,22.41
00005_25-08-2025-07.02,172.0,-34.8,46.44,-4.8,60.23,25.2,60.11,55.2,71.98,-0.8660254037844384,-0.5000000000000004,0.0,1.0,0,1,36.61
00002_25-08-2025-07.22,157.0,-55.2,46.44,-25.2,60.23,4.8,60.11,34.8,71.98,-0.8660254037844384,-0.5000000000000004,0.0,1.0,1,0,30.24
00002_25-08-2025-08.32,157.0,-34.8,71.98,-4.8,62.1,25.2,53.58,55.2,69.9,-0.8660254037844384,-0.5000000000000004,0.0,1.0,1,0,35.71
00009_25-08-2025-09.22,172.0,-55.2,62.1,-25.2,53.58,4.8,69.9,64.8,37.71,-0.8660254037844384,-0.5000000000000004,0.0,1.0,1,0,45.22
00009_25-08-2025-09.57,172.0,-60.0,53.58,-30.0,69.9,30.0,37.71,90.0,45.02,-0.8660254037844384,-0.5000000000000004,0.0,1.0,1,0,47.71
00011_25-08-2025-10.02,182.0,-64.8,53.58,-34.8,69.9,25.2,37.71,85.2,45.02,-0.8660254037844384,-0.5000000000000004,0.0,1.0,0,1,35.55
00009_25-08-2025-11.22,172.0,-115.2,69.9,-55.2,37.71,4.8,45.02,64.8,44.48,-0.8660254037844384,-0.5000000000000004,0.0,1.0,1,0,30.65
00009_25-08-2025-12.22,172.0,-115.2,37.71,-55.2,45.02,4.8,44.48,34.8,36.63,-0.8660254037844384,-0.5000000000000004,0.0,1.0,1,0,25.04
00009_25-08-2025-14.02,172.0,-64.8,36.63,-43.8,68.94,25.2,30.82,55.2,47.16,-0.8660254037844384,-0.5000000000000004,0.0,1.0,1,0,31.21
00015_25-08-2025-14.12,157.0,-75.0,36.63,-54.0,68.94,15.0,30.82,45.0,47.16,-0.8660254037844384,-0.5000000000000004,0.0,1.0,0,1,30.54
00017_25-08-2025-14.42,179.0,-84.0,68.94,-15.0,30.82,15.0,47.16,45.0,31.21,-0.8660254037844384,-0.5000000000000004,0.0,1.0,1,0,57.12
00002_25-08-2025-16.37,157.0,-40.2,45.8,-10.2,68.4,19.8,48.42,49.8,65.21,-0.8660254037844384,-0.5000000000000004,0.0,1.0,1,0,35.98
00015_25-08-2025-17.17,157.0,-49.8,68.4,-19.8,48.42,10.2,65.21,40.2,28.83,-0.8660254037844384,-0.5000000000000004,0.0,1.0,0,1,46.79
00009_25-08-2025-17.22,172.0,-55.2,68.4,-25.2,48.42,4.8,65.21,34.8,28.83,-0.8660254037844384,-0.5000000000000004,0.0,1.0,1,0,28.97
00002_25-08-2025-18.32,157.0,-34.8,28.83,-4.8,64.66,25.2,32.99,62.4,20.99,-0.8660254037844384,-0.5000000000000004,0.0,1.0,1,0,30.89
00009_25-08-2025-19.29,172.0,-61.8,64.66,-31.8,32.99,5.4,20.99,36.0,27.04,-0.8660254037844384,-0.5000000000000004,0.0,1.0,1,0,45.33
00009_25-08-2025-20.22,172.0,-48.0,20.99,-17.4,27.04,4.8,22.18,45.0,41.36,-0.8660254037844384,-0.5000000000000004,0.0,1.0,1,0,36.42
00005_25-08-2025-21.02,172.0,-57.0,27.04,-34.8,22.18,5.4,41.36,550.2,34.76,-0.8660254037844384,-0.5000000000000004,0.0,1.0,0,1,13.83
00002_26-08-2025-06.22,157.0,-555.0,41.36,-10.2,34.76,4.8,35.52,34.8,111.34,-0.8660254037844384,-0.5000000000000004,0.7818314824680298,0.6234898018587336,1,0,33.45
00005_26-08-2025-07.02,172.0,-34.8,35.52,-4.8,111.34,25.2,28.03,55.2,26.92,-0.8660254037844384,-0.5000000000000004,0.7818314824680298,0.6234898018587336,0,1,39.35
00002_26-08-2025-07.22,157.0,-55.2,35.52,-25.2,111.34,4.8,28.03,34.8,26.92,-0.8660254037844384,-0.5000000000000004,0.7818314824680298,0.6234898018587336,1,0,32.83
00002_26-08-2025-08.32,157.0,-34.8,26.92,-4.8,75.21,25.2,54.59,55.2,72.36,-0.8660254037844384,-0.5000000000000004,0.7818314824680298,0.6234898018587336,1,0,29.6
00009_26-08-2025-09.22,172.0,-55.2,75.21,-25.2,54.59,4.8,72.36,64.8,36.07,-0.8660254037844384,-0.5000000000000004,0.7818314824680298,0.6234898018587336,1,0,40.58
00009_26-08-2025-09.57,172.0,-60.0,54.59,-30.0,72.36,30.0,36.07,90.0,16.23,-0.8660254037844384,-0.5000000000000004,0.7818314824680298,0.6234898018587336,1,0,47.14
00011_26-08-2025-10.02,182.0,-64.8,54.59,-34.8,72.36,25.2,36.07,85.2,16.23,-0.8660254037844384,-0.5000000000000004,0.7818314824680298,0.6234898018587336,0,1,41.0
00009_26-08-2025-11.22,172.0,-115.2,72.36,-55.2,36.07,4.8,16.23,64.8,51.35,-0.8660254037844384,-0.5000000000000004,0.7818314824680298,0.6234898018587336,1,0,37.38
00009_26-08-2025-12.22,172.0,-115.2,36.07,-55.2,16.23,4.8,51.35,34.8,66.42,-0.8660254037844384,-0.5000000000000004,0.7818314824680298,0.6234898018587336,1,0,62.94
00009_26-08-2025-14.02,172.0,-64.8,66.42,-43.8,48.24,25.2,76.45,55.2,34.99,-0.8660254037844384,-0.5000000000000004,0.7818314824680298,0.6234898018587336,1,0,27.95
00015_26-08-2025-14.12,157.0,-75.0,66.42,-54.0,48.24,15.0,76.45,45.0,34.99,-0.8660254037844384,-0.5000000000000004,0.7818314824680298,0.6234898018587336,0,1,25.7
00017_26-08-2025-14.42,179.0,-84.0,48.24,-15.0,76.45,15.0,34.99,45.0,29.96,-0.8660254037844384,-0.5000000000000004,0.7818314824680298,0.6234898018587336,1,0,37.64
00002_26-08-2025-16.37,157.0,-40.2,24.44,-10.2,34.13,19.8,45.62,49.8,58.48,-0.8660254037844384,-0.5000000000000004,0.7818314824680298,0.6234898018587336,1,0,33.1
00015_26-08-2025-17.17,157.0,-49.8,34.13,-19.8,45.62,10.2,58.48,40.2,52.59,-0.8660254037844384,-0.5000000000000004,0.7818314824680298,0.6234898018587336,0,1,36.06
00009_26-08-2025-17.22,172.0,-55.2,34.13,-25.2,45.62,4.8,58.48,34.8,52.59,-0.8660254037844384,-0.5000000000000004,0.7818314824680298,0.6234898018587336,1,0,40.03
00002_26-08-2025-18.32,157.0,-34.8,52.59,-4.8,51.03,25.2,52.4,62.4,30.52,-0.8660254037844384,-0.5000000000000004,0.7818314824680298,0.6234898018587336,1,0,28.0
00009_26-08-2025-19.29,172.0,-61.8,51.03,-31.8,52.4,5.4,30.52,36.0,41.79,-0.8660254037844384,-0.5000000000000004,0.7818314824680298,0.6234898018587336,1,0,29.06
00009_26-08-2025-20.22,172.0,-48.0,30.52,-17.4,41.79,4.8,29.25,45.0,44.91,-0.8660254037844384,-0.5000000000000004,0.7818314824680298,0.6234898018587336,1,0,36.17
00005_26-08-2025-21.02,172.0,-57.0,41.79,-34.8,29.25,5.4,44.91,550.2,33.45,-0.8660254037844384,-0.5000000000000004,0.7818314824680298,0.6234898018587336,0,1,28.19
00002_27-08-2025-06.22,157.0,-555.0,44.91,-10.2,33.45,4.8,69.3,34.8,108.87,-0.8660254037844384,-0.5000000000000004,0.9749279121818236,-0.22252093395631434,1,0,19.28
00005_27-08-2025-07.02,172.0,-34.8,69.3,-4.8,108.87,25.2,54.84,55.2,49.53,-0.8660254037844384,-0.5000000000000004,0.9749279121818236,-0.22252093395631434,0,1,53.66
00002_27-08-2025-07.22,157.0,-55.2,69.3,-25.2,108.87,4.8,54.84,34.8,49.53,-0.8660254037844384,-0.5000000000000004,0.9749279121818236,-0.22252093395631434,1,0,30.88
00002_27-08-2025-08.32,157.0,-34.8,49.53,-4.8,80.63,25.2,57.22,55.2,58.03,-0.8660254037844384,-0.5000000000000004,0.9749279121818236,-0.22252093395631434,1,0,49.38
00009_27-08-2025-09.22,172.0,-55.2,80.63,-25.2,57.22,4.8,58.03,64.8,43.04,-0.8660254037844384,-0.5000000000000004,0.9749279121818236,-0.22252093395631434,1,0,42.36
00009_27-08-2025-09.57,172.0,-60.0,57.22,-30.0,58.03,30.0,43.04,90.0,48.75,-0.8660254037844384,-0.5000000000000004,0.9749279121818236,-0.22252093395631434,1,0,21.82
00011_27-08-2025-10.02,182.0,-64.8,57.22,-34.8,58.03,25.2,43.04,85.2,48.75,-0.8660254037844384,-0.5000000000000004,0.9749279121818236,-0.22252093395631434,0,1,26.66
00009_27-08-2025-11.22,172.0,-115.2,58.03,-55.2,43.04,4.8,48.75,64.8,49.43,-0.8660254037844384,-0.5000000000000004,0.9749279121818236,-0.22252093395631434,1,0,46.61
00009_27-08-2025-12.22,172.0,-115.2,43.04,-55.2,48.75,4.8,49.43,34.8,43.32,-0.8660254037844384,-0.5000000000000004,0.9749279121818236,-0.22252093395631434,1,0,36.59
00009_27-08-2025-14.02,172.0,-64.8,43.32,-43.8,48.24,25.2,34.6,55.2,49.79,-0.8660254037844384,-0.5000000000000004,0.9749279121818236,-0.22252093395631434,1,0,43.39
00015_27-08-2025-14.12,157.0,-75.0,43.32,-54.0,48.24,15.0,34.6,45.0,49.79,-0.8660254037844384,-0.5000000000000004,0.9749279121818236,-0.22252093395631434,0,1,34.54
00017_27-08-2025-14.42,179.0,-84.0,48.24,-15.0,34.6,15.0,49.79,45.0,34.89,-0.8660254037844384,-0.5000000000000004,0.9749279121818236,-0.22252093395631434,1,0,45.68
00002_27-08-2025-16.37,157.0,-40.2,51.99,-10.2,54.06,19.8,131.91,49.8,53.73,-0.8660254037844384,-0.5000000000000004,0.9749279121818236,-0.22252093395631434,1,0,49.57
00015_27-08-2025-17.17,157.0,-49.8,54.06,-19.8,131.91,10.2,53.73,40.2,80.69,-0.8660254037844384,-0.5000000000000004,0.9749279121818236,-0.22252093395631434,0,1,45.29
00009_27-08-2025-17.22,172.0,-55.2,54.06,-25.2,131.91,4.8,53.73,34.8,80.69,-0.8660254037844384,-0.5000000000000004,0.9749279121818236,-0.22252093395631434,1,0,21.8
00002_27-08-2025-18.32,157.0,-34.8,80.69,-4.8,72.46,25.2,121.41,62.4,32.29,-0.8660254037844384,-0.5000000000000004,0.9749279121818236,-0.22252093395631434,1,0,54.18
00009_27-08-2025-19.29,172.0,-61.8,72.46,-31.8,121.41,5.4,32.29,36.0,41.94,-0.8660254037844384,-0.5000000000000004,0.9749279121818236,-0.22252093395631434,1,0,48.8
00009_27-08-2025-20.22,172.0,-48.0,32.29,-17.4,41.94,4.8,41.55,45.0,65.66,-0.8660254037844384,-0.5000000000000004,0.9749279121818236,-0.22252093395631434,1,0,34.22
00005_27-08-2025-21.02,172.0,-57.0,41.94,-34.8,41.55,5.4,65.66,550.2,29.19,-0.8660254037844384,-0.5000000000000004,0.9749279121818236,-0.22252093395631434,0,1,44.45
00002_28-08-2025-06.22,157.0,-555.0,65.66,-10.2,29.19,4.8,49.35,34.8,81.58,-0.8660254037844384,-0.5000000000000004,0.43388373911755823,-0.900968867902419,1,0,22.89
00005_28-08-2025-07.02,172.0,-34.8,49.35,-4.8,81.58,25.2,40.16,55.2,41.33,-0.8660254037844384,-0.5000000000000004,0.43388373911755823,-0.900968867902419,0,1,32.62
00002_28-08-2025-07.22,157.0,-55.2,49.35,-25.2,81.58,4.8,40.16,34.8,41.33,-0.8660254037844384,-0.5000000000000004,0.43388373911755823,-0.900968867902419,1,0,50.75
00002_28-08-2025-08.32,157.0,-34.8,41.33,-4.8,51.5,25.2,68.62,55.2,43.34,-0.8660254037844384,-0.5000000000000004,0.43388373911755823,-0.900968867902419,1,0,37.38
00009_28-08-2025-09.22,172.0,-55.2,51.5,-25.2,68.62,4.8,43.34,64.8,59.98,-0.8660254037844384,-0.5000000000000004,0.43388373911755823,-0.900968867902419,1,0,45.69
00009_28-08-2025-09.57,172.0,-60.0,68.62,-30.0,43.34,30.0,59.98,90.0,54.23,-0.8660254037844384,-0.5000000000000004,0.43388373911755823,-0.900968867902419,1,0,45.86
00011_28-08-2025-10.02,182.0,-64.8,68.62,-34.8,43.34,25.2,59.98,85.2,54.23,-0.8660254037844384,-0.5000000000000004,0.43388373911755823,-0.900968867902419,0,1,57.99
00009_28-08-2025-11.22,172.0,-115.2,43.34,-55.2,59.98,4.8,54.23,64.8,49.88,-0.8660254037844384,-0.5000000000000004,0.43388373911755823,-0.900968867902419,1,0,42.24
00009_28-08-2025-12.22,172.0,-115.2,59.98,-55.2,54.23,4.8,49.88,34.8,59.55,-0.8660254037844384,-0.5000000000000004,0.43388373911755823,-0.900968867902419,1,0,52.06
00002_28-08-2025-16.37,157.0,-40.2,92.07,-10.2,78.67,19.8,146.53,49.8,112.23,-0.8660254037844384,-0.5000000000000004,0.43388373911755823,-0.900968867902419,1,0,42.55
00015_28-08-2025-17.17,157.0,-49.8,78.67,-19.8,146.53,10.2,112.23,40.2,46.79,-0.8660254037844384,-0.5000000000000004,0.43388373911755823,-0.900968867902419,0,1,58.64
00009_28-08-2025-17.22,172.0,-55.2,78.67,-25.2,146.53,4.8,112.23,34.8,46.79,-0.8660254037844384,-0.5000000000000004,0.43388373911755823,-0.900968867902419,1,0,63.9
00002_28-08-2025-18.32,157.0,-34.8,46.79,-4.8,71.03,25.2,84.2,62.4,29.18,-0.8660254037844384,-0.5000000000000004,0.43388373911755823,-0.900968867902419,1,0,24.77
00009_28-08-2025-19.29,172.0,-61.8,71.03,-31.8,84.2,5.4,29.18,36.0,65.1,-0.8660254037844384,-0.5000000000000004,0.43388373911755823,-0.900968867902419,1,0,44.55
00009_28-08-2025-20.22,172.0,-48.0,29.18,-17.4,65.1,4.8,49.22,45.0,52.2,-0.8660254037844384,-0.5000000000000004,0.43388373911755823,-0.900968867902419,1,0,33.84
00005_28-08-2025-21.02,172.0,-57.0,65.1,-34.8,49.22,5.4,52.2,565.2,20.92,-0.8660254037844384,-0.5000000000000004,0.43388373911755823,-0.900968867902419,0,1,32.11
00002_29-08-2025-06.22,157.0,-595.2,49.22,-555.0,52.2,4.8,20.92,34.8,65.53,-0.8660254037844384,-0.5000000000000004,-0.433883739117558,-0.9009688679024191,1,0,25.6
00005_29-08-2025-07.02,172.0,-34.8,20.92,-4.8,65.53,25.2,64.27,55.2,54.12,-0.8660254037844384,-0.5000000000000004,-0.433883739117558,-0.9009688679024191,0,1,42.03
00002_29-08-2025-07.22,157.0,-55.2,20.92,-25.2,65.53,4.8,64.27,34.8,54.12,-0.8660254037844384,-0.5000000000000004,-0.433883739117558,-0.9009688679024191,1,0,51.29
00002_29-08-2025-08.32,157.0,-64.8,64.27,-34.8,54.12,25.2,115.49,55.2,73.43,-0.8660254037844384,-0.5000000000000004,-0.433883739117558,-0.9009688679024191,1,0,31.65
00009_29-08-2025-09.22,172.0,-85.2,54.12,-25.2,115.49,4.8,73.43,64.8,63.15,-0.8660254037844384,-0.5000000000000004,-0.433883739117558,-0.9009688679024191,1,0,51.17
00009_29-08-2025-09.57,172.0,-60.0,115.49,-30.0,73.43,30.0,63.15,90.0,95.4,-0.8660254037844384,-0.5000000000000004,-0.433883739117558,-0.9009688679024191,1,0,60.02
00011_29-08-2025-10.02,182.0,-64.8,115.49,-34.8,73.43,25.2,63.15,85.2,95.4,-0.8660254037844384,-0.5000000000000004,-0.433883739117558,-0.9009688679024191,0,1,33.78
00009_29-08-2025-11.22,172.0,-115.2,73.43,-55.2,63.15,4.8,95.4,64.8,52.64,-0.8660254037844384,-0.5000000000000004,-0.433883739117558,-0.9009688679024191,1,0,40.67
00009_29-08-2025-12.22,172.0,-115.2,63.15,-55.2,95.4,4.8,52.64,34.8,92.9,-0.8660254037844384,-0.5000000000000004,-0.433883739117558,-0.9009688679024191,1,0,34.82
00009_29-08-2025-14.02,172.0,-43.8,55.14,-4.8,63.75,25.2,112.57,55.2,87.94,-0.8660254037844384,-0.5000000000000004,-0.433883739117558,-0.9009688679024191,1,0,69.21
00015_29-08-2025-14.12,157.0,-54.0,55.14,-15.0,63.75,15.0,112.57,45.0,87.94,-0.8660254037844384,-0.5000000000000004,-0.433883739117558,-0.9009688679024191,0,1,47.69
00017_29-08-2025-14.42,179.0,-45.0,63.75,-15.0,112.57,15.0,87.94,45.0,60.75,-0.8660254037844384,-0.5000000000000004,-0.433883739117558,-0.9009688679024191,1,0,73.86
00002_29-08-2025-16.37,157.0,-40.2,99.22,-10.2,65.22,19.8,115.41,49.8,47.25,-0.8660254037844384,-0.5000000000000004,-0.433883739117558,-0.9009688679024191,1,0,63.47
00015_29-08-2025-17.17,157.0,-49.8,65.22,-19.8,115.41,10.2,47.25,40.2,46.2,-0.8660254037844384,-0.5000000000000004,-0.433883739117558,-0.9009688679024191,0,1,43.73
00009_29-08-2025-17.22,172.0,-55.2,65.22,-25.2,115.41,4.8,47.25,34.8,46.2,-0.8660254037844384,-0.5000000000000004,-0.433883739117558,-0.9009688679024191,1,0,64.73
00002_29-08-2025-18.32,157.0,-34.8,46.2,-4.8,56.34,25.2,63.67,62.4,36.53,-0.8660254037844384,-0.5000000000000004,-0.433883739117558,-0.9009688679024191,1,0,31.6
00009_29-08-2025-19.29,172.0,-61.8,56.34,-31.8,63.67,5.4,36.53,36.0,67.72,-0.8660254037844384,-0.5000000000000004,-0.433883739117558,-0.9009688679024191,1,0,61.02
00009_29-08-2025-20.22,172.0,-48.0,36.53,-17.4,67.72,4.8,34.71,45.0,78.18,-0.8660254037844384,-0.5000000000000004,-0.433883739117558,-0.9009688679024191,1,0,25.24
00005_29-08-2025-21.02,172.0,-57.0,67.72,-34.8,34.71,5.4,78.18,565.2,26.36,-0.8660254037844384,-0.5000000000000004,-0.433883739117558,-0.9009688679024191,0,1,32.81
00005_30-08-2025-07.02,172.0,-594.6,78.18,-34.8,26.36,25.2,37.33,85.2,46.56,-0.8660254037844384,-0.5000000000000004,-0.9749279121818236,-0.2225209339563146,0,1,39.33
00009_30-08-2025-08.07,172.0,-100.2,26.36,-40.2,37.33,19.8,46.56,49.8,63.59,-0.8660254037844384,-0.5000000000000004,-0.9749279121818236,-0.2225209339563146,1,0,33.6
00009_30-08-2025-09.22,172.0,-55.2,46.56,-25.2,63.59,4.8,47.43,64.8,47.37,-0.8660254037844384,-0.5000000000000004,-0.9749279121818236,-0.2225209339563146,1,0,55.0
00009_30-08-2025-09.57,172.0,-60.0,63.59,-30.0,47.43,30.0,47.37,90.0,54.58,-0.8660254037844384,-0.5000000000000004,-0.9749279121818236,-0.2225209339563146,1,0,49.58
00011_30-08-2025-10.02,182.0,-64.8,63.59,-34.8,47.43,25.2,47.37,85.2,54.58,-0.8660254037844384,-0.5000000000000004,-0.9749279121818236,-0.2225209339563146,0,1,31.32
00009_30-08-2025-11.22,172.0,-115.2,47.43,-55.2,47.37,4.8,54.58,64.8,39.61,-0.8660254037844384,-0.5000000000000004,-0.9749279121818236,-0.2225209339563146,1,0,50.82
00009_30-08-2025-12.22,172.0,-115.2,47.37,-55.2,54.58,4.8,39.61,55.8,82.74,-0.8660254037844384,-0.5000000000000004,-0.9749279121818236,-0.2225209339563146,1,0,28.19
00015_30-08-2025-14.12,157.0,-105.0,39.61,-54.0,82.74,75.0,32.34,135.0,106.33,-0.8660254037844384,-0.5000000000000004,-0.9749279121818236,-0.2225209339563146,0,1,16.62
00017_30-08-2025-14.42,179.0,-135.0,39.61,-84.0,82.74,45.0,32.34,105.0,106.33,-0.8660254037844384,-0.5000000000000004,-0.9749279121818236,-0.2225209339563146,1,0,40.68
00002_30-08-2025-16.37,157.0,-70.2,32.34,-10.2,106.33,49.8,23.83,109.8,87.32,-0.8660254037844384,-0.5000000000000004,-0.9749279121818236,-0.2225209339563146,1,0,46.15
00015_30-08-2025-17.17,157.0,-109.8,32.34,-49.8,106.33,10.2,23.83,70.2,87.32,-0.8660254037844384,-0.5000000000000004,-0.9749279121818236,-0.2225209339563146,0,1,32.29
00009_30-08-2025-19.29,172.0,-121.8,23.83,-61.8,87.32,5.4,32.66,58.2,30.03,-0.8660254037844384,-0.5000000000000004,-0.9749279121818236,-0.2225209339563146,1,0,57.52
00009_30-08-2025-20.22,172.0,-115.2,87.32,-48.0,32.66,4.8,30.03,604.8,45.34,-0.8660254037844384,-0.5000000000000004,-0.9749279121818236,-0.2225209339563146,1,0,23.03
00005_30-08-2025-21.02,172.0,-87.6,32.66,-34.8,30.03,565.2,45.34,625.2,82.25,-0.8660254037844384,-0.5000000000000004,-0.9749279121818236,-0.2225209339563146,0,1,30.61
00005_31-08-2025-07.02,172.0,-634.8,30.03,-34.8,45.34,25.2,82.25,85.2,85.94,-0.8660254037844384,-0.5000000000000004,-0.7818314824680299,0.6234898018587334,0,1,75.16
00009_31-08-2025-08.07,172.0,-100.2,45.34,-40.2,82.25,19.8,85.94,79.8,57.97,-0.8660254037844384,-0.5000000000000004,-0.7818314824680299,0.6234898018587334,1,0,39.2
00009_31-08-2025-09.22,172.0,-115.2,82.25,-55.2,85.94,4.8,57.97,64.8,47.57,-0.8660254037844384,-0.5000000000000004,-0.7818314824680299,0.6234898018587334,1,0,57.63
00009_31-08-2025-09.57,172.0,-90.0,85.94,-30.0,57.97,30.0,47.57,90.0,142.08,-0.8660254037844384,-0.5000000000000004,-0.7818314824680299,0.6234898018587334,1,0,78.49
00011_31-08-2025-10.02,182.0,-94.8,85.94,-34.8,57.97,25.2,47.57,85.2,142.08,-0.8660254037844384,-0.5000000000000004,-0.7818314824680299,0.6234898018587334,0,1,47.55
00009_31-08-2025-11.22,172.0,-115.2,57.97,-55.2,47.57,4.8,142.08,64.8,51.96,-0.8660254037844384,-0.5000000000000004,-0.7818314824680299,0.6234898018587334,1,0,79.25
00009_31-08-2025-12.22,172.0,-115.2,47.57,-55.2,142.08,4.8,51.96,55.8,55.14,-0.8660254037844384,-0.5000000000000004,-0.7818314824680299,0.6234898018587334,1,0,50.87
00009_31-08-2025-14.02,172.0,-94.8,51.96,-43.8,55.14,25.2,86.74,85.2,67.25,-0.8660254037844384,-0.5000000000000004,-0.7818314824680299,0.6234898018587334,1,0,70.51
00015_31-08-2025-14.12,157.0,-105.0,51.96,-54.0,55.14,15.0,86.74,75.0,67.25,-0.8660254037844384,-0.5000000000000004,-0.7818314824680299,0.6234898018587334,0,1,43.97
00017_31-08-2025-14.42,179.0,-84.0,55.14,-15.0,86.74,45.0,67.25,105.0,75.25,-0.8660254037844384,-0.5000000000000004,-0.7818314824680299,0.6234898018587334,1,0,87.71
00002_31-08-2025-16.37,157.0,-70.2,67.25,-10.2,75.25,19.8,79.32,49.8,62.1,-0.8660254037844384,-0.5000000000000004,-0.7818314824680299,0.6234898018587334,1,0,81.24
00015_31-08-2025-17.17,157.0,-49.8,75.25,-19.8,79.32,10.2,62.1,40.2,74.75,-0.8660254037844384,-0.5000000000000004,-0.7818314824680299,0.6234898018587334,0,1,41.3
00009_31-08-2025-17.22,172.0,-55.2,75.25,-25.2,79.32,4.8,62.1,34.8,74.75,-0.8660254037844384,-0.5000000000000004,-0.7818314824680299,0.6234898018587334,1,0,86.52
00002_31-08-2025-18.32,157.0,-34.8,74.75,-4.8,87.64,25.2,110.37,62.4,88.0,-0.8660254037844384,-0.5000000000000004,-0.7818314824680299,0.6234898018587334,1,0,85.55
00009_31-08-2025-19.29,172.0,-61.8,87.64,-31.8,110.37,5.4,88.0,36.0,67.1,-0.8660254037844384,-0.5000000000000004,-0.7818314824680299,0.6234898018587334,1,0,99.73
00009_31-08-2025-20.22,172.0,-48.0,88.0,-17.4,67.1,4.8,81.63,45.0,97.03,-0.8660254037844384,-0.5000000000000004,-0.7818314824680299,0.6234898018587334,1,0,89.44
00005_31-08-2025-21.02,172.0,-57.0,67.1,-34.8,81.63,5.4,97.03,550.2,27.08,-0.8660254037844384,-0.5000000000000004,-0.7818314824680299,0.6234898018587334,0,1,67.44
00002_01-09-2025-06.22,157.0,-555.0,97.03,-10.2,27.08,4.8,44.32,34.8,48.4,-1.0,-1.8369701987210297e-16,0.0,1.0,1,0,36.04
00005_01-09-2025-07.02,172.0,-34.8,44.32,-4.8,48.4,25.2,47.14,55.2,66.51,-1.0,-1.8369701987210297e-16,0.0,1.0,0,1,39.71
00002_01-09-2025-07.22,157.0,-55.2,44.32,-25.2,48.4,4.8,47.14,34.8,66.51,-1.0,-1.8369701987210297e-16,0.0,1.0,1,0,39.55
00002_01-09-2025-08.32,157.0,-34.8,66.51,-4.8,68.04,25.2,46.38,55.2,78.19,-1.0,-1.8369701987210297e-16,0.0,1.0,1,0,45.2
00009_01-09-2025-09.22,172.0,-55.2,68.04,-25.2,46.38,4.8,78.19,64.8,32.74,-1.0,-1.8369701987210297e-16,0.0,1.0,1,0,55.41
00009_01-09-2025-09.57,172.0,-60.0,46.38,-30.0,78.19,30.0,32.74,90.0,48.96,-1.0,-1.8369701987210297e-16,0.0,1.0,1,0,32.84
00011_01-09-2025-10.02,182.0,-64.8,46.38,-34.8,78.19,25.2,32.74,85.2,48.96,-1.0,-1.8369701987210297e-16,0.0,1.0,0,1,43.32
00009_01-09-2025-11.22,172.0,-115.2,78.19,-55.2,32.74,4.8,48.96,64.8,56.26,-1.0,-1.8369701987210297e-16,0.0,1.0,1,0,53.97
00009_01-09-2025-12.22,172.0,-115.2,32.74,-55.2,48.96,4.8,56.26,34.8,41.03,-1.0,-1.8369701987210297e-16,0.0,1.0,1,0,32.59
00009_01-09-2025-14.02,172.0,-64.8,41.03,-43.8,68.94,25.2,32.66,55.2,40.72,-1.0,-1.8369701987210297e-16,0.0,1.0,1,0,34.82
00015_01-09-2025-14.12,157.0,-75.0,41.03,-54.0,68.94,15.0,32.66,45.0,40.72,-1.0,-1.8369701987210297e-16,0.0,1.0,0,1,26.31
00017_01-09-2025-14.42,179.0,-84.0,68.94,-15.0,32.66,15.0,40.72,45.0,37.0,-1.0,-1.8369701987210297e-16,0.0,1.0,1,0,53.4
00002_01-09-2025-16.37,157.0,-40.2,40.3,-10.2,68.61,19.8,47.49,49.8,70.05,-1.0,-1.8369701987210297e-16,0.0,1.0,1,0,18.45
00015_01-09-2025-17.17,157.0,-49.8,68.61,-19.8,47.49,10.2,70.05,40.2,35.86,-1.0,-1.8369701987210297e-16,0.0,1.0,0,1,53.81
00009_01-09-2025-17.22,172.0,-55.2,68.61,-25.2,47.49,4.8,70.05,34.8,35.86,-1.0,-1.8369701987210297e-16,0.0,1.0,1,0,53.3
00002_01-09-2025-18.32,157.0,-34.8,35.86,-4.8,58.8,25.2,33.5,62.4,22.78,-1.0,-1.8369701987210297e-16,0.0,1.0,1,0,26.11
00009_01-09-2025-19.29,172.0,-61.8,58.8,-31.8,33.5,5.4,22.78,36.0,24.11,-1.0,-1.8369701987210297e-16,0.0,1.0,1,0,59.36
00009_01-09-2025-20.22,172.0,-48.0,22.78,-17.4,24.11,4.8,26.75,45.0,36.22,-1.0,-1.8369701987210297e-16,0.0,1.0,1,0,24.07
00005_01-09-2025-21.02,172.0,-57.0,24.11,-34.8,26.75,5.4,36.22,550.2,36.86,-1.0,-1.8369701987210297e-16,0.0,1.0,0,1,12.63
00002_02-09-2025-06.22,157.0,-555.0,36.22,-10.2,36.86,4.8,53.68,34.8,107.53,-1.0,-1.8369701987210297e-16,0.7818314824680298,0.6234898018587336,1,0,29.19
00005_02-09-2025-07.02,172.0,-34.8,53.68,-4.8,107.53,25.2,31.2,55.2,29.76,-1.0,-1.8369701987210297e-16,0.7818314824680298,0.6234898018587336,0,1,40.7
00002_02-09-2025-07.22,157.0,-55.2,53.68,-25.2,107.53,4.8,31.2,34.8,29.76,-1.0,-1.8369701987210297e-16,0.7818314824680298,0.6234898018587336,1,0,37.24
00002_02-09-2025-08.32,157.0,-34.8,29.76,-4.8,67.42,25.2,31.4,55.2,67.8,-1.0,-1.8369701987210297e-16,0.7818314824680298,0.6234898018587336,1,0,40.87
00009_02-09-2025-09.22,172.0,-55.2,67.42,-25.2,31.4,4.8,67.8,64.8,34.44,-1.0,-1.8369701987210297e-16,0.7818314824680298,0.6234898018587336,1,0,53.5
00009_02-09-2025-09.57,172.0,-60.0,31.4,-30.0,67.8,30.0,34.44,90.0,43.57,-1.0,-1.8369701987210297e-16,0.7818314824680298,0.6234898018587336,1,0,44.09
00011_02-09-2025-10.02,182.0,-64.8,31.4,-34.8,67.8,25.2,34.44,85.2,43.57,-1.0,-1.8369701987210297e-16,0.7818314824680298,0.6234898018587336,0,1,24.65
00009_02-09-2025-11.22,172.0,-115.2,67.8,-55.2,34.44,4.8,43.57,64.8,40.52,-1.0,-1.8369701987210297e-16,0.7818314824680298,0.6234898018587336,1,0,35.27
00009_02-09-2025-12.22,172.0,-115.2,34.44,-55.2,43.57,4.8,40.52,34.8,33.8,-1.0,-1.8369701987210297e-16,0.7818314824680298,0.6234898018587336,1,0,34.27
00009_02-09-2025-14.02,172.0,-64.8,33.8,-43.8,48.24,25.2,63.78,55.2,28.54,-1.0,-1.8369701987210297e-16,0.7818314824680298,0.6234898018587336,1,0,31.96
00015_02-09-2025-14.12,157.0,-75.0,33.8,-54.0,48.24,15.0,63.78,45.0,28.54,-1.0,-1.8369701987210297e-16,0.7818314824680298,0.6234898018587336,0,1,18.19
00017_02-09-2025-14.42,179.0,-84.0,48.24,-15.0,63.78,15.0,28.54,45.0,30.71,-1.0,-1.8369701987210297e-16,0.7818314824680298,0.6234898018587336,1,0,43.78
00002_02-09-2025-16.37,157.0,-40.2,39.08,-10.2,32.45,19.8,49.27,49.8,62.04,-1.0,-1.8369701987210297e-16,0.7818314824680298,0.6234898018587336,1,0,51.42
00015_02-09-2025-17.17,157.0,-49.8,32.45,-19.8,49.27,10.2,62.04,40.2,68.17,-1.0,-1.8369701987210297e-16,0.7818314824680298,0.6234898018587336,0,1,25.22
00009_02-09-2025-17.22,172.0,-55.2,32.45,-25.2,49.27,4.8,62.04,34.8,68.17,-1.0,-1.8369701987210297e-16,0.7818314824680298,0.6234898018587336,1,0,31.17
00002_02-09-2025-18.32,157.0,-34.8,68.17,-4.8,50.03,25.2,22.91,62.4,28.67,-1.0,-1.8369701987210297e-16,0.7818314824680298,0.6234898018587336,1,0,25.12
00009_02-09-2025-19.29,172.0,-61.8,50.03,-31.8,22.91,5.4,28.67,36.0,35.8,-1.0,-1.8369701987210297e-16,0.7818314824680298,0.6234898018587336,1,0,41.94
00009_02-09-2025-20.22,172.0,-48.0,28.67,-17.4,35.8,4.8,35.75,45.0,37.0,-1.0,-1.8369701987210297e-16,0.7818314824680298,0.6234898018587336,1,0,26.93
00005_02-09-2025-21.02,172.0,-57.0,35.8,-34.8,35.75,5.4,37.0,550.2,28.56,-1.0,-1.8369701987210297e-16,0.7818314824680298,0.6234898018587336,0,1,31.51
00002_03-09-2025-06.22,157.0,-555.0,37.0,-10.2,28.56,4.8,59.09,34.8,96.88,-1.0,-1.8369701987210297e-16,0.9749279121818236,-0.22252093395631434,1,0,36.55
00005_03-09-2025-07.02,172.0,-34.8,59.09,-4.8,96.88,25.2,18.0,55.2,36.26,-1.0,-1.8369701987210297e-16,0.9749279121818236,-0.22252093395631434,0,1,36.26
00002_03-09-2025-07.22,157.0,-55.2,59.09,-25.2,96.88,4.8,18.0,34.8,36.26,-1.0,-1.8369701987210297e-16,0.9749279121818236,-0.22252093395631434,1,0,27.37
00002_03-09-2025-08.32,157.0,-34.8,36.26,-4.8,54.92,25.2,53.54,55.2,60.28,-1.0,-1.8369701987210297e-16,0.9749279121818236,-0.22252093395631434,1,0,42.91
00009_03-09-2025-09.22,172.0,-55.2,54.92,-25.2,53.54,4.8,60.28,64.8,49.04,-1.0,-1.8369701987210297e-16,0.9749279121818236,-0.22252093395631434,1,0,46.61
00009_03-09-2025-09.57,172.0,-60.0,53.54,-30.0,60.28,30.0,49.04,90.0,53.73,-1.0,-1.8369701987210297e-16,0.9749279121818236,-0.22252093395631434,1,0,48.57
00011_03-09-2025-10.02,182.0,-64.8,53.54,-34.8,60.28,25.2,49.04,85.2,53.73,-1.0,-1.8369701987210297e-16,0.9749279121818236,-0.22252093395631434,0,1,40.07
00009_03-09-2025-11.22,172.0,-115.2,60.28,-55.2,49.04,4.8,53.73,64.8,34.35,-1.0,-1.8369701987210297e-16,0.9749279121818236,-0.22252093395631434,1,0,45.37
00009_03-09-2025-12.22,172.0,-115.2,49.04,-55.2,53.73,4.8,34.35,34.8,51.16,-1.0,-1.8369701987210297e-16,0.9749279121818236,-0.22252093395631434,1,0,48.29
00009_03-09-2025-14.02,172.0,-64.8,51.16,-43.8,48.24,25.2,49.24,55.2,50.49,-1.0,-1.8369701987210297e-16,0.9749279121818236,-0.22252093395631434,1,0,39.42
00015_03-09-2025-14.12,157.0,-75.0,51.16,-54.0,48.24,15.0,49.24,45.0,50.49,-1.0,-1.8369701987210297e-16,0.9749279121818236,-0.22252093395631434,0,1,35.61
00017_03-09-2025-14.42,179.0,-84.0,48.24,-15.0,49.24,15.0,50.49,45.0,37.72,-1.0,-1.8369701987210297e-16,0.9749279121818236,-0.22252093395631434,1,0,34.37
00002_03-09-2025-16.37,157.0,-40.2,53.28,-10.2,61.14,19.8,104.41,49.8,53.83,-1.0,-1.8369701987210297e-16,0.9749279121818236,-0.22252093395631434,1,0,45.8
00015_03-09-2025-17.17,157.0,-49.8,61.14,-19.8,104.41,10.2,53.83,40.2,53.36,-1.0,-1.8369701987210297e-16,0.9749279121818236,-0.22252093395631434,0,1,43.12
00009_03-09-2025-17.22,172.0,-55.2,61.14,-25.2,104.41,4.8,53.83,34.8,53.36,-1.0,-1.8369701987210297e-16,0.9749279121818236,-0.22252093395631434,1,0,56.08
00002_03-09-2025-18.32,157.0,-34.8,53.36,-4.8,76.29,25.2,108.07,62.4,28.19,-1.0,-1.8369701987210297e-16,0.9749279121818236,-0.22252093395631434,1,0,40.36
00009_03-09-2025-19.29,172.0,-61.8,76.29,-31.8,108.07,5.4,28.19,36.0,63.31,-1.0,-1.8369701987210297e-16,0.9749279121818236,-0.22252093395631434,1,0,33.74
00009_03-09-2025-20.22,172.0,-48.0,28.19,-17.4,63.31,4.8,36.22,45.0,49.3,-1.0,-1.8369701987210297e-16,0.9749279121818236,-0.22252093395631434,1,0,31.88
00005_03-09-2025-21.02,172.0,-57.0,63.31,-34.8,36.22,5.4,49.3,550.2,24.11,-1.0,-1.8369701987210297e-16,0.9749279121818236,-0.22252093395631434,0,1,42.39
00002_04-09-2025-06.22,157.0,-555.0,49.3,-10.2,24.11,4.8,19.64,34.8,61.86,-1.0,-1.8369701987210297e-16,0.43388373911755823,-0.900968867902419,1,0,28.32
00005_04-09-2025-07.02,172.0,-34.8,19.64,-4.8,61.86,25.2,26.31,55.2,58.73,-1.0,-1.8369701987210297e-16,0.43388373911755823,-0.900968867902419,0,1,23.49
00002_04-09-2025-07.22,157.0,-55.2,19.64,-25.2,61.86,4.8,26.31,34.8,58.73,-1.0,-1.8369701987210297e-16,0.43388373911755823,-0.900968867902419,1,0,33.54
00002_04-09-2025-08.32,157.0,-34.8,58.73,-4.8,57.56,25.2,64.04,55.2,46.26,-1.0,-1.8369701987210297e-16,0.43388373911755823,-0.900968867902419,1,0,47.55
00009_04-09-2025-09.22,172.0,-55.2,57.56,-25.2,64.04,4.8,46.26,64.8,53.55,-1.0,-1.8369701987210297e-16,0.43388373911755823,-0.900968867902419,1,0,69.76
00009_04-09-2025-09.57,172.0,-60.0,64.04,-30.0,46.26,30.0,53.55,90.0,58.76,-1.0,-1.8369701987210297e-16,0.43388373911755823,-0.900968867902419,1,0,53.58
00011_04-09-2025-10.02,182.0,-64.8,64.04,-34.8,46.26,25.2,53.55,85.2,58.76,-1.0,-1.8369701987210297e-16,0.43388373911755823,-0.900968867902419,0,1,38.58
00009_04-09-2025-11.22,172.0,-115.2,46.26,-55.2,53.55,4.8,58.76,64.8,40.45,-1.0,-1.8369701987210297e-16,0.43388373911755823,-0.900968867902419,1,0,82.92
00009_04-09-2025-12.22,172.0,-115.2,53.55,-55.2,58.76,4.8,40.45,34.8,62.46,-1.0,-1.8369701987210297e-16,0.43388373911755823,-0.900968867902419,1,0,61.36
00002_04-09-2025-16.37,157.0,-40.2,101.58,-10.2,60.61,19.8,137.51,49.8,103.05,-1.0,-1.8369701987210297e-16,0.43388373911755823,-0.900968867902419,1,0,47.32
00015_04-09-2025-17.17,157.0,-49.8,60.61,-19.8,137.51,10.2,103.05,40.2,75.48,-1.0,-1.8369701987210297e-16,0.43388373911755823,-0.900968867902419,0,1,54.96
00009_04-09-2025-17.22,172.0,-55.2,60.61,-25.2,137.51,4.8,103.05,34.8,75.48,-1.0,-1.8369701987210297e-16,0.43388373911755823,-0.900968867902419,1,0,67.76
00002_04-09-2025-18.32,157.0,-34.8,75.48,-4.8,73.56,25.2,78.67,62.4,30.24,-1.0,-1.8369701987210297e-16,0.43388373911755823,-0.900968867902419,1,0,51.54
00009_04-09-2025-19.29,172.0,-61.8,73.56,-31.8,78.67,5.4,30.24,36.0,61.08,-1.0,-1.8369701987210297e-16,0.43388373911755823,-0.900968867902419,1,0,33.01
00009_04-09-2025-20.22,172.0,-48.0,30.24,-17.4,61.08,4.8,27.42,45.0,56.76,-1.0,-1.8369701987210297e-16,0.43388373911755823,-0.900968867902419,1,0,26.55
00005_04-09-2025-21.02,172.0,-57.0,61.08,-34.8,27.42,5.4,56.76,565.2,15.42,-1.0,-1.8369701987210297e-16,0.43388373911755823,-0.900968867902419,0,1,40.3
00002_05-09-2025-06.22,157.0,-595.2,27.42,-555.0,56.76,4.8,15.42,34.8,39.32,-1.0,-1.8369701987210297e-16,-0.433883739117558,-0.9009688679024191,1,0,36.08
00005_05-09-2025-07.02,172.0,-34.8,15.42,-4.8,39.32,25.2,54.77,55.2,51.86,-1.0,-1.8369701987210297e-16,-0.433883739117558,-0.9009688679024191,0,1,38.05
00002_05-09-2025-07.22,157.0,-55.2,15.42,-25.2,39.32,4.8,54.77,34.8,51.86,-1.0,-1.8369701987210297e-16,-0.433883739117558,-0.9009688679024191,1,0,39.57
00002_05-09-2025-08.32,157.0,-64.8,54.77,-34.8,51.86,25.2,114.96,55.2,74.04,-1.0,-1.8369701987210297e-16,-0.433883739117558,-0.9009688679024191,1,0,40.95
00009_05-09-2025-09.22,172.0,-85.2,51.86,-25.2,114.96,4.8,74.04,64.8,53.62,-1.0,-1.8369701987210297e-16,-0.433883739117558,-0.9009688679024191,1,0,40.45
00009_05-09-2025-09.57,172.0,-60.0,114.96,-30.0,74.04,30.0,53.62,90.0,114.06,-1.0,-1.8369701987210297e-16,-0.433883739117558,-0.9009688679024191,1,0,56.01
00011_05-09-2025-10.02,182.0,-64.8,114.96,-34.8,74.04,25.2,53.62,85.2,114.06,-1.0,-1.8369701987210297e-16,-0.433883739117558,-0.9009688679024191,0,1,44.87
00009_05-09-2025-11.22,172.0,-115.2,74.04,-55.2,53.62,4.8,114.06,64.8,66.09,-1.0,-1.8369701987210297e-16,-0.433883739117558,-0.9009688679024191,1,0,49.83
00009_05-09-2025-12.22,172.0,-115.2,53.62,-55.2,114.06,4.8,66.09,34.8,83.66,-1.0,-1.8369701987210297e-16,-0.433883739117558,-0.9009688679024191,1,0,46.41
00009_05-09-2025-14.02,172.0,-43.8,55.14,-4.8,77.58,25.2,89.8,55.2,94.14,-1.0,-1.8369701987210297e-16,-0.433883739117558,-0.9009688679024191,1,0,48.4
00015_05-09-2025-14.12,157.0,-54.0,55.14,-15.0,77.58,15.0,89.8,45.0,94.14,-1.0,-1.8369701987210297e-16,-0.433883739117558,-0.9009688679024191,0,1,44.45
00017_05-09-2025-14.42,179.0,-45.0,77.58,-15.0,89.8,15.0,94.14,45.0,54.25,-1.0,-1.8369701987210297e-16,-0.433883739117558,-0.9009688679024191,1,0,87.96
00002_05-09-2025-16.37,157.0,-40.2,92.8,-10.2,76.86,19.8,103.97,49.8,44.66,-1.0,-1.8369701987210297e-16,-0.433883739117558,-0.9009688679024191,1,0,47.13
00015_05-09-2025-17.17,157.0,-49.8,76.86,-19.8,103.97,10.2,44.66,40.2,46.28,-1.0,-1.8369701987210297e-16,-0.433883739117558,-0.9009688679024191,0,1,41.59
00009_05-09-2025-17.22,172.0,-55.2,76.86,-25.2,103.97,4.8,44.66,34.8,46.28,-1.0,-1.8369701987210297e-16,-0.433883739117558,-0.9009688679024191,1,0,59.27
00002_05-09-2025-18.32,157.0,-34.8,46.28,-4.8,81.73,25.2,54.87,62.4,35.79,-1.0,-1.8369701987210297e-16,-0.433883739117558,-0.9009688679024191,1,0,42.14
00009_05-09-2025-19.29,172.0,-61.8,81.73,-31.8,54.87,5.4,35.79,36.0,77.11,-1.0,-1.8369701987210297e-16,-0.433883739117558,-0.9009688679024191,1,0,43.9
00009_05-09-2025-20.22,172.0,-48.0,35.79,-17.4,77.11,4.8,46.3,45.0,89.51,-1.0,-1.8369701987210297e-16,-0.433883739117558,-0.9009688679024191,1,0,28.4
00005_05-09-2025-21.02,172.0,-57.0,77.11,-34.8,46.3,5.4,89.51,565.2,28.95,-1.0,-1.8369701987210297e-16,-0.433883739117558,-0.9009688679024191,0,1,28.9
00005_06-09-2025-07.02,172.0,-594.6,89.51,-34.8,28.95,25.2,57.97,85.2,53.38,-1.0,-1.8369701987210297e-16,-0.9749279121818236,-0.2225209339563146,0,1,16.45
00009_06-09-2025-08.07,172.0,-100.2,28.95,-40.2,57.97,19.8,53.38,49.8,66.96,-1.0,-1.8369701987210297e-16,-0.9749279121818236,-0.2225209339563146,1,0,36.12
00009_06-09-2025-09.22,172.0,-55.2,53.38,-25.2,66.96,4.8,54.93,64.8,47.18,-1.0,-1.8369701987210297e-16,-0.9749279121818236,-0.2225209339563146,1,0,40.35
00009_06-09-2025-09.57,172.0,-60.0,66.96,-30.0,54.93,30.0,47.18,90.0,32.92,-1.0,-1.8369701987210297e-16,-0.9749279121818236,-0.2225209339563146,1,0,44.35
00011_06-09-2025-10.02,182.0,-64.8,66.96,-34.8,54.93,25.2,47.18,85.2,32.92,-1.0,-1.8369701987210297e-16,-0.9749279121818236,-0.2225209339563146,0,1,45.8
00009_06-09-2025-11.22,172.0,-115.2,54.93,-55.2,47.18,4.8,32.92,64.8,47.61,-1.0,-1.8369701987210297e-16,-0.9749279121818236,-0.2225209339563146,1,0,45.95
00009_06-09-2025-12.22,172.0,-115.2,47.18,-55.2,32.92,4.8,47.61,55.8,82.74,-1.0,-1.8369701987210297e-16,-0.9749279121818236,-0.2225209339563146,1,0,34.9
00015_06-09-2025-14.12,157.0,-105.0,47.61,-54.0,82.74,75.0,26.91,135.0,113.38,-1.0,-1.8369701987210297e-16,-0.9749279121818236,-0.2225209339563146,0,1,30.68
00017_06-09-2025-14.42,179.0,-135.0,47.61,-84.0,82.74,45.0,26.91,105.0,113.38,-1.0,-1.8369701987210297e-16,-0.9749279121818236,-0.2225209339563146,1,0,28.56
00002_06-09-2025-16.37,157.0,-70.2,26.91,-10.2,113.38,49.8,15.21,109.8,115.43,-1.0,-1.8369701987210297e-16,-0.9749279121818236,-0.2225209339563146,1,0,37.4
00015_06-09-2025-17.17,157.0,-109.8,26.91,-49.8,113.38,10.2,15.21,70.2,115.43,-1.0,-1.8369701987210297e-16,-0.9749279121818236,-0.2225209339563146,0,1,35.38
00009_06-09-2025-19.29,172.0,-121.8,15.21,-61.8,115.43,5.4,27.97,58.2,11.92,-1.0,-1.8369701987210297e-16,-0.9749279121818236,-0.2225209339563146,1,0,36.63
00009_06-09-2025-20.22,172.0,-115.2,115.43,-48.0,27.97,4.8,11.92,604.8,43.87,-1.0,-1.8369701987210297e-16,-0.9749279121818236,-0.2225209339563146,1,0,14.64
00005_06-09-2025-21.02,172.0,-87.6,27.97,-34.8,11.92,565.2,43.87,625.2,59.21,-1.0,-1.8369701987210297e-16,-0.9749279121818236,-0.2225209339563146,0,1,34.31
00005_07-09-2025-07.02,172.0,-634.8,11.92,-34.8,43.87,25.2,59.21,85.2,100.05,-1.0,-1.8369701987210297e-16,-0.7818314824680299,0.6234898018587334,0,1,40.41
00009_07-09-2025-08.07,172.0,-100.2,43.87,-40.2,59.21,19.8,100.05,79.8,53.07,-1.0,-1.8369701987210297e-16,-0.7818314824680299,0.6234898018587334,1,0,48.64
00009_07-09-2025-09.22,172.0,-115.2,59.21,-55.2,100.05,4.8,53.07,64.8,48.61,-1.0,-1.8369701987210297e-16,-0.7818314824680299,0.6234898018587334,1,0,60.98
00009_07-09-2025-09.57,172.0,-90.0,100.05,-30.0,53.07,30.0,48.61,90.0,121.99,-1.0,-1.8369701987210297e-16,-0.7818314824680299,0.6234898018587334,1,0,52.68
00011_07-09-2025-10.02,182.0,-94.8,100.05,-34.8,53.07,25.2,48.61,85.2,121.99,-1.0,-1.8369701987210297e-16,-0.7818314824680299,0.6234898018587334,0,1,27.97
00009_07-09-2025-11.22,172.0,-115.2,53.07,-55.2,48.61,4.8,121.99,64.8,65.38,-1.0,-1.8369701987210297e-16,-0.7818314824680299,0.6234898018587334,1,0,69.78
00009_07-09-2025-12.22,172.0,-115.2,48.61,-55.2,121.99,4.8,65.38,55.8,55.14,-1.0,-1.8369701987210297e-16,-0.7818314824680299,0.6234898018587334,1,0,50.83
00009_07-09-2025-14.02,172.0,-94.8,65.38,-43.8,55.14,25.2,104.79,85.2,63.35,-1.0,-1.8369701987210297e-16,-0.7818314824680299,0.6234898018587334,1,0,94.12
00015_07-09-2025-14.12,157.0,-105.0,65.38,-54.0,55.14,15.0,104.79,75.0,63.35,-1.0,-1.8369701987210297e-16,-0.7818314824680299,0.6234898018587334,0,1,62.77
00017_07-09-2025-14.42,179.0,-84.0,55.14,-15.0,104.79,45.0,63.35,105.0,85.99,-1.0,-1.8369701987210297e-16,-0.7818314824680299,0.6234898018587334,1,0,82.75
00002_07-09-2025-16.37,157.0,-70.2,63.35,-10.2,85.99,19.8,82.54,49.8,65.09,-1.0,-1.8369701987210297e-16,-0.7818314824680299,0.6234898018587334,1,0,90.05
00015_07-09-2025-17.17,157.0,-49.8,85.99,-19.8,82.54,10.2,65.09,40.2,61.63,-1.0,-1.8369701987210297e-16,-0.7818314824680299,0.6234898018587334,0,1,49.66
00009_07-09-2025-17.22,172.0,-55.2,85.99,-25.2,82.54,4.8,65.09,34.8,61.63,-1.0,-1.8369701987210297e-16,-0.7818314824680299,0.6234898018587334,1,0,79.53
00002_07-09-2025-18.32,157.0,-34.8,61.63,-4.8,105.02,25.2,119.65,62.4,83.81,-1.0,-1.8369701987210297e-16,-0.7818314824680299,0.6234898018587334,1,0,99.09
00009_07-09-2025-19.29,172.0,-61.8,105.02,-31.8,119.65,5.4,83.81,36.0,77.53,-1.0,-1.8369701987210297e-16,-0.7818314824680299,0.6234898018587334,1,0,82.71
00009_07-09-2025-20.22,172.0,-48.0,83.81,-17.4,77.53,4.8,74.51,45.0,128.57,-1.0,-1.8369701987210297e-16,-0.7818314824680299,0.6234898018587334,1,0,97.47
00005_07-09-2025-21.02,172.0,-57.0,77.53,-34.8,74.51,5.4,128.57,550.2,30.2,-1.0,-1.8369701987210297e-16,-0.7818314824680299,0.6234898018587334,0,1,82.93
00002_08-09-2025-06.22,157.0,-555.0,128.57,-10.2,30.2,4.8,60.48,34.8,53.74,-1.0,-1.8369701987210297e-16,0.0,1.0,1,0,61.01
00005_08-09-2025-07.02,172.0,-34.8,60.48,-4.8,53.74,25.2,49.11,55.2,63.38,-1.0,-1.8369701987210297e-16,0.0,1.0,0,1,42.7
00002_08-09-2025-07.22,157.0,-55.2,60.48,-25.2,53.74,4.8,49.11,34.8,63.38,-1.0,-1.8369701987210297e-16,0.0,1.0,1,0,39.7
00002_08-09-2025-08.32,157.0,-34.8,63.38,-4.8,67.57,25.2,54.95,55.2,77.21,-1.0,-1.8369701987210297e-16,0.0,1.0,1,0,55.85
00009_08-09-2025-09.22,172.0,-55.2,67.57,-25.2,54.95,4.8,77.21,64.8,36.15,-1.0,-1.8369701987210297e-16,0.0,1.0,1,0,31.12
00009_08-09-2025-09.57,172.0,-60.0,54.95,-30.0,77.21,30.0,36.15,90.0,35.14,-1.0,-1.8369701987210297e-16,0.0,1.0,1,0,38.22
00011_08-09-2025-10.02,182.0,-64.8,54.95,-34.8,77.21,25.2,36.15,85.2,35.14,-1.0,-1.8369701987210297e-16,0.0,1.0,0,1,40.99
00009_08-09-2025-11.22,172.0,-115.2,77.21,-55.2,36.15,4.8,35.14,64.8,39.89,-1.0,-1.8369701987210297e-16,0.0,1.0,1,0,17.47
00009_08-09-2025-12.22,172.0,-115.2,36.15,-55.2,35.14,4.8,39.89,34.8,35.72,-1.0,-1.8369701987210297e-16,0.0,1.0,1,0,31.9
00009_08-09-2025-14.02,172.0,-64.8,35.72,-43.8,68.94,25.2,35.87,55.2,37.86,-1.0,-1.8369701987210297e-16,0.0,1.0,1,0,24.97
00015_08-09-2025-14.12,157.0,-75.0,35.72,-54.0,68.94,15.0,35.87,45.0,37.86,-1.0,-1.8369701987210297e-16,0.0,1.0,0,1,18.7
00017_08-09-2025-14.42,179.0,-84.0,68.94,-15.0,35.87,15.0,37.86,45.0,35.28,-1.0,-1.8369701987210297e-16,0.0,1.0,1,0,40.25
00002_08-09-2025-16.37,157.0,-40.2,33.9,-10.2,62.92,19.8,48.69,49.8,62.77,-1.0,-1.8369701987210297e-16,0.0,1.0,1,0,23.23
00015_08-09-2025-17.17,157.0,-49.8,62.92,-19.8,48.69,10.2,62.77,40.2,39.04,-1.0,-1.8369701987210297e-16,0.0,1.0,0,1,33.79
00009_08-09-2025-17.22,172.0,-55.2,62.92,-25.2,48.69,4.8,62.77,34.8,39.04,-1.0,-1.8369701987210297e-16,0.0,1.0,1,0,14.31
00002_08-09-2025-18.32,157.0,-34.8,39.04,-4.8,61.93,25.2,40.0,62.4,23.72,-1.0,-1.8369701987210297e-16,0.0,1.0,1,0,58.71
00009_08-09-2025-19.29,172.0,-61.8,61.93,-31.8,40.0,5.4,23.72,36.0,16.74,-1.0,-1.8369701987210297e-16,0.0,1.0,1,0,55.4
00009_08-09-2025-20.22,172.0,-48.0,23.72,-17.4,16.74,4.8,19.36,45.0,34.26,-1.0,-1.8369701987210297e-16,0.0,1.0,1,0,22.48
00005_08-09-2025-21.02,172.0,-57.0,16.74,-34.8,19.36,5.4,34.26,550.2,32.68,-1.0,-1.8369701987210297e-16,0.0,1.0,0,1,10.0
00002_09-09-2025-06.22,157.0,-555.0,34.26,-10.2,32.68,4.8,43.6,34.8,118.52,-1.0,-1.8369701987210297e-16,0.7818314824680298,0.6234898018587336,1,0,44.02
00005_09-09-2025-07.02,172.0,-34.8,43.6,-4.8,118.52,25.2,46.46,55.2,30.56,-1.0,-1.8369701987210297e-16,0.7818314824680298,0.6234898018587336,0,1,32.05
00002_09-09-2025-07.22,157.0,-55.2,43.6,-25.2,118.52,4.8,46.46,34.8,30.56,-1.0,-1.8369701987210297e-16,0.7818314824680298,0.6234898018587336,1,0,31.77
00002_09-09-2025-08.32,157.0,-34.8,30.56,-4.8,60.51,25.2,36.95,55.2,64.59,-1.0,-1.8369701987210297e-16,0.7818314824680298,0.6234898018587336,1,0,49.83
00009_09-09-2025-09.22,172.0,-55.2,60.51,-25.2,36.95,4.8,64.59,64.8,36.24,-1.0,-1.8369701987210297e-16,0.7818314824680298,0.6234898018587336,1,0,38.51
00009_09-09-2025-09.57,172.0,-60.0,36.95,-30.0,64.59,30.0,36.24,90.0,52.12,-1.0,-1.8369701987210297e-16,0.7818314824680298,0.6234898018587336,1,0,38.58
00011_09-09-2025-10.02,182.0,-64.8,36.95,-34.8,64.59,25.2,36.24,85.2,52.12,-1.0,-1.8369701987210297e-16,0.7818314824680298,0.6234898018587336,0,1,49.87
00009_09-09-2025-11.22,172.0,-115.2,64.59,-55.2,36.24,4.8,52.12,64.8,42.12,-1.0,-1.8369701987210297e-16,0.7818314824680298,0.6234898018587336,1,0,37.71
00009_09-09-2025-12.22,172.0,-115.2,36.24,-55.2,52.12,4.8,42.12,34.8,33.28,-1.0,-1.8369701987210297e-16,0.7818314824680298,0.6234898018587336,1,0,29.67
00009_09-09-2025-14.02,172.0,-64.8,33.28,-43.8,48.24,25.2,69.89,55.2,25.55,-1.0,-1.8369701987210297e-16,0.7818314824680298,0.6234898018587336,1,0,28.3
00015_09-09-2025-14.12,157.0,-75.0,33.28,-54.0,48.24,15.0,69.89,45.0,25.55,-1.0,-1.8369701987210297e-16,0.7818314824680298,0.6234898018587336,0,1,15.52
00017_09-09-2025-14.42,179.0,-84.0,48.24,-15.0,69.89,15.0,25.55,45.0,29.78,-1.0,-1.8369701987210297e-16,0.7818314824680298,0.6234898018587336,1,0,37.48
00002_09-09-2025-16.37,157.0,-40.2,21.39,-10.2,31.05,19.8,65.62,49.8,63.06,-1.0,-1.8369701987210297e-16,0.7818314824680298,0.6234898018587336,1,0,20.1
00015_09-09-2025-17.17,157.0,-49.8,31.05,-19.8,65.62,10.2,63.06,40.2,71.33,-1.0,-1.8369701987210297e-16,0.7818314824680298,0.6234898018587336,0,1,42.56
00009_09-09-2025-17.22,172.0,-55.2,31.05,-25.2,65.62,4.8,63.06,34.8,71.33,-1.0,-1.8369701987210297e-16,0.7818314824680298,0.6234898018587336,1,0,16.05
00002_09-09-2025-18.32,157.0,-34.8,71.33,-4.8,46.96,25.2,43.78,62.4,31.07,-1.0,-1.8369701987210297e-16,0.7818314824680298,0.6234898018587336,1,0,45.34
00009_09-09-2025-19.29,172.0,-61.8,46.96,-31.8,43.78,5.4,31.07,36.0,36.45,-1.0,-1.8369701987210297e-16,0.7818314824680298,0.6234898018587336,1,0,43.54
00009_09-09-2025-20.22,172.0,-48.0,31.07,-17.4,36.45,4.8,20.87,45.0,46.28,-1.0,-1.8369701987210297e-16,0.7818314824680298,0.6234898018587336,1,0,29.06
00005_09-09-2025-21.02,172.0,-57.0,36.45,-34.8,20.87,5.4,46.28,550.2,39.5,-1.0,-1.8369701987210297e-16,0.7818314824680298,0.6234898018587336,0,1,24.04
00002_10-09-2025-06.22,157.0,-555.0,46.28,-10.2,39.5,4.8,49.55,34.8,94.02,-1.0,-1.8369701987210297e-16,0.9749279121818236,-0.22252093395631434,1,0,33.05
00005_10-09-2025-07.02,172.0,-34.8,49.55,-4.8,94.02,25.2,43.19,55.2,69.56,-1.0,-1.8369701987210297e-16,0.9749279121818236,-0.22252093395631434,0,1,37.88
00002_10-09-2025-07.22,157.0,-55.2,49.55,-25.2,94.02,4.8,43.19,34.8,69.56,-1.0,-1.8369701987210297e-16,0.9749279121818236,-0.22252093395631434,1,0,17.48
00002_10-09-2025-08.32,157.0,-34.8,69.56,-4.8,74.31,25.2,37.83,55.2,66.24,-1.0,-1.8369701987210297e-16,0.9749279121818236,-0.22252093395631434,1,0,54.38
00009_10-09-2025-09.22,172.0,-55.2,74.31,-25.2,37.83,4.8,66.24,64.8,42.84,-1.0,-1.8369701987210297e-16,0.9749279121818236,-0.22252093395631434,1,0,43.75
00009_10-09-2025-09.57,172.0,-60.0,37.83,-30.0,66.24,30.0,42.84,90.0,50.29,-1.0,-1.8369701987210297e-16,0.9749279121818236,-0.22252093395631434,1,0,22.38
00011_10-09-2025-10.02,182.0,-64.8,37.83,-34.8,66.24,25.2,42.84,85.2,50.29,-1.0,-1.8369701987210297e-16,0.9749279121818236,-0.22252093395631434,0,1,46.62
00009_10-09-2025-11.22,172.0,-115.2,66.24,-55.2,42.84,4.8,50.29,64.8,40.17,-1.0,-1.8369701987210297e-16,0.9749279121818236,-0.22252093395631434,1,0,47.21
00009_10-09-2025-12.22,172.0,-115.2,42.84,-55.2,50.29,4.8,40.17,34.8,52.61,-1.0,-1.8369701987210297e-16,0.9749279121818236,-0.22252093395631434,1,0,20.79
00009_10-09-2025-14.02,172.0,-64.8,52.61,-43.8,48.24,25.2,50.75,55.2,54.8,-1.0,-1.8369701987210297e-16,0.9749279121818236,-0.22252093395631434,1,0,47.05
00015_10-09-2025-14.12,157.0,-75.0,52.61,-54.0,48.24,15.0,50.75,45.0,54.8,-1.0,-1.8369701987210297e-16,0.9749279121818236,-0.22252093395631434,0,1,38.8
00017_10-09-2025-14.42,179.0,-84.0,48.24,-15.0,50.75,15.0,54.8,45.0,34.29,-1.0,-1.8369701987210297e-16,0.9749279121818236,-0.22252093395631434,1,0,63.55
00002_10-09-2025-16.37,157.0,-40.2,45.51,-10.2,41.63,19.8,109.58,49.8,68.25,-1.0,-1.8369701987210297e-16,0.9749279121818236,-0.22252093395631434,1,0,49.41
00015_10-09-2025-17.17,157.0,-49.8,41.63,-19.8,109.58,10.2,68.25,40.2,50.29,-1.0,-1.8369701987210297e-16,0.9749279121818236,-0.22252093395631434,0,1,43.16
00009_10-09-2025-17.22,172.0,-55.2,41.63,-25.2,109.58,4.8,68.25,34.8,50.29,-1.0,-1.8369701987210297e-16,0.9749279121818236,-0.22252093395631434,1,0,47.98
00002_10-09-2025-18.32,157.0,-34.8,50.29,-4.8,76.44,25.2,126.35,62.4,34.4,-1.0,-1.8369701987210297e-16,0.9749279121818236,-0.22252093395631434,1,0,46.78
00009_10-09-2025-19.29,172.0,-61.8,76.44,-31.8,126.35,5.4,34.4,36.0,50.56,-1.0,-1.8369701987210297e-16,0.9749279121818236,-0.22252093395631434,1,0,25.31
00009_10-09-2025-20.22,172.0,-48.0,34.4,-17.4,50.56,4.8,38.4,45.0,48.73,-1.0,-1.8369701987210297e-16,0.9749279121818236,-0.22252093395631434,1,0,34.16
00005_10-09-2025-21.02,172.0,-57.0,50.56,-34.8,38.4,5.4,48.73,550.2,31.27,-1.0,-1.8369701987210297e-16,0.9749279121818236,-0.22252093395631434,0,1,28.77
00002_11-09-2025-06.22,157.0,-555.0,48.73,-10.2,31.27,4.8,55.88,34.8,56.05,-1.0,-1.8369701987210297e-16,0.43388373911755823,-0.900968867902419,1,0,21.85
00005_11-09-2025-07.02,172.0,-34.8,55.88,-4.8,56.05,25.2,33.12,55.2,67.76,-1.0,-1.8369701987210297e-16,0.43388373911755823,-0.900968867902419,0,1,29.46
00002_11-09-2025-07.22,157.0,-55.2,55.88,-25.2,56.05,4.8,33.12,34.8,67.76,-1.0,-1.8369701987210297e-16,0.43388373911755823,-0.900968867902419,1,0,26.87
00002_11-09-2025-08.32,157.0,-34.8,67.76,-4.8,56.58,25.2,58.95,55.2,54.25,-1.0,-1.8369701987210297e-16,0.43388373911755823,-0.900968867902419,1,0,26.52
00009_11-09-2025-09.22,172.0,-55.2,56.58,-25.2,58.95,4.8,54.25,64.8,57.33,-1.0,-1.8369701987210297e-16,0.43388373911755823,-0.900968867902419,1,0,57.82
00009_11-09-2025-09.57,172.0,-60.0,58.95,-30.0,54.25,30.0,57.33,90.0,40.47,-1.0,-1.8369701987210297e-16,0.43388373911755823,-0.900968867902419,1,0,45.11
00011_11-09-2025-10.02,182.0,-64.8,58.95,-34.8,54.25,25.2,57.33,85.2,40.47,-1.0,-1.8369701987210297e-16,0.43388373911755823,-0.900968867902419,0,1,47.43
00009_11-09-2025-11.22,172.0,-115.2,54.25,-55.2,57.33,4.8,40.47,64.8,42.93,-1.0,-1.8369701987210297e-16,0.43388373911755823,-0.900968867902419,1,0,44.93
00009_11-09-2025-12.22,172.0,-115.2,57.33,-55.2,40.47,4.8,42.93,34.8,65.33,-1.0,-1.8369701987210297e-16,0.43388373911755823,-0.900968867902419,1,0,53.01
00002_11-09-2025-16.37,157.0,-40.2,101.81,-10.2,47.64,19.8,136.91,49.8,108.5,-1.0,-1.8369701987210297e-16,0.43388373911755823,-0.900968867902419,1,0,53.87
00015_11-09-2025-17.17,157.0,-49.8,47.64,-19.8,136.91,10.2,108.5,40.2,48.5,-1.0,-1.8369701987210297e-16,0.43388373911755823,-0.900968867902419,0,1,61.33
00009_11-09-2025-17.22,172.0,-55.2,47.64,-25.2,136.91,4.8,108.5,34.8,48.5,-1.0,-1.8369701987210297e-16,0.43388373911755823,-0.900968867902419,1,0,74.99
00002_11-09-2025-18.32,157.0,-34.8,48.5,-4.8,56.55,25.2,66.43,62.4,27.88,-1.0,-1.8369701987210297e-16,0.43388373911755823,-0.900968867902419,1,0,37.77
00009_11-09-2025-19.29,172.0,-61.8,56.55,-31.8,66.43,5.4,27.88,36.0,69.61,-1.0,-1.8369701987210297e-16,0.43388373911755823,-0.900968867902419,1,0,40.16
00009_11-09-2025-20.22,172.0,-48.0,27.88,-17.4,69.61,4.8,64.59,45.0,36.58,-1.0,-1.8369701987210297e-16,0.43388373911755823,-0.900968867902419,1,0,37.83
00005_11-09-2025-21.02,172.0,-57.0,69.61,-34.8,64.59,5.4,36.58,565.2,27.57,-1.0,-1.8369701987210297e-16,0.43388373911755823,-0.900968867902419,0,1,31.5
00002_12-09-2025-06.22,157.0,-595.2,64.59,-555.0,36.58,4.8,27.57,34.8,40.21,-1.0,-1.8369701987210297e-16,-0.433883739117558,-0.9009688679024191,1,0,16.61
00005_12-09-2025-07.02,172.0,-34.8,27.57,-4.8,40.21,25.2,71.49,55.2,53.23,-1.0,-1.8369701987210297e-16,-0.433883739117558,-0.9009688679024191,0,1,38.47
00002_12-09-2025-07.22,157.0,-55.2,27.57,-25.2,40.21,4.8,71.49,34.8,53.23,-1.0,-1.8369701987210297e-16,-0.433883739117558,-0.9009688679024191,1,0,39.2
00002_12-09-2025-08.32,157.0,-64.8,71.49,-34.8,53.23,25.2,111.01,55.2,53.39,-1.0,-1.8369701987210297e-16,-0.433883739117558,-0.9009688679024191,1,0,50.5
00009_12-09-2025-09.22,172.0,-85.2,53.23,-25.2,111.01,4.8,53.39,64.8,74.02,-1.0,-1.8369701987210297e-16,-0.433883739117558,-0.9009688679024191,1,0,41.31
00009_12-09-2025-09.57,172.0,-60.0,111.01,-30.0,53.39,30.0,74.02,90.0,124.11,-1.0,-1.8369701987210297e-16,-0.433883739117558,-0.9009688679024191,1,0,58.6
00011_12-09-2025-10.02,182.0,-64.8,111.01,-34.8,53.39,25.2,74.02,85.2,124.11,-1.0,-1.8369701987210297e-16,-0.433883739117558,-0.9009688679024191,0,1,56.15
00009_12-09-2025-11.22,172.0,-115.2,53.39,-55.2,74.02,4.8,124.11,64.8,44.84,-1.0,-1.8369701987210297e-16,-0.433883739117558,-0.9009688679024191,1,0,69.91
00009_12-09-2025-12.22,172.0,-115.2,74.02,-55.2,124.11,4.8,44.84,34.8,69.03,-1.0,-1.8369701987210297e-16,-0.433883739117558,-0.9009688679024191,1,0,31.7
00009_12-09-2025-14.02,172.0,-43.8,55.14,-4.8,69.72,25.2,108.63,55.2,105.09,-1.0,-1.8369701987210297e-16,-0.433883739117558,-0.9009688679024191,1,0,58.98
00015_12-09-2025-14.12,157.0,-54.0,55.14,-15.0,69.72,15.0,108.63,45.0,105.09,-1.0,-1.8369701987210297e-16,-0.433883739117558,-0.9009688679024191,0,1,61.66
00017_12-09-2025-14.42,179.0,-45.0,69.72,-15.0,108.63,15.0,105.09,45.0,45.64,-1.0,-1.8369701987210297e-16,-0.433883739117558,-0.9009688679024191,1,0,87.42
00002_12-09-2025-16.37,157.0,-40.2,92.56,-10.2,87.04,19.8,93.06,49.8,43.61,-1.0,-1.8369701987210297e-16,-0.433883739117558,-0.9009688679024191,1,0,61.59
00015_12-09-2025-17.17,157.0,-49.8,87.04,-19.8,93.06,10.2,43.61,40.2,34.14,-1.0,-1.8369701987210297e-16,-0.433883739117558,-0.9009688679024191,0,1,48.37
00009_12-09-2025-17.22,172.0,-55.2,87.04,-25.2,93.06,4.8,43.61,34.8,34.14,-1.0,-1.8369701987210297e-16,-0.433883739117558,-0.9009688679024191,1,0,42.75
00002_12-09-2025-18.32,157.0,-34.8,34.14,-4.8,68.16,25.2,70.37,62.4,30.74,-1.0,-1.8369701987210297e-16,-0.433883739117558,-0.9009688679024191,1,0,53.11
00009_12-09-2025-19.29,172.0,-61.8,68.16,-31.8,70.37,5.4,30.74,36.0,60.94,-1.0,-1.8369701987210297e-16,-0.433883739117558,-0.9009688679024191,1,0,50.55
00009_12-09-2025-20.22,172.0,-48.0,30.74,-17.4,60.94,4.8,60.09,45.0,89.43,-1.0,-1.8369701987210297e-16,-0.433883739117558,-0.9009688679024191,1,0,43.28
00005_12-09-2025-21.02,172.0,-57.0,60.94,-34.8,60.09,5.4,89.43,565.2,30.8,-1.0,-1.8369701987210297e-16,-0.433883739117558,-0.9009688679024191,0,1,23.49
00005_13-09-2025-07.02,172.0,-594.6,89.43,-34.8,30.8,25.2,41.79,85.2,48.88,-1.0,-1.8369701987210297e-16,-0.9749279121818236,-0.2225209339563146,0,1,35.8
00009_13-09-2025-08.07,172.0,-100.2,30.8,-40.2,41.79,19.8,48.88,49.8,46.84,-1.0,-1.8369701987210297e-16,-0.9749279121818236,-0.2225209339563146,1,0,31.34
00009_13-09-2025-09.22,172.0,-55.2,48.88,-25.2,46.84,4.8,39.15,64.8,47.09,-1.0,-1.8369701987210297e-16,-0.9749279121818236,-0.2225209339563146,1,0,17.63
00009_13-09-2025-09.57,172.0,-60.0,46.84,-30.0,39.15,30.0,47.09,90.0,50.96,-1.0,-1.8369701987210297e-16,-0.9749279121818236,-0.2225209339563146,1,0,50.3
00011_13-09-2025-10.02,182.0,-64.8,46.84,-34.8,39.15,25.2,47.09,85.2,50.96,-1.0,-1.8369701987210297e-16,-0.9749279121818236,-0.2225209339563146,0,1,60.76
00009_13-09-2025-11.22,172.0,-115.2,39.15,-55.2,47.09,4.8,50.96,64.8,53.39,-1.0,-1.8369701987210297e-16,-0.9749279121818236,-0.2225209339563146,1,0,43.95
00009_13-09-2025-12.22,172.0,-115.2,47.09,-55.2,50.96,4.8,53.39,55.8,82.74,-1.0,-1.8369701987210297e-16,-0.9749279121818236,-0.2225209339563146,1,0,37.02
00015_13-09-2025-14.12,157.0,-105.0,53.39,-54.0,82.74,75.0,32.59,135.0,104.96,-1.0,-1.8369701987210297e-16,-0.9749279121818236,-0.2225209339563146,0,1,23.58
00017_13-09-2025-14.42,179.0,-135.0,53.39,-84.0,82.74,45.0,32.59,105.0,104.96,-1.0,-1.8369701987210297e-16,-0.9749279121818236,-0.2225209339563146,1,0,18.41
00002_13-09-2025-16.37,157.0,-70.2,32.59,-10.2,104.96,49.8,23.33,109.8,103.04,-1.0,-1.8369701987210297e-16,-0.9749279121818236,-0.2225209339563146,1,0,26.84
00015_13-09-2025-17.17,157.0,-109.8,32.59,-49.8,104.96,10.2,23.33,70.2,103.04,-1.0,-1.8369701987210297e-16,-0.9749279121818236,-0.2225209339563146,0,1,26.74
00009_13-09-2025-19.29,172.0,-121.8,23.33,-61.8,103.04,5.4,25.79,58.2,28.36,-1.0,-1.8369701987210297e-16,-0.9749279121818236,-0.2225209339563146,1,0,17.35
00009_13-09-2025-20.22,172.0,-115.2,103.04,-48.0,25.79,4.8,28.36,604.8,52.68,-1.0,-1.8369701987210297e-16,-0.9749279121818236,-0.2225209339563146,1,0,40.71
00005_13-09-2025-21.02,172.0,-87.6,25.79,-34.8,28.36,565.2,52.68,625.2,51.53,-1.0,-1.8369701987210297e-16,-0.9749279121818236,-0.2225209339563146,0,1,23.83
00005_14-09-2025-07.02,172.0,-634.8,28.36,-34.8,52.68,25.2,51.53,85.2,83.31,-1.0,-1.8369701987210297e-16,-0.7818314824680299,0.6234898018587334,0,1,49.5
00009_14-09-2025-08.07,172.0,-100.2,52.68,-40.2,51.53,19.8,83.31,79.8,59.34,-1.0,-1.8369701987210297e-16,-0.7818314824680299,0.6234898018587334,1,0,51.07
00009_14-09-2025-09.22,172.0,-115.2,51.53,-55.2,83.31,4.8,59.34,64.8,49.55,-1.0,-1.8369701987210297e-16,-0.7818314824680299,0.6234898018587334,1,0,42.35
00009_14-09-2025-09.57,172.0,-90.0,83.31,-30.0,59.34,30.0,49.55,90.0,148.02,-1.0,-1.8369701987210297e-16,-0.7818314824680299,0.6234898018587334,1,0,62.02
00011_14-09-2025-10.02,182.0,-94.8,83.31,-34.8,59.34,25.2,49.55,85.2,148.02,-1.0,-1.8369701987210297e-16,-0.7818314824680299,0.6234898018587334,0,1,39.13
00009_14-09-2025-11.22,172.0,-115.2,59.34,-55.2,49.55,4.8,148.02,64.8,50.35,-1.0,-1.8369701987210297e-16,-0.7818314824680299,0.6234898018587334,1,0,72.88
00009_14-09-2025-12.22,172.0,-115.2,49.55,-55.2,148.02,4.8,50.35,55.8,55.14,-1.0,-1.8369701987210297e-16,-0.7818314824680299,0.6234898018587334,1,0,63.12
00009_14-09-2025-14.02,172.0,-94.8,50.35,-43.8,55.14,25.2,83.41,85.2,65.74,-1.0,-1.8369701987210297e-16,-0.7818314824680299,0.6234898018587334,1,0,73.26
00015_14-09-2025-14.12,157.0,-105.0,50.35,-54.0,55.14,15.0,83.41,75.0,65.74,-1.0,-1.8369701987210297e-16,-0.7818314824680299,0.6234898018587334,0,1,37.48
00017_14-09-2025-14.42,179.0,-84.0,55.14,-15.0,83.41,45.0,65.74,105.0,67.6,-1.0,-1.8369701987210297e-16,-0.7818314824680299,0.6234898018587334,1,0,87.17
00002_14-09-2025-16.37,157.0,-70.2,65.74,-10.2,67.6,19.8,93.34,49.8,75.07,-1.0,-1.8369701987210297e-16,-0.7818314824680299,0.6234898018587334,1,0,85.78
00015_14-09-2025-17.17,157.0,-49.8,67.6,-19.8,93.34,10.2,75.07,40.2,67.45,-1.0,-1.8369701987210297e-16,-0.7818314824680299,0.6234898018587334,0,1,63.17
00009_14-09-2025-17.22,172.0,-55.2,67.6,-25.2,93.34,4.8,75.07,34.8,67.45,-1.0,-1.8369701987210297e-16,-0.7818314824680299,0.6234898018587334,1,0,90.1
00002_14-09-2025-18.32,157.0,-34.8,67.45,-4.8,88.82,25.2,99.96,62.4,82.98,-1.0,-1.8369701987210297e-16,-0.7818314824680299,0.6234898018587334,1,0,95.52
00009_14-09-2025-19.29,172.0,-61.8,88.82,-31.8,99.96,5.4,82.98,36.0,61.93,-1.0,-1.8369701987210297e-16,-0.7818314824680299,0.6234898018587334,1,0,91.28
00009_14-09-2025-20.22,172.0,-48.0,82.98,-17.4,61.93,4.8,93.54,45.0,141.16,-1.0,-1.8369701987210297e-16,-0.7818314824680299,0.6234898018587334,1,0,82.91
00005_14-09-2025-21.02,172.0,-57.0,61.93,-34.8,93.54,5.4,141.16,550.2,31.19,-1.0,-1.8369701987210297e-16,-0.7818314824680299,0.6234898018587334,0,1,76.15
00002_15-09-2025-06.22,157.0,-555.0,141.16,-10.2,31.19,4.8,49.81,34.8,60.94,-1.0,-1.8369701987210297e-16,0.0,1.0,1,0,43.34
00005_15-09-2025-07.02,172.0,-34.8,49.81,-4.8,60.94,25.2,59.3,55.2,70.74,-1.0,-1.8369701987210297e-16,0.0,1.0,0,1,36.08
00002_15-09-2025-07.22,157.0,-55.2,49.81,-25.2,60.94,4.8,59.3,34.8,70.74,-1.0,-1.8369701987210297e-16,0.0,1.0,1,0,34.34
00002_15-09-2025-08.32,157.0,-34.8,70.74,-4.8,77.38,25.2,46.84,55.2,69.63,-1.0,-1.8369701987210297e-16,0.0,1.0,1,0,31.41
00009_15-09-2025-09.22,172.0,-55.2,77.38,-25.2,46.84,4.8,69.63,64.8,33.0,-1.0,-1.8369701987210297e-16,0.0,1.0,1,0,63.28
00009_15-09-2025-09.57,172.0,-60.0,46.84,-30.0,69.63,30.0,33.0,90.0,48.59,-1.0,-1.8369701987210297e-16,0.0,1.0,1,0,42.57
00011_15-09-2025-10.02,182.0,-64.8,46.84,-34.8,69.63,25.2,33.0,85.2,48.59,-1.0,-1.8369701987210297e-16,0.0,1.0,0,1,29.75
00009_15-09-2025-11.22,172.0,-115.2,69.63,-55.2,33.0,4.8,48.59,64.8,53.01,-1.0,-1.8369701987210297e-16,0.0,1.0,1,0,36.39
00009_15-09-2025-12.22,172.0,-115.2,33.0,-55.2,48.59,4.8,53.01,34.8,53.61,-1.0,-1.8369701987210297e-16,0.0,1.0,1,0,39.68
00009_15-09-2025-14.02,172.0,-64.8,53.61,-43.8,68.94,25.2,31.92,55.2,44.53,-1.0,-1.8369701987210297e-16,0.0,1.0,1,0,31.7
00015_15-09-2025-14.12,157.0,-75.0,53.61,-54.0,68.94,15.0,31.92,45.0,44.53,-1.0,-1.8369701987210297e-16,0.0,1.0,0,1,29.85
00017_15-09-2025-14.42,179.0,-84.0,68.94,-15.0,31.92,15.0,44.53,45.0,36.74,-1.0,-1.8369701987210297e-16,0.0,1.0,1,0,55.94
00002_15-09-2025-16.37,157.0,-40.2,44.99,-10.2,73.64,19.8,44.5,49.8,72.43,-1.0,-1.8369701987210297e-16,0.0,1.0,1,0,44.41
00015_15-09-2025-17.17,157.0,-49.8,73.64,-19.8,44.5,10.2,72.43,40.2,42.2,-1.0,-1.8369701987210297e-16,0.0,1.0,0,1,36.17
00009_15-09-2025-17.22,172.0,-55.2,73.64,-25.2,44.5,4.8,72.43,34.8,42.2,-1.0,-1.8369701987210297e-16,0.0,1.0,1,0,43.43
00002_15-09-2025-18.32,157.0,-34.8,42.2,-4.8,64.59,25.2,32.63,62.4,21.0,-1.0,-1.8369701987210297e-16,0.0,1.0,1,0,26.6
00009_15-09-2025-19.29,172.0,-61.8,64.59,-31.8,32.63,5.4,21.0,36.0,31.45,-1.0,-1.8369701987210297e-16,0.0,1.0,1,0,34.19
00009_15-09-2025-20.22,172.0,-48.0,21.0,-17.4,31.45,4.8,23.55,45.0,44.78,-1.0,-1.8369701987210297e-16,0.0,1.0,1,0,21.31
00005_15-09-2025-21.02,172.0,-57.0,31.45,-34.8,23.55,5.4,44.78,550.2,34.52,-1.0,-1.8369701987210297e-16,0.0,1.0,0,1,22.65
00002_16-09-2025-06.22,157.0,-555.0,44.78,-10.2,34.52,4.8,48.06,34.8,103.99,-1.0,-1.8369701987210297e-16,0.7818314824680298,0.6234898018587336,1,0,30.52
00005_16-09-2025-07.02,172.0,-34.8,48.06,-4.8,103.99,25.2,33.11,55.2,53.35,-1.0,-1.8369701987210297e-16,0.7818314824680298,0.6234898018587336,0,1,61.42
00002_16-09-2025-07.22,157.0,-55.2,48.06,-25.2,103.99,4.8,33.11,34.8,53.35,-1.0,-1.8369701987210297e-16,0.7818314824680298,0.6234898018587336,1,0,24.87
00002_16-09-2025-08.32,157.0,-34.8,53.35,-4.8,81.67,25.2,39.64,55.2,60.57,-1.0,-1.8369701987210297e-16,0.7818314824680298,0.6234898018587336,1,0,31.37
00009_16-09-2025-09.22,172.0,-55.2,81.67,-25.2,39.64,4.8,60.57,64.8,35.04,-1.0,-1.8369701987210297e-16,0.7818314824680298,0.6234898018587336,1,0,32.16
00009_16-09-2025-09.57,172.0,-60.0,39.64,-30.0,60.57,30.0,35.04,90.0,38.4,-1.0,-1.8369701987210297e-16,0.7818314824680298,0.6234898018587336,1,0,32.95
00011_16-09-2025-10.02,182.0,-64.8,39.64,-34.8,60.57,25.2,35.04,85.2,38.4,-1.0,-1.8369701987210297e-16,0.7818314824680298,0.6234898018587336,0,1,37.06
00009_16-09-2025-11.22,172.0,-115.2,60.57,-55.2,35.04,4.8,38.4,64.8,61.07,-1.0,-1.8369701987210297e-16,0.7818314824680298,0.6234898018587336,1,0,35.88
00009_16-09-2025-12.22,172.0,-115.2,35.04,-55.2,38.4,4.8,61.07,34.8,50.57,-1.0,-1.8369701987210297e-16,0.7818314824680298,0.6234898018587336,1,0,35.67
00009_16-09-2025-14.02,172.0,-64.8,50.57,-43.8,48.24,25.2,67.88,55.2,49.19,-1.0,-1.8369701987210297e-16,0.7818314824680298,0.6234898018587336,1,0,27.49
00015_16-09-2025-14.12,157.0,-75.0,50.57,-54.0,48.24,15.0,67.88,45.0,49.19,-1.0,-1.8369701987210297e-16,0.7818314824680298,0.6234898018587336,0,1,41.23
00017_16-09-2025-14.42,179.0,-84.0,48.24,-15.0,67.88,15.0,49.19,45.0,29.51,-1.0,-1.8369701987210297e-16,0.7818314824680298,0.6234898018587336,1,0,47.85
00002_16-09-2025-16.37,157.0,-40.2,33.42,-10.2,38.9,19.8,68.74,49.8,54.63,-1.0,-1.8369701987210297e-16,0.7818314824680298,0.6234898018587336,1,0,43.25
00015_16-09-2025-17.17,157.0,-49.8,38.9,-19.8,68.74,10.2,54.63,40.2,81.41,-1.0,-1.8369701987210297e-16,0.7818314824680298,0.6234898018587336,0,1,45.93
00009_16-09-2025-17.22,172.0,-55.2,38.9,-25.2,68.74,4.8,54.63,34.8,81.41,-1.0,-1.8369701987210297e-16,0.7818314824680298,0.6234898018587336,1,0,26.46
00002_16-09-2025-18.32,157.0,-34.8,81.41,-4.8,52.08,25.2,43.83,62.4,29.88,-1.0,-1.8369701987210297e-16,0.7818314824680298,0.6234898018587336,1,0,26.72
00009_16-09-2025-19.29,172.0,-61.8,52.08,-31.8,43.83,5.4,29.88,36.0,38.17,-1.0,-1.8369701987210297e-16,0.7818314824680298,0.6234898018587336,1,0,45.04
00009_16-09-2025-20.22,172.0,-48.0,29.88,-17.4,38.17,4.8,37.62,45.0,44.22,-1.0,-1.8369701987210297e-16,0.7818314824680298,0.6234898018587336,1,0,28.16
00005_16-09-2025-21.02,172.0,-57.0,38.17,-34.8,37.62,5.4,44.22,550.2,34.75,-1.0,-1.8369701987210297e-16,0.7818314824680298,0.6234898018587336,0,1,35.31
00002_17-09-2025-06.22,157.0,-555.0,44.22,-10.2,34.75,4.8,46.17,34.8,92.84,-1.0,-1.8369701987210297e-16,0.9749279121818236,-0.22252093395631434,1,0,10.0
00005_17-09-2025-07.02,172.0,-34.8,46.17,-4.8,92.84,25.2,40.98,55.2,46.15,-1.0,-1.8369701987210297e-16,0.9749279121818236,-0.22252093395631434,0,1,57.14
00002_17-09-2025-07.22,157.0,-55.2,46.17,-25.2,92.84,4.8,40.98,34.8,46.15,-1.0,-1.8369701987210297e-16,0.9749279121818236,-0.22252093395631434,1,0,51.13
00002_17-09-2025-08.32,157.0,-34.8,46.15,-4.8,84.04,25.2,48.99,55.2,86.49,-1.0,-1.8369701987210297e-16,0.9749279121818236,-0.22252093395631434,1,0,35.05
00009_17-09-2025-09.22,172.0,-55.2,84.04,-25.2,48.99,4.8,86.49,64.8,49.04,-1.0,-1.8369701987210297e-16,0.9749279121818236,-0.22252093395631434,1,0,48.32
00009_17-09-2025-09.57,172.0,-60.0,48.99,-30.0,86.49,30.0,49.04,90.0,48.06,-1.0,-1.8369701987210297e-16,0.9749279121818236,-0.22252093395631434,1,0,46.33
00011_17-09-2025-10.02,182.0,-64.8,48.99,-34.8,86.49,25.2,49.04,85.2,48.06,-1.0,-1.8369701987210297e-16,0.9749279121818236,-0.22252093395631434,0,1,54.47
00009_17-09-2025-11.22,172.0,-115.2,86.49,-55.2,49.04,4.8,48.06,64.8,39.44,-1.0,-1.8369701987210297e-16,0.9749279121818236,-0.22252093395631434,1,0,39.07
00009_17-09-2025-12.22,172.0,-115.2,49.04,-55.2,48.06,4.8,39.44,34.8,51.67,-1.0,-1.8369701987210297e-16,0.9749279121818236,-0.22252093395631434,1,0,46.74
00009_17-09-2025-14.02,172.0,-64.8,51.67,-43.8,48.24,25.2,38.69,55.2,51.8,-1.0,-1.8369701987210297e-16,0.9749279121818236,-0.22252093395631434,1,0,35.4
00015_17-09-2025-14.12,157.0,-75.0,51.67,-54.0,48.24,15.0,38.69,45.0,51.8,-1.0,-1.8369701987210297e-16,0.9749279121818236,-0.22252093395631434,0,1,27.44
00017_17-09-2025-14.42,179.0,-84.0,48.24,-15.0,38.69,15.0,51.8,45.0,35.73,-1.0,-1.8369701987210297e-16,0.9749279121818236,-0.22252093395631434,1,0,67.39
00002_17-09-2025-16.37,157.0,-40.2,43.38,-10.2,67.39,19.8,115.05,49.8,64.58,-1.0,-1.8369701987210297e-16,0.9749279121818236,-0.22252093395631434,1,0,37.23
00015_17-09-2025-17.17,157.0,-49.8,67.39,-19.8,115.05,10.2,64.58,40.2,64.34,-1.0,-1.8369701987210297e-16,0.9749279121818236,-0.22252093395631434,0,1,47.09
00009_17-09-2025-17.22,172.0,-55.2,67.39,-25.2,115.05,4.8,64.58,34.8,64.34,-1.0,-1.8369701987210297e-16,0.9749279121818236,-0.22252093395631434,1,0,24.14
00002_17-09-2025-18.32,157.0,-34.8,64.34,-4.8,85.78,25.2,120.04,62.4,29.31,-1.0,-1.8369701987210297e-16,0.9749279121818236,-0.22252093395631434,1,0,33.0
00009_17-09-2025-19.29,172.0,-61.8,85.78,-31.8,120.04,5.4,29.31,36.0,53.33,-1.0,-1.8369701987210297e-16,0.9749279121818236,-0.22252093395631434,1,0,25.16
00009_17-09-2025-20.22,172.0,-48.0,29.31,-17.4,53.33,4.8,42.18,45.0,56.78,-1.0,-1.8369701987210297e-16,0.9749279121818236,-0.22252093395631434,1,0,35.11
00005_17-09-2025-21.02,172.0,-57.0,53.33,-34.8,42.18,5.4,56.78,550.2,30.86,-1.0,-1.8369701987210297e-16,0.9749279121818236,-0.22252093395631434,0,1,39.98
00002_18-09-2025-06.22,157.0,-555.0,56.78,-10.2,30.86,4.8,30.43,34.8,73.85,-1.0,-1.8369701987210297e-16,0.43388373911755823,-0.900968867902419,1,0,32.1
00005_18-09-2025-07.02,172.0,-34.8,30.43,-4.8,73.85,25.2,28.43,55.2,33.46,-1.0,-1.8369701987210297e-16,0.43388373911755823,-0.900968867902419,0,1,41.25
00002_18-09-2025-07.22,157.0,-55.2,30.43,-25.2,73.85,4.8,28.43,34.8,33.46,-1.0,-1.8369701987210297e-16,0.43388373911755823,-0.900968867902419,1,0,41.45
00002_18-09-2025-08.32,157.0,-34.8,33.46,-4.8,34.35,25.2,52.0,55.2,45.69,-1.0,-1.8369701987210297e-16,0.43388373911755823,-0.900968867902419,1,0,55.04
00009_18-09-2025-09.22,172.0,-55.2,34.35,-25.2,52.0,4.8,45.69,64.8,51.51,-1.0,-1.8369701987210297e-16,0.43388373911755823,-0.900968867902419,1,0,39.79
00009_18-09-2025-09.57,172.0,-60.0,52.0,-30.0,45.69,30.0,51.51,90.0,49.49,-1.0,-1.8369701987210297e-16,0.43388373911755823,-0.900968867902419,1,0,35.19
00011_18-09-2025-10.02,182.0,-64.8,52.0,-34.8,45.69,25.2,51.51,85.2,49.49,-1.0,-1.8369701987210297e-16,0.43388373911755823,-0.900968867902419,0,1,43.6
00009_18-09-2025-11.22,172.0,-115.2,45.69,-55.2,51.51,4.8,49.49,64.8,57.73,-1.0,-1.8369701987210297e-16,0.43388373911755823,-0.900968867902419,1,0,47.08
00009_18-09-2025-12.22,172.0,-115.2,51.51,-55.2,49.49,4.8,57.73,34.8,66.07,-1.0,-1.8369701987210297e-16,0.43388373911755823,-0.900968867902419,1,0,65.86
00002_18-09-2025-16.37,157.0,-40.2,93.8,-10.2,59.93,19.8,147.85,49.8,85.6,-1.0,-1.8369701987210297e-16,0.43388373911755823,-0.900968867902419,1,0,43.68
00015_18-09-2025-17.17,157.0,-49.8,59.93,-19.8,147.85,10.2,85.6,40.2,55.21,-1.0,-1.8369701987210297e-16,0.43388373911755823,-0.900968867902419,0,1,45.92
00009_18-09-2025-17.22,172.0,-55.2,59.93,-25.2,147.85,4.8,85.6,34.8,55.21,-1.0,-1.8369701987210297e-16,0.43388373911755823,-0.900968867902419,1,0,60.26
00002_18-09-2025-18.32,157.0,-34.8,55.21,-4.8,82.0,25.2,94.17,62.4,36.67,-1.0,-1.8369701987210297e-16,0.43388373911755823,-0.900968867902419,1,0,38.98
00009_18-09-2025-19.29,172.0,-61.8,82.0,-31.8,94.17,5.4,36.67,36.0,57.96,-1.0,-1.8369701987210297e-16,0.43388373911755823,-0.900968867902419,1,0,23.23
00009_18-09-2025-20.22,172.0,-48.0,36.67,-17.4,57.96,4.8,38.03,45.0,54.18,-1.0,-1.8369701987210297e-16,0.43388373911755823,-0.900968867902419,1,0,26.97
00005_18-09-2025-21.02,172.0,-57.0,57.96,-34.8,38.03,5.4,54.18,565.2,30.86,-1.0,-1.8369701987210297e-16,0.43388373911755823,-0.900968867902419,0,1,44.44
00002_19-09-2025-06.22,157.0,-595.2,38.03,-555.0,54.18,4.8,30.86,34.8,48.8,-1.0,-1.8369701987210297e-16,-0.433883739117558,-0.9009688679024191,1,0,36.88
00005_19-09-2025-07.02,172.0,-34.8,30.86,-4.8,48.8,25.2,64.64,55.2,44.59,-1.0,-1.8369701987210297e-16,-0.433883739117558,-0.9009688679024191,0,1,45.34
00002_19-09-2025-07.22,157.0,-55.2,30.86,-25.2,48.8,4.8,64.64,34.8,44.59,-1.0,-1.8369701987210297e-16,-0.433883739117558,-0.9009688679024191,1,0,60.52
00002_19-09-2025-08.32,157.0,-64.8,64.64,-34.8,44.59,25.2,115.8,55.2,72.2,-1.0,-1.8369701987210297e-16,-0.433883739117558,-0.9009688679024191,1,0,34.33
00009_19-09-2025-09.22,172.0,-85.2,44.59,-25.2,115.8,4.8,72.2,64.8,64.61,-1.0,-1.8369701987210297e-16,-0.433883739117558,-0.9009688679024191,1,0,49.24
00009_19-09-2025-09.57,172.0,-60.0,115.8,-30.0,72.2,30.0,64.61,90.0,96.32,-1.0,-1.8369701987210297e-16,-0.433883739117558,-0.9009688679024191,1,0,69.46
00011_19-09-2025-10.02,182.0,-64.8,115.8,-34.8,72.2,25.2,64.61,85.2,96.32,-1.0,-1.8369701987210297e-16,-0.433883739117558,-0.9009688679024191,0,1,48.09
00009_19-09-2025-11.22,172.0,-115.2,72.2,-55.2,64.61,4.8,96.32,64.8,50.65,-1.0,-1.8369701987210297e-16,-0.433883739117558,-0.9009688679024191,1,0,51.49
00009_19-09-2025-12.22,172.0,-115.2,64.61,-55.2,96.32,4.8,50.65,34.8,81.27,-1.0,-1.8369701987210297e-16,-0.433883739117558,-0.9009688679024191,1,0,64.61
00009_19-09-2025-14.02,172.0,-43.8,55.14,-4.8,73.15,25.2,100.32,55.2,93.66,-1.0,-1.8369701987210297e-16,-0.433883739117558,-0.9009688679024191,1,0,48.08
00015_19-09-2025-14.12,157.0,-54.0,55.14,-15.0,73.15,15.0,100.32,45.0,93.66,-1.0,-1.8369701987210297e-16,-0.433883739117558,-0.9009688679024191,0,1,39.91
00017_19-09-2025-14.42,179.0,-45.0,73.15,-15.0,100.32,15.0,93.66,45.0,52.24,-1.0,-1.8369701987210297e-16,-0.433883739117558,-0.9009688679024191,1,0,88.94
00002_19-09-2025-16.37,157.0,-40.2,93.82,-10.2,78.61,19.8,100.78,49.8,48.61,-1.0,-1.8369701987210297e-16,-0.433883739117558,-0.9009688679024191,1,0,58.58
00015_19-09-2025-17.17,157.0,-49.8,78.61,-19.8,100.78,10.2,48.61,40.2,39.88,-1.0,-1.8369701987210297e-16,-0.433883739117558,-0.9009688679024191,0,1,34.81
00009_19-09-2025-17.22,172.0,-55.2,78.61,-25.2,100.78,4.8,48.61,34.8,39.88,-1.0,-1.8369701987210297e-16,-0.433883739117558,-0.9009688679024191,1,0,69.78
00002_19-09-2025-18.32,157.0,-34.8,39.88,-4.8,82.33,25.2,70.34,62.4,27.22,-1.0,-1.8369701987210297e-16,-0.433883739117558,-0.9009688679024191,1,0,56.91
00009_19-09-2025-19.29,172.0,-61.8,82.33,-31.8,70.34,5.4,27.22,36.0,53.24,-1.0,-1.8369701987210297e-16,-0.433883739117558,-0.9009688679024191,1,0,57.53
00009_19-09-2025-20.22,172.0,-48.0,27.22,-17.4,53.24,4.8,48.03,45.0,84.03,-1.0,-1.8369701987210297e-16,-0.433883739117558,-0.9009688679024191,1,0,27.78
00005_19-09-2025-21.02,172.0,-57.0,53.24,-34.8,48.03,5.4,84.03,565.2,31.58,-1.0,-1.8369701987210297e-16,-0.433883739117558,-0.9009688679024191,0,1,22.91
00005_20-09-2025-07.02,172.0,-594.6,84.03,-34.8,31.58,25.2,72.09,85.2,56.1,-1.0,-1.8369701987210297e-16,-0.9749279121818236,-0.2225209339563146,0,1,35.4
00009_20-09-2025-08.07,172.0,-100.2,31.58,-40.2,72.09,19.8,56.1,49.8,66.99,-1.0,-1.8369701987210297e-16,-0.9749279121818236,-0.2225209339563146,1,0,39.0
00009_20-09-2025-09.22,172.0,-55.2,56.1,-25.2,66.99,4.8,55.98,64.8,48.65,-1.0,-1.8369701987210297e-16,-0.9749279121818236,-0.2225209339563146,1,0,42.96
00009_20-09-2025-09.57,172.0,-60.0,66.99,-30.0,55.98,30.0,48.65,90.0,52.8,-1.0,-1.8369701987210297e-16,-0.9749279121818236,-0.2225209339563146,1,0,57.38
00011_20-09-2025-10.02,182.0,-64.8,66.99,-34.8,55.98,25.2,48.65,85.2,52.8,-1.0,-1.8369701987210297e-16,-0.9749279121818236,-0.2225209339563146,0,1,42.34
00009_20-09-2025-11.22,172.0,-115.2,55.98,-55.2,48.65,4.8,52.8,64.8,65.04,-1.0,-1.8369701987210297e-16,-0.9749279121818236,-0.2225209339563146,1,0,64.62
00009_20-09-2025-12.22,172.0,-115.2,48.65,-55.2,52.8,4.8,65.04,55.8,82.74,-1.0,-1.8369701987210297e-16,-0.9749279121818236,-0.2225209339563146,1,0,59.11
00015_20-09-2025-14.12,157.0,-105.0,65.04,-54.0,82.74,75.0,26.46,135.0,88.99,-1.0,-1.8369701987210297e-16,-0.9749279121818236,-0.2225209339563146,0,1,23.43
00017_20-09-2025-14.42,179.0,-135.0,65.04,-84.0,82.74,45.0,26.46,105.0,88.99,-1.0,-1.8369701987210297e-16,-0.9749279121818236,-0.2225209339563146,1,0,32.96
00002_20-09-2025-16.37,157.0,-70.2,26.46,-10.2,88.99,49.8,19.44,109.8,92.55,-1.0,-1.8369701987210297e-16,-0.9749279121818236,-0.2225209339563146,1,0,35.55
00015_20-09-2025-17.17,157.0,-109.8,26.46,-49.8,88.99,10.2,19.44,70.2,92.55,-1.0,-1.8369701987210297e-16,-0.9749279121818236,-0.2225209339563146,0,1,37.9
00009_20-09-2025-19.29,172.0,-121.8,19.44,-61.8,92.55,5.4,33.39,58.2,24.58,-1.0,-1.8369701987210297e-16,-0.9749279121818236,-0.2225209339563146,1,0,33.83
00009_20-09-2025-20.22,172.0,-115.2,92.55,-48.0,33.39,4.8,24.58,604.8,52.03,-1.0,-1.8369701987210297e-16,-0.9749279121818236,-0.2225209339563146,1,0,29.18
00005_20-09-2025-21.02,172.0,-87.6,33.39,-34.8,24.58,565.2,52.03,625.2,65.29,-1.0,-1.8369701987210297e-16,-0.9749279121818236,-0.2225209339563146,0,1,21.05
00005_21-09-2025-07.02,172.0,-634.8,24.58,-34.8,52.03,25.2,65.29,85.2,70.6,-1.0,-1.8369701987210297e-16,-0.7818314824680299,0.6234898018587334,0,1,16.35
00009_21-09-2025-08.07,172.0,-100.2,52.03,-40.2,65.29,19.8,70.6,79.8,35.75,-1.0,-1.8369701987210297e-16,-0.7818314824680299,0.6234898018587334,1,0,46.14
00009_21-09-2025-09.22,172.0,-115.2,65.29,-55.2,70.6,4.8,35.75,64.8,45.46,-1.0,-1.8369701987210297e-16,-0.7818314824680299,0.6234898018587334,1,0,48.93
00009_21-09-2025-09.57,172.0,-90.0,70.6,-30.0,35.75,30.0,45.46,90.0,116.92,-1.0,-1.8369701987210297e-16,-0.7818314824680299,0.6234898018587334,1,0,77.19
00011_21-09-2025-10.02,182.0,-94.8,70.6,-34.8,35.75,25.2,45.46,85.2,116.92,-1.0,-1.8369701987210297e-16,-0.7818314824680299,0.6234898018587334,0,1,52.97
00009_21-09-2025-11.22,172.0,-115.2,35.75,-55.2,45.46,4.8,116.92,64.8,37.98,-1.0,-1.8369701987210297e-16,-0.7818314824680299,0.6234898018587334,1,0,59.72
00009_21-09-2025-12.22,172.0,-115.2,45.46,-55.2,116.92,4.8,37.98,55.8,55.14,-1.0,-1.8369701987210297e-16,-0.7818314824680299,0.6234898018587334,1,0,59.78
00009_21-09-2025-14.02,172.0,-94.8,37.98,-43.8,55.14,25.2,96.38,85.2,63.58,-1.0,-1.8369701987210297e-16,-0.7818314824680299,0.6234898018587334,1,0,79.34
00015_21-09-2025-14.12,157.0,-105.0,37.98,-54.0,55.14,15.0,96.38,75.0,63.58,-1.0,-1.8369701987210297e-16,-0.7818314824680299,0.6234898018587334,0,1,63.39
00017_21-09-2025-14.42,179.0,-84.0,55.14,-15.0,96.38,45.0,63.58,105.0,90.35,-1.0,-1.8369701987210297e-16,-0.7818314824680299,0.6234898018587334,1,0,60.35
00002_21-09-2025-16.37,157.0,-70.2,63.58,-10.2,90.35,19.8,82.18,49.8,69.41,-1.0,-1.8369701987210297e-16,-0.7818314824680299,0.6234898018587334,1,0,69.23
00015_21-09-2025-17.17,157.0,-49.8,90.35,-19.8,82.18,10.2,69.41,40.2,67.48,-1.0,-1.8369701987210297e-16,-0.7818314824680299,0.6234898018587334,0,1,58.32
00009_21-09-2025-17.22,172.0,-55.2,90.35,-25.2,82.18,4.8,69.41,34.8,67.48,-1.0,-1.8369701987210297e-16,-0.7818314824680299,0.6234898018587334,1,0,75.38
00002_21-09-2025-18.32,157.0,-34.8,67.48,-4.8,87.04,25.2,122.71,62.4,82.39,-1.0,-1.8369701987210297e-16,-0.7818314824680299,0.6234898018587334,1,0,98.66
00009_21-09-2025-19.29,172.0,-61.8,87.04,-31.8,122.71,5.4,82.39,36.0,67.2,-1.0,-1.8369701987210297e-16,-0.7818314824680299,0.6234898018587334,1,0,94.62
00009_21-09-2025-20.22,172.0,-48.0,82.39,-17.4,67.2,4.8,79.91,45.0,137.85,-1.0,-1.8369701987210297e-16,-0.7818314824680299,0.6234898018587334,1,0,88.65
00005_21-09-2025-21.02,172.0,-57.0,67.2,-34.8,79.91,5.4,137.85,550.2,27.12,-1.0,-1.8369701987210297e-16,-0.7818314824680299,0.6234898018587334,0,1,74.36
00002_22-09-2025-06.22,157.0,-555.0,137.85,-10.2,27.12,4.8,42.78,34.8,53.33,-1.0,-1.8369701987210297e-16,0.0,1.0,1,0,52.21
00005_22-09-2025-07.02,172.0,-34.8,42.78,-4.8,53.33,25.2,45.19,55.2,60.9,-1.0,-1.8369701987210297e-16,0.0,1.0,0,1,10.0
00002_22-09-2025-07.22,157.0,-55.2,42.78,-25.2,53.33,4.8,45.19,34.8,60.9,-1.0,-1.8369701987210297e-16,0.0,1.0,1,0,28.79
00002_22-09-2025-08.32,157.0,-34.8,60.9,-4.8,66.31,25.2,43.76,55.2,75.64,-1.0,-1.8369701987210297e-16,0.0,1.0,1,0,39.39
00009_22-09-2025-09.22,172.0,-55.2,66.31,-25.2,43.76,4.8,75.64,64.8,38.04,-1.0,-1.8369701987210297e-16,0.0,1.0,1,0,52.52
00009_22-09-2025-09.57,172.0,-60.0,43.76,-30.0,75.64,30.0,38.04,90.0,40.72,-1.0,-1.8369701987210297e-16,0.0,1.0,1,0,39.72
00011_22-09-2025-10.02,182.0,-64.8,43.76,-34.8,75.64,25.2,38.04,85.2,40.72,-1.0,-1.8369701987210297e-16,0.0,1.0,0,1,29.63
00009_22-09-2025-11.22,172.0,-115.2,75.64,-55.2,38.04,4.8,40.72,64.8,54.26,-1.0,-1.8369701987210297e-16,0.0,1.0,1,0,24.08
00009_22-09-2025-12.22,172.0,-115.2,38.04,-55.2,40.72,4.8,54.26,34.8,23.79,-1.0,-1.8369701987210297e-16,0.0,1.0,1,0,25.04
00009_22-09-2025-14.02,172.0,-64.8,23.79,-43.8,68.94,25.2,36.18,55.2,41.46,-1.0,-1.8369701987210297e-16,0.0,1.0,1,0,25.25
00015_22-09-2025-14.12,157.0,-75.0,23.79,-54.0,68.94,15.0,36.18,45.0,41.46,-1.0,-1.8369701987210297e-16,0.0,1.0,0,1,21.45
00017_22-09-2025-14.42,179.0,-84.0,68.94,-15.0,36.18,15.0,41.46,45.0,34.69,-1.0,-1.8369701987210297e-16,0.0,1.0,1,0,59.23
00002_22-09-2025-16.37,157.0,-40.2,42.19,-10.2,81.34,19.8,51.28,49.8,68.04,-1.0,-1.8369701987210297e-16,0.0,1.0,1,0,35.57
00015_22-09-2025-17.17,157.0,-49.8,81.34,-19.8,51.28,10.2,68.04,40.2,30.22,-1.0,-1.8369701987210297e-16,0.0,1.0,0,1,40.48
00009_22-09-2025-17.22,172.0,-55.2,81.34,-25.2,51.28,4.8,68.04,34.8,30.22,-1.0,-1.8369701987210297e-16,0.0,1.0,1,0,42.68
00002_22-09-2025-18.32,157.0,-34.8,30.22,-4.8,58.29,25.2,44.21,62.4,24.93,-1.0,-1.8369701987210297e-16,0.0,1.0,1,0,44.51
00009_22-09-2025-19.29,172.0,-61.8,58.29,-31.8,44.21,5.4,24.93,36.0,28.13,-1.0,-1.8369701987210297e-16,0.0,1.0,1,0,56.81
00009_22-09-2025-20.22,172.0,-48.0,24.93,-17.4,28.13,4.8,22.22,45.0,34.41,-1.0,-1.8369701987210297e-16,0.0,1.0,1,0,10.97
00005_22-09-2025-21.02,172.0,-57.0,28.13,-34.8,22.22,5.4,34.41,550.2,33.98,-1.0,-1.8369701987210297e-16,0.0,1.0,0,1,37.19
00002_23-09-2025-06.22,157.0,-555.0,34.41,-10.2,33.98,4.8,56.57,34.8,131.74,-1.0,-1.8369701987210297e-16,0.7818314824680298,0.6234898018587336,1,0,43.02
00005_23-09-2025-07.02,172.0,-34.8,56.57,-4.8,131.74,25.2,41.65,55.2,29.14,-1.0,-1.8369701987210297e-16,0.7818314824680298,0.6234898018587336,0,1,45.74
00002_23-09-2025-07.22,157.0,-55.2,56.57,-25.2,131.74,4.8,41.65,34.8,29.14,-1.0,-1.8369701987210297e-16,0.7818314824680298,0.6234898018587336,1,0,27.2
00002_23-09-2025-08.32,157.0,-34.8,29.14,-4.8,69.86,25.2,31.44,55.2,68.21,-1.0,-1.8369701987210297e-16,0.7818314824680298,0.6234898018587336,1,0,37.53
00009_23-09-2025-09.22,172.0,-55.2,69.86,-25.2,31.44,4.8,68.21,64.8,33.3,-1.0,-1.8369701987210297e-16,0.7818314824680298,0.6234898018587336,1,0,45.67
00009_23-09-2025-09.57,172.0,-60.0,31.44,-30.0,68.21,30.0,33.3,90.0,40.73,-1.0,-1.8369701987210297e-16,0.7818314824680298,0.6234898018587336,1,0,44.89
00011_23-09-2025-10.02,182.0,-64.8,31.44,-34.8,68.21,25.2,33.3,85.2,40.73,-1.0,-1.8369701987210297e-16,0.7818314824680298,0.6234898018587336,0,1,34.14
00009_23-09-2025-11.22,172.0,-115.2,68.21,-55.2,33.3,4.8,40.73,64.8,47.46,-1.0,-1.8369701987210297e-16,0.7818314824680298,0.6234898018587336,1,0,40.24
00009_23-09-2025-12.22,172.0,-115.2,33.3,-55.2,40.73,4.8,47.46,34.8,36.78,-1.0,-1.8369701987210297e-16,0.7818314824680298,0.6234898018587336,1,0,30.85
00009_23-09-2025-14.02,172.0,-64.8,36.78,-43.8,48.24,25.2,76.17,55.2,22.7,-1.0,-1.8369701987210297e-16,0.7818314824680298,0.6234898018587336,1,0,47.48
00015_23-09-2025-14.12,157.0,-75.0,36.78,-54.0,48.24,15.0,76.17,45.0,22.7,-1.0,-1.8369701987210297e-16,0.7818314824680298,0.6234898018587336,0,1,36.59
00017_23-09-2025-14.42,179.0,-84.0,48.24,-15.0,76.17,15.0,22.7,45.0,29.66,-1.0,-1.8369701987210297e-16,0.7818314824680298,0.6234898018587336,1,0,25.62
00002_23-09-2025-16.37,157.0,-40.2,17.7,-10.2,28.4,19.8,52.57,49.8,73.53,-1.0,-1.8369701987210297e-16,0.7818314824680298,0.6234898018587336,1,0,14.61
00015_23-09-2025-17.17,157.0,-49.8,28.4,-19.8,52.57,10.2,73.53,40.2,70.46,-1.0,-1.8369701987210297e-16,0.7818314824680298,0.6234898018587336,0,1,40.88
00009_23-09-2025-17.22,172.0,-55.2,28.4,-25.2,52.57,4.8,73.53,34.8,70.46,-1.0,-1.8369701987210297e-16,0.7818314824680298,0.6234898018587336,1,0,29.21
00002_23-09-2025-18.32,157.0,-34.8,70.46,-4.8,66.06,25.2,29.14,62.4,30.49,-1.0,-1.8369701987210297e-16,0.7818314824680298,0.6234898018587336,1,0,49.97
00009_23-09-2025-19.29,172.0,-61.8,66.06,-31.8,29.14,5.4,30.49,36.0,34.71,-1.0,-1.8369701987210297e-16,0.7818314824680298,0.6234898018587336,1,0,28.32
00009_23-09-2025-20.22,172.0,-48.0,30.49,-17.4,34.71,4.8,24.25,45.0,49.26,-1.0,-1.8369701987210297e-16,0.7818314824680298,0.6234898018587336,1,0,31.62
00005_23-09-2025-21.02,172.0,-57.0,34.71,-34.8,24.25,5.4,49.26,550.2,38.74,-1.0,-1.8369701987210297e-16,0.7818314824680298,0.6234898018587336,0,1,22.27
00002_24-09-2025-06.22,157.0,-555.0,49.26,-10.2,38.74,4.8,59.33,34.8,110.5,-1.0,-1.8369701987210297e-16,0.9749279121818236,-0.22252093395631434,1,0,23.88
00005_24-09-2025-07.02,172.0,-34.8,59.33,-4.8,110.5,25.2,27.48,55.2,53.89,-1.0,-1.8369701987210297e-16,0.9749279121818236,-0.22252093395631434,0,1,60.23
00002_24-09-2025-07.22,157.0,-55.2,59.33,-25.2,110.5,4.8,27.48,34.8,53.89,-1.0,-1.8369701987210297e-16,0.9749279121818236,-0.22252093395631434,1,0,36.98
00002_24-09-2025-08.32,157.0,-34.8,53.89,-4.8,75.27,25.2,56.59,55.2,73.38,-1.0,-1.8369701987210297e-16,0.9749279121818236,-0.22252093395631434,1,0,43.09
00009_24-09-2025-09.22,172.0,-55.2,75.27,-25.2,56.59,4.8,73.38,64.8,49.73,-1.0,-1.8369701987210297e-16,0.9749279121818236,-0.22252093395631434,1,0,58.96
00009_24-09-2025-09.57,172.0,-60.0,56.59,-30.0,73.38,30.0,49.73,90.0,55.7,-1.0,-1.8369701987210297e-16,0.9749279121818236,-0.22252093395631434,1,0,30.58
00011_24-09-2025-10.02,182.0,-64.8,56.59,-34.8,73.38,25.2,49.73,85.2,55.7,-1.0,-1.8369701987210297e-16,0.9749279121818236,-0.22252093395631434,0,1,41.21
00009_24-09-2025-11.22,172.0,-115.2,73.38,-55.2,49.73,4.8,55.7,64.8,49.53,-1.0,-1.8369701987210297e-16,0.9749279121818236,-0.22252093395631434,1,0,52.59
00009_24-09-2025-12.22,172.0,-115.2,49.73,-55.2,55.7,4.8,49.53,34.8,43.7,-1.0,-1.8369701987210297e-16,0.9749279121818236,-0.22252093395631434,1,0,43.69
00009_24-09-2025-14.02,172.0,-64.8,43.7,-43.8,48.24,25.2,31.51,55.2,47.74,-1.0,-1.8369701987210297e-16,0.9749279121818236,-0.22252093395631434,1,0,15.72
00015_24-09-2025-14.12,157.0,-75.0,43.7,-54.0,48.24,15.0,31.51,45.0,47.74,-1.0,-1.8369701987210297e-16,0.9749279121818236,-0.22252093395631434,0,1,40.86
00017_24-09-2025-14.42,179.0,-84.0,48.24,-15.0,31.51,15.0,47.74,45.0,36.7,-1.0,-1.8369701987210297e-16,0.9749279121818236,-0.22252093395631434,1,0,55.22
00002_24-09-2025-16.37,157.0,-40.2,48.82,-10.2,57.33,19.8,141.58,49.8,60.51,-1.0,-1.8369701987210297e-16,0.9749279121818236,-0.22252093395631434,1,0,53.67
00015_24-09-2025-17.17,157.0,-49.8,57.33,-19.8,141.58,10.2,60.51,40.2,51.12,-1.0,-1.8369701987210297e-16,0.9749279121818236,-0.22252093395631434,0,1,30.65
00009_24-09-2025-17.22,172.0,-55.2,57.33,-25.2,141.58,4.8,60.51,34.8,51.12,-1.0,-1.8369701987210297e-16,0.9749279121818236,-0.22252093395631434,1,0,42.5
00002_24-09-2025-18.32,157.0,-34.8,51.12,-4.8,65.06,25.2,111.06,62.4,28.87,-1.0,-1.8369701987210297e-16,0.9749279121818236,-0.22252093395631434,1,0,43.87
00009_24-09-2025-19.29,172.0,-61.8,65.06,-31.8,111.06,5.4,28.87,36.0,53.9,-1.0,-1.8369701987210297e-16,0.9749279121818236,-0.22252093395631434,1,0,24.99
00009_24-09-2025-20.22,172.0,-48.0,28.87,-17.4,53.9,4.8,54.94,45.0,58.06,-1.0,-1.8369701987210297e-16,0.9749279121818236,-0.22252093395631434,1,0,39.11
00005_24-09-2025-21.02,172.0,-57.0,53.9,-34.8,54.94,5.4,58.06,550.2,28.54,-1.0,-1.8369701987210297e-16,0.9749279121818236,-0.22252093395631434,0,1,46.92
00002_25-09-2025-06.22,157.0,-555.0,58.06,-10.2,28.54,4.8,44.25,34.8,45.26,-1.0,-1.8369701987210297e-16,0.43388373911755823,-0.900968867902419,1,0,22.71
00005_25-09-2025-07.02,172.0,-34.8,44.25,-4.8,45.26,25.2,33.42,55.2,40.5,-1.0,-1.8369701987210297e-16,0.43388373911755823,-0.900968867902419,0,1,30.35
00002_25-09-2025-07.22,157.0,-55.2,44.25,-25.2,45.26,4.8,33.42,34.8,40.5,-1.0,-1.8369701987210297e-16,0.43388373911755823,-0.900968867902419,1,0,37.17
00002_25-09-2025-08.32,157.0,-34.8,40.5,-4.8,66.75,25.2,40.77,55.2,69.39,-1.0,-1.8369701987210297e-16,0.43388373911755823,-0.900968867902419,1,0,55.56
00009_25-09-2025-09.22,172.0,-55.2,66.75,-25.2,40.77,4.8,69.39,64.8,57.15,-1.0,-1.8369701987210297e-16,0.43388373911755823,-0.900968867902419,1,0,60.11
00009_25-09-2025-09.57,172.0,-60.0,40.77,-30.0,69.39,30.0,57.15,90.0,54.32,-1.0,-1.8369701987210297e-16,0.43388373911755823,-0.900968867902419,1,0,57.44
00011_25-09-2025-10.02,182.0,-64.8,40.77,-34.8,69.39,25.2,57.15,85.2,54.32,-1.0,-1.8369701987210297e-16,0.43388373911755823,-0.900968867902419,0,1,54.17
00009_25-09-2025-11.22,172.0,-115.2,69.39,-55.2,57.15,4.8,54.32,64.8,53.94,-1.0,-1.8369701987210297e-16,0.43388373911755823,-0.900968867902419,1,0,81.24
00009_25-09-2025-12.22,172.0,-115.2,57.15,-55.2,54.32,4.8,53.94,34.8,43.36,-1.0,-1.8369701987210297e-16,0.43388373911755823,-0.900968867902419,1,0,61.43
00002_25-09-2025-16.37,157.0,-40.2,99.25,-10.2,85.54,19.8,140.59,49.8,94.1,-1.0,-1.8369701987210297e-16,0.43388373911755823,-0.900968867902419,1,0,56.79
00015_25-09-2025-17.17,157.0,-49.8,85.54,-19.8,140.59,10.2,94.1,40.2,48.94,-1.0,-1.8369701987210297e-16,0.43388373911755823,-0.900968867902419,0,1,64.39
00009_25-09-2025-17.22,172.0,-55.2,85.54,-25.2,140.59,4.8,94.1,34.8,48.94,-1.0,-1.8369701987210297e-16,0.43388373911755823,-0.900968867902419,1,0,67.92
00002_25-09-2025-18.32,157.0,-34.8,48.94,-4.8,83.38,25.2,88.3,62.4,31.16,-1.0,-1.8369701987210297e-16,0.43388373911755823,-0.900968867902419,1,0,64.04
00009_25-09-2025-19.29,172.0,-61.8,83.38,-31.8,88.3,5.4,31.16,36.0,61.33,-1.0,-1.8369701987210297e-16,0.43388373911755823,-0.900968867902419,1,0,42.51
00009_25-09-2025-20.22,172.0,-48.0,31.16,-17.4,61.33,4.8,59.9,45.0,70.5,-1.0,-1.8369701987210297e-16,0.43388373911755823,-0.900968867902419,1,0,39.28
00005_25-09-2025-21.02,172.0,-57.0,61.33,-34.8,59.9,5.4,70.5,565.2,24.91,-1.0,-1.8369701987210297e-16,0.43388373911755823,-0.900968867902419,0,1,22.02
00002_26-09-2025-06.22,157.0,-595.2,59.9,-555.0,70.5,4.8,24.91,34.8,46.3,-1.0,-1.8369701987210297e-16,-0.433883739117558,-0.9009688679024191,1,0,10.0
00005_26-09-2025-07.02,172.0,-34.8,24.91,-4.8,46.3,25.2,73.44,55.2,38.8,-1.0,-1.8369701987210297e-16,-0.433883739117558,-0.9009688679024191,0,1,34.79
00002_26-09-2025-07.22,157.0,-55.2,24.91,-25.2,46.3,4.8,73.44,34.8,38.8,-1.0,-1.8369701987210297e-16,-0.433883739117558,-0.9009688679024191,1,0,18.77
00002_26-09-2025-08.32,157.0,-64.8,73.44,-34.8,38.8,25.2,105.59,55.2,70.67,-1.0,-1.8369701987210297e-16,-0.433883739117558,-0.9009688679024191,1,0,37.98
00009_26-09-2025-09.22,172.0,-85.2,38.8,-25.2,105.59,4.8,70.67,64.8,68.58,-1.0,-1.8369701987210297e-16,-0.433883739117558,-0.9009688679024191,1,0,63.07
00009_26-09-2025-09.57,172.0,-60.0,105.59,-30.0,70.67,30.0,68.58,90.0,105.5,-1.0,-1.8369701987210297e-16,-0.433883739117558,-0.9009688679024191,1,0,57.52
00011_26-09-2025-10.02,182.0,-64.8,105.59,-34.8,70.67,25.2,68.58,85.2,105.5,-1.0,-1.8369701987210297e-16,-0.433883739117558,-0.9009688679024191,0,1,39.64
00009_26-09-2025-11.22,172.0,-115.2,70.67,-55.2,68.58,4.8,105.5,64.8,53.44,-1.0,-1.8369701987210297e-16,-0.433883739117558,-0.9009688679024191,1,0,63.47
00009_26-09-2025-12.22,172.0,-115.2,68.58,-55.2,105.5,4.8,53.44,34.8,66.91,-1.0,-1.8369701987210297e-16,-0.433883739117558,-0.9009688679024191,1,0,50.03
00009_26-09-2025-14.02,172.0,-43.8,55.14,-4.8,82.84,25.2,93.63,55.2,96.01,-1.0,-1.8369701987210297e-16,-0.433883739117558,-0.9009688679024191,1,0,61.77
00015_26-09-2025-14.12,157.0,-54.0,55.14,-15.0,82.84,15.0,93.63,45.0,96.01,-1.0,-1.8369701987210297e-16,-0.433883739117558,-0.9009688679024191,0,1,34.11
00017_26-09-2025-14.42,179.0,-45.0,82.84,-15.0,93.63,15.0,96.01,45.0,49.13,-1.0,-1.8369701987210297e-16,-0.433883739117558,-0.9009688679024191,1,0,95.58
00002_26-09-2025-16.37,157.0,-40.2,97.21,-10.2,90.64,19.8,80.07,49.8,50.4,-1.0,-1.8369701987210297e-16,-0.433883739117558,-0.9009688679024191,1,0,58.43
00015_26-09-2025-17.17,157.0,-49.8,90.64,-19.8,80.07,10.2,50.4,40.2,59.17,-1.0,-1.8369701987210297e-16,-0.433883739117558,-0.9009688679024191,0,1,25.93
00009_26-09-2025-17.22,172.0,-55.2,90.64,-25.2,80.07,4.8,50.4,34.8,59.17,-1.0,-1.8369701987210297e-16,-0.433883739117558,-0.9009688679024191,1,0,63.81
00002_26-09-2025-18.32,157.0,-34.8,59.17,-4.8,73.41,25.2,49.98,62.4,37.56,-1.0,-1.8369701987210297e-16,-0.433883739117558,-0.9009688679024191,1,0,49.38
00009_26-09-2025-19.29,172.0,-61.8,73.41,-31.8,49.98,5.4,37.56,36.0,91.27,-1.0,-1.8369701987210297e-16,-0.433883739117558,-0.9009688679024191,1,0,50.76
00009_26-09-2025-20.22,172.0,-48.0,37.56,-17.4,91.27,4.8,42.09,45.0,73.95,-1.0,-1.8369701987210297e-16,-0.433883739117558,-0.9009688679024191,1,0,25.64
00005_26-09-2025-21.02,172.0,-57.0,91.27,-34.8,42.09,5.4,73.95,565.2,27.31,-1.0,-1.8369701987210297e-16,-0.433883739117558,-0.9009688679024191,0,1,35.4
00005_27-09-2025-07.02,172.0,-594.6,73.95,-34.8,27.31,25.2,50.96,85.2,63.49,-1.0,-1.8369701987210297e-16,-0.9749279121818236,-0.2225209339563146,0,1,34.17
00009_27-09-2025-08.07,172.0,-100.2,27.31,-40.2,50.96,19.8,63.49,49.8,46.84,-1.0,-1.8369701987210297e-16,-0.9749279121818236,-0.2225209339563146,1,0,21.94
00009_27-09-2025-09.22,172.0,-55.2,63.49,-25.2,46.84,4.8,70.36,64.8,46.26,-1.0,-1.8369701987210297e-16,-0.9749279121818236,-0.2225209339563146,1,0,55.77
00009_27-09-2025-09.57,172.0,-60.0,46.84,-30.0,70.36,30.0,46.26,90.0,44.96,-1.0,-1.8369701987210297e-16,-0.9749279121818236,-0.2225209339563146,1,0,41.66
00011_27-09-2025-10.02,182.0,-64.8,46.84,-34.8,70.36,25.2,46.26,85.2,44.96,-1.0,-1.8369701987210297e-16,-0.9749279121818236,-0.2225209339563146,0,1,27.49
00009_27-09-2025-11.22,172.0,-115.2,70.36,-55.2,46.26,4.8,44.96,64.8,62.78,-1.0,-1.8369701987210297e-16,-0.9749279121818236,-0.2225209339563146,1,0,40.2
00009_27-09-2025-12.22,172.0,-115.2,46.26,-55.2,44.96,4.8,62.78,55.8,82.74,-1.0,-1.8369701987210297e-16,-0.9749279121818236,-0.2225209339563146,1,0,34.68
00015_27-09-2025-14.12,157.0,-105.0,62.78,-54.0,82.74,75.0,30.72,135.0,84.39,-1.0,-1.8369701987210297e-16,-0.9749279121818236,-0.2225209339563146,0,1,14.2
00017_27-09-2025-14.42,179.0,-135.0,62.78,-84.0,82.74,45.0,30.72,105.0,84.39,-1.0,-1.8369701987210297e-16,-0.9749279121818236,-0.2225209339563146,1,0,30.59
00002_27-09-2025-16.37,157.0,-70.2,30.72,-10.2,84.39,49.8,21.3,109.8,100.3,-1.0,-1.8369701987210297e-16,-0.9749279121818236,-0.2225209339563146,1,0,42.06
00015_27-09-2025-17.17,157.0,-109.8,30.72,-49.8,84.39,10.2,21.3,70.2,100.3,-1.0,-1.8369701987210297e-16,-0.9749279121818236,-0.2225209339563146,0,1,14.8
00009_27-09-2025-19.29,172.0,-121.8,21.3,-61.8,100.3,5.4,31.08,58.2,13.83,-1.0,-1.8369701987210297e-16,-0.9749279121818236,-0.2225209339563146,1,0,42.62
00009_27-09-2025-20.22,172.0,-115.2,100.3,-48.0,31.08,4.8,13.83,604.8,52.39,-1.0,-1.8369701987210297e-16,-0.9749279121818236,-0.2225209339563146,1,0,36.04
00005_27-09-2025-21.02,172.0,-87.6,31.08,-34.8,13.83,565.2,52.39,625.2,54.93,-1.0,-1.8369701987210297e-16,-0.9749279121818236,-0.2225209339563146,0,1,14.27
00005_28-09-2025-07.02,172.0,-634.8,13.83,-34.8,52.39,25.2,54.93,85.2,109.79,-1.0,-1.8369701987210297e-16,-0.7818314824680299,0.6234898018587334,0,1,32.95
00009_28-09-2025-08.07,172.0,-100.2,52.39,-40.2,54.93,19.8,109.79,79.8,60.72,-1.0,-1.8369701987210297e-16,-0.7818314824680299,0.6234898018587334,1,0,54.41
00009_28-09-2025-09.22,172.0,-115.2,54.93,-55.2,109.79,4.8,60.72,64.8,49.65,-1.0,-1.8369701987210297e-16,-0.7818314824680299,0.6234898018587334,1,0,45.94
00009_28-09-2025-09.57,172.0,-90.0,109.79,-30.0,60.72,30.0,49.65,90.0,145.64,-1.0,-1.8369701987210297e-16,-0.7818314824680299,0.6234898018587334,1,0,73.97
00011_28-09-2025-10.02,182.0,-94.8,109.79,-34.8,60.72,25.2,49.65,85.2,145.64,-1.0,-1.8369701987210297e-16,-0.7818314824680299,0.6234898018587334,0,1,41.87
00009_28-09-2025-11.22,172.0,-115.2,60.72,-55.2,49.65,4.8,145.64,64.8,53.37,-1.0,-1.8369701987210297e-16,-0.7818314824680299,0.6234898018587334,1,0,54.35
00009_28-09-2025-12.22,172.0,-115.2,49.65,-55.2,145.64,4.8,53.37,55.8,55.14,-1.0,-1.8369701987210297e-16,-0.7818314824680299,0.6234898018587334,1,0,40.91
00009_28-09-2025-14.02,172.0,-94.8,53.37,-43.8,55.14,25.2,86.4,85.2,68.4,-1.0,-1.8369701987210297e-16,-0.7818314824680299,0.6234898018587334,1,0,71.78
00015_28-09-2025-14.12,157.0,-105.0,53.37,-54.0,55.14,15.0,86.4,75.0,68.4,-1.0,-1.8369701987210297e-16,-0.7818314824680299,0.6234898018587334,0,1,40.05
00017_28-09-2025-14.42,179.0,-84.0,55.14,-15.0,86.4,45.0,68.4,105.0,83.58,-1.0,-1.8369701987210297e-16,-0.7818314824680299,0.6234898018587334,1,0,87.01
00002_28-09-2025-16.37,157.0,-70.2,68.4,-10.2,83.58,19.8,68.19,49.8,69.49,-1.0,-1.8369701987210297e-16,-0.7818314824680299,0.6234898018587334,1,0,78.68
00015_28-09-2025-17.17,157.0,-49.8,83.58,-19.8,68.19,10.2,69.49,40.2,63.52,-1.0,-1.8369701987210297e-16,-0.7818314824680299,0.6234898018587334,0,1,69.46
00009_28-09-2025-17.22,172.0,-55.2,83.58,-25.2,68.19,4.8,69.49,34.8,63.52,-1.0,-1.8369701987210297e-16,-0.7818314824680299,0.6234898018587334,1,0,85.28
00002_28-09-2025-18.32,157.0,-34.8,63.52,-4.8,81.59,25.2,122.98,62.4,86.55,-1.0,-1.8369701987210297e-16,-0.7818314824680299,0.6234898018587334,1,0,82.42
00009_28-09-2025-19.29,172.0,-61.8,81.59,-31.8,122.98,5.4,86.55,36.0,58.69,-1.0,-1.8369701987210297e-16,-0.7818314824680299,0.6234898018587334,1,0,74.27
00009_28-09-2025-20.22,172.0,-48.0,86.55,-17.4,58.69,4.8,82.33,45.0,127.36,-1.0,-1.8369701987210297e-16,-0.7818314824680299,0.6234898018587334,1,0,83.54
00005_28-09-2025-21.02,172.0,-57.0,58.69,-34.8,82.33,5.4,127.36,550.2,26.21,-1.0,-1.8369701987210297e-16,-0.7818314824680299,0.6234898018587334,0,1,66.55
00002_29-09-2025-06.22,157.0,-555.0,127.36,-10.2,26.21,4.8,43.86,34.8,52.94,-1.0,-1.8369701987210297e-16,0.0,1.0,1,0,17.11
00005_29-09-2025-07.02,172.0,-34.8,43.86,-4.8,52.94,25.2,51.09,55.2,70.1,-1.0,-1.8369701987210297e-16,0.0,1.0,0,1,28.24
00002_29-09-2025-07.22,157.0,-55.2,43.86,-25.2,52.94,4.8,51.09,34.8,70.1,-1.0,-1.8369701987210297e-16,0.0,1.0,1,0,26.55
00002_29-09-2025-08.32,157.0,-34.8,70.1,-4.8,68.3,25.2,56.94,55.2,66.89,-1.0,-1.8369701987210297e-16,0.0,1.0,1,0,45.76
00009_29-09-2025-09.22,172.0,-55.2,68.3,-25.2,56.94,4.8,66.89,64.8,33.24,-1.0,-1.8369701987210297e-16,0.0,1.0,1,0,49.19
00009_29-09-2025-09.57,172.0,-60.0,56.94,-30.0,66.89,30.0,33.24,90.0,44.1,-1.0,-1.8369701987210297e-16,0.0,1.0,1,0,34.8
00011_29-09-2025-10.02,182.0,-64.8,56.94,-34.8,66.89,25.2,33.24,85.2,44.1,-1.0,-1.8369701987210297e-16,0.0,1.0,0,1,31.2
00009_29-09-2025-11.22,172.0,-115.2,66.89,-55.2,33.24,4.8,44.1,64.8,52.49,-1.0,-1.8369701987210297e-16,0.0,1.0,1,0,33.29
00009_29-09-2025-12.22,172.0,-115.2,33.24,-55.2,44.1,4.8,52.49,34.8,41.06,-1.0,-1.8369701987210297e-16,0.0,1.0,1,0,36.45
00009_29-09-2025-14.02,172.0,-64.8,41.06,-43.8,68.94,25.2,50.33,55.2,45.38,-1.0,-1.8369701987210297e-16,0.0,1.0,1,0,24.23
00015_29-09-2025-14.12,157.0,-75.0,41.06,-54.0,68.94,15.0,50.33,45.0,45.38,-1.0,-1.8369701987210297e-16,0.0,1.0,0,1,42.15
00017_29-09-2025-14.42,179.0,-84.0,68.94,-15.0,50.33,15.0,45.38,45.0,35.75,-1.0,-1.8369701987210297e-16,0.0,1.0,1,0,51.38
00002_29-09-2025-16.37,157.0,-40.2,44.71,-10.2,67.04,19.8,41.78,49.8,72.08,-1.0,-1.8369701987210297e-16,0.0,1.0,1,0,62.77
00015_29-09-2025-17.17,157.0,-49.8,67.04,-19.8,41.78,10.2,72.08,40.2,44.1,-1.0,-1.8369701987210297e-16,0.0,1.0,0,1,28.46
00009_29-09-2025-17.22,172.0,-55.2,67.04,-25.2,41.78,4.8,72.08,34.8,44.1,-1.0,-1.8369701987210297e-16,0.0,1.0,1,0,49.79
00002_29-09-2025-18.32,157.0,-34.8,44.1,-4.8,45.59,25.2,32.94,62.4,20.8,-1.0,-1.8369701987210297e-16,0.0,1.0,1,0,21.15
00009_29-09-2025-19.29,172.0,-61.8,45.59,-31.8,32.94,5.4,20.8,36.0,22.5,-1.0,-1.8369701987210297e-16,0.0,1.0,1,0,42.29
00009_29-09-2025-20.22,172.0,-48.0,20.8,-17.4,22.5,4.8,19.09,45.0,39.98,-1.0,-1.8369701987210297e-16,0.0,1.0,1,0,11.03
00005_29-09-2025-21.02,172.0,-57.0,22.5,-34.8,19.09,5.4,39.98,550.2,35.08,-1.0,-1.8369701987210297e-16,0.0,1.0,0,1,19.91
00002_30-09-2025-06.22,157.0,-555.0,39.98,-10.2,35.08,4.8,28.37,34.8,116.4,-1.0,-1.8369701987210297e-16,0.7818314824680298,0.6234898018587336,1,0,30.59
00005_30-09-2025-07.02,172.0,-34.8,28.37,-4.8,116.4,25.2,31.52,55.2,34.87,-1.0,-1.8369701987210297e-16,0.7818314824680298,0.6234898018587336,0,1,46.19
00002_30-09-2025-07.22,157.0,-55.2,28.37,-25.2,116.4,4.8,31.52,34.8,34.87,-1.0,-1.8369701987210297e-16,0.7818314824680298,0.6234898018587336,1,0,12.5
00002_30-09-2025-08.32,157.0,-34.8,34.87,-4.8,62.91,25.2,25.62,55.2,84.4,-1.0,-1.8369701987210297e-16,0.7818314824680298,0.6234898018587336,1,0,43.05
00009_30-09-2025-09.22,172.0,-55.2,62.91,-25.2,25.62,4.8,84.4,64.8,36.98,-1.0,-1.8369701987210297e-16,0.7818314824680298,0.6234898018587336,1,0,50.96
00009_30-09-2025-09.57,172.0,-60.0,25.62,-30.0,84.4,30.0,36.98,90.0,20.11,-1.0,-1.8369701987210297e-16,0.7818314824680298,0.6234898018587336,1,0,15.33
00011_30-09-2025-10.02,182.0,-64.8,25.62,-34.8,84.4,25.2,36.98,85.2,20.11,-1.0,-1.8369701987210297e-16,0.7818314824680298,0.6234898018587336,0,1,40.43
00009_30-09-2025-11.22,172.0,-115.2,84.4,-55.2,36.98,4.8,20.11,64.8,39.06,-1.0,-1.8369701987210297e-16,0.7818314824680298,0.6234898018587336,1,0,19.19
00009_30-09-2025-12.22,172.0,-115.2,36.98,-55.2,20.11,4.8,39.06,34.8,35.58,-1.0,-1.8369701987210297e-16,0.7818314824680298,0.6234898018587336,1,0,45.36
00009_30-09-2025-14.02,172.0,-64.8,35.58,-43.8,48.24,25.2,76.32,55.2,36.48,-1.0,-1.8369701987210297e-16,0.7818314824680298,0.6234898018587336,1,0,32.33
00015_30-09-2025-14.12,157.0,-75.0,35.58,-54.0,48.24,15.0,76.32,45.0,36.48,-1.0,-1.8369701987210297e-16,0.7818314824680298,0.6234898018587336,0,1,32.64
00017_30-09-2025-14.42,179.0,-84.0,48.24,-15.0,76.32,15.0,36.48,45.0,28.95,-1.0,-1.8369701987210297e-16,0.7818314824680298,0.6234898018587336,1,0,21.94
00002_30-09-2025-16.37,157.0,-40.2,36.47,-10.2,32.88,19.8,42.24,49.8,53.91,-1.0,-1.8369701987210297e-16,0.7818314824680298,0.6234898018587336,1,0,41.41
00015_30-09-2025-17.17,157.0,-49.8,32.88,-19.8,42.24,10.2,53.91,40.2,74.18,-1.0,-1.8369701987210297e-16,0.7818314824680298,0.6234898018587336,0,1,18.71
00009_30-09-2025-17.22,172.0,-55.2,32.88,-25.2,42.24,4.8,53.91,34.8,74.18,-1.0,-1.8369701987210297e-16,0.7818314824680298,0.6234898018587336,1,0,28.19
00002_30-09-2025-18.32,157.0,-34.8,74.18,-4.8,59.46,25.2,31.44,62.4,30.87,-1.0,-1.8369701987210297e-16,0.7818314824680298,0.6234898018587336,1,0,30.27
00009_30-09-2025-19.29,172.0,-61.8,59.46,-31.8,31.44,5.4,30.87,36.0,41.7,-1.0,-1.8369701987210297e-16,0.7818314824680298,0.6234898018587336,1,0,38.02
00009_30-09-2025-20.22,172.0,-48.0,30.87,-17.4,41.7,4.8,38.23,45.0,45.19,-1.0,-1.8369701987210297e-16,0.7818314824680298,0.6234898018587336,1,0,30.43
00005_30-09-2025-21.02,172.0,-57.0,41.7,-34.8,38.23,5.4,45.19,550.2,42.49,-1.0,-1.8369701987210297e-16,0.7818314824680298,0.6234898018587336,0,1,14.83
00002_01-10-2025-06.22,157.0,-555.0,45.19,-10.2,42.49,4.8,59.68,34.8,100.94,-0.8660254037844386,0.5000000000000001,0.9749279121818236,-0.22252093395631434,1,0,35.85
00005_01-10-2025-07.02,172.0,-34.8,59.68,-4.8,100.94,25.2,33.86,55.2,39.51,-0.8660254037844386,0.5000000000000001,0.9749279121818236,-0.22252093395631434,0,1,53.08
00002_01-10-2025-07.22,157.0,-55.2,59.68,-25.2,100.94,4.8,33.86,34.8,39.51,-0.8660254037844386,0.5000000000000001,0.9749279121818236,-0.22252093395631434,1,0,49.05
00002_01-10-2025-08.32,157.0,-34.8,39.51,-4.8,88.97,25.2,40.52,55.2,75.49,-0.8660254037844386,0.5000000000000001,0.9749279121818236,-0.22252093395631434,1,0,33.64
00009_01-10-2025-09.22,172.0,-55.2,88.97,-25.2,40.52,4.8,75.49,64.8,47.23,-0.8660254037844386,0.5000000000000001,0.9749279121818236,-0.22252093395631434,1,0,52.78
00009_01-10-2025-09.57,172.0,-60.0,40.52,-30.0,75.49,30.0,47.23,90.0,26.1,-0.8660254037844386,0.5000000000000001,0.9749279121818236,-0.22252093395631434,1,0,40.92
00011_01-10-2025-10.02,182.0,-64.8,40.52,-34.8,75.49,25.2,47.23,85.2,26.1,-0.8660254037844386,0.5000000000000001,0.9749279121818236,-0.22252093395631434,0,1,46.31
00009_01-10-2025-11.22,172.0,-115.2,75.49,-55.2,47.23,4.8,26.1,64.8,45.96,-0.8660254037844386,0.5000000000000001,0.9749279121818236,-0.22252093395631434,1,0,36.49
00009_01-10-2025-12.22,172.0,-115.2,47.23,-55.2,26.1,4.8,45.96,34.8,49.53,-0.8660254037844386,0.5000000000000001,0.9749279121818236,-0.22252093395631434,1,0,40.82
00009_01-10-2025-14.02,172.0,-64.8,49.53,-43.8,48.24,25.2,44.24,55.2,49.46,-0.8660254037844386,0.5000000000000001,0.9749279121818236,-0.22252093395631434,1,0,52.89
00015_01-10-2025-14.12,157.0,-75.0,49.53,-54.0,48.24,15.0,44.24,45.0,49.46,-0.8660254037844386,0.5000000000000001,0.9749279121818236,-0.22252093395631434,0,1,28.06
00017_01-10-2025-14.42,179.0,-84.0,48.24,-15.0,44.24,15.0,49.46,45.0,33.61,-0.8660254037844386,0.5000000000000001,0.9749279121818236,-0.22252093395631434,1,0,66.87
00002_01-10-2025-16.37,157.0,-40.2,62.68,-10.2,48.32,19.8,122.02,49.8,62.54,-0.8660254037844386,0.5000000000000001,0.9749279121818236,-0.22252093395631434,1,0,49.35
00015_01-10-2025-17.17,157.0,-49.8,48.32,-19.8,122.02,10.2,62.54,40.2,68.9,-0.8660254037844386,0.5000000000000001,0.9749279121818236,-0.22252093395631434,0,1,58.79
00009_01-10-2025-17.22,172.0,-55.2,48.32,-25.2,122.02,4.8,62.54,34.8,68.9,-0.8660254037844386,0.5000000000000001,0.9749279121818236,-0.22252093395631434,1,0,25.15
00002_01-10-2025-18.32,157.0,-34.8,68.9,-4.8,54.61,25.2,111.96,62.4,32.59,-0.8660254037844386,0.5000000000000001,0.9749279121818236,-0.22252093395631434,1,0,46.68
00009_01-10-2025-19.29,172.0,-61.8,54.61,-31.8,111.96,5.4,32.59,36.0,56.64,-0.8660254037844386,0.5000000000000001,0.9749279121818236,-0.22252093395631434,1,0,31.02
00009_01-10-2025-20.22,172.0,-48.0,32.59,-17.4,56.64,4.8,38.53,45.0,39.84,-0.8660254037844386,0.5000000000000001,0.9749279121818236,-0.22252093395631434,1,0,35.66
00005_01-10-2025-21.02,172.0,-57.0,56.64,-34.8,38.53,5.4,39.84,550.2,29.1,-0.8660254037844386,0.5000000000000001,0.9749279121818236,-0.22252093395631434,0,1,30.63
00002_02-10-2025-06.22,157.0,-555.0,39.84,-10.2,29.1,4.8,51.0,34.8,59.79,-0.8660254037844386,0.5000000000000001,0.43388373911755823,-0.900968867902419,1,0,51.6
00005_02-10-2025-07.02,172.0,-34.8,51.0,-4.8,59.79,25.2,57.33,55.2,57.47,-0.8660254037844386,0.5000000000000001,0.43388373911755823,-0.900968867902419,0,1,34.81
00002_02-10-2025-07.22,157.0,-55.2,51.0,-25.2,59.79,4.8,57.33,34.8,57.47,-0.8660254037844386,0.5000000000000001,0.43388373911755823,-0.900968867902419,1,0,25.51
00002_02-10-2025-08.32,157.0,-34.8,57.47,-4.8,74.49,25.2,80.07,55.2,59.87,-0.8660254037844386,0.5000000000000001,0.43388373911755823,-0.900968867902419,1,0,47.77
00009_02-10-2025-09.22,172.0,-55.2,74.49,-25.2,80.07,4.8,59.87,64.8,50.11,-0.8660254037844386,0.5000000000000001,0.43388373911755823,-0.900968867902419,1,0,59.18
00009_02-10-2025-09.57,172.0,-60.0,80.07,-30.0,59.87,30.0,50.11,90.0,60.63,-0.8660254037844386,0.5000000000000001,0.43388373911755823,-0.900968867902419,1,0,47.53
00011_02-10-2025-10.02,182.0,-64.8,80.07,-34.8,59.87,25.2,50.11,85.2,60.63,-0.8660254037844386,0.5000000000000001,0.43388373911755823,-0.900968867902419,0,1,57.04
00009_02-10-2025-11.22,172.0,-115.2,59.87,-55.2,50.11,4.8,60.63,64.8,42.83,-0.8660254037844386,0.5000000000000001,0.43388373911755823,-0.900968867902419,1,0,48.2
00009_02-10-2025-12.22,172.0,-115.2,50.11,-55.2,60.63,4.8,42.83,34.8,55.13,-0.8660254037844386,0.5000000000000001,0.43388373911755823,-0.900968867902419,1,0,53.21
00002_02-10-2025-16.37,157.0,-40.2,94.04,-10.2,53.63,19.8,149.31,49.8,100.34,-0.8660254037844386,0.5000000000000001,0.43388373911755823,-0.900968867902419,1,0,48.64
00015_02-10-2025-17.17,157.0,-49.8,53.63,-19.8,149.31,10.2,100.34,40.2,61.53,-0.8660254037844386,0.5000000000000001,0.43388373911755823,-0.900968867902419,0,1,49.58
00009_02-10-2025-17.22,172.0,-55.2,53.63,-25.2,149.31,4.8,100.34,34.8,61.53,-0.8660254037844386,0.5000000000000001,0.43388373911755823,-0.900968867902419,1,0,82.12
00002_02-10-2025-18.32,157.0,-34.8,61.53,-4.8,61.56,25.2,74.08,62.4,43.14,-0.8660254037844386,0.5000000000000001,0.43388373911755823,-0.900968867902419,1,0,29.98
00009_02-10-2025-19.29,172.0,-61.8,61.56,-31.8,74.08,5.4,43.14,36.0,78.09,-0.8660254037844386,0.5000000000000001,0.43388373911755823,-0.900968867902419,1,0,27.42
00009_02-10-2025-20.22,172.0,-48.0,43.14,-17.4,78.09,4.8,24.48,45.0,52.61,-0.8660254037844386,0.5000000000000001,0.43388373911755823,-0.900968867902419,1,0,39.9
00005_02-10-2025-21.02,172.0,-57.0,78.09,-34.8,24.48,5.4,52.61,565.2,19.96,-0.8660254037844386,0.5000000000000001,0.43388373911755823,-0.900968867902419,0,1,24.96
00002_03-10-2025-06.22,157.0,-595.2,24.48,-555.0,52.61,4.8,19.96,34.8,54.81,-0.8660254037844386,0.5000000000000001,-0.433883739117558,-0.9009688679024191,1,0,31.75
00005_03-10-2025-07.02,172.0,-34.8,19.96,-4.8,54.81,25.2,76.43,55.2,32.01,-0.8660254037844386,0.5000000000000001,-0.433883739117558,-0.9009688679024191,0,1,19.5
00002_03-10-2025-07.22,157.0,-55.2,19.96,-25.2,54.81,4.8,76.43,34.8,32.01,-0.8660254037844386,0.5000000000000001,-0.433883739117558,-0.9009688679024191,1,0,40.45
00002_03-10-2025-08.32,157.0,-64.8,76.43,-34.8,32.01,25.2,112.12,55.2,65.11,-0.8660254037844386,0.5000000000000001,-0.433883739117558,-0.9009688679024191,1,0,42.35
00009_03-10-2025-09.22,172.0,-85.2,32.01,-25.2,112.12,4.8,65.11,64.8,51.67,-0.8660254037844386,0.5000000000000001,-0.433883739117558,-0.9009688679024191,1,0,59.12
00009_03-10-2025-09.57,172.0,-60.0,112.12,-30.0,65.11,30.0,51.67,90.0,103.37,-0.8660254037844386,0.5000000000000001,-0.433883739117558,-0.9009688679024191,1,0,54.23
00011_03-10-2025-10.02,182.0,-64.8,112.12,-34.8,65.11,25.2,51.67,85.2,103.37,-0.8660254037844386,0.5000000000000001,-0.433883739117558,-0.9009688679024191,0,1,64.4
00009_03-10-2025-11.22,172.0,-115.2,65.11,-55.2,51.67,4.8,103.37,64.8,40.87,-0.8660254037844386,0.5000000000000001,-0.433883739117558,-0.9009688679024191,1,0,69.08
00009_03-10-2025-12.22,172.0,-115.2,51.67,-55.2,103.37,4.8,40.87,34.8,98.4,-0.8660254037844386,0.5000000000000001,-0.433883739117558,-0.9009688679024191,1,0,47.66
00009_03-10-2025-14.02,172.0,-43.8,55.14,-4.8,86.87,25.2,98.59,55.2,107.21,-0.8660254037844386,0.5000000000000001,-0.433883739117558,-0.9009688679024191,1,0,60.37
00015_03-10-2025-14.12,157.0,-54.0,55.14,-15.0,86.87,15.0,98.59,45.0,107.21,-0.8660254037844386,0.5000000000000001,-0.433883739117558,-0.9009688679024191,0,1,43.92
00017_03-10-2025-14.42,179.0,-45.0,86.87,-15.0,98.59,15.0,107.21,45.0,61.88,-0.8660254037844386,0.5000000000000001,-0.433883739117558,-0.9009688679024191,1,0,83.12
00002_03-10-2025-16.37,157.0,-40.2,79.85,-10.2,86.27,19.8,101.82,49.8,59.34,-0.8660254037844386,0.5000000000000001,-0.433883739117558,-0.9009688679024191,1,0,84.44
00015_03-10-2025-17.17,157.0,-49.8,86.27,-19.8,101.82,10.2,59.34,40.2,63.05,-0.8660254037844386,0.5000000000000001,-0.433883739117558,-0.9009688679024191,0,1,56.57
00009_03-10-2025-17.22,172.0,-55.2,86.27,-25.2,101.82,4.8,59.34,34.8,63.05,-0.8660254037844386,0.5000000000000001,-0.433883739117558,-0.9009688679024191,1,0,46.11
00002_03-10-2025-18.32,157.0,-34.8,63.05,-4.8,89.34,25.2,62.02,62.4,29.32,-0.8660254037844386,0.5000000000000001,-0.433883739117558,-0.9009688679024191,1,0,21.8
00009_03-10-2025-19.29,172.0,-61.8,89.34,-31.8,62.02,5.4,29.32,36.0,68.42,-0.8660254037844386,0.5000000000000001,-0.433883739117558,-0.9009688679024191,1,0,45.59
00009_03-10-2025-20.22,172.0,-48.0,29.32,-17.4,68.42,4.8,53.45,45.0,86.1,-0.8660254037844386,0.5000000000000001,-0.433883739117558,-0.9009688679024191,1,0,36.49
00005_03-10-2025-21.02,172.0,-57.0,68.42,-34.8,53.45,5.4,86.1,565.2,27.82,-0.8660254037844386,0.5000000000000001,-0.433883739117558,-0.9009688679024191,0,1,21.75
00005_04-10-2025-07.02,172.0,-594.6,86.1,-34.8,27.82,25.2,32.73,85.2,58.16,-0.8660254037844386,0.5000000000000001,-0.9749279121818236,-0.2225209339563146,0,1,39.81
00009_04-10-2025-08.07,172.0,-100.2,27.82,-40.2,32.73,19.8,58.16,49.8,46.38,-0.8660254037844386,0.5000000000000001,-0.9749279121818236,-0.2225209339563146,1,0,33.81
00009_04-10-2025-09.22,172.0,-55.2,58.16,-25.2,46.38,4.8,56.33,64.8,50.75,-0.8660254037844386,0.5000000000000001,-0.9749279121818236,-0.2225209339563146,1,0,43.18
00009_04-10-2025-09.57,172.0,-60.0,46.38,-30.0,56.33,30.0,50.75,90.0,43.29,-0.8660254037844386,0.5000000000000001,-0.9749279121818236,-0.2225209339563146,1,0,67.49
00011_04-10-2025-10.02,182.0,-64.8,46.38,-34.8,56.33,25.2,50.75,85.2,43.29,-0.8660254037844386,0.5000000000000001,-0.9749279121818236,-0.2225209339563146,0,1,29.61
00009_04-10-2025-11.22,172.0,-115.2,56.33,-55.2,50.75,4.8,43.29,64.8,57.57,-0.8660254037844386,0.5000000000000001,-0.9749279121818236,-0.2225209339563146,1,0,41.07
00009_04-10-2025-12.22,172.0,-115.2,50.75,-55.2,43.29,4.8,57.57,55.8,82.74,-0.8660254037844386,0.5000000000000001,-0.9749279121818236,-0.2225209339563146,1,0,58.71
00015_04-10-2025-14.12,157.0,-105.0,57.57,-54.0,82.74,75.0,29.45,135.0,92.01,-0.8660254037844386,0.5000000000000001,-0.9749279121818236,-0.2225209339563146,0,1,10.0
00017_04-10-2025-14.42,179.0,-135.0,57.57,-84.0,82.74,45.0,29.45,105.0,92.01,-0.8660254037844386,0.5000000000000001,-0.9749279121818236,-0.2225209339563146,1,0,43.85
00002_04-10-2025-16.37,157.0,-70.2,29.45,-10.2,92.01,49.8,28.34,109.8,111.62,-0.8660254037844386,0.5000000000000001,-0.9749279121818236,-0.2225209339563146,1,0,30.09
00015_04-10-2025-17.17,157.0,-109.8,29.45,-49.8,92.01,10.2,28.34,70.2,111.62,-0.8660254037844386,0.5000000000000001,-0.9749279121818236,-0.2225209339563146,0,1,11.8
00009_04-10-2025-19.29,172.0,-121.8,28.34,-61.8,111.62,5.4,32.09,58.2,18.97,-0.8660254037844386,0.5000000000000001,-0.9749279121818236,-0.2225209339563146,1,0,42.34
00009_04-10-2025-20.22,172.0,-115.2,111.62,-48.0,32.09,4.8,18.97,604.8,56.94,-0.8660254037844386,0.5000000000000001,-0.9749279121818236,-0.2225209339563146,1,0,36.22
00005_04-10-2025-21.02,172.0,-87.6,32.09,-34.8,18.97,565.2,56.94,625.2,64.69,-0.8660254037844386,0.5000000000000001,-0.9749279121818236,-0.2225209339563146,0,1,17.58
00005_05-10-2025-07.02,172.0,-634.8,18.97,-34.8,56.94,25.2,64.69,85.2,82.33,-0.8660254037844386,0.5000000000000001,-0.7818314824680299,0.6234898018587334,0,1,45.69
00009_05-10-2025-08.07,172.0,-100.2,56.94,-40.2,64.69,19.8,82.33,79.8,45.2,-0.8660254037844386,0.5000000000000001,-0.7818314824680299,0.6234898018587334,1,0,72.04
00009_05-10-2025-09.22,172.0,-115.2,64.69,-55.2,82.33,4.8,45.2,64.8,41.86,-0.8660254037844386,0.5000000000000001,-0.7818314824680299,0.6234898018587334,1,0,39.47
00009_05-10-2025-09.57,172.0,-90.0,82.33,-30.0,45.2,30.0,41.86,90.0,129.85,-0.8660254037844386,0.5000000000000001,-0.7818314824680299,0.6234898018587334,1,0,71.6
00011_05-10-2025-10.02,182.0,-94.8,82.33,-34.8,45.2,25.2,41.86,85.2,129.85,-0.8660254037844386,0.5000000000000001,-0.7818314824680299,0.6234898018587334,0,1,23.76
00009_05-10-2025-11.22,172.0,-115.2,45.2,-55.2,41.86,4.8,129.85,64.8,51.85,-0.8660254037844386,0.5000000000000001,-0.7818314824680299,0.6234898018587334,1,0,61.21
00009_05-10-2025-12.22,172.0,-115.2,41.86,-55.2,129.85,4.8,51.85,55.8,55.14,-0.8660254037844386,0.5000000000000001,-0.7818314824680299,0.6234898018587334,1,0,44.47
00009_05-10-2025-14.02,172.0,-94.8,51.85,-43.8,55.14,25.2,107.1,85.2,65.39,-0.8660254037844386,0.5000000000000001,-0.7818314824680299,0.6234898018587334,1,0,81.34
00015_05-10-2025-14.12,157.0,-105.0,51.85,-54.0,55.14,15.0,107.1,75.0,65.39,-0.8660254037844386,0.5000000000000001,-0.7818314824680299,0.6234898018587334,0,1,51.1
00017_05-10-2025-14.42,179.0,-84.0,55.14,-15.0,107.1,45.0,65.39,105.0,80.82,-0.8660254037844386,0.5000000000000001,-0.7818314824680299,0.6234898018587334,1,0,84.4
00002_05-10-2025-16.37,157.0,-70.2,65.39,-10.2,80.82,19.8,81.53,49.8,68.77,-0.8660254037844386,0.5000000000000001,-0.7818314824680299,0.6234898018587334,1,0,87.87
00015_05-10-2025-17.17,157.0,-49.8,80.82,-19.8,81.53,10.2,68.77,40.2,81.48,-0.8660254037844386,0.5000000000000001,-0.7818314824680299,0.6234898018587334,0,1,54.28
00009_05-10-2025-17.22,172.0,-55.2,80.82,-25.2,81.53,4.8,68.77,34.8,81.48,-0.8660254037844386,0.5000000000000001,-0.7818314824680299,0.6234898018587334,1,0,87.69
00002_05-10-2025-18.32,157.0,-34.8,81.48,-4.8,85.7,25.2,103.27,62.4,83.51,-0.8660254037844386,0.5000000000000001,-0.7818314824680299,0.6234898018587334,1,0,95.94
00009_05-10-2025-19.29,172.0,-61.8,85.7,-31.8,103.27,5.4,83.51,36.0,75.52,-0.8660254037844386,0.5000000000000001,-0.7818314824680299,0.6234898018587334,1,0,83.82
00009_05-10-2025-20.22,172.0,-48.0,83.51,-17.4,75.52,4.8,71.18,45.0,139.43,-0.8660254037844386,0.5000000000000001,-0.7818314824680299,0.6234898018587334,1,0,81.57
00005_05-10-2025-21.02,172.0,-57.0,75.52,-34.8,71.18,5.4,139.43,550.2,27.06,-0.8660254037844386,0.5000000000000001,-0.7818314824680299,0.6234898018587334,0,1,91.24
00002_06-10-2025-06.22,157.0,-555.0,139.43,-10.2,27.06,4.8,52.84,34.8,57.56,-0.8660254037844386,0.5000000000000001,0.0,1.0,1,0,21.22
00005_06-10-2025-07.02,172.0,-34.8,52.84,-4.8,57.56,25.2,47.49,55.2,65.96,-0.8660254037844386,0.5000000000000001,0.0,1.0,0,1,41.28
00002_06-10-2025-07.22,157.0,-55.2,52.84,-25.2,57.56,4.8,47.49,34.8,65.96,-0.8660254037844386,0.5000000000000001,0.0,1.0,1,0,21.05
00002_06-10-2025-08.32,157.0,-34.8,65.96,-4.8,67.4,25.2,42.17,55.2,73.17,-0.8660254037844386,0.5000000000000001,0.0,1.0,1,0,31.29
00009_06-10-2025-09.22,172.0,-55.2,67.4,-25.2,42.17,4.8,73.17,64.8,36.11,-0.8660254037844386,0.5000000000000001,0.0,1.0,1,0,58.37
00009_06-10-2025-09.57,172.0,-60.0,42.17,-30.0,73.17,30.0,36.11,90.0,46.44,-0.8660254037844386,0.5000000000000001,0.0,1.0,1,0,53.59
00011_06-10-2025-10.02,182.0,-64.8,42.17,-34.8,73.17,25.2,36.11,85.2,46.44,-0.8660254037844386,0.5000000000000001,0.0,1.0,0,1,46.4
00009_06-10-2025-11.22,172.0,-115.2,73.17,-55.2,36.11,4.8,46.44,64.8,45.0,-0.8660254037844386,0.5000000000000001,0.0,1.0,1,0,29.48
00009_06-10-2025-12.22,172.0,-115.2,36.11,-55.2,46.44,4.8,45.0,34.8,33.24,-0.8660254037844386,0.5000000000000001,0.0,1.0,1,0,37.07
00009_06-10-2025-14.02,172.0,-64.8,33.24,-43.8,68.94,25.2,39.33,55.2,45.73,-0.8660254037844386,0.5000000000000001,0.0,1.0,1,0,46.51
00015_06-10-2025-14.12,157.0,-75.0,33.24,-54.0,68.94,15.0,39.33,45.0,45.73,-0.8660254037844386,0.5000000000000001,0.0,1.0,0,1,41.07
00017_06-10-2025-14.42,179.0,-84.0,68.94,-15.0,39.33,15.0,45.73,45.0,35.46,-0.8660254037844386,0.5000000000000001,0.0,1.0,1,0,36.61
00002_06-10-2025-16.37,157.0,-40.2,31.48,-10.2,73.92,19.8,56.49,49.8,62.32,-0.8660254037844386,0.5000000000000001,0.0,1.0,1,0,38.37
00015_06-10-2025-17.17,157.0,-49.8,73.92,-19.8,56.49,10.2,62.32,40.2,52.77,-0.8660254037844386,0.5000000000000001,0.0,1.0,0,1,25.34
00009_06-10-2025-17.22,172.0,-55.2,73.92,-25.2,56.49,4.8,62.32,34.8,52.77,-0.8660254037844386,0.5000000000000001,0.0,1.0,1,0,40.5
00002_06-10-2025-18.32,157.0,-34.8,52.77,-4.8,54.08,25.2,41.22,62.4,20.95,-0.8660254037844386,0.5000000000000001,0.0,1.0,1,0,55.16
00009_06-10-2025-19.29,172.0,-61.8,54.08,-31.8,41.22,5.4,20.95,36.0,26.42,-0.8660254037844386,0.5000000000000001,0.0,1.0,1,0,61.73
00009_06-10-2025-20.22,172.0,-48.0,20.95,-17.4,26.42,4.8,17.06,45.0,33.7,-0.8660254037844386,0.5000000000000001,0.0,1.0,1,0,30.76
00005_06-10-2025-21.02,172.0,-57.0,26.42,-34.8,17.06,5.4,33.7,550.2,35.27,-0.8660254037844386,0.5000000000000001,0.0,1.0,0,1,23.1
00002_07-10-2025-06.22,157.0,-555.0,33.7,-10.2,35.27,4.8,40.03,34.8,115.66,-0.8660254037844386,0.5000000000000001,0.7818314824680298,0.6234898018587336,1,0,19.39
00005_07-10-2025-07.02,172.0,-34.8,40.03,-4.8,115.66,25.2,36.36,55.2,52.27,-0.8660254037844386,0.5000000000000001,0.7818314824680298,0.6234898018587336,0,1,52.21
00002_07-10-2025-07.22,157.0,-55.2,40.03,-25.2,115.66,4.8,36.36,34.8,52.27,-0.8660254037844386,0.5000000000000001,0.7818314824680298,0.6234898018587336,1,0,24.4
00002_07-10-2025-08.32,157.0,-34.8,52.27,-4.8,57.84,25.2,25.45,55.2,57.5,-0.8660254037844386,0.5000000000000001,0.7818314824680298,0.6234898018587336,1,0,40.45
00009_07-10-2025-09.22,172.0,-55.2,57.84,-25.2,25.45,4.8,57.5,64.8,35.02,-0.8660254037844386,0.5000000000000001,0.7818314824680298,0.6234898018587336,1,0,39.23
00009_07-10-2025-09.57,172.0,-60.0,25.45,-30.0,57.5,30.0,35.02,90.0,35.86,-0.8660254037844386,0.5000000000000001,0.7818314824680298,0.6234898018587336,1,0,46.01
00011_07-10-2025-10.02,182.0,-64.8,25.45,-34.8,57.5,25.2,35.02,85.2,35.86,-0.8660254037844386,0.5000000000000001,0.7818314824680298,0.6234898018587336,0,1,32.72
00009_07-10-2025-11.22,172.0,-115.2,57.5,-55.2,35.02,4.8,35.86,64.8,54.33,-0.8660254037844386,0.5000000000000001,0.7818314824680298,0.6234898018587336,1,0,41.56
00009_07-10-2025-12.22,172.0,-115.2,35.02,-55.2,35.86,4.8,54.33,34.8,42.54,-0.8660254037844386,0.5000000000000001,0.7818314824680298,0.6234898018587336,1,0,31.58
00009_07-10-2025-14.02,172.0,-64.8,42.54,-43.8,48.24,25.2,64.48,55.2,38.63,-0.8660254037844386,0.5000000000000001,0.7818314824680298,0.6234898018587336,1,0,43.53
00015_07-10-2025-14.12,157.0,-75.0,42.54,-54.0,48.24,15.0,64.48,45.0,38.63,-0.8660254037844386,0.5000000000000001,0.7818314824680298,0.6234898018587336,0,1,35.21
00017_07-10-2025-14.42,179.0,-84.0,48.24,-15.0,64.48,15.0,38.63,45.0,30.44,-0.8660254037844386,0.5000000000000001,0.7818314824680298,0.6234898018587336,1,0,26.36
00002_07-10-2025-16.37,157.0,-40.2,28.92,-10.2,38.54,19.8,48.27,49.8,51.12,-0.8660254037844386,0.5000000000000001,0.7818314824680298,0.6234898018587336,1,0,10.0
00015_07-10-2025-17.17,157.0,-49.8,38.54,-19.8,48.27,10.2,51.12,40.2,76.98,-0.8660254037844386,0.5000000000000001,0.7818314824680298,0.6234898018587336,0,1,33.17
00009_07-10-2025-17.22,172.0,-55.2,38.54,-25.2,48.27,4.8,51.12,34.8,76.98,-0.8660254037844386,0.5000000000000001,0.7818314824680298,0.6234898018587336,1,0,48.58
00002_07-10-2025-18.32,157.0,-34.8,76.98,-4.8,45.88,25.2,38.35,62.4,29.64,-0.8660254037844386,0.5000000000000001,0.7818314824680298,0.6234898018587336,1,0,40.86
00009_07-10-2025-19.29,172.0,-61.8,45.88,-31.8,38.35,5.4,29.64,36.0,43.95,-0.8660254037844386,0.5000000000000001,0.7818314824680298,0.6234898018587336,1,0,10.0
00009_07-10-2025-20.22,172.0,-48.0,29.64,-17.4,43.95,4.8,41.63,45.0,47.1,-0.8660254037844386,0.5000000000000001,0.7818314824680298,0.6234898018587336,1,0,36.96
00005_07-10-2025-21.02,172.0,-57.0,43.95,-34.8,41.63,5.4,47.1,550.2,35.45,-0.8660254037844386,0.5000000000000001,0.7818314824680298,0.6234898018587336,0,1,43.62
00002_08-10-2025-06.22,157.0,-555.0,47.1,-10.2,35.45,4.8,48.07,34.8,103.42,-0.8660254037844386,0.5000000000000001,0.9749279121818236,-0.22252093395631434,1,0,44.63
00005_08-10-2025-07.02,172.0,-34.8,48.07,-4.8,103.42,25.2,34.83,55.2,45.05,-0.8660254037844386,0.5000000000000001,0.9749279121818236,-0.22252093395631434,0,1,41.35
00002_08-10-2025-07.22,157.0,-55.2,48.07,-25.2,103.42,4.8,34.83,34.8,45.05,-0.8660254037844386,0.5000000000000001,0.9749279121818236,-0.22252093395631434,1,0,28.45
00002_08-10-2025-08.32,157.0,-34.8,45.05,-4.8,88.76,25.2,64.19,55.2,66.5,-0.8660254037844386,0.5000000000000001,0.9749279121818236,-0.22252093395631434,1,0,64.08
00009_08-10-2025-09.22,172.0,-55.2,88.76,-25.2,64.19,4.8,66.5,64.8,42.75,-0.8660254037844386,0.5000000000000001,0.9749279121818236,-0.22252093395631434,1,0,39.94
00009_08-10-2025-09.57,172.0,-60.0,64.19,-30.0,66.5,30.0,42.75,90.0,34.4,-0.8660254037844386,0.5000000000000001,0.9749279121818236,-0.22252093395631434,1,0,31.54
00011_08-10-2025-10.02,182.0,-64.8,64.19,-34.8,66.5,25.2,42.75,85.2,34.4,-0.8660254037844386,0.5000000000000001,0.9749279121818236,-0.22252093395631434,0,1,26.41
00009_08-10-2025-11.22,172.0,-115.2,66.5,-55.2,42.75,4.8,34.4,64.8,56.84,-0.8660254037844386,0.5000000000000001,0.9749279121818236,-0.22252093395631434,1,0,43.99
00009_08-10-2025-12.22,172.0,-115.2,42.75,-55.2,34.4,4.8,56.84,34.8,43.63,-0.8660254037844386,0.5000000000000001,0.9749279121818236,-0.22252093395631434,1,0,35.99
00009_08-10-2025-14.02,172.0,-64.8,43.63,-43.8,48.24,25.2,46.16,55.2,52.97,-0.8660254037844386,0.5000000000000001,0.9749279121818236,-0.22252093395631434,1,0,31.83
00015_08-10-2025-14.12,157.0,-75.0,43.63,-54.0,48.24,15.0,46.16,45.0,52.97,-0.8660254037844386,0.5000000000000001,0.9749279121818236,-0.22252093395631434,0,1,26.63
00017_08-10-2025-14.42,179.0,-84.0,48.24,-15.0,46.16,15.0,52.97,45.0,33.72,-0.8660254037844386,0.5000000000000001,0.9749279121818236,-0.22252093395631434,1,0,44.4
00002_08-10-2025-16.37,157.0,-40.2,45.6,-10.2,61.29,19.8,132.37,49.8,59.88,-0.8660254037844386,0.5000000000000001,0.9749279121818236,-0.22252093395631434,1,0,39.21
00015_08-10-2025-17.17,157.0,-49.8,61.29,-19.8,132.37,10.2,59.88,40.2,51.17,-0.8660254037844386,0.5000000000000001,0.9749279121818236,-0.22252093395631434,0,1,46.3
00009_08-10-2025-17.22,172.0,-55.2,61.29,-25.2,132.37,4.8,59.88,34.8,51.17,-0.8660254037844386,0.5000000000000001,0.9749279121818236,-0.22252093395631434,1,0,52.67
00002_08-10-2025-18.32,157.0,-34.8,51.17,-4.8,73.4,25.2,115.92,62.4,32.6,-0.8660254037844386,0.5000000000000001,0.9749279121818236,-0.22252093395631434,1,0,51.24
00009_08-10-2025-19.29,172.0,-61.8,73.4,-31.8,115.92,5.4,32.6,36.0,57.46,-0.8660254037844386,0.5000000000000001,0.9749279121818236,-0.22252093395631434,1,0,41.1
00009_08-10-2025-20.22,172.0,-48.0,32.6,-17.4,57.46,4.8,30.37,45.0,68.44,-0.8660254037844386,0.5000000000000001,0.9749279121818236,-0.22252093395631434,1,0,34.27
00005_08-10-2025-21.02,172.0,-57.0,57.46,-34.8,30.37,5.4,68.44,550.2,27.08,-0.8660254037844386,0.5000000000000001,0.9749279121818236,-0.22252093395631434,0,1,35.21
00002_09-10-2025-06.22,157.0,-555.0,68.44,-10.2,27.08,4.8,44.28,34.8,65.1,-0.8660254037844386,0.5000000000000001,0.43388373911755823,-0.900968867902419,1,0,33.8
00005_09-10-2025-07.02,172.0,-34.8,44.28,-4.8,65.1,25.2,40.19,55.2,51.0,-0.8660254037844386,0.5000000000000001,0.43388373911755823,-0.900968867902419,0,1,56.17
00002_09-10-2025-07.22,157.0,-55.2,44.28,-25.2,65.1,4.8,40.19,34.8,51.0,-0.8660254037844386,0.5000000000000001,0.43388373911755823,-0.900968867902419,1,0,39.27
00002_09-10-2025-08.32,157.0,-34.8,51.0,-4.8,61.73,25.2,60.54,55.2,41.72,-0.8660254037844386,0.5000000000000001,0.43388373911755823,-0.900968867902419,1,0,39.58
00009_09-10-2025-09.22,172.0,-55.2,61.73,-25.2,60.54,4.8,41.72,64.8,57.05,-0.8660254037844386,0.5000000000000001,0.43388373911755823,-0.900968867902419,1,0,50.26
00009_09-10-2025-09.57,172.0,-60.0,60.54,-30.0,41.72,30.0,57.05,90.0,53.02,-0.8660254037844386,0.5000000000000001,0.43388373911755823,-0.900968867902419,1,0,26.94
00011_09-10-2025-10.02,182.0,-64.8,60.54,-34.8,41.72,25.2,57.05,85.2,53.02,-0.8660254037844386,0.5000000000000001,0.43388373911755823,-0.900968867902419,0,1,48.19
00009_09-10-2025-11.22,172.0,-115.2,41.72,-55.2,57.05,4.8,53.02,64.8,30.65,-0.8660254037844386,0.5000000000000001,0.43388373911755823,-0.900968867902419,1,0,61.98
00009_09-10-2025-12.22,172.0,-115.2,57.05,-55.2,53.02,4.8,30.65,34.8,72.19,-0.8660254037844386,0.5000000000000001,0.43388373911755823,-0.900968867902419,1,0,64.94
00002_09-10-2025-16.37,157.0,-40.2,121.21,-10.2,72.47,19.8,152.65,49.8,99.02,-0.8660254037844386,0.5000000000000001,0.43388373911755823,-0.900968867902419,1,0,50.7
00015_09-10-2025-17.17,157.0,-49.8,72.47,-19.8,152.65,10.2,99.02,40.2,52.37,-0.8660254037844386,0.5000000000000001,0.43388373911755823,-0.900968867902419,0,1,62.77
00009_09-10-2025-17.22,172.0,-55.2,72.47,-25.2,152.65,4.8,99.02,34.8,52.37,-0.8660254037844386,0.5000000000000001,0.43388373911755823,-0.900968867902419,1,0,75.62
00002_09-10-2025-18.32,157.0,-34.8,52.37,-4.8,76.03,25.2,88.09,62.4,35.98,-0.8660254037844386,0.5000000000000001,0.43388373911755823,-0.900968867902419,1,0,48.59
00009_09-10-2025-19.29,172.0,-61.8,76.03,-31.8,88.09,5.4,35.98,36.0,56.29,-0.8660254037844386,0.5000000000000001,0.43388373911755823,-0.900968867902419,1,0,58.95
00009_09-10-2025-20.22,172.0,-48.0,35.98,-17.4,56.29,4.8,50.19,45.0,63.28,-0.8660254037844386,0.5000000000000001,0.43388373911755823,-0.900968867902419,1,0,46.47
00005_09-10-2025-21.02,172.0,-57.0,56.29,-34.8,50.19,5.4,63.28,565.2,24.11,-0.8660254037844386,0.5000000000000001,0.43388373911755823,-0.900968867902419,0,1,41.48
00002_10-10-2025-06.22,157.0,-595.2,50.19,-555.0,63.28,4.8,24.11,34.8,37.49,-0.8660254037844386,0.5000000000000001,-0.433883739117558,-0.9009688679024191,1,0,55.97
00005_10-10-2025-07.02,172.0,-34.8,24.11,-4.8,37.49,25.2,68.39,55.2,33.41,-0.8660254037844386,0.5000000000000001,-0.433883739117558,-0.9009688679024191,0,1,44.29
00002_10-10-2025-07.22,157.0,-55.2,24.11,-25.2,37.49,4.8,68.39,34.8,33.41,-0.8660254037844386,0.5000000000000001,-0.433883739117558,-0.9009688679024191,1,0,54.45
00002_10-10-2025-08.32,157.0,-64.8,68.39,-34.8,33.41,25.2,122.31,55.2,58.47,-0.8660254037844386,0.5000000000000001,-0.433883739117558,-0.9009688679024191,1,0,47.78
00009_10-10-2025-09.22,172.0,-85.2,33.41,-25.2,122.31,4.8,58.47,64.8,52.81,-0.8660254037844386,0.5000000000000001,-0.433883739117558,-0.9009688679024191,1,0,45.92
00009_10-10-2025-09.57,172.0,-60.0,122.31,-30.0,58.47,30.0,52.81,90.0,105.89,-0.8660254037844386,0.5000000000000001,-0.433883739117558,-0.9009688679024191,1,0,90.59
00011_10-10-2025-10.02,182.0,-64.8,122.31,-34.8,58.47,25.2,52.81,85.2,105.89,-0.8660254037844386,0.5000000000000001,-0.433883739117558,-0.9009688679024191,0,1,56.91
00009_10-10-2025-11.22,172.0,-115.2,58.47,-55.2,52.81,4.8,105.89,64.8,57.85,-0.8660254037844386,0.5000000000000001,-0.433883739117558,-0.9009688679024191,1,0,61.46
00009_10-10-2025-12.22,172.0,-115.2,52.81,-55.2,105.89,4.8,57.85,34.8,68.29,-0.8660254037844386,0.5000000000000001,-0.433883739117558,-0.9009688679024191,1,0,60.12
00009_10-10-2025-14.02,172.0,-43.8,55.14,-4.8,81.69,25.2,79.19,55.2,86.62,-0.8660254037844386,0.5000000000000001,-0.433883739117558,-0.9009688679024191,1,0,44.58
00015_10-10-2025-14.12,157.0,-54.0,55.14,-15.0,81.69,15.0,79.19,45.0,86.62,-0.8660254037844386,0.5000000000000001,-0.433883739117558,-0.9009688679024191,0,1,27.09
00017_10-10-2025-14.42,179.0,-45.0,81.69,-15.0,79.19,15.0,86.62,45.0,55.61,-0.8660254037844386,0.5000000000000001,-0.433883739117558,-0.9009688679024191,1,0,65.99
00002_10-10-2025-16.37,157.0,-40.2,103.38,-10.2,98.19,19.8,97.05,49.8,58.26,-0.8660254037844386,0.5000000000000001,-0.433883739117558,-0.9009688679024191,1,0,67.09
00015_10-10-2025-17.17,157.0,-49.8,98.19,-19.8,97.05,10.2,58.26,40.2,46.25,-0.8660254037844386,0.5000000000000001,-0.433883739117558,-0.9009688679024191,0,1,39.81
00009_10-10-2025-17.22,172.0,-55.2,98.19,-25.2,97.05,4.8,58.26,34.8,46.25,-0.8660254037844386,0.5000000000000001,-0.433883739117558,-0.9009688679024191,1,0,56.54
00002_10-10-2025-18.32,157.0,-34.8,46.25,-4.8,87.43,25.2,81.99,62.4,26.9,-0.8660254037844386,0.5000000000000001,-0.433883739117558,-0.9009688679024191,1,0,42.68
00009_10-10-2025-19.29,172.0,-61.8,87.43,-31.8,81.99,5.4,26.9,36.0,66.3,-0.8660254037844386,0.5000000000000001,-0.433883739117558,-0.9009688679024191,1,0,57.77
00009_10-10-2025-20.22,172.0,-48.0,26.9,-17.4,66.3,4.8,48.54,45.0,78.64,-0.8660254037844386,0.5000000000000001,-0.433883739117558,-0.9009688679024191,1,0,47.35
00005_10-10-2025-21.02,172.0,-57.0,66.3,-34.8,48.54,5.4,78.64,565.2,28.35,-0.8660254037844386,0.5000000000000001,-0.433883739117558,-0.9009688679024191,0,1,38.69
00005_11-10-2025-07.02,172.0,-594.6,78.64,-34.8,28.35,25.2,64.11,85.2,46.78,-0.8660254037844386,0.5000000000000001,-0.9749279121818236,-0.2225209339563146,0,1,40.93
00009_11-10-2025-08.07,172.0,-100.2,28.35,-40.2,64.11,19.8,46.78,49.8,60.34,-0.8660254037844386,0.5000000000000001,-0.9749279121818236,-0.2225209339563146,1,0,36.49
00009_11-10-2025-09.22,172.0,-55.2,46.78,-25.2,60.34,4.8,49.42,64.8,47.14,-0.8660254037844386,0.5000000000000001,-0.9749279121818236,-0.2225209339563146,1,0,58.9
00009_11-10-2025-09.57,172.0,-60.0,60.34,-30.0,49.42,30.0,47.14,90.0,35.11,-0.8660254037844386,0.5000000000000001,-0.9749279121818236,-0.2225209339563146,1,0,29.38
00011_11-10-2025-10.02,182.0,-64.8,60.34,-34.8,49.42,25.2,47.14,85.2,35.11,-0.8660254037844386,0.5000000000000001,-0.9749279121818236,-0.2225209339563146,0,1,10.0
00009_11-10-2025-11.22,172.0,-115.2,49.42,-55.2,47.14,4.8,35.11,64.8,56.64,-0.8660254037844386,0.5000000000000001,-0.9749279121818236,-0.2225209339563146,1,0,43.52
00009_11-10-2025-12.22,172.0,-115.2,47.14,-55.2,35.11,4.8,56.64,55.8,82.74,-0.8660254037844386,0.5000000000000001,-0.9749279121818236,-0.2225209339563146,1,0,33.13
00015_11-10-2025-14.12,157.0,-105.0,56.64,-54.0,82.74,75.0,30.07,135.0,102.52,-0.8660254037844386,0.5000000000000001,-0.9749279121818236,-0.2225209339563146,0,1,24.22
00017_11-10-2025-14.42,179.0,-135.0,56.64,-84.0,82.74,45.0,30.07,105.0,102.52,-0.8660254037844386,0.5000000000000001,-0.9749279121818236,-0.2225209339563146,1,0,38.31
00002_11-10-2025-16.37,157.0,-70.2,30.07,-10.2,102.52,49.8,18.9,109.8,85.32,-0.8660254037844386,0.5000000000000001,-0.9749279121818236,-0.2225209339563146,1,0,54.7
00015_11-10-2025-17.17,157.0,-109.8,30.07,-49.8,102.52,10.2,18.9,70.2,85.32,-0.8660254037844386,0.5000000000000001,-0.9749279121818236,-0.2225209339563146,0,1,20.07
00009_11-10-2025-19.29,172.0,-121.8,18.9,-61.8,85.32,5.4,33.93,58.2,36.71,-0.8660254037844386,0.5000000000000001,-0.9749279121818236,-0.2225209339563146,1,0,42.25
00009_11-10-2025-20.22,172.0,-115.2,85.32,-48.0,33.93,4.8,36.71,604.8,53.39,-0.8660254037844386,0.5000000000000001,-0.9749279121818236,-0.2225209339563146,1,0,18.92
00005_11-10-2025-21.02,172.0,-87.6,33.93,-34.8,36.71,565.2,53.39,625.2,46.51,-0.8660254037844386,0.5000000000000001,-0.9749279121818236,-0.2225209339563146,0,1,10.0
00005_12-10-2025-07.02,172.0,-634.8,36.71,-34.8,53.39,25.2,46.51,85.2,81.17,-0.8660254037844386,0.5000000000000001,-0.7818314824680299,0.6234898018587334,0,1,44.75
00009_12-10-2025-08.07,172.0,-100.2,53.39,-40.2,46.51,19.8,81.17,79.8,52.21,-0.8660254037844386,0.5000000000000001,-0.7818314824680299,0.6234898018587334,1,0,44.62
00009_12-10-2025-09.22,172.0,-115.2,46.51,-55.2,81.17,4.8,52.21,64.8,51.64,-0.8660254037844386,0.5000000000000001,-0.7818314824680299,0.6234898018587334,1,0,40.06
00009_12-10-2025-09.57,172.0,-90.0,81.17,-30.0,52.21,30.0,51.64,90.0,137.59,-0.8660254037844386,0.5000000000000001,-0.7818314824680299,0.6234898018587334,1,0,49.42
00011_12-10-2025-10.02,182.0,-94.8,81.17,-34.8,52.21,25.2,51.64,85.2,137.59,-0.8660254037844386,0.5000000000000001,-0.7818314824680299,0.6234898018587334,0,1,55.02
00009_12-10-2025-11.22,172.0,-115.2,52.21,-55.2,51.64,4.8,137.59,64.8,50.24,-0.8660254037844386,0.5000000000000001,-0.7818314824680299,0.6234898018587334,1,0,76.53
00009_12-10-2025-12.22,172.0,-115.2,51.64,-55.2,137.59,4.8,50.24,55.8,55.14,-0.8660254037844386,0.5000000000000001,-0.7818314824680299,0.6234898018587334,1,0,48.13
00009_12-10-2025-14.02,172.0,-94.8,50.24,-43.8,55.14,25.2,94.52,85.2,63.39,-0.8660254037844386,0.5000000000000001,-0.7818314824680299,0.6234898018587334,1,0,97.82
00015_12-10-2025-14.12,157.0,-105.0,50.24,-54.0,55.14,15.0,94.52,75.0,63.39,-0.8660254037844386,0.5000000000000001,-0.7818314824680299,0.6234898018587334,0,1,50.29
00017_12-10-2025-14.42,179.0,-84.0,55.14,-15.0,94.52,45.0,63.39,105.0,79.48,-0.8660254037844386,0.5000000000000001,-0.7818314824680299,0.6234898018587334,1,0,72.09
00002_12-10-2025-16.37,157.0,-70.2,63.39,-10.2,79.48,19.8,63.72,49.8,71.81,-0.8660254037844386,0.5000000000000001,-0.7818314824680299,0.6234898018587334,1,0,85.02
00015_12-10-2025-17.17,157.0,-49.8,79.48,-19.8,63.72,10.2,71.81,40.2,74.87,-0.8660254037844386,0.5000000000000001,-0.7818314824680299,0.6234898018587334,0,1,57.48
00009_12-10-2025-17.22,172.0,-55.2,79.48,-25.2,63.72,4.8,71.81,34.8,74.87,-0.8660254037844386,0.5000000000000001,-0.7818314824680299,0.6234898018587334,1,0,86.15
00002_12-10-2025-18.32,157.0,-34.8,74.87,-4.8,93.66,25.2,122.46,62.4,81.3,-0.8660254037844386,0.5000000000000001,-0.7818314824680299,0.6234898018587334,1,0,102.38
00009_12-10-2025-19.29,172.0,-61.8,93.66,-31.8,122.46,5.4,81.3,36.0,77.71,-0.8660254037844386,0.5000000000000001,-0.7818314824680299,0.6234898018587334,1,0,99.99
00009_12-10-2025-20.22,172.0,-48.0,81.3,-17.4,77.71,4.8,79.01,45.0,133.77,-0.8660254037844386,0.5000000000000001,-0.7818314824680299,0.6234898018587334,1,0,82.82
00005_12-10-2025-21.02,172.0,-57.0,77.71,-34.8,79.01,5.4,133.77,550.2,29.15,-0.8660254037844386,0.5000000000000001,-0.7818314824680299,0.6234898018587334,0,1,87.47
00002_13-10-2025-06.22,157.0,-555.0,133.77,-10.2,29.15,4.8,59.91,34.8,55.77,-0.8660254037844386,0.5000000000000001,0.0,1.0,1,0,52.61
00005_13-10-2025-07.02,172.0,-34.8,59.91,-4.8,55.77,25.2,58.46,55.2,63.15,-0.8660254037844386,0.5000000000000001,0.0,1.0,0,1,33.68
00002_13-10-2025-07.22,157.0,-55.2,59.91,-25.2,55.77,4.8,58.46,34.8,63.15,-0.8660254037844386,0.5000000000000001,0.0,1.0,1,0,48.27
00002_13-10-2025-08.32,157.0,-34.8,63.15,-4.8,70.11,25.2,42.46,55.2,76.67,-0.8660254037844386,0.5000000000000001,0.0,1.0,1,0,43.97
00009_13-10-2025-09.22,172.0,-55.2,70.11,-25.2,42.46,4.8,76.67,64.8,37.69,-0.8660254037844386,0.5000000000000001,0.0,1.0,1,0,51.34
00009_13-10-2025-09.57,172.0,-60.0,42.46,-30.0,76.67,30.0,37.69,90.0,46.39,-0.8660254037844386,0.5000000000000001,0.0,1.0,1,0,42.82
00011_13-10-2025-10.02,182.0,-64.8,42.46,-34.8,76.67,25.2,37.69,85.2,46.39,-0.8660254037844386,0.5000000000000001,0.0,1.0,0,1,29.55
00009_13-10-2025-11.22,172.0,-115.2,76.67,-55.2,37.69,4.8,46.39,64.8,51.18,-0.8660254037844386,0.5000000000000001,0.0,1.0,1,0,23.46
00009_13-10-2025-12.22,172.0,-115.2,37.69,-55.2,46.39,4.8,51.18,34.8,41.06,-0.8660254037844386,0.5000000000000001,0.0,1.0,1,0,42.42
00009_13-10-2025-14.02,172.0,-64.8,41.06,-43.8,68.94,25.2,36.03,55.2,39.54,-0.8660254037844386,0.5000000000000001,0.0,1.0,1,0,23.45
00015_13-10-2025-14.12,157.0,-75.0,41.06,-54.0,68.94,15.0,36.03,45.0,39.54,-0.8660254037844386,0.5000000000000001,0.0,1.0,0,1,39.06
00017_13-10-2025-14.42,179.0,-84.0,68.94,-15.0,36.03,15.0,39.54,45.0,32.9,-0.8660254037844386,0.5000000000000001,0.0,1.0,1,0,53.93
00002_13-10-2025-16.37,157.0,-40.2,39.23,-10.2,71.96,19.8,42.75,49.8,59.73,-0.8660254037844386,0.5000000000000001,0.0,1.0,1,0,39.68
00015_13-10-2025-17.17,157.0,-49.8,71.96,-19.8,42.75,10.2,59.73,40.2,48.01,-0.8660254037844386,0.5000000000000001,0.0,1.0,0,1,32.25
00009_13-10-2025-17.22,172.0,-55.2,71.96,-25.2,42.75,4.8,59.73,34.8,48.01,-0.8660254037844386,0.5000000000000001,0.0,1.0,1,0,21.42
00002_13-10-2025-18.32,157.0,-34.8,48.01,-4.8,52.53,25.2,39.04,62.4,21.3,-0.8660254037844386,0.5000000000000001,0.0,1.0,1,0,26.39
00009_13-10-2025-19.29,172.0,-61.8,52.53,-31.8,39.04,5.4,21.3,36.0,27.21,-0.8660254037844386,0.5000000000000001,0.0,1.0,1,0,43.14
00009_13-10-2025-20.22,172.0,-48.0,21.3,-17.4,27.21,4.8,26.58,45.0,35.88,-0.8660254037844386,0.5000000000000001,0.0,1.0,1,0,23.66
00005_13-10-2025-21.02,172.0,-57.0,27.21,-34.8,26.58,5.4,35.88,550.2,36.16,-0.8660254037844386,0.5000000000000001,0.0,1.0,0,1,10.0
00002_14-10-2025-06.22,157.0,-555.0,35.88,-10.2,36.16,4.8,36.1,34.8,120.14,-0.8660254037844386,0.5000000000000001,0.7818314824680298,0.6234898018587336,1,0,10.0
00005_14-10-2025-07.02,172.0,-34.8,36.1,-4.8,120.14,25.2,46.49,55.2,55.88,-0.8660254037844386,0.5000000000000001,0.7818314824680298,0.6234898018587336,0,1,45.33
00002_14-10-2025-07.22,157.0,-55.2,36.1,-25.2,120.14,4.8,46.49,34.8,55.88,-0.8660254037844386,0.5000000000000001,0.7818314824680298,0.6234898018587336,1,0,23.38
00002_14-10-2025-08.32,157.0,-34.8,55.88,-4.8,76.37,25.2,49.6,55.2,71.58,-0.8660254037844386,0.5000000000000001,0.7818314824680298,0.6234898018587336,1,0,34.24
00009_14-10-2025-09.22,172.0,-55.2,76.37,-25.2,49.6,4.8,71.58,64.8,33.28,-0.8660254037844386,0.5000000000000001,0.7818314824680298,0.6234898018587336,1,0,39.59
00009_14-10-2025-09.57,172.0,-60.0,49.6,-30.0,71.58,30.0,33.28,90.0,37.48,-0.8660254037844386,0.5000000000000001,0.7818314824680298,0.6234898018587336,1,0,40.17
00011_14-10-2025-10.02,182.0,-64.8,49.6,-34.8,71.58,25.2,33.28,85.2,37.48,-0.8660254037844386,0.5000000000000001,0.7818314824680298,0.6234898018587336,0,1,28.97
00009_14-10-2025-11.22,172.0,-115.2,71.58,-55.2,33.28,4.8,37.48,64.8,54.12,-0.8660254037844386,0.5000000000000001,0.7818314824680298,0.6234898018587336,1,0,28.59
00009_14-10-2025-12.22,172.0,-115.2,33.28,-55.2,37.48,4.8,54.12,34.8,38.9,-0.8660254037844386,0.5000000000000001,0.7818314824680298,0.6234898018587336,1,0,45.12
00009_14-10-2025-14.02,172.0,-64.8,38.9,-43.8,48.24,25.2,70.83,55.2,47.23,-0.8660254037844386,0.5000000000000001,0.7818314824680298,0.6234898018587336,1,0,36.8
00015_14-10-2025-14.12,157.0,-75.0,38.9,-54.0,48.24,15.0,70.83,45.0,47.23,-0.8660254037844386,0.5000000000000001,0.7818314824680298,0.6234898018587336,0,1,34.49
00017_14-10-2025-14.42,179.0,-84.0,48.24,-15.0,70.83,15.0,47.23,45.0,27.59,-0.8660254037844386,0.5000000000000001,0.7818314824680298,0.6234898018587336,1,0,31.05
00002_14-10-2025-16.37,157.0,-40.2,30.52,-10.2,41.47,19.8,42.7,49.8,54.76,-0.8660254037844386,0.5000000000000001,0.7818314824680298,0.6234898018587336,1,0,29.74
00015_14-10-2025-17.17,157.0,-49.8,41.47,-19.8,42.7,10.2,54.76,40.2,67.07,-0.8660254037844386,0.5000000000000001,0.7818314824680298,0.6234898018587336,0,1,18.07
00009_14-10-2025-17.22,172.0,-55.2,41.47,-25.2,42.7,4.8,54.76,34.8,67.07,-0.8660254037844386,0.5000000000000001,0.7818314824680298,0.6234898018587336,1,0,47.14
00002_14-10-2025-18.32,157.0,-34.8,67.07,-4.8,49.13,25.2,34.18,62.4,28.2,-0.8660254037844386,0.5000000000000001,0.7818314824680298,0.6234898018587336,1,0,14.0
00009_14-10-2025-19.29,172.0,-61.8,49.13,-31.8,34.18,5.4,28.2,36.0,29.19,-0.8660254037844386,0.5000000000000001,0.7818314824680298,0.6234898018587336,1,0,30.06
00009_14-10-2025-20.22,172.0,-48.0,28.2,-17.4,29.19,4.8,24.77,45.0,40.52,-0.8660254037844386,0.5000000000000001,0.7818314824680298,0.6234898018587336,1,0,30.67
00005_14-10-2025-21.02,172.0,-57.0,29.19,-34.8,24.77,5.4,40.52,550.2,34.47,-0.8660254037844386,0.5000000000000001,0.7818314824680298,0.6234898018587336,0,1,20.82
00002_15-10-2025-06.22,157.0,-555.0,40.52,-10.2,34.47,4.8,45.82,34.8,100.67,-0.8660254037844386,0.5000000000000001,0.9749279121818236,-0.22252093395631434,1,0,29.93
00005_15-10-2025-07.02,172.0,-34.8,45.82,-4.8,100.67,25.2,20.74,55.2,46.54,-0.8660254037844386,0.5000000000000001,0.9749279121818236,-0.22252093395631434,0,1,56.59
00002_15-10-2025-07.22,157.0,-55.2,45.82,-25.2,100.67,4.8,20.74,34.8,46.54,-0.8660254037844386,0.5000000000000001,0.9749279121818236,-0.22252093395631434,1,0,34.23
00002_15-10-2025-08.32,157.0,-34.8,46.54,-4.8,112.02,25.2,58.98,55.2,52.66,-0.8660254037844386,0.5000000000000001,0.9749279121818236,-0.22252093395631434,1,0,56.86
00009_15-10-2025-09.22,172.0,-55.2,112.02,-25.2,58.98,4.8,52.66,64.8,51.41,-0.8660254037844386,0.5000000000000001,0.9749279121818236,-0.22252093395631434,1,0,34.53
00009_15-10-2025-09.57,172.0,-60.0,58.98,-30.0,52.66,30.0,51.41,90.0,40.06,-0.8660254037844386,0.5000000000000001,0.9749279121818236,-0.22252093395631434,1,0,33.15
00011_15-10-2025-10.02,182.0,-64.8,58.98,-34.8,52.66,25.2,51.41,85.2,40.06,-0.8660254037844386,0.5000000000000001,0.9749279121818236,-0.22252093395631434,0,1,34.44
00009_15-10-2025-11.22,172.0,-115.2,52.66,-55.2,51.41,4.8,40.06,64.8,47.14,-0.8660254037844386,0.5000000000000001,0.9749279121818236,-0.22252093395631434,1,0,21.64
00009_15-10-2025-12.22,172.0,-115.2,51.41,-55.2,40.06,4.8,47.14,34.8,56.88,-0.8660254037844386,0.5000000000000001,0.9749279121818236,-0.22252093395631434,1,0,50.75
00009_15-10-2025-14.02,172.0,-64.8,56.88,-43.8,48.24,25.2,38.06,55.2,61.26,-0.8660254037844386,0.5000000000000001,0.9749279121818236,-0.22252093395631434,1,0,58.02
00015_15-10-2025-14.12,157.0,-75.0,56.88,-54.0,48.24,15.0,38.06,45.0,61.26,-0.8660254037844386,0.5000000000000001,0.9749279121818236,-0.22252093395631434,0,1,32.44
00017_15-10-2025-14.42,179.0,-84.0,48.24,-15.0,38.06,15.0,61.26,45.0,36.95,-0.8660254037844386,0.5000000000000001,0.9749279121818236,-0.22252093395631434,1,0,43.55
00002_15-10-2025-16.37,157.0,-40.2,49.43,-10.2,37.46,19.8,129.93,49.8,59.56,-0.8660254037844386,0.5000000000000001,0.9749279121818236,-0.22252093395631434,1,0,43.97
00015_15-10-2025-17.17,157.0,-49.8,37.46,-19.8,129.93,10.2,59.56,40.2,68.99,-0.8660254037844386,0.5000000000000001,0.9749279121818236,-0.22252093395631434,0,1,68.3
00009_15-10-2025-17.22,172.0,-55.2,37.46,-25.2,129.93,4.8,59.56,34.8,68.99,-0.8660254037844386,0.5000000000000001,0.9749279121818236,-0.22252093395631434,1,0,41.52
00002_15-10-2025-18.32,157.0,-34.8,68.99,-4.8,70.56,25.2,117.72,62.4,27.23,-0.8660254037844386,0.5000000000000001,0.9749279121818236,-0.22252093395631434,1,0,50.68
00009_15-10-2025-19.29,172.0,-61.8,70.56,-31.8,117.72,5.4,27.23,36.0,62.21,-0.8660254037844386,0.5000000000000001,0.9749279121818236,-0.22252093395631434,1,0,23.99
00009_15-10-2025-20.22,172.0,-48.0,27.23,-17.4,62.21,4.8,45.68,45.0,54.08,-0.8660254037844386,0.5000000000000001,0.9749279121818236,-0.22252093395631434,1,0,33.7
00005_15-10-2025-21.02,172.0,-57.0,62.21,-34.8,45.68,5.4,54.08,550.2,31.87,-0.8660254037844386,0.5000000000000001,0.9749279121818236,-0.22252093395631434,0,1,38.1
00002_16-10-2025-06.22,157.0,-555.0,54.08,-10.2,31.87,4.8,41.81,34.8,66.28,-0.8660254037844386,0.5000000000000001,0.43388373911755823,-0.900968867902419,1,0,42.04
00005_16-10-2025-07.02,172.0,-34.8,41.81,-4.8,66.28,25.2,36.07,55.2,50.16,-0.8660254037844386,0.5000000000000001,0.43388373911755823,-0.900968867902419,0,1,24.65
00002_16-10-2025-07.22,157.0,-55.2,41.81,-25.2,66.28,4.8,36.07,34.8,50.16,-0.8660254037844386,0.5000000000000001,0.43388373911755823,-0.900968867902419,1,0,44.31
00002_16-10-2025-08.32,157.0,-34.8,50.16,-4.8,64.6,25.2,77.3,55.2,55.74,-0.8660254037844386,0.5000000000000001,0.43388373911755823,-0.900968867902419,1,0,53.66
00009_16-10-2025-09.22,172.0,-55.2,64.6,-25.2,77.3,4.8,55.74,64.8,60.53,-0.8660254037844386,0.5000000000000001,0.43388373911755823,-0.900968867902419,1,0,52.81
00009_16-10-2025-09.57,172.0,-60.0,77.3,-30.0,55.74,30.0,60.53,90.0,59.48,-0.8660254037844386,0.5000000000000001,0.43388373911755823,-0.900968867902419,1,0,44.82
00011_16-10-2025-10.02,182.0,-64.8,77.3,-34.8,55.74,25.2,60.53,85.2,59.48,-0.8660254037844386,0.5000000000000001,0.43388373911755823,-0.900968867902419,0,1,57.88
00009_16-10-2025-11.22,172.0,-115.2,55.74,-55.2,60.53,4.8,59.48,64.8,41.1,-0.8660254037844386,0.5000000000000001,0.43388373911755823,-0.900968867902419,1,0,45.94
00009_16-10-2025-12.22,172.0,-115.2,60.53,-55.2,59.48,4.8,41.1,34.8,60.75,-0.8660254037844386,0.5000000000000001,0.43388373911755823,-0.900968867902419,1,0,35.63
00002_16-10-2025-16.37,157.0,-40.2,85.25,-10.2,71.7,19.8,160.0,49.8,98.07,-0.8660254037844386,0.5000000000000001,0.43388373911755823,-0.900968867902419,1,0,52.48
00015_16-10-2025-17.17,157.0,-49.8,71.7,-19.8,160.0,10.2,98.07,40.2,40.9,-0.8660254037844386,0.5000000000000001,0.43388373911755823,-0.900968867902419,0,1,66.07
00009_16-10-2025-17.22,172.0,-55.2,71.7,-25.2,160.0,4.8,98.07,34.8,40.9,-0.8660254037844386,0.5000000000000001,0.43388373911755823,-0.900968867902419,1,0,47.45
00002_16-10-2025-18.32,157.0,-34.8,40.9,-4.8,74.03,25.2,89.12,62.4,32.7,-0.8660254037844386,0.5000000000000001,0.43388373911755823,-0.900968867902419,1,0,60.09
00009_16-10-2025-19.29,172.0,-61.8,74.03,-31.8,89.12,5.4,32.7,36.0,58.33,-0.8660254037844386,0.5000000000000001,0.43388373911755823,-0.900968867902419,1,0,47.25
00009_16-10-2025-20.22,172.0,-48.0,32.7,-17.4,58.33,4.8,49.78,45.0,28.27,-0.8660254037844386,0.5000000000000001,0.43388373911755823,-0.900968867902419,1,0,25.39
00005_16-10-2025-21.02,172.0,-57.0,58.33,-34.8,49.78,5.4,28.27,565.2,25.44,-0.8660254037844386,0.5000000000000001,0.43388373911755823,-0.900968867902419,0,1,42.93
00002_17-10-2025-06.22,157.0,-595.2,49.78,-555.0,28.27,4.8,25.44,34.8,47.59,-0.8660254037844386,0.5000000000000001,-0.433883739117558,-0.9009688679024191,1,0,47.08
00005_17-10-2025-07.02,172.0,-34.8,25.44,-4.8,47.59,25.2,70.06,55.2,47.93,-0.8660254037844386,0.5000000000000001,-0.433883739117558,-0.9009688679024191,0,1,40.09
00002_17-10-2025-07.22,157.0,-55.2,25.44,-25.2,47.59,4.8,70.06,34.8,47.93,-0.8660254037844386,0.5000000000000001,-0.433883739117558,-0.9009688679024191,1,0,49.9
00002_17-10-2025-08.32,157.0,-64.8,70.06,-34.8,47.93,25.2,106.29,55.2,76.21,-0.8660254037844386,0.5000000000000001,-0.433883739117558,-0.9009688679024191,1,0,39.12
00009_17-10-2025-09.22,172.0,-85.2,47.93,-25.2,106.29,4.8,76.21,64.8,58.8,-0.8660254037844386,0.5000000000000001,-0.433883739117558,-0.9009688679024191,1,0,57.64
00009_17-10-2025-09.57,172.0,-60.0,106.29,-30.0,76.21,30.0,58.8,90.0,105.54,-0.8660254037844386,0.5000000000000001,-0.433883739117558,-0.9009688679024191,1,0,57.27
00011_17-10-2025-10.02,182.0,-64.8,106.29,-34.8,76.21,25.2,58.8,85.2,105.54,-0.8660254037844386,0.5000000000000001,-0.433883739117558,-0.9009688679024191,0,1,39.22
00009_17-10-2025-11.22,172.0,-115.2,76.21,-55.2,58.8,4.8,105.54,64.8,53.37,-0.8660254037844386,0.5000000000000001,-0.433883739117558,-0.9009688679024191,1,0,60.11
00009_17-10-2025-12.22,172.0,-115.2,58.8,-55.2,105.54,4.8,53.37,34.8,79.44,-0.8660254037844386,0.5000000000000001,-0.433883739117558,-0.9009688679024191,1,0,35.26
00009_17-10-2025-14.02,172.0,-43.8,55.14,-4.8,81.39,25.2,96.97,55.2,101.39,-0.8660254037844386,0.5000000000000001,-0.433883739117558,-0.9009688679024191,1,0,74.12
00015_17-10-2025-14.12,157.0,-54.0,55.14,-15.0,81.39,15.0,96.97,45.0,101.39,-0.8660254037844386,0.5000000000000001,-0.433883739117558,-0.9009688679024191,0,1,50.88
00017_17-10-2025-14.42,179.0,-45.0,81.39,-15.0,96.97,15.0,101.39,45.0,49.58,-0.8660254037844386,0.5000000000000001,-0.433883739117558,-0.9009688679024191,1,0,83.96
00002_17-10-2025-16.37,157.0,-40.2,98.76,-10.2,71.25,19.8,101.77,49.8,41.69,-0.8660254037844386,0.5000000000000001,-0.433883739117558,-0.9009688679024191,1,0,39.48
00015_17-10-2025-17.17,157.0,-49.8,71.25,-19.8,101.77,10.2,41.69,40.2,55.05,-0.8660254037844386,0.5000000000000001,-0.433883739117558,-0.9009688679024191,0,1,41.84
00009_17-10-2025-17.22,172.0,-55.2,71.25,-25.2,101.77,4.8,41.69,34.8,55.05,-0.8660254037844386,0.5000000000000001,-0.433883739117558,-0.9009688679024191,1,0,50.13
00002_17-10-2025-18.32,157.0,-34.8,55.05,-4.8,84.63,25.2,55.19,62.4,19.05,-0.8660254037844386,0.5000000000000001,-0.433883739117558,-0.9009688679024191,1,0,43.19
00009_17-10-2025-19.29,172.0,-61.8,84.63,-31.8,55.19,5.4,19.05,36.0,75.69,-0.8660254037844386,0.5000000000000001,-0.433883739117558,-0.9009688679024191,1,0,50.51
00009_17-10-2025-20.22,172.0,-48.0,19.05,-17.4,75.69,4.8,33.24,45.0,71.53,-0.8660254037844386,0.5000000000000001,-0.433883739117558,-0.9009688679024191,1,0,29.39
00005_17-10-2025-21.02,172.0,-57.0,75.69,-34.8,33.24,5.4,71.53,565.2,24.58,-0.8660254037844386,0.5000000000000001,-0.433883739117558,-0.9009688679024191,0,1,52.5
00005_18-10-2025-07.02,172.0,-594.6,71.53,-34.8,24.58,25.2,68.29,85.2,55.37,-0.8660254037844386,0.5000000000000001,-0.9749279121818236,-0.2225209339563146,0,1,32.78
00009_18-10-2025-08.07,172.0,-100.2,24.58,-40.2,68.29,19.8,55.37,49.8,65.74,-0.8660254037844386,0.5000000000000001,-0.9749279121818236,-0.2225209339563146,1,0,19.77
00009_18-10-2025-09.22,172.0,-55.2,55.37,-25.2,65.74,4.8,51.47,64.8,42.61,-0.8660254037844386,0.5000000000000001,-0.9749279121818236,-0.2225209339563146,1,0,53.26
00009_18-10-2025-09.57,172.0,-60.0,65.74,-30.0,51.47,30.0,42.61,90.0,53.47,-0.8660254037844386,0.5000000000000001,-0.9749279121818236,-0.2225209339563146,1,0,28.7
00011_18-10-2025-10.02,182.0,-64.8,65.74,-34.8,51.47,25.2,42.61,85.2,53.47,-0.8660254037844386,0.5000000000000001,-0.9749279121818236,-0.2225209339563146,0,1,37.93
00009_18-10-2025-11.22,172.0,-115.2,51.47,-55.2,42.61,4.8,53.47,64.8,56.85,-0.8660254037844386,0.5000000000000001,-0.9749279121818236,-0.2225209339563146,1,0,47.7
00009_18-10-2025-12.22,172.0,-115.2,42.61,-55.2,53.47,4.8,56.85,55.8,82.74,-0.8660254037844386,0.5000000000000001,-0.9749279121818236,-0.2225209339563146,1,0,41.75
00015_18-10-2025-14.12,157.0,-105.0,56.85,-54.0,82.74,75.0,26.72,135.0,101.22,-0.8660254037844386,0.5000000000000001,-0.9749279121818236,-0.2225209339563146,0,1,32.13
00017_18-10-2025-14.42,179.0,-135.0,56.85,-84.0,82.74,45.0,26.72,105.0,101.22,-0.8660254037844386,0.5000000000000001,-0.9749279121818236,-0.2225209339563146,1,0,46.69
00002_18-10-2025-16.37,157.0,-70.2,26.72,-10.2,101.22,49.8,23.03,109.8,101.11,-0.8660254037844386,0.5000000000000001,-0.9749279121818236,-0.2225209339563146,1,0,40.14
00015_18-10-2025-17.17,157.0,-109.8,26.72,-49.8,101.22,10.2,23.03,70.2,101.11,-0.8660254037844386,0.5000000000000001,-0.9749279121818236,-0.2225209339563146,0,1,41.29
00009_18-10-2025-19.29,172.0,-121.8,23.03,-61.8,101.11,5.4,29.44,58.2,25.43,-0.8660254037844386,0.5000000000000001,-0.9749279121818236,-0.2225209339563146,1,0,38.07
00009_18-10-2025-20.22,172.0,-115.2,101.11,-48.0,29.44,4.8,25.43,604.8,45.94,-0.8660254037844386,0.5000000000000001,-0.9749279121818236,-0.2225209339563146,1,0,28.54
00005_18-10-2025-21.02,172.0,-87.6,29.44,-34.8,25.43,565.2,45.94,625.2,38.17,-0.8660254037844386,0.5000000000000001,-0.9749279121818236,-0.2225209339563146,0,1,41.39
00005_19-10-2025-07.02,172.0,-634.8,25.43,-34.8,45.94,25.2,38.17,85.2,78.55,-0.8660254037844386,0.5000000000000001,-0.7818314824680299,0.6234898018587334,0,1,27.39
00009_19-10-2025-08.07,172.0,-100.2,45.94,-40.2,38.17,19.8,78.55,79.8,64.81,-0.8660254037844386,0.5000000000000001,-0.7818314824680299,0.6234898018587334,1,0,34.82
00009_19-10-2025-09.22,172.0,-115.2,38.17,-55.2,78.55,4.8,64.81,64.8,46.6,-0.8660254037844386,0.5000000000000001,-0.7818314824680299,0.6234898018587334,1,0,63.65
00009_19-10-2025-09.57,172.0,-90.0,78.55,-30.0,64.81,30.0,46.6,90.0,122.05,-0.8660254037844386,0.5000000000000001,-0.7818314824680299,0.6234898018587334,1,0,70.94
00011_19-10-2025-10.02,182.0,-94.8,78.55,-34.8,64.81,25.2,46.6,85.2,122.05,-0.8660254037844386,0.5000000000000001,-0.7818314824680299,0.6234898018587334,0,1,32.82
00009_19-10-2025-11.22,172.0,-115.2,64.81,-55.2,46.6,4.8,122.05,64.8,82.2,-0.8660254037844386,0.5000000000000001,-0.7818314824680299,0.6234898018587334,1,0,69.2
00009_19-10-2025-12.22,172.0,-115.2,46.6,-55.2,122.05,4.8,82.2,55.8,55.14,-0.8660254037844386,0.5000000000000001,-0.7818314824680299,0.6234898018587334,1,0,70.02
00009_19-10-2025-14.02,172.0,-94.8,82.2,-43.8,55.14,25.2,94.23,85.2,60.19,-0.8660254037844386,0.5000000000000001,-0.7818314824680299,0.6234898018587334,1,0,81.01
00015_19-10-2025-14.12,157.0,-105.0,82.2,-54.0,55.14,15.0,94.23,75.0,60.19,-0.8660254037844386,0.5000000000000001,-0.7818314824680299,0.6234898018587334,0,1,55.69
00017_19-10-2025-14.42,179.0,-84.0,55.14,-15.0,94.23,45.0,60.19,105.0,87.38,-0.8660254037844386,0.5000000000000001,-0.7818314824680299,0.6234898018587334,1,0,85.69
00002_19-10-2025-16.37,157.0,-70.2,60.19,-10.2,87.38,19.8,93.51,49.8,62.19,-0.8660254037844386,0.5000000000000001,-0.7818314824680299,0.6234898018587334,1,0,104.29
00015_19-10-2025-17.17,157.0,-49.8,87.38,-19.8,93.51,10.2,62.19,40.2,74.5,-0.8660254037844386,0.5000000000000001,-0.7818314824680299,0.6234898018587334,0,1,58.95
00009_19-10-2025-17.22,172.0,-55.2,87.38,-25.2,93.51,4.8,62.19,34.8,74.5,-0.8660254037844386,0.5000000000000001,-0.7818314824680299,0.6234898018587334,1,0,90.57
00002_19-10-2025-18.32,157.0,-34.8,74.5,-4.8,74.6,25.2,102.38,62.4,89.47,-0.8660254037844386,0.5000000000000001,-0.7818314824680299,0.6234898018587334,1,0,87.81
00009_19-10-2025-19.29,172.0,-61.8,74.6,-31.8,102.38,5.4,89.47,36.0,58.82,-0.8660254037844386,0.5000000000000001,-0.7818314824680299,0.6234898018587334,1,0,89.55
00009_19-10-2025-20.22,172.0,-48.0,89.47,-17.4,58.82,4.8,82.37,45.0,119.24,-0.8660254037844386,0.5000000000000001,-0.7818314824680299,0.6234898018587334,1,0,96.03
00005_19-10-2025-21.02,172.0,-57.0,58.82,-34.8,82.37,5.4,119.24,550.2,30.43,-0.8660254037844386,0.5000000000000001,-0.7818314824680299,0.6234898018587334,0,1,54.48
00002_20-10-2025-06.22,157.0,-555.0,119.24,-10.2,30.43,4.8,56.53,34.8,70.89,-0.8660254037844386,0.5000000000000001,0.0,1.0,1,0,33.24
00005_20-10-2025-07.02,172.0,-34.8,56.53,-4.8,70.89,25.2,39.23,55.2,54.06,-0.8660254037844386,0.5000000000000001,0.0,1.0,0,1,31.69
00002_20-10-2025-07.22,157.0,-55.2,56.53,-25.2,70.89,4.8,39.23,34.8,54.06,-0.8660254037844386,0.5000000000000001,0.0,1.0,1,0,39.21
00002_20-10-2025-08.32,157.0,-34.8,54.06,-4.8,65.91,25.2,53.74,55.2,68.51,-0.8660254037844386,0.5000000000000001,0.0,1.0,1,0,28.13
00009_20-10-2025-09.22,172.0,-55.2,65.91,-25.2,53.74,4.8,68.51,64.8,33.51,-0.8660254037844386,0.5000000000000001,0.0,1.0,1,0,59.04
00009_20-10-2025-09.57,172.0,-60.0,53.74,-30.0,68.51,30.0,33.51,90.0,38.93,-0.8660254037844386,0.5000000000000001,0.0,1.0,1,0,44.02
00011_20-10-2025-10.02,182.0,-64.8,53.74,-34.8,68.51,25.2,33.51,85.2,38.93,-0.8660254037844386,0.5000000000000001,0.0,1.0,0,1,35.31
00009_20-10-2025-11.22,172.0,-115.2,68.51,-55.2,33.51,4.8,38.93,64.8,37.42,-0.8660254037844386,0.5000000000000001,0.0,1.0,1,0,39.94
00009_20-10-2025-12.22,172.0,-115.2,33.51,-55.2,38.93,4.8,37.42,34.8,35.69,-0.8660254037844386,0.5000000000000001,0.0,1.0,1,0,50.28
00009_20-10-2025-14.02,172.0,-64.8,35.69,-43.8,68.94,25.2,35.38,55.2,36.57,-0.8660254037844386,0.5000000000000001,0.0,1.0,1,0,25.4
00015_20-10-2025-14.12,157.0,-75.0,35.69,-54.0,68.94,15.0,35.38,45.0,36.57,-0.8660254037844386,0.5000000000000001,0.0,1.0,0,1,25.37
00017_20-10-2025-14.42,179.0,-84.0,68.94,-15.0,35.38,15.0,36.57,45.0,34.64,-0.8660254037844386,0.5000000000000001,0.0,1.0,1,0,57.0
00002_20-10-2025-16.37,157.0,-40.2,39.63,-10.2,76.73,19.8,50.64,49.8,77.32,-0.8660254037844386,0.5000000000000001,0.0,1.0,1,0,43.13
00015_20-10-2025-17.17,157.0,-49.8,76.73,-19.8,50.64,10.2,77.32,40.2,55.36,-0.8660254037844386,0.5000000000000001,0.0,1.0,0,1,53.62
00009_20-10-2025-17.22,172.0,-55.2,76.73,-25.2,50.64,4.8,77.32,34.8,55.36,-0.8660254037844386,0.5000000000000001,0.0,1.0,1,0,38.64
00002_20-10-2025-18.32,157.0,-34.8,55.36,-4.8,64.16,25.2,34.1,62.4,21.28,-0.8660254037844386,0.5000000000000001,0.0,1.0,1,0,37.96
00009_20-10-2025-19.29,172.0,-61.8,64.16,-31.8,34.1,5.4,21.28,36.0,23.31,-0.8660254037844386,0.5000000000000001,0.0,1.0,1,0,32.35
00009_20-10-2025-20.22,172.0,-48.0,21.28,-17.4,23.31,4.8,18.56,45.0,31.85,-0.8660254037844386,0.5000000000000001,0.0,1.0,1,0,40.24
00005_20-10-2025-21.02,172.0,-57.0,23.31,-34.8,18.56,5.4,31.85,550.2,35.62,-0.8660254037844386,0.5000000000000001,0.0,1.0,0,1,10.04
00002_21-10-2025-06.22,157.0,-555.0,31.85,-10.2,35.62,4.8,36.67,34.8,107.67,-0.8660254037844386,0.5000000000000001,0.7818314824680298,0.6234898018587336,1,0,35.26
00005_21-10-2025-07.02,172.0,-34.8,36.67,-4.8,107.67,25.2,39.92,55.2,36.26,-0.8660254037844386,0.5000000000000001,0.7818314824680298,0.6234898018587336,0,1,52.89
00002_21-10-2025-07.22,157.0,-55.2,36.67,-25.2,107.67,4.8,39.92,34.8,36.26,-0.8660254037844386,0.5000000000000001,0.7818314824680298,0.6234898018587336,1,0,21.28
00002_21-10-2025-08.32,157.0,-34.8,36.26,-4.8,60.68,25.2,47.41,55.2,61.85,-0.8660254037844386,0.5000000000000001,0.7818314824680298,0.6234898018587336,1,0,27.5
00009_21-10-2025-09.22,172.0,-55.2,60.68,-25.2,47.41,4.8,61.85,64.8,33.23,-0.8660254037844386,0.5000000000000001,0.7818314824680298,0.6234898018587336,1,0,38.01
00009_21-10-2025-09.57,172.0,-60.0,47.41,-30.0,61.85,30.0,33.23,90.0,38.31,-0.8660254037844386,0.5000000000000001,0.7818314824680298,0.6234898018587336,1,0,31.23
00011_21-10-2025-10.02,182.0,-64.8,47.41,-34.8,61.85,25.2,33.23,85.2,38.31,-0.8660254037844386,0.5000000000000001,0.7818314824680298,0.6234898018587336,0,1,25.25
00009_21-10-2025-11.22,172.0,-115.2,61.85,-55.2,33.23,4.8,38.31,64.8,46.6,-0.8660254037844386,0.5000000000000001,0.7818314824680298,0.6234898018587336,1,0,33.07
00009_21-10-2025-12.22,172.0,-115.2,33.23,-55.2,38.31,4.8,46.6,34.8,37.95,-0.8660254037844386,0.5000000000000001,0.7818314824680298,0.6234898018587336,1,0,26.19
00009_21-10-2025-14.02,172.0,-64.8,37.95,-43.8,48.24,25.2,82.5,55.2,43.8,-0.8660254037844386,0.5000000000000001,0.7818314824680298,0.6234898018587336,1,0,45.48
00015_21-10-2025-14.12,157.0,-75.0,37.95,-54.0,48.24,15.0,82.5,45.0,43.8,-0.8660254037844386,0.5000000000000001,0.7818314824680298,0.6234898018587336,0,1,22.41
00017_21-10-2025-14.42,179.0,-84.0,48.24,-15.0,82.5,15.0,43.8,45.0,27.79,-0.8660254037844386,0.5000000000000001,0.7818314824680298,0.6234898018587336,1,0,24.47
00002_21-10-2025-16.37,157.0,-40.2,40.62,-10.2,33.04,19.8,65.22,49.8,55.53,-0.8660254037844386,0.5000000000000001,0.7818314824680298,0.6234898018587336,1,0,41.04
00015_21-10-2025-17.17,157.0,-49.8,33.04,-19.8,65.22,10.2,55.53,40.2,73.9,-0.8660254037844386,0.5000000000000001,0.7818314824680298,0.6234898018587336,0,1,35.86
00009_21-10-2025-17.22,172.0,-55.2,33.04,-25.2,65.22,4.8,55.53,34.8,73.9,-0.8660254037844386,0.5000000000000001,0.7818314824680298,0.6234898018587336,1,0,36.89
00002_21-10-2025-18.32,157.0,-34.8,73.9,-4.8,35.57,25.2,30.11,62.4,28.36,-0.8660254037844386,0.5000000000000001,0.7818314824680298,0.6234898018587336,1,0,27.53
00009_21-10-2025-19.29,172.0,-61.8,35.57,-31.8,30.11,5.4,28.36,36.0,40.42,-0.8660254037844386,0.5000000000000001,0.7818314824680298,0.6234898018587336,1,0,33.32
00009_21-10-2025-20.22,172.0,-48.0,28.36,-17.4,40.42,4.8,28.0,45.0,55.33,-0.8660254037844386,0.5000000000000001,0.7818314824680298,0.6234898018587336,1,0,31.55
00005_21-10-2025-21.02,172.0,-57.0,40.42,-34.8,28.0,5.4,55.33,550.2,35.72,-0.8660254037844386,0.5000000000000001,0.7818314824680298,0.6234898018587336,0,1,40.21
00002_22-10-2025-06.22,157.0,-555.0,55.33,-10.2,35.72,4.8,44.76,34.8,103.5,-0.8660254037844386,0.5000000000000001,0.9749279121818236,-0.22252093395631434,1,0,53.21
00005_22-10-2025-07.02,172.0,-34.8,44.76,-4.8,103.5,25.2,35.71,55.2,62.32,-0.8660254037844386,0.5000000000000001,0.9749279121818236,-0.22252093395631434,0,1,45.35
00002_22-10-2025-07.22,157.0,-55.2,44.76,-25.2,103.5,4.8,35.71,34.8,62.32,-0.8660254037844386,0.5000000000000001,0.9749279121818236,-0.22252093395631434,1,0,40.13
00002_22-10-2025-08.32,157.0,-34.8,62.32,-4.8,82.08,25.2,45.69,55.2,82.43,-0.8660254037844386,0.5000000000000001,0.9749279121818236,-0.22252093395631434,1,0,48.55
00009_22-10-2025-09.22,172.0,-55.2,82.08,-25.2,45.69,4.8,82.43,64.8,50.28,-0.8660254037844386,0.5000000000000001,0.9749279121818236,-0.22252093395631434,1,0,35.89
00009_22-10-2025-09.57,172.0,-60.0,45.69,-30.0,82.43,30.0,50.28,90.0,62.42,-0.8660254037844386,0.5000000000000001,0.9749279121818236,-0.22252093395631434,1,0,35.06
00011_22-10-2025-10.02,182.0,-64.8,45.69,-34.8,82.43,25.2,50.28,85.2,62.42,-0.8660254037844386,0.5000000000000001,0.9749279121818236,-0.22252093395631434,0,1,38.13
00009_22-10-2025-11.22,172.0,-115.2,82.43,-55.2,50.28,4.8,62.42,64.8,56.58,-0.8660254037844386,0.5000000000000001,0.9749279121818236,-0.22252093395631434,1,0,44.34
00009_22-10-2025-12.22,172.0,-115.2,50.28,-55.2,62.42,4.8,56.58,34.8,45.65,-0.8660254037844386,0.5000000000000001,0.9749279121818236,-0.22252093395631434,1,0,34.87
00009_22-10-2025-14.02,172.0,-64.8,45.65,-43.8,48.24,25.2,34.16,55.2,48.72,-0.8660254037844386,0.5000000000000001,0.9749279121818236,-0.22252093395631434,1,0,34.23
00015_22-10-2025-14.12,157.0,-75.0,45.65,-54.0,48.24,15.0,34.16,45.0,48.72,-0.8660254037844386,0.5000000000000001,0.9749279121818236,-0.22252093395631434,0,1,28.56
00017_22-10-2025-14.42,179.0,-84.0,48.24,-15.0,34.16,15.0,48.72,45.0,33.92,-0.8660254037844386,0.5000000000000001,0.9749279121818236,-0.22252093395631434,1,0,48.84
00002_22-10-2025-16.37,157.0,-40.2,55.48,-10.2,44.65,19.8,136.48,49.8,60.57,-0.8660254037844386,0.5000000000000001,0.9749279121818236,-0.22252093395631434,1,0,31.58
00015_22-10-2025-17.17,157.0,-49.8,44.65,-19.8,136.48,10.2,60.57,40.2,52.51,-0.8660254037844386,0.5000000000000001,0.9749279121818236,-0.22252093395631434,0,1,37.29
00009_22-10-2025-17.22,172.0,-55.2,44.65,-25.2,136.48,4.8,60.57,34.8,52.51,-0.8660254037844386,0.5000000000000001,0.9749279121818236,-0.22252093395631434,1,0,55.94
00002_22-10-2025-18.32,157.0,-34.8,52.51,-4.8,70.58,25.2,103.71,62.4,32.67,-0.8660254037844386,0.5000000000000001,0.9749279121818236,-0.22252093395631434,1,0,31.77
00009_22-10-2025-19.29,172.0,-61.8,70.58,-31.8,103.71,5.4,32.67,36.0,51.34,-0.8660254037844386,0.5000000000000001,0.9749279121818236,-0.22252093395631434,1,0,60.26
00009_22-10-2025-20.22,172.0,-48.0,32.67,-17.4,51.34,4.8,48.86,45.0,44.74,-0.8660254037844386,0.5000000000000001,0.9749279121818236,-0.22252093395631434,1,0,26.64
00005_22-10-2025-21.02,172.0,-57.0,51.34,-34.8,48.86,5.4,44.74,550.2,31.41,-0.8660254037844386,0.5000000000000001,0.9749279121818236,-0.22252093395631434,0,1,40.97
00002_23-10-2025-06.22,157.0,-555.0,44.74,-10.2,31.41,4.8,46.73,34.8,55.47,-0.8660254037844386,0.5000000000000001,0.43388373911755823,-0.900968867902419,1,0,31.02
00005_23-10-2025-07.02,172.0,-34.8,46.73,-4.8,55.47,25.2,38.04,55.2,37.07,-0.8660254037844386,0.5000000000000001,0.43388373911755823,-0.900968867902419,0,1,25.36
00002_23-10-2025-07.22,157.0,-55.2,46.73,-25.2,55.47,4.8,38.04,34.8,37.07,-0.8660254037844386,0.5000000000000001,0.43388373911755823,-0.900968867902419,1,0,29.27
00002_23-10-2025-08.32,157.0,-34.8,37.07,-4.8,48.72,25.2,66.49,55.2,39.83,-0.8660254037844386,0.5000000000000001,0.43388373911755823,-0.900968867902419,1,0,51.6
00009_23-10-2025-09.22,172.0,-55.2,48.72,-25.2,66.49,4.8,39.83,64.8,48.87,-0.8660254037844386,0.5000000000000001,0.43388373911755823,-0.900968867902419,1,0,61.32
00009_23-10-2025-09.57,172.0,-60.0,66.49,-30.0,39.83,30.0,48.87,90.0,75.54,-0.8660254037844386,0.5000000000000001,0.43388373911755823,-0.900968867902419,1,0,44.96
00011_23-10-2025-10.02,182.0,-64.8,66.49,-34.8,39.83,25.2,48.87,85.2,75.54,-0.8660254037844386,0.5000000000000001,0.43388373911755823,-0.900968867902419,0,1,16.49
00009_23-10-2025-11.22,172.0,-115.2,39.83,-55.2,48.87,4.8,75.54,64.8,50.08,-0.8660254037844386,0.5000000000000001,0.43388373911755823,-0.900968867902419,1,0,67.28
00009_23-10-2025-12.22,172.0,-115.2,48.87,-55.2,75.54,4.8,50.08,34.8,67.77,-0.8660254037844386,0.5000000000000001,0.43388373911755823,-0.900968867902419,1,0,54.31
00002_23-10-2025-16.37,157.0,-40.2,116.01,-10.2,59.69,19.8,126.41,49.8,102.04,-0.8660254037844386,0.5000000000000001,0.43388373911755823,-0.900968867902419,1,0,65.26
00015_23-10-2025-17.17,157.0,-49.8,59.69,-19.8,126.41,10.2,102.04,40.2,60.96,-0.8660254037844386,0.5000000000000001,0.43388373911755823,-0.900968867902419,0,1,51.61
00009_23-10-2025-17.22,172.0,-55.2,59.69,-25.2,126.41,4.8,102.04,34.8,60.96,-0.8660254037844386,0.5000000000000001,0.43388373911755823,-0.900968867902419,1,0,70.85
00002_23-10-2025-18.32,157.0,-34.8,60.96,-4.8,80.63,25.2,86.68,62.4,43.59,-0.8660254037844386,0.5000000000000001,0.43388373911755823,-0.900968867902419,1,0,34.21
00009_23-10-2025-19.29,172.0,-61.8,80.63,-31.8,86.68,5.4,43.59,36.0,69.92,-0.8660254037844386,0.5000000000000001,0.43388373911755823,-0.900968867902419,1,0,39.46
00009_23-10-2025-20.22,172.0,-48.0,43.59,-17.4,69.92,4.8,42.81,45.0,47.43,-0.8660254037844386,0.5000000000000001,0.43388373911755823,-0.900968867902419,1,0,38.43
00005_23-10-2025-21.02,172.0,-57.0,69.92,-34.8,42.81,5.4,47.43,565.2,31.05,-0.8660254037844386,0.5000000000000001,0.43388373911755823,-0.900968867902419,0,1,38.99
00002_24-10-2025-06.22,157.0,-595.2,42.81,-555.0,47.43,4.8,31.05,34.8,52.06,-0.8660254037844386,0.5000000000000001,-0.433883739117558,-0.9009688679024191,1,0,45.12
00005_24-10-2025-07.02,172.0,-34.8,31.05,-4.8,52.06,25.2,73.22,55.2,61.01,-0.8660254037844386,0.5000000000000001,-0.433883739117558,-0.9009688679024191,0,1,36.73
00002_24-10-2025-07.22,157.0,-55.2,31.05,-25.2,52.06,4.8,73.22,34.8,61.01,-0.8660254037844386,0.5000000000000001,-0.433883739117558,-0.9009688679024191,1,0,51.75
00002_24-10-2025-08.32,157.0,-64.8,73.22,-34.8,61.01,25.2,112.31,55.2,63.18,-0.8660254037844386,0.5000000000000001,-0.433883739117558,-0.9009688679024191,1,0,27.02
00009_24-10-2025-09.22,172.0,-85.2,61.01,-25.2,112.31,4.8,63.18,64.8,67.51,-0.8660254037844386,0.5000000000000001,-0.433883739117558,-0.9009688679024191,1,0,53.83
00009_24-10-2025-09.57,172.0,-60.0,112.31,-30.0,63.18,30.0,67.51,90.0,99.96,-0.8660254037844386,0.5000000000000001,-0.433883739117558,-0.9009688679024191,1,0,56.77
00011_24-10-2025-10.02,182.0,-64.8,112.31,-34.8,63.18,25.2,67.51,85.2,99.96,-0.8660254037844386,0.5000000000000001,-0.433883739117558,-0.9009688679024191,0,1,51.18
00009_24-10-2025-11.22,172.0,-115.2,63.18,-55.2,67.51,4.8,99.96,64.8,43.6,-0.8660254037844386,0.5000000000000001,-0.433883739117558,-0.9009688679024191,1,0,39.89
00009_24-10-2025-12.22,172.0,-115.2,67.51,-55.2,99.96,4.8,43.6,34.8,67.71,-0.8660254037844386,0.5000000000000001,-0.433883739117558,-0.9009688679024191,1,0,41.73
00009_24-10-2025-14.02,172.0,-43.8,55.14,-4.8,78.07,25.2,101.32,55.2,111.06,-0.8660254037844386,0.5000000000000001,-0.433883739117558,-0.9009688679024191,1,0,70.97
00015_24-10-2025-14.12,157.0,-54.0,55.14,-15.0,78.07,15.0,101.32,45.0,111.06,-0.8660254037844386,0.5000000000000001,-0.433883739117558,-0.9009688679024191,0,1,46.23
00017_24-10-2025-14.42,179.0,-45.0,78.07,-15.0,101.32,15.0,111.06,45.0,47.98,-0.8660254037844386,0.5000000000000001,-0.433883739117558,-0.9009688679024191,1,0,85.19
00002_24-10-2025-16.37,157.0,-40.2,91.56,-10.2,77.18,19.8,110.2,49.8,49.76,-0.8660254037844386,0.5000000000000001,-0.433883739117558,-0.9009688679024191,1,0,61.34
00015_24-10-2025-17.17,157.0,-49.8,77.18,-19.8,110.2,10.2,49.76,40.2,53.88,-0.8660254037844386,0.5000000000000001,-0.433883739117558,-0.9009688679024191,0,1,36.57
00009_24-10-2025-17.22,172.0,-55.2,77.18,-25.2,110.2,4.8,49.76,34.8,53.88,-0.8660254037844386,0.5000000000000001,-0.433883739117558,-0.9009688679024191,1,0,55.16
00002_24-10-2025-18.32,157.0,-34.8,53.88,-4.8,84.27,25.2,56.89,62.4,36.58,-0.8660254037844386,0.5000000000000001,-0.433883739117558,-0.9009688679024191,1,0,35.25
00009_24-10-2025-19.29,172.0,-61.8,84.27,-31.8,56.89,5.4,36.58,36.0,75.75,-0.8660254037844386,0.5000000000000001,-0.433883739117558,-0.9009688679024191,1,0,46.98
00009_24-10-2025-20.22,172.0,-48.0,36.58,-17.4,75.75,4.8,56.33,45.0,92.44,-0.8660254037844386,0.5000000000000001,-0.433883739117558,-0.9009688679024191,1,0,43.5
00005_24-10-2025-21.02,172.0,-57.0,75.75,-34.8,56.33,5.4,92.44,565.2,35.13,-0.8660254037844386,0.5000000000000001,-0.433883739117558,-0.9009688679024191,0,1,34.78
00005_25-10-2025-07.02,172.0,-594.6,92.44,-34.8,35.13,25.2,58.46,85.2,51.1,-0.8660254037844386,0.5000000000000001,-0.9749279121818236,-0.2225209339563146,0,1,42.6
00009_25-10-2025-08.07,172.0,-100.2,35.13,-40.2,58.46,19.8,51.1,49.8,57.92,-0.8660254037844386,0.5000000000000001,-0.9749279121818236,-0.2225209339563146,1,0,32.1
00009_25-10-2025-09.22,172.0,-55.2,51.1,-25.2,57.92,4.8,71.54,64.8,48.54,-0.8660254037844386,0.5000000000000001,-0.9749279121818236,-0.2225209339563146,1,0,45.83
00009_25-10-2025-09.57,172.0,-60.0,57.92,-30.0,71.54,30.0,48.54,90.0,31.13,-0.8660254037844386,0.5000000000000001,-0.9749279121818236,-0.2225209339563146,1,0,25.29
00011_25-10-2025-10.02,182.0,-64.8,57.92,-34.8,71.54,25.2,48.54,85.2,31.13,-0.8660254037844386,0.5000000000000001,-0.9749279121818236,-0.2225209339563146,0,1,30.18
00009_25-10-2025-11.22,172.0,-115.2,71.54,-55.2,48.54,4.8,31.13,64.8,53.16,-0.8660254037844386,0.5000000000000001,-0.9749279121818236,-0.2225209339563146,1,0,33.5
00009_25-10-2025-12.22,172.0,-115.2,48.54,-55.2,31.13,4.8,53.16,55.8,82.74,-0.8660254037844386,0.5000000000000001,-0.9749279121818236,-0.2225209339563146,1,0,31.71
00015_25-10-2025-14.12,157.0,-105.0,53.16,-54.0,82.74,75.0,23.48,135.0,93.71,-0.8660254037844386,0.5000000000000001,-0.9749279121818236,-0.2225209339563146,0,1,16.27
00017_25-10-2025-14.42,179.0,-135.0,53.16,-84.0,82.74,45.0,23.48,105.0,93.71,-0.8660254037844386,0.5000000000000001,-0.9749279121818236,-0.2225209339563146,1,0,41.81
00002_25-10-2025-16.37,157.0,-70.2,23.48,-10.2,93.71,49.8,25.6,109.8,104.69,-0.8660254037844386,0.5000000000000001,-0.9749279121818236,-0.2225209339563146,1,0,33.99
00015_25-10-2025-17.17,157.0,-109.8,23.48,-49.8,93.71,10.2,25.6,70.2,104.69,-0.8660254037844386,0.5000000000000001,-0.9749279121818236,-0.2225209339563146,0,1,24.54
00009_25-10-2025-19.29,172.0,-121.8,25.6,-61.8,104.69,5.4,30.28,58.2,24.56,-0.8660254037844386,0.5000000000000001,-0.9749279121818236,-0.2225209339563146,1,0,37.91
00009_25-10-2025-20.22,172.0,-115.2,104.69,-48.0,30.28,4.8,24.56,604.8,55.9,-0.8660254037844386,0.5000000000000001,-0.9749279121818236,-0.2225209339563146,1,0,39.52
00005_25-10-2025-21.02,172.0,-87.6,30.28,-34.8,24.56,565.2,55.9,625.2,63.6,-0.8660254037844386,0.5000000000000001,-0.9749279121818236,-0.2225209339563146,0,1,18.36
00005_26-10-2025-07.02,172.0,-634.8,24.56,-34.8,55.9,25.2,63.6,85.2,72.86,-0.8660254037844386,0.5000000000000001,-0.7818314824680299,0.6234898018587334,0,1,39.12
00009_26-10-2025-08.07,172.0,-100.2,55.9,-40.2,63.6,19.8,72.86,79.8,44.94,-0.8660254037844386,0.5000000000000001,-0.7818314824680299,0.6234898018587334,1,0,38.42
00009_26-10-2025-09.22,172.0,-115.2,63.6,-55.2,72.86,4.8,44.94,64.8,42.45,-0.8660254037844386,0.5000000000000001,-0.7818314824680299,0.6234898018587334,1,0,38.59
00009_26-10-2025-09.57,172.0,-90.0,72.86,-30.0,44.94,30.0,42.45,90.0,141.73,-0.8660254037844386,0.5000000000000001,-0.7818314824680299,0.6234898018587334,1,0,68.54
00011_26-10-2025-10.02,182.0,-94.8,72.86,-34.8,44.94,25.2,42.45,85.2,141.73,-0.8660254037844386,0.5000000000000001,-0.7818314824680299,0.6234898018587334,0,1,34.41
00009_26-10-2025-11.22,172.0,-115.2,44.94,-55.2,42.45,4.8,141.73,64.8,56.6,-0.8660254037844386,0.5000000000000001,-0.7818314824680299,0.6234898018587334,1,0,61.98
00009_26-10-2025-12.22,172.0,-115.2,42.45,-55.2,141.73,4.8,56.6,55.8,55.14,-0.8660254037844386,0.5000000000000001,-0.7818314824680299,0.6234898018587334,1,0,56.43
00009_26-10-2025-14.02,172.0,-94.8,56.6,-43.8,55.14,25.2,88.97,85.2,70.39,-0.8660254037844386,0.5000000000000001,-0.7818314824680299,0.6234898018587334,1,0,93.96
00015_26-10-2025-14.12,157.0,-105.0,56.6,-54.0,55.14,15.0,88.97,75.0,70.39,-0.8660254037844386,0.5000000000000001,-0.7818314824680299,0.6234898018587334,0,1,53.86
00017_26-10-2025-14.42,179.0,-84.0,55.14,-15.0,88.97,45.0,70.39,105.0,93.88,-0.8660254037844386,0.5000000000000001,-0.7818314824680299,0.6234898018587334,1,0,75.43
00002_26-10-2025-16.37,157.0,-70.2,70.39,-10.2,93.88,19.8,71.33,49.8,69.5,-0.8660254037844386,0.5000000000000001,-0.7818314824680299,0.6234898018587334,1,0,94.75
00015_26-10-2025-17.17,157.0,-49.8,93.88,-19.8,71.33,10.2,69.5,40.2,54.05,-0.8660254037844386,0.5000000000000001,-0.7818314824680299,0.6234898018587334,0,1,68.4
00009_26-10-2025-17.22,172.0,-55.2,93.88,-25.2,71.33,4.8,69.5,34.8,54.05,-0.8660254037844386,0.5000000000000001,-0.7818314824680299,0.6234898018587334,1,0,94.61
00002_26-10-2025-18.32,157.0,-34.8,54.05,-4.8,94.48,25.2,104.98,62.4,79.17,-0.8660254037844386,0.5000000000000001,-0.7818314824680299,0.6234898018587334,1,0,77.26
00009_26-10-2025-19.29,172.0,-61.8,94.48,-31.8,104.98,5.4,79.17,36.0,72.97,-0.8660254037844386,0.5000000000000001,-0.7818314824680299,0.6234898018587334,1,0,95.33
00009_26-10-2025-20.22,172.0,-48.0,79.17,-17.4,72.97,4.8,67.25,45.0,115.29,-0.8660254037844386,0.5000000000000001,-0.7818314824680299,0.6234898018587334,1,0,76.59
00005_26-10-2025-21.02,172.0,-57.0,72.97,-34.8,67.25,5.4,115.29,550.2,30.5,-0.8660254037844386,0.5000000000000001,-0.7818314824680299,0.6234898018587334,0,1,63.64
00002_27-10-2025-06.22,157.0,-555.0,115.29,-10.2,30.5,4.8,54.52,34.8,50.38,-0.8660254037844386,0.5000000000000001,0.0,1.0,1,0,37.16
00005_27-10-2025-07.02,172.0,-34.8,54.52,-4.8,50.38,25.2,53.64,55.2,71.21,-0.8660254037844386,0.5000000000000001,0.0,1.0,0,1,38.44
00002_27-10-2025-07.22,157.0,-55.2,54.52,-25.2,50.38,4.8,53.64,34.8,71.21,-0.8660254037844386,0.5000000000000001,0.0,1.0,1,0,35.89
00002_27-10-2025-08.32,157.0,-34.8,71.21,-4.8,72.13,25.2,47.96,55.2,70.64,-0.8660254037844386,0.5000000000000001,0.0,1.0,1,0,41.22
00009_27-10-2025-09.22,172.0,-55.2,72.13,-25.2,47.96,4.8,70.64,64.8,32.15,-0.8660254037844386,0.5000000000000001,0.0,1.0,1,0,66.05
00009_27-10-2025-09.57,172.0,-60.0,47.96,-30.0,70.64,30.0,32.15,90.0,41.62,-0.8660254037844386,0.5000000000000001,0.0,1.0,1,0,42.02
00011_27-10-2025-10.02,182.0,-64.8,47.96,-34.8,70.64,25.2,32.15,85.2,41.62,-0.8660254037844386,0.5000000000000001,0.0,1.0,0,1,40.42
00009_27-10-2025-11.22,172.0,-115.2,70.64,-55.2,32.15,4.8,41.62,64.8,42.61,-0.8660254037844386,0.5000000000000001,0.0,1.0,1,0,42.13
00009_27-10-2025-12.22,172.0,-115.2,32.15,-55.2,41.62,4.8,42.61,34.8,41.33,-0.8660254037844386,0.5000000000000001,0.0,1.0,1,0,11.28
00009_27-10-2025-14.02,172.0,-64.8,41.33,-43.8,68.94,25.2,36.15,55.2,41.62,-0.8660254037844386,0.5000000000000001,0.0,1.0,1,0,10.0
00015_27-10-2025-14.12,157.0,-75.0,41.33,-54.0,68.94,15.0,36.15,45.0,41.62,-0.8660254037844386,0.5000000000000001,0.0,1.0,0,1,28.27
00017_27-10-2025-14.42,179.0,-84.0,68.94,-15.0,36.15,15.0,41.62,45.0,33.4,-0.8660254037844386,0.5000000000000001,0.0,1.0,1,0,47.08
00002_27-10-2025-16.37,157.0,-40.2,42.6,-10.2,72.97,19.8,45.25,49.8,74.25,-0.8660254037844386,0.5000000000000001,0.0,1.0,1,0,41.22
00015_27-10-2025-17.17,157.0,-49.8,72.97,-19.8,45.25,10.2,74.25,40.2,43.48,-0.8660254037844386,0.5000000000000001,0.0,1.0,0,1,38.53
00009_27-10-2025-17.22,172.0,-55.2,72.97,-25.2,45.25,4.8,74.25,34.8,43.48,-0.8660254037844386,0.5000000000000001,0.0,1.0,1,0,56.26
00002_27-10-2025-18.32,157.0,-34.8,43.48,-4.8,63.92,25.2,48.18,62.4,19.54,-0.8660254037844386,0.5000000000000001,0.0,1.0,1,0,50.85
00009_27-10-2025-19.29,172.0,-61.8,63.92,-31.8,48.18,5.4,19.54,36.0,30.38,-0.8660254037844386,0.5000000000000001,0.0,1.0,1,0,54.58
00009_27-10-2025-20.22,172.0,-48.0,19.54,-17.4,30.38,4.8,18.31,45.0,29.0,-0.8660254037844386,0.5000000000000001,0.0,1.0,1,0,18.27
00005_27-10-2025-21.02,172.0,-57.0,30.38,-34.8,18.31,5.4,29.0,550.2,35.27,-0.8660254037844386,0.5000000000000001,0.0,1.0,0,1,10.0
00002_28-10-2025-06.22,157.0,-555.0,29.0,-10.2,35.27,4.8,38.27,34.8,116.62,-0.8660254037844386,0.5000000000000001,0.7818314824680298,0.6234898018587336,1,0,33.0
00005_28-10-2025-07.02,172.0,-34.8,38.27,-4.8,116.62,25.2,22.8,55.2,30.17,-0.8660254037844386,0.5000000000000001,0.7818314824680298,0.6234898018587336,0,1,53.08
00002_28-10-2025-07.22,157.0,-55.2,38.27,-25.2,116.62,4.8,22.8,34.8,30.17,-0.8660254037844386,0.5000000000000001,0.7818314824680298,0.6234898018587336,1,0,29.3
00002_28-10-2025-08.32,157.0,-34.8,30.17,-4.8,75.48,25.2,39.49,55.2,67.69,-0.8660254037844386,0.5000000000000001,0.7818314824680298,0.6234898018587336,1,0,31.34
00009_28-10-2025-09.22,172.0,-55.2,75.48,-25.2,39.49,4.8,67.69,64.8,36.37,-0.8660254037844386,0.5000000000000001,0.7818314824680298,0.6234898018587336,1,0,44.6
00009_28-10-2025-09.57,172.0,-60.0,39.49,-30.0,67.69,30.0,36.37,90.0,27.44,-0.8660254037844386,0.5000000000000001,0.7818314824680298,0.6234898018587336,1,0,40.09
00011_28-10-2025-10.02,182.0,-64.8,39.49,-34.8,67.69,25.2,36.37,85.2,27.44,-0.8660254037844386,0.5000000000000001,0.7818314824680298,0.6234898018587336,0,1,34.71
00009_28-10-2025-11.22,172.0,-115.2,67.69,-55.2,36.37,4.8,27.44,64.8,51.04,-0.8660254037844386,0.5000000000000001,0.7818314824680298,0.6234898018587336,1,0,20.62
00009_28-10-2025-12.22,172.0,-115.2,36.37,-55.2,27.44,4.8,51.04,34.8,29.02,-0.8660254037844386,0.5000000000000001,0.7818314824680298,0.6234898018587336,1,0,22.28
00009_28-10-2025-14.02,172.0,-64.8,29.02,-43.8,48.24,25.2,67.82,55.2,43.62,-0.8660254037844386,0.5000000000000001,0.7818314824680298,0.6234898018587336,1,0,13.37
00015_28-10-2025-14.12,157.0,-75.0,29.02,-54.0,48.24,15.0,67.82,45.0,43.62,-0.8660254037844386,0.5000000000000001,0.7818314824680298,0.6234898018587336,0,1,37.5
00017_28-10-2025-14.42,179.0,-84.0,48.24,-15.0,67.82,15.0,43.62,45.0,29.09,-0.8660254037844386,0.5000000000000001,0.7818314824680298,0.6234898018587336,1,0,27.11
00002_28-10-2025-16.37,157.0,-40.2,39.66,-10.2,22.04,19.8,49.2,49.8,53.64,-0.8660254037844386,0.5000000000000001,0.7818314824680298,0.6234898018587336,1,0,39.46
00015_28-10-2025-17.17,157.0,-49.8,22.04,-19.8,49.2,10.2,53.64,40.2,76.23,-0.8660254037844386,0.5000000000000001,0.7818314824680298,0.6234898018587336,0,1,56.94
00009_28-10-2025-17.22,172.0,-55.2,22.04,-25.2,49.2,4.8,53.64,34.8,76.23,-0.8660254037844386,0.5000000000000001,0.7818314824680298,0.6234898018587336,1,0,25.84
00002_28-10-2025-18.32,157.0,-34.8,76.23,-4.8,61.05,25.2,37.31,62.4,31.15,-0.8660254037844386,0.5000000000000001,0.7818314824680298,0.6234898018587336,1,0,27.03
00009_28-10-2025-19.29,172.0,-61.8,61.05,-31.8,37.31,5.4,31.15,36.0,48.22,-0.8660254037844386,0.5000000000000001,0.7818314824680298,0.6234898018587336,1,0,33.13
00009_28-10-2025-20.22,172.0,-48.0,31.15,-17.4,48.22,4.8,21.58,45.0,40.23,-0.8660254037844386,0.5000000000000001,0.7818314824680298,0.6234898018587336,1,0,22.86
00005_28-10-2025-21.02,172.0,-57.0,48.22,-34.8,21.58,5.4,40.23,550.2,35.08,-0.8660254037844386,0.5000000000000001,0.7818314824680298,0.6234898018587336,0,1,46.34
00002_29-10-2025-06.22,157.0,-555.0,40.23,-10.2,35.08,4.8,77.38,34.8,96.75,-0.8660254037844386,0.5000000000000001,0.9749279121818236,-0.22252093395631434,1,0,31.05
00005_29-10-2025-07.02,172.0,-34.8,77.38,-4.8,96.75,25.2,34.11,55.2,47.91,-0.8660254037844386,0.5000000000000001,0.9749279121818236,-0.22252093395631434,0,1,60.04
00002_29-10-2025-07.22,157.0,-55.2,77.38,-25.2,96.75,4.8,34.11,34.8,47.91,-0.8660254037844386,0.5000000000000001,0.9749279121818236,-0.22252093395631434,1,0,37.41
00002_29-10-2025-08.32,157.0,-34.8,47.91,-4.8,96.61,25.2,45.94,55.2,68.67,-0.8660254037844386,0.5000000000000001,0.9749279121818236,-0.22252093395631434,1,0,47.5
00009_29-10-2025-09.22,172.0,-55.2,96.61,-25.2,45.94,4.8,68.67,64.8,45.14,-0.8660254037844386,0.5000000000000001,0.9749279121818236,-0.22252093395631434,1,0,44.19
00009_29-10-2025-09.57,172.0,-60.0,45.94,-30.0,68.67,30.0,45.14,90.0,41.46,-0.8660254037844386,0.5000000000000001,0.9749279121818236,-0.22252093395631434,1,0,32.74
00011_29-10-2025-10.02,182.0,-64.8,45.94,-34.8,68.67,25.2,45.14,85.2,41.46,-0.8660254037844386,0.5000000000000001,0.9749279121818236,-0.22252093395631434,0,1,56.01
00009_29-10-2025-11.22,172.0,-115.2,68.67,-55.2,45.14,4.8,41.46,64.8,40.82,-0.8660254037844386,0.5000000000000001,0.9749279121818236,-0.22252093395631434,1,0,39.39
00009_29-10-2025-12.22,172.0,-115.2,45.14,-55.2,41.46,4.8,40.82,34.8,48.74,-0.8660254037844386,0.5000000000000001,0.9749279121818236,-0.22252093395631434,1,0,26.85
00009_29-10-2025-14.02,172.0,-64.8,48.74,-43.8,48.24,25.2,60.4,55.2,37.9,-0.8660254037844386,0.5000000000000001,0.9749279121818236,-0.22252093395631434,1,0,37.06
00015_29-10-2025-14.12,157.0,-75.0,48.74,-54.0,48.24,15.0,60.4,45.0,37.9,-0.8660254037844386,0.5000000000000001,0.9749279121818236,-0.22252093395631434,0,1,31.64
00017_29-10-2025-14.42,179.0,-84.0,48.24,-15.0,60.4,15.0,37.9,45.0,29.57,-0.8660254037844386,0.5000000000000001,0.9749279121818236,-0.22252093395631434,1,0,35.38
00002_29-10-2025-16.37,157.0,-40.2,32.87,-10.2,54.07,19.8,144.35,49.8,64.22,-0.8660254037844386,0.5000000000000001,0.9749279121818236,-0.22252093395631434,1,0,30.45
00015_29-10-2025-17.17,157.0,-49.8,54.07,-19.8,144.35,10.2,64.22,40.2,68.18,-0.8660254037844386,0.5000000000000001,0.9749279121818236,-0.22252093395631434,0,1,34.22
00009_29-10-2025-17.22,172.0,-55.2,54.07,-25.2,144.35,4.8,64.22,34.8,68.18,-0.8660254037844386,0.5000000000000001,0.9749279121818236,-0.22252093395631434,1,0,39.02
00002_29-10-2025-18.32,157.0,-34.8,68.18,-4.8,48.34,25.2,127.21,62.4,23.96,-0.8660254037844386,0.5000000000000001,0.9749279121818236,-0.22252093395631434,1,0,44.75
00009_29-10-2025-19.29,172.0,-61.8,48.34,-31.8,127.21,5.4,23.96,36.0,52.19,-0.8660254037844386,0.5000000000000001,0.9749279121818236,-0.22252093395631434,1,0,32.15
00009_29-10-2025-20.22,172.0,-48.0,23.96,-17.4,52.19,4.8,39.27,45.0,47.9,-0.8660254037844386,0.5000000000000001,0.9749279121818236,-0.22252093395631434,1,0,59.58
00005_29-10-2025-21.02,172.0,-57.0,52.19,-34.8,39.27,5.4,47.9,550.2,27.62,-0.8660254037844386,0.5000000000000001,0.9749279121818236,-0.22252093395631434,0,1,23.47
00002_30-10-2025-06.22,157.0,-555.0,47.9,-10.2,27.62,4.8,33.81,34.8,57.96,-0.8660254037844386,0.5000000000000001,0.43388373911755823,-0.900968867902419,1,0,35.96
00005_30-10-2025-07.02,172.0,-34.8,33.81,-4.8,57.96,25.2,37.08,55.2,57.97,-0.8660254037844386,0.5000000000000001,0.43388373911755823,-0.900968867902419,0,1,53.84
00002_30-10-2025-07.22,157.0,-55.2,33.81,-25.2,57.96,4.8,37.08,34.8,57.97,-0.8660254037844386,0.5000000000000001,0.43388373911755823,-0.900968867902419,1,0,16.11
00002_30-10-2025-08.32,157.0,-34.8,57.97,-4.8,53.44,25.2,47.34,55.2,76.46,-0.8660254037844386,0.5000000000000001,0.43388373911755823,-0.900968867902419,1,0,39.09
00009_30-10-2025-09.22,172.0,-55.2,53.44,-25.2,47.34,4.8,76.46,64.8,46.19,-0.8660254037844386,0.5000000000000001,0.43388373911755823,-0.900968867902419,1,0,70.9
00009_30-10-2025-09.57,172.0,-60.0,47.34,-30.0,76.46,30.0,46.19,90.0,54.62,-0.8660254037844386,0.5000000000000001,0.43388373911755823,-0.900968867902419,1,0,63.85
00011_30-10-2025-10.02,182.0,-64.8,47.34,-34.8,76.46,25.2,46.19,85.2,54.62,-0.8660254037844386,0.5000000000000001,0.43388373911755823,-0.900968867902419,0,1,23.86
00009_30-10-2025-11.22,172.0,-115.2,76.46,-55.2,46.19,4.8,54.62,64.8,44.32,-0.8660254037844386,0.5000000000000001,0.43388373911755823,-0.900968867902419,1,0,58.13
00009_30-10-2025-12.22,172.0,-115.2,46.19,-55.2,54.62,4.8,44.32,34.8,60.01,-0.8660254037844386,0.5000000000000001,0.43388373911755823,-0.900968867902419,1,0,49.22
00002_30-10-2025-16.37,157.0,-40.2,85.35,-10.2,77.3,19.8,157.37,49.8,87.84,-0.8660254037844386,0.5000000000000001,0.43388373911755823,-0.900968867902419,1,0,51.53
00015_30-10-2025-17.17,157.0,-49.8,77.3,-19.8,157.37,10.2,87.84,40.2,73.02,-0.8660254037844386,0.5000000000000001,0.43388373911755823,-0.900968867902419,0,1,53.88
00009_30-10-2025-17.22,172.0,-55.2,77.3,-25.2,157.37,4.8,87.84,34.8,73.02,-0.8660254037844386,0.5000000000000001,0.43388373911755823,-0.900968867902419,1,0,63.95
00002_30-10-2025-18.32,157.0,-34.8,73.02,-4.8,92.02,25.2,88.34,62.4,32.85,-0.8660254037844386,0.5000000000000001,0.43388373911755823,-0.900968867902419,1,0,41.39
00009_30-10-2025-19.29,172.0,-61.8,92.02,-31.8,88.34,5.4,32.85,36.0,62.35,-0.8660254037844386,0.5000000000000001,0.43388373911755823,-0.900968867902419,1,0,30.75
00009_30-10-2025-20.22,172.0,-48.0,32.85,-17.4,62.35,4.8,60.27,45.0,52.35,-0.8660254037844386,0.5000000000000001,0.43388373911755823,-0.900968867902419,1,0,24.26
00005_30-10-2025-21.02,172.0,-57.0,62.35,-34.8,60.27,5.4,52.35,565.2,27.58,-0.8660254037844386,0.5000000000000001,0.43388373911755823,-0.900968867902419,0,1,30.61
00002_31-10-2025-06.22,157.0,-595.2,60.27,-555.0,52.35,4.8,27.58,34.8,48.54,-0.8660254037844386,0.5000000000000001,-0.433883739117558,-0.9009688679024191,1,0,30.05
00005_31-10-2025-07.02,172.0,-34.8,27.58,-4.8,48.54,25.2,74.35,55.2,53.28,-0.8660254037844386,0.5000000000000001,-0.433883739117558,-0.9009688679024191,0,1,41.12
00002_31-10-2025-07.22,157.0,-55.2,27.58,-25.2,48.54,4.8,74.35,34.8,53.28,-0.8660254037844386,0.5000000000000001,-0.433883739117558,-0.9009688679024191,1,0,52.7
00002_31-10-2025-08.32,157.0,-64.8,74.35,-34.8,53.28,25.2,107.13,55.2,78.05,-0.8660254037844386,0.5000000000000001,-0.433883739117558,-0.9009688679024191,1,0,39.32
00009_31-10-2025-09.22,172.0,-85.2,53.28,-25.2,107.13,4.8,78.05,64.8,57.74,-0.8660254037844386,0.5000000000000001,-0.433883739117558,-0.9009688679024191,1,0,56.5
00009_31-10-2025-09.57,172.0,-60.0,107.13,-30.0,78.05,30.0,57.74,90.0,118.93,-0.8660254037844386,0.5000000000000001,-0.433883739117558,-0.9009688679024191,1,0,48.36
00011_31-10-2025-10.02,182.0,-64.8,107.13,-34.8,78.05,25.2,57.74,85.2,118.93,-0.8660254037844386,0.5000000000000001,-0.433883739117558,-0.9009688679024191,0,1,37.72
00009_31-10-2025-11.22,172.0,-115.2,78.05,-55.2,57.74,4.8,118.93,64.8,52.2,-0.8660254037844386,0.5000000000000001,-0.433883739117558,-0.9009688679024191,1,0,80.12
00009_31-10-2025-12.22,172.0,-115.2,57.74,-55.2,118.93,4.8,52.2,34.8,78.67,-0.8660254037844386,0.5000000000000001,-0.433883739117558,-0.9009688679024191,1,0,45.44
00009_31-10-2025-14.02,172.0,-43.8,55.14,-4.8,82.71,25.2,98.49,55.2,101.72,-0.8660254037844386,0.5000000000000001,-0.433883739117558,-0.9009688679024191,1,0,54.44
00015_31-10-2025-14.12,157.0,-54.0,55.14,-15.0,82.71,15.0,98.49,45.0,101.72,-0.8660254037844386,0.5000000000000001,-0.433883739117558,-0.9009688679024191,0,1,52.57
00017_31-10-2025-14.42,179.0,-45.0,82.71,-15.0,98.49,15.0,101.72,45.0,59.3,-0.8660254037844386,0.5000000000000001,-0.433883739117558,-0.9009688679024191,1,0,59.62
00002_31-10-2025-16.37,157.0,-40.2,88.31,-10.2,80.32,19.8,103.38,49.8,53.45,-0.8660254037844386,0.5000000000000001,-0.433883739117558,-0.9009688679024191,1,0,43.91
00015_31-10-2025-17.17,157.0,-49.8,80.32,-19.8,103.38,10.2,53.45,40.2,51.14,-0.8660254037844386,0.5000000000000001,-0.433883739117558,-0.9009688679024191,0,1,50.44
00009_31-10-2025-17.22,172.0,-55.2,80.32,-25.2,103.38,4.8,53.45,34.8,51.14,-0.8660254037844386,0.5000000000000001,-0.433883739117558,-0.9009688679024191,1,0,55.65
00002_31-10-2025-18.32,157.0,-34.8,51.14,-4.8,77.45,25.2,64.97,62.4,45.35,-0.8660254037844386,0.5000000000000001,-0.433883739117558,-0.9009688679024191,1,0,40.05
00009_31-10-2025-19.29,172.0,-61.8,77.45,-31.8,64.97,5.4,45.35,36.0,66.51,-0.8660254037844386,0.5000000000000001,-0.433883739117558,-0.9009688679024191,1,0,59.88
00009_31-10-2025-20.22,172.0,-48.0,45.35,-17.4,66.51,4.8,47.96,45.0,81.88,-0.8660254037844386,0.5000000000000001,-0.433883739117558,-0.9009688679024191,1,0,36.37
00005_31-10-2025-21.02,172.0,-57.0,66.51,-34.8,47.96,5.4,81.88,565.2,27.08,-0.8660254037844386,0.5000000000000001,-0.433883739117558,-0.9009688679024191,0,1,45.53
00005_01-11-2025-07.02,172.0,-594.6,81.88,-34.8,27.08,25.2,66.17,85.2,57.69,-0.5000000000000004,0.8660254037844384,-0.9749279121818236,-0.2225209339563146,0,1,13.41
00009_01-11-2025-08.07,172.0,-100.2,27.08,-40.2,66.17,19.8,57.69,49.8,59.4,-0.5000000000000004,0.8660254037844384,-0.9749279121818236,-0.2225209339563146,1,0,40.86
00009_01-11-2025-09.22,172.0,-55.2,57.69,-25.2,59.4,4.8,55.32,64.8,45.85,-0.5000000000000004,0.8660254037844384,-0.9749279121818236,-0.2225209339563146,1,0,30.61
00009_01-11-2025-09.57,172.0,-60.0,59.4,-30.0,55.32,30.0,45.85,90.0,53.64,-0.5000000000000004,0.8660254037844384,-0.9749279121818236,-0.2225209339563146,1,0,44.5
00011_01-11-2025-10.02,182.0,-64.8,59.4,-34.8,55.32,25.2,45.85,85.2,53.64,-0.5000000000000004,0.8660254037844384,-0.9749279121818236,-0.2225209339563146,0,1,17.52
00009_01-11-2025-11.22,172.0,-115.2,55.32,-55.2,45.85,4.8,53.64,64.8,50.1,-0.5000000000000004,0.8660254037844384,-0.9749279121818236,-0.2225209339563146,1,0,43.96
00009_01-11-2025-12.22,172.0,-115.2,45.85,-55.2,53.64,4.8,50.1,55.8,82.74,-0.5000000000000004,0.8660254037844384,-0.9749279121818236,-0.2225209339563146,1,0,55.54
00015_01-11-2025-14.12,157.0,-105.0,50.1,-54.0,82.74,75.0,33.2,135.0,91.75,-0.5000000000000004,0.8660254037844384,-0.9749279121818236,-0.2225209339563146,0,1,18.61
00017_01-11-2025-14.42,179.0,-135.0,50.1,-84.0,82.74,45.0,33.2,105.0,91.75,-0.5000000000000004,0.8660254037844384,-0.9749279121818236,-0.2225209339563146,1,0,25.79
00002_01-11-2025-16.37,157.0,-70.2,33.2,-10.2,91.75,49.8,25.23,109.8,100.5,-0.5000000000000004,0.8660254037844384,-0.9749279121818236,-0.2225209339563146,1,0,65.73
00015_01-11-2025-17.17,157.0,-109.8,33.2,-49.8,91.75,10.2,25.23,70.2,100.5,-0.5000000000000004,0.8660254037844384,-0.9749279121818236,-0.2225209339563146,0,1,10.0
00009_01-11-2025-19.29,172.0,-121.8,25.23,-61.8,100.5,5.4,31.4,58.2,34.21,-0.5000000000000004,0.8660254037844384,-0.9749279121818236,-0.2225209339563146,1,0,32.95
00009_01-11-2025-20.22,172.0,-115.2,100.5,-48.0,31.4,4.8,34.21,604.8,55.27,-0.5000000000000004,0.8660254037844384,-0.9749279121818236,-0.2225209339563146,1,0,48.28
00005_01-11-2025-21.02,172.0,-87.6,31.4,-34.8,34.21,565.2,55.27,625.2,54.0,-0.5000000000000004,0.8660254037844384,-0.9749279121818236,-0.2225209339563146,0,1,29.84
00005_02-11-2025-07.02,172.0,-634.8,34.21,-34.8,55.27,25.2,54.0,85.2,90.36,-0.5000000000000004,0.8660254037844384,-0.7818314824680299,0.6234898018587334,0,1,27.33
00009_02-11-2025-08.07,172.0,-100.2,55.27,-40.2,54.0,19.8,90.36,79.8,44.75,-0.5000000000000004,0.8660254037844384,-0.7818314824680299,0.6234898018587334,1,0,59.82
00009_02-11-2025-09.22,172.0,-115.2,54.0,-55.2,90.36,4.8,44.75,64.8,47.4,-0.5000000000000004,0.8660254037844384,-0.7818314824680299,0.6234898018587334,1,0,59.89
00009_02-11-2025-09.57,172.0,-90.0,90.36,-30.0,44.75,30.0,47.4,90.0,132.78,-0.5000000000000004,0.8660254037844384,-0.7818314824680299,0.6234898018587334,1,0,74.31
00011_02-11-2025-10.02,182.0,-94.8,90.36,-34.8,44.75,25.2,47.4,85.2,132.78,-0.5000000000000004,0.8660254037844384,-0.7818314824680299,0.6234898018587334,0,1,38.41
00009_02-11-2025-11.22,172.0,-115.2,44.75,-55.2,47.4,4.8,132.78,64.8,43.33,-0.5000000000000004,0.8660254037844384,-0.7818314824680299,0.6234898018587334,1,0,62.82
00009_02-11-2025-12.22,172.0,-115.2,47.4,-55.2,132.78,4.8,43.33,55.8,55.14,-0.5000000000000004,0.8660254037844384,-0.7818314824680299,0.6234898018587334,1,0,57.98
00009_02-11-2025-14.02,172.0,-94.8,43.33,-43.8,55.14,25.2,100.22,85.2,66.16,-0.5000000000000004,0.8660254037844384,-0.7818314824680299,0.6234898018587334,1,0,91.95
00015_02-11-2025-14.12,157.0,-105.0,43.33,-54.0,55.14,15.0,100.22,75.0,66.16,-0.5000000000000004,0.8660254037844384,-0.7818314824680299,0.6234898018587334,0,1,40.54
00017_02-11-2025-14.42,179.0,-84.0,55.14,-15.0,100.22,45.0,66.16,105.0,75.22,-0.5000000000000004,0.8660254037844384,-0.7818314824680299,0.6234898018587334,1,0,57.27
00002_02-11-2025-16.37,157.0,-70.2,66.16,-10.2,75.22,19.8,55.15,49.8,78.89,-0.5000000000000004,0.8660254037844384,-0.7818314824680299,0.6234898018587334,1,0,83.33
00015_02-11-2025-17.17,157.0,-49.8,75.22,-19.8,55.15,10.2,78.89,40.2,62.13,-0.5000000000000004,0.8660254037844384,-0.7818314824680299,0.6234898018587334,0,1,71.3
00009_02-11-2025-17.22,172.0,-55.2,75.22,-25.2,55.15,4.8,78.89,34.8,62.13,-0.5000000000000004,0.8660254037844384,-0.7818314824680299,0.6234898018587334,1,0,84.38
00002_02-11-2025-18.32,157.0,-34.8,62.13,-4.8,99.72,25.2,126.32,62.4,77.03,-0.5000000000000004,0.8660254037844384,-0.7818314824680299,0.6234898018587334,1,0,104.17
00009_02-11-2025-19.29,172.0,-61.8,99.72,-31.8,126.32,5.4,77.03,36.0,71.92,-0.5000000000000004,0.8660254037844384,-0.7818314824680299,0.6234898018587334,1,0,99.98
00009_02-11-2025-20.22,172.0,-48.0,77.03,-17.4,71.92,4.8,78.05,45.0,125.22,-0.5000000000000004,0.8660254037844384,-0.7818314824680299,0.6234898018587334,1,0,88.46
00005_02-11-2025-21.02,172.0,-57.0,71.92,-34.8,78.05,5.4,125.22,550.2,29.86,-0.5000000000000004,0.8660254037844384,-0.7818314824680299,0.6234898018587334,0,1,81.14
00002_03-11-2025-06.22,157.0,-555.0,125.22,-10.2,29.86,4.8,47.17,34.8,55.94,-0.5000000000000004,0.8660254037844384,0.0,1.0,1,0,45.33
00005_03-11-2025-07.02,172.0,-34.8,47.17,-4.8,55.94,25.2,60.82,55.2,67.99,-0.5000000000000004,0.8660254037844384,0.0,1.0,0,1,37.38
00002_03-11-2025-07.22,157.0,-55.2,47.17,-25.2,55.94,4.8,60.82,34.8,67.99,-0.5000000000000004,0.8660254037844384,0.0,1.0,1,0,36.84
00002_03-11-2025-08.32,157.0,-34.8,67.99,-4.8,70.84,25.2,62.35,55.2,78.21,-0.5000000000000004,0.8660254037844384,0.0,1.0,1,0,45.48
00009_03-11-2025-09.22,172.0,-55.2,70.84,-25.2,62.35,4.8,78.21,64.8,35.42,-0.5000000000000004,0.8660254037844384,0.0,1.0,1,0,70.52
00009_03-11-2025-09.57,172.0,-60.0,62.35,-30.0,78.21,30.0,35.42,90.0,44.03,-0.5000000000000004,0.8660254037844384,0.0,1.0,1,0,48.24
00011_03-11-2025-10.02,182.0,-64.8,62.35,-34.8,78.21,25.2,35.42,85.2,44.03,-0.5000000000000004,0.8660254037844384,0.0,1.0,0,1,40.8
00009_03-11-2025-11.22,172.0,-115.2,78.21,-55.2,35.42,4.8,44.03,64.8,63.17,-0.5000000000000004,0.8660254037844384,0.0,1.0,1,0,50.46
00009_03-11-2025-12.22,172.0,-115.2,35.42,-55.2,44.03,4.8,63.17,34.8,33.1,-0.5000000000000004,0.8660254037844384,0.0,1.0,1,0,41.7
00009_03-11-2025-14.02,172.0,-64.8,33.1,-43.8,68.94,25.2,33.66,55.2,47.27,-0.5000000000000004,0.8660254037844384,0.0,1.0,1,0,19.32
00015_03-11-2025-14.12,157.0,-75.0,33.1,-54.0,68.94,15.0,33.66,45.0,47.27,-0.5000000000000004,0.8660254037844384,0.0,1.0,0,1,21.58
00017_03-11-2025-14.42,179.0,-84.0,68.94,-15.0,33.66,15.0,47.27,45.0,35.05,-0.5000000000000004,0.8660254037844384,0.0,1.0,1,0,45.17
00002_03-11-2025-16.37,157.0,-40.2,35.37,-10.2,67.77,19.8,42.35,49.8,70.11,-0.5000000000000004,0.8660254037844384,0.0,1.0,1,0,31.17
00015_03-11-2025-17.17,157.0,-49.8,67.77,-19.8,42.35,10.2,70.11,40.2,28.16,-0.5000000000000004,0.8660254037844384,0.0,1.0,0,1,41.18
00009_03-11-2025-17.22,172.0,-55.2,67.77,-25.2,42.35,4.8,70.11,34.8,28.16,-0.5000000000000004,0.8660254037844384,0.0,1.0,1,0,24.42
00002_03-11-2025-18.32,157.0,-34.8,28.16,-4.8,57.09,25.2,33.93,62.4,26.07,-0.5000000000000004,0.8660254037844384,0.0,1.0,1,0,22.51
00009_03-11-2025-19.29,172.0,-61.8,57.09,-31.8,33.93,5.4,26.07,36.0,35.98,-0.5000000000000004,0.8660254037844384,0.0,1.0,1,0,53.96
00009_03-11-2025-20.22,172.0,-48.0,26.07,-17.4,35.98,4.8,11.3,45.0,21.17,-0.5000000000000004,0.8660254037844384,0.0,1.0,1,0,26.19
00005_03-11-2025-21.02,172.0,-57.0,35.98,-34.8,11.3,5.4,21.17,550.2,34.21,-0.5000000000000004,0.8660254037844384,0.0,1.0,0,1,30.12
00002_04-11-2025-06.22,157.0,-555.0,21.17,-10.2,34.21,4.8,45.49,34.8,129.7,-0.5000000000000004,0.8660254037844384,0.7818314824680298,0.6234898018587336,1,0,20.35
00005_04-11-2025-07.02,172.0,-34.8,45.49,-4.8,129.7,25.2,37.2,55.2,32.65,-0.5000000000000004,0.8660254037844384,0.7818314824680298,0.6234898018587336,0,1,48.74
00002_04-11-2025-07.22,157.0,-55.2,45.49,-25.2,129.7,4.8,37.2,34.8,32.65,-0.5000000000000004,0.8660254037844384,0.7818314824680298,0.6234898018587336,1,0,49.61
00002_04-11-2025-08.32,157.0,-34.8,32.65,-4.8,69.33,25.2,36.29,55.2,64.01,-0.5000000000000004,0.8660254037844384,0.7818314824680298,0.6234898018587336,1,0,37.82
00009_04-11-2025-09.22,172.0,-55.2,69.33,-25.2,36.29,4.8,64.01,64.8,34.28,-0.5000000000000004,0.8660254037844384,0.7818314824680298,0.6234898018587336,1,0,15.07
00009_04-11-2025-09.57,172.0,-60.0,36.29,-30.0,64.01,30.0,34.28,90.0,34.25,-0.5000000000000004,0.8660254037844384,0.7818314824680298,0.6234898018587336,1,0,34.68
00011_04-11-2025-10.02,182.0,-64.8,36.29,-34.8,64.01,25.2,34.28,85.2,34.25,-0.5000000000000004,0.8660254037844384,0.7818314824680298,0.6234898018587336,0,1,25.26
00009_04-11-2025-11.22,172.0,-115.2,64.01,-55.2,34.28,4.8,34.25,64.8,52.1,-0.5000000000000004,0.8660254037844384,0.7818314824680298,0.6234898018587336,1,0,29.12
00009_04-11-2025-12.22,172.0,-115.2,34.28,-55.2,34.25,4.8,52.1,34.8,44.09,-0.5000000000000004,0.8660254037844384,0.7818314824680298,0.6234898018587336,1,0,10.0
00009_04-11-2025-14.02,172.0,-64.8,44.09,-43.8,48.24,25.2,76.2,55.2,38.85,-0.5000000000000004,0.8660254037844384,0.7818314824680298,0.6234898018587336,1,0,59.23
00015_04-11-2025-14.12,157.0,-75.0,44.09,-54.0,48.24,15.0,76.2,45.0,38.85,-0.5000000000000004,0.8660254037844384,0.7818314824680298,0.6234898018587336,0,1,23.45
00017_04-11-2025-14.42,179.0,-84.0,48.24,-15.0,76.2,15.0,38.85,45.0,31.35,-0.5000000000000004,0.8660254037844384,0.7818314824680298,0.6234898018587336,1,0,35.01
00002_04-11-2025-16.37,157.0,-40.2,38.96,-10.2,31.48,19.8,54.2,49.8,49.37,-0.5000000000000004,0.8660254037844384,0.7818314824680298,0.6234898018587336,1,0,13.89
00015_04-11-2025-17.17,157.0,-49.8,31.48,-19.8,54.2,10.2,49.37,40.2,77.44,-0.5000000000000004,0.8660254037844384,0.7818314824680298,0.6234898018587336,0,1,38.74
00009_04-11-2025-17.22,172.0,-55.2,31.48,-25.2,54.2,4.8,49.37,34.8,77.44,-0.5000000000000004,0.8660254037844384,0.7818314824680298,0.6234898018587336,1,0,44.04
00002_04-11-2025-18.32,157.0,-34.8,77.44,-4.8,59.88,25.2,29.36,62.4,29.32,-0.5000000000000004,0.8660254037844384,0.7818314824680298,0.6234898018587336,1,0,34.42
00009_04-11-2025-19.29,172.0,-61.8,59.88,-31.8,29.36,5.4,29.32,36.0,52.32,-0.5000000000000004,0.8660254037844384,0.7818314824680298,0.6234898018587336,1,0,32.4
00009_04-11-2025-20.22,172.0,-48.0,29.32,-17.4,52.32,4.8,37.06,45.0,39.92,-0.5000000000000004,0.8660254037844384,0.7818314824680298,0.6234898018587336,1,0,20.72
00005_04-11-2025-21.02,172.0,-57.0,52.32,-34.8,37.06,5.4,39.92,550.2,28.94,-0.5000000000000004,0.8660254037844384,0.7818314824680298,0.6234898018587336,0,1,32.02
00002_05-11-2025-06.22,157.0,-555.0,39.92,-10.2,28.94,4.8,44.82,34.8,101.62,-0.5000000000000004,0.8660254037844384,0.9749279121818236,-0.22252093395631434,1,0,39.83
00005_05-11-2025-07.02,172.0,-34.8,44.82,-4.8,101.62,25.2,33.75,55.2,36.27,-0.5000000000000004,0.8660254037844384,0.9749279121818236,-0.22252093395631434,0,1,36.78
00002_05-11-2025-07.22,157.0,-55.2,44.82,-25.2,101.62,4.8,33.75,34.8,36.27,-0.5000000000000004,0.8660254037844384,0.9749279121818236,-0.22252093395631434,1,0,38.02
00002_05-11-2025-08.32,157.0,-34.8,36.27,-4.8,74.61,25.2,37.73,55.2,72.74,-0.5000000000000004,0.8660254037844384,0.9749279121818236,-0.22252093395631434,1,0,47.01
00009_05-11-2025-09.22,172.0,-55.2,74.61,-25.2,37.73,4.8,72.74,64.8,42.43,-0.5000000000000004,0.8660254037844384,0.9749279121818236,-0.22252093395631434,1,0,50.16
00009_05-11-2025-09.57,172.0,-60.0,37.73,-30.0,72.74,30.0,42.43,90.0,50.98,-0.5000000000000004,0.8660254037844384,0.9749279121818236,-0.22252093395631434,1,0,40.23
00011_05-11-2025-10.02,182.0,-64.8,37.73,-34.8,72.74,25.2,42.43,85.2,50.98,-0.5000000000000004,0.8660254037844384,0.9749279121818236,-0.22252093395631434,0,1,22.88
00009_05-11-2025-11.22,172.0,-115.2,72.74,-55.2,42.43,4.8,50.98,64.8,43.09,-0.5000000000000004,0.8660254037844384,0.9749279121818236,-0.22252093395631434,1,0,45.35
00009_05-11-2025-12.22,172.0,-115.2,42.43,-55.2,50.98,4.8,43.09,34.8,41.15,-0.5000000000000004,0.8660254037844384,0.9749279121818236,-0.22252093395631434,1,0,24.07
00009_05-11-2025-14.02,172.0,-64.8,41.15,-43.8,48.24,25.2,33.24,55.2,41.22,-0.5000000000000004,0.8660254037844384,0.9749279121818236,-0.22252093395631434,1,0,42.0
00015_05-11-2025-14.12,157.0,-75.0,41.15,-54.0,48.24,15.0,33.24,45.0,41.22,-0.5000000000000004,0.8660254037844384,0.9749279121818236,-0.22252093395631434,0,1,37.6
00017_05-11-2025-14.42,179.0,-84.0,48.24,-15.0,33.24,15.0,41.22,45.0,36.23,-0.5000000000000004,0.8660254037844384,0.9749279121818236,-0.22252093395631434,1,0,43.65
00002_05-11-2025-16.37,157.0,-40.2,48.95,-10.2,42.75,19.8,124.88,49.8,59.64,-0.5000000000000004,0.8660254037844384,0.9749279121818236,-0.22252093395631434,1,0,37.83
00015_05-11-2025-17.17,157.0,-49.8,42.75,-19.8,124.88,10.2,59.64,40.2,57.7,-0.5000000000000004,0.8660254037844384,0.9749279121818236,-0.22252093395631434,0,1,43.83
00009_05-11-2025-17.22,172.0,-55.2,42.75,-25.2,124.88,4.8,59.64,34.8,57.7,-0.5000000000000004,0.8660254037844384,0.9749279121818236,-0.22252093395631434,1,0,51.22
00002_05-11-2025-18.32,157.0,-34.8,57.7,-4.8,56.46,25.2,132.62,62.4,28.95,-0.5000000000000004,0.8660254037844384,0.9749279121818236,-0.22252093395631434,1,0,41.0
00009_05-11-2025-19.29,172.0,-61.8,56.46,-31.8,132.62,5.4,28.95,36.0,47.36,-0.5000000000000004,0.8660254037844384,0.9749279121818236,-0.22252093395631434,1,0,34.22
00009_05-11-2025-20.22,172.0,-48.0,28.95,-17.4,47.36,4.8,38.39,45.0,53.78,-0.5000000000000004,0.8660254037844384,0.9749279121818236,-0.22252093395631434,1,0,29.36
00005_05-11-2025-21.02,172.0,-57.0,47.36,-34.8,38.39,5.4,53.78,550.2,29.99,-0.5000000000000004,0.8660254037844384,0.9749279121818236,-0.22252093395631434,0,1,44.46
00002_06-11-2025-06.22,157.0,-555.0,53.78,-10.2,29.99,4.8,50.9,34.8,64.3,-0.5000000000000004,0.8660254037844384,0.43388373911755823,-0.900968867902419,1,0,32.69
00005_06-11-2025-07.02,172.0,-34.8,50.9,-4.8,64.3,25.2,48.48,55.2,40.1,-0.5000000000000004,0.8660254037844384,0.43388373911755823,-0.900968867902419,0,1,51.25
00002_06-11-2025-07.22,157.0,-55.2,50.9,-25.2,64.3,4.8,48.48,34.8,40.1,-0.5000000000000004,0.8660254037844384,0.43388373911755823,-0.900968867902419,1,0,46.64
00002_06-11-2025-08.32,157.0,-34.8,40.1,-4.8,51.99,25.2,53.27,55.2,69.15,-0.5000000000000004,0.8660254037844384,0.43388373911755823,-0.900968867902419,1,0,33.08
00009_06-11-2025-09.22,172.0,-55.2,51.99,-25.2,53.27,4.8,69.15,64.8,59.77,-0.5000000000000004,0.8660254037844384,0.43388373911755823,-0.900968867902419,1,0,48.69
00009_06-11-2025-09.57,172.0,-60.0,53.27,-30.0,69.15,30.0,59.77,90.0,57.13,-0.5000000000000004,0.8660254037844384,0.43388373911755823,-0.900968867902419,1,0,61.76
00011_06-11-2025-10.02,182.0,-64.8,53.27,-34.8,69.15,25.2,59.77,85.2,57.13,-0.5000000000000004,0.8660254037844384,0.43388373911755823,-0.900968867902419,0,1,48.65
00009_06-11-2025-11.22,172.0,-115.2,69.15,-55.2,59.77,4.8,57.13,64.8,32.55,-0.5000000000000004,0.8660254037844384,0.43388373911755823,-0.900968867902419,1,0,76.27
00009_06-11-2025-12.22,172.0,-115.2,59.77,-55.2,57.13,4.8,32.55,34.8,69.96,-0.5000000000000004,0.8660254037844384,0.43388373911755823,-0.900968867902419,1,0,51.81
00002_06-11-2025-16.37,157.0,-40.2,89.23,-10.2,66.48,19.8,149.0,49.8,108.97,-0.5000000000000004,0.8660254037844384,0.43388373911755823,-0.900968867902419,1,0,58.46
00015_06-11-2025-17.17,157.0,-49.8,66.48,-19.8,149.0,10.2,108.97,40.2,65.75,-0.5000000000000004,0.8660254037844384,0.43388373911755823,-0.900968867902419,0,1,52.8
00009_06-11-2025-17.22,172.0,-55.2,66.48,-25.2,149.0,4.8,108.97,34.8,65.75,-0.5000000000000004,0.8660254037844384,0.43388373911755823,-0.900968867902419,1,0,75.13
00002_06-11-2025-18.32,157.0,-34.8,65.75,-4.8,94.59,25.2,78.53,62.4,37.12,-0.5000000000000004,0.8660254037844384,0.43388373911755823,-0.900968867902419,1,0,60.38
00009_06-11-2025-19.29,172.0,-61.8,94.59,-31.8,78.53,5.4,37.12,36.0,47.05,-0.5000000000000004,0.8660254037844384,0.43388373911755823,-0.900968867902419,1,0,44.2
00009_06-11-2025-20.22,172.0,-48.0,37.12,-17.4,47.05,4.8,67.28,45.0,55.97,-0.5000000000000004,0.8660254037844384,0.43388373911755823,-0.900968867902419,1,0,37.63
00005_06-11-2025-21.02,172.0,-57.0,47.05,-34.8,67.28,5.4,55.97,565.2,20.51,-0.5000000000000004,0.8660254037844384,0.43388373911755823,-0.900968867902419,0,1,29.86
00002_07-11-2025-06.22,157.0,-595.2,67.28,-555.0,55.97,4.8,20.51,34.8,60.19,-0.5000000000000004,0.8660254037844384,-0.433883739117558,-0.9009688679024191,1,0,31.27
00005_07-11-2025-07.02,172.0,-34.8,20.51,-4.8,60.19,25.2,57.0,55.2,48.21,-0.5000000000000004,0.8660254037844384,-0.433883739117558,-0.9009688679024191,0,1,46.85
00002_07-11-2025-07.22,157.0,-55.2,20.51,-25.2,60.19,4.8,57.0,34.8,48.21,-0.5000000000000004,0.8660254037844384,-0.433883739117558,-0.9009688679024191,1,0,41.84
00002_07-11-2025-08.32,157.0,-64.8,57.0,-34.8,48.21,25.2,119.31,55.2,77.99,-0.5000000000000004,0.8660254037844384,-0.433883739117558,-0.9009688679024191,1,0,30.83
00009_07-11-2025-09.22,172.0,-85.2,48.21,-25.2,119.31,4.8,77.99,64.8,49.31,-0.5000000000000004,0.8660254037844384,-0.433883739117558,-0.9009688679024191,1,0,43.32
00009_07-11-2025-09.57,172.0,-60.0,119.31,-30.0,77.99,30.0,49.31,90.0,111.07,-0.5000000000000004,0.8660254037844384,-0.433883739117558,-0.9009688679024191,1,0,63.31
00011_07-11-2025-10.02,182.0,-64.8,119.31,-34.8,77.99,25.2,49.31,85.2,111.07,-0.5000000000000004,0.8660254037844384,-0.433883739117558,-0.9009688679024191,0,1,58.85
00009_07-11-2025-11.22,172.0,-115.2,77.99,-55.2,49.31,4.8,111.07,64.8,40.01,-0.5000000000000004,0.8660254037844384,-0.433883739117558,-0.9009688679024191,1,0,80.11
00009_07-11-2025-12.22,172.0,-115.2,49.31,-55.2,111.07,4.8,40.01,34.8,81.23,-0.5000000000000004,0.8660254037844384,-0.433883739117558,-0.9009688679024191,1,0,26.41
00009_07-11-2025-14.02,172.0,-43.8,55.14,-4.8,78.11,25.2,100.46,55.2,107.85,-0.5000000000000004,0.8660254037844384,-0.433883739117558,-0.9009688679024191,1,0,70.8
00015_07-11-2025-14.12,157.0,-54.0,55.14,-15.0,78.11,15.0,100.46,45.0,107.85,-0.5000000000000004,0.8660254037844384,-0.433883739117558,-0.9009688679024191,0,1,44.1
00017_07-11-2025-14.42,179.0,-45.0,78.11,-15.0,100.46,15.0,107.85,45.0,49.99,-0.5000000000000004,0.8660254037844384,-0.433883739117558,-0.9009688679024191,1,0,85.54
00002_07-11-2025-16.37,157.0,-40.2,104.54,-10.2,93.22,19.8,97.98,49.8,41.21,-0.5000000000000004,0.8660254037844384,-0.433883739117558,-0.9009688679024191,1,0,53.77
00015_07-11-2025-17.17,157.0,-49.8,93.22,-19.8,97.98,10.2,41.21,40.2,47.84,-0.5000000000000004,0.8660254037844384,-0.433883739117558,-0.9009688679024191,0,1,45.8
00009_07-11-2025-17.22,172.0,-55.2,93.22,-25.2,97.98,4.8,41.21,34.8,47.84,-0.5000000000000004,0.8660254037844384,-0.433883739117558,-0.9009688679024191,1,0,64.73
00002_07-11-2025-18.32,157.0,-34.8,47.84,-4.8,87.93,25.2,60.39,62.4,33.6,-0.5000000000000004,0.8660254037844384,-0.433883739117558,-0.9009688679024191,1,0,30.71
00009_07-11-2025-19.29,172.0,-61.8,87.93,-31.8,60.39,5.4,33.6,36.0,74.62,-0.5000000000000004,0.8660254037844384,-0.433883739117558,-0.9009688679024191,1,0,41.26
00009_07-11-2025-20.22,172.0,-48.0,33.6,-17.4,74.62,4.8,57.25,45.0,82.12,-0.5000000000000004,0.8660254037844384,-0.433883739117558,-0.9009688679024191,1,0,30.08
00005_07-11-2025-21.02,172.0,-57.0,74.62,-34.8,57.25,5.4,82.12,565.2,28.66,-0.5000000000000004,0.8660254037844384,-0.433883739117558,-0.9009688679024191,0,1,45.34
00005_08-11-2025-07.02,172.0,-594.6,82.12,-34.8,28.66,25.2,56.73,85.2,69.53,-0.5000000000000004,0.8660254037844384,-0.9749279121818236,-0.2225209339563146,0,1,19.17
00009_08-11-2025-08.07,172.0,-100.2,28.66,-40.2,56.73,19.8,69.53,49.8,52.39,-0.5000000000000004,0.8660254037844384,-0.9749279121818236,-0.2225209339563146,1,0,48.71
00009_08-11-2025-09.22,172.0,-55.2,69.53,-25.2,52.39,4.8,61.96,64.8,49.49,-0.5000000000000004,0.8660254037844384,-0.9749279121818236,-0.2225209339563146,1,0,43.81
00009_08-11-2025-09.57,172.0,-60.0,52.39,-30.0,61.96,30.0,49.49,90.0,56.84,-0.5000000000000004,0.8660254037844384,-0.9749279121818236,-0.2225209339563146,1,0,36.04
00011_08-11-2025-10.02,182.0,-64.8,52.39,-34.8,61.96,25.2,49.49,85.2,56.84,-0.5000000000000004,0.8660254037844384,-0.9749279121818236,-0.2225209339563146,0,1,41.02
00009_08-11-2025-11.22,172.0,-115.2,61.96,-55.2,49.49,4.8,56.84,64.8,61.46,-0.5000000000000004,0.8660254037844384,-0.9749279121818236,-0.2225209339563146,1,0,52.01
00009_08-11-2025-12.22,172.0,-115.2,49.49,-55.2,56.84,4.8,61.46,55.8,82.74,-0.5000000000000004,0.8660254037844384,-0.9749279121818236,-0.2225209339563146,1,0,50.4
00015_08-11-2025-14.12,157.0,-105.0,61.46,-54.0,82.74,75.0,34.95,135.0,88.63,-0.5000000000000004,0.8660254037844384,-0.9749279121818236,-0.2225209339563146,0,1,22.95
00017_08-11-2025-14.42,179.0,-135.0,61.46,-84.0,82.74,45.0,34.95,105.0,88.63,-0.5000000000000004,0.8660254037844384,-0.9749279121818236,-0.2225209339563146,1,0,24.88
00002_08-11-2025-16.37,157.0,-70.2,34.95,-10.2,88.63,49.8,20.32,109.8,104.18,-0.5000000000000004,0.8660254037844384,-0.9749279121818236,-0.2225209339563146,1,0,46.94
00015_08-11-2025-17.17,157.0,-109.8,34.95,-49.8,88.63,10.2,20.32,70.2,104.18,-0.5000000000000004,0.8660254037844384,-0.9749279121818236,-0.2225209339563146,0,1,10.0
00009_08-11-2025-19.29,172.0,-121.8,20.32,-61.8,104.18,5.4,36.19,58.2,25.96,-0.5000000000000004,0.8660254037844384,-0.9749279121818236,-0.2225209339563146,1,0,49.84
00009_08-11-2025-20.22,172.0,-115.2,104.18,-48.0,36.19,4.8,25.96,604.8,46.54,-0.5000000000000004,0.8660254037844384,-0.9749279121818236,-0.2225209339563146,1,0,11.2
00005_08-11-2025-21.02,172.0,-87.6,36.19,-34.8,25.96,565.2,46.54,625.2,42.79,-0.5000000000000004,0.8660254037844384,-0.9749279121818236,-0.2225209339563146,0,1,23.05
00005_09-11-2025-07.02,172.0,-634.8,25.96,-34.8,46.54,25.2,42.79,85.2,83.34,-0.5000000000000004,0.8660254037844384,-0.7818314824680299,0.6234898018587334,0,1,50.4
00009_09-11-2025-08.07,172.0,-100.2,46.54,-40.2,42.79,19.8,83.34,79.8,48.41,-0.5000000000000004,0.8660254037844384,-0.7818314824680299,0.6234898018587334,1,0,53.09
00009_09-11-2025-09.22,172.0,-115.2,42.79,-55.2,83.34,4.8,48.41,64.8,44.91,-0.5000000000000004,0.8660254037844384,-0.7818314824680299,0.6234898018587334,1,0,65.22
00009_09-11-2025-09.57,172.0,-90.0,83.34,-30.0,48.41,30.0,44.91,90.0,147.36,-0.5000000000000004,0.8660254037844384,-0.7818314824680299,0.6234898018587334,1,0,66.34
00011_09-11-2025-10.02,182.0,-94.8,83.34,-34.8,48.41,25.2,44.91,85.2,147.36,-0.5000000000000004,0.8660254037844384,-0.7818314824680299,0.6234898018587334,0,1,25.46
00009_09-11-2025-11.22,172.0,-115.2,48.41,-55.2,44.91,4.8,147.36,64.8,62.91,-0.5000000000000004,0.8660254037844384,-0.7818314824680299,0.6234898018587334,1,0,95.89
00009_09-11-2025-12.22,172.0,-115.2,44.91,-55.2,147.36,4.8,62.91,55.8,55.14,-0.5000000000000004,0.8660254037844384,-0.7818314824680299,0.6234898018587334,1,0,71.35
00009_09-11-2025-14.02,172.0,-94.8,62.91,-43.8,55.14,25.2,100.63,85.2,65.76,-0.5000000000000004,0.8660254037844384,-0.7818314824680299,0.6234898018587334,1,0,92.48
00015_09-11-2025-14.12,157.0,-105.0,62.91,-54.0,55.14,15.0,100.63,75.0,65.76,-0.5000000000000004,0.8660254037844384,-0.7818314824680299,0.6234898018587334,0,1,52.78
00017_09-11-2025-14.42,179.0,-84.0,55.14,-15.0,100.63,45.0,65.76,105.0,78.45,-0.5000000000000004,0.8660254037844384,-0.7818314824680299,0.6234898018587334,1,0,96.79
00002_09-11-2025-16.37,157.0,-70.2,65.76,-10.2,78.45,19.8,101.16,49.8,58.1,-0.5000000000000004,0.8660254037844384,-0.7818314824680299,0.6234898018587334,1,0,85.91
00015_09-11-2025-17.17,157.0,-49.8,78.45,-19.8,101.16,10.2,58.1,40.2,53.34,-0.5000000000000004,0.8660254037844384,-0.7818314824680299,0.6234898018587334,0,1,63.11
00009_09-11-2025-17.22,172.0,-55.2,78.45,-25.2,101.16,4.8,58.1,34.8,53.34,-0.5000000000000004,0.8660254037844384,-0.7818314824680299,0.6234898018587334,1,0,93.93
00002_09-11-2025-18.32,157.0,-34.8,53.34,-4.8,89.89,25.2,99.24,62.4,81.27,-0.5000000000000004,0.8660254037844384,-0.7818314824680299,0.6234898018587334,1,0,82.33
00009_09-11-2025-19.29,172.0,-61.8,89.89,-31.8,99.24,5.4,81.27,36.0,86.8,-0.5000000000000004,0.8660254037844384,-0.7818314824680299,0.6234898018587334,1,0,82.49
00009_09-11-2025-20.22,172.0,-48.0,81.27,-17.4,86.8,4.8,91.93,45.0,133.23,-0.5000000000000004,0.8660254037844384,-0.7818314824680299,0.6234898018587334,1,0,79.33
00005_09-11-2025-21.02,172.0,-57.0,86.8,-34.8,91.93,5.4,133.23,550.2,30.46,-0.5000000000000004,0.8660254037844384,-0.7818314824680299,0.6234898018587334,0,1,59.91
00002_10-11-2025-06.22,157.0,-555.0,133.23,-10.2,30.46,4.8,38.64,34.8,44.89,-0.5000000000000004,0.8660254037844384,0.0,1.0,1,0,32.69
00005_10-11-2025-07.02,172.0,-34.8,38.64,-4.8,44.89,25.2,60.86,55.2,61.88,-0.5000000000000004,0.8660254037844384,0.0,1.0,0,1,47.55
00002_10-11-2025-07.22,157.0,-55.2,38.64,-25.2,44.89,4.8,60.86,34.8,61.88,-0.5000000000000004,0.8660254037844384,0.0,1.0,1,0,31.87
00002_10-11-2025-08.32,157.0,-34.8,61.88,-4.8,66.08,25.2,48.35,55.2,65.01,-0.5000000000000004,0.8660254037844384,0.0,1.0,1,0,43.87
00009_10-11-2025-09.22,172.0,-55.2,66.08,-25.2,48.35,4.8,65.01,64.8,33.71,-0.5000000000000004,0.8660254037844384,0.0,1.0,1,0,55.28
00009_10-11-2025-09.57,172.0,-60.0,48.35,-30.0,65.01,30.0,33.71,90.0,35.37,-0.5000000000000004,0.8660254037844384,0.0,1.0,1,0,35.88
00011_10-11-2025-10.02,182.0,-64.8,48.35,-34.8,65.01,25.2,33.71,85.2,35.37,-0.5000000000000004,0.8660254037844384,0.0,1.0,0,1,37.33
00009_10-11-2025-11.22,172.0,-115.2,65.01,-55.2,33.71,4.8,35.37,64.8,53.31,-0.5000000000000004,0.8660254037844384,0.0,1.0,1,0,18.09
00009_10-11-2025-12.22,172.0,-115.2,33.71,-55.2,35.37,4.8,53.31,34.8,48.09,-0.5000000000000004,0.8660254037844384,0.0,1.0,1,0,33.39
00009_10-11-2025-14.02,172.0,-64.8,48.09,-43.8,68.94,25.2,33.35,55.2,37.63,-0.5000000000000004,0.8660254037844384,0.0,1.0,1,0,25.08
00015_10-11-2025-14.12,157.0,-75.0,48.09,-54.0,68.94,15.0,33.35,45.0,37.63,-0.5000000000000004,0.8660254037844384,0.0,1.0,0,1,25.37
00017_10-11-2025-14.42,179.0,-84.0,68.94,-15.0,33.35,15.0,37.63,45.0,39.09,-0.5000000000000004,0.8660254037844384,0.0,1.0,1,0,40.65
00002_10-11-2025-16.37,157.0,-40.2,45.77,-10.2,71.04,19.8,53.19,49.8,67.33,-0.5000000000000004,0.8660254037844384,0.0,1.0,1,0,21.79
00015_10-11-2025-17.17,157.0,-49.8,71.04,-19.8,53.19,10.2,67.33,40.2,43.8,-0.5000000000000004,0.8660254037844384,0.0,1.0,0,1,38.88
00009_10-11-2025-17.22,172.0,-55.2,71.04,-25.2,53.19,4.8,67.33,34.8,43.8,-0.5000000000000004,0.8660254037844384,0.0,1.0,1,0,59.91
00002_10-11-2025-18.32,157.0,-34.8,43.8,-4.8,70.95,25.2,51.13,62.4,22.85,-0.5000000000000004,0.8660254037844384,0.0,1.0,1,0,43.17
00009_10-11-2025-19.29,172.0,-61.8,70.95,-31.8,51.13,5.4,22.85,36.0,27.05,-0.5000000000000004,0.8660254037844384,0.0,1.0,1,0,67.91
00009_10-11-2025-20.22,172.0,-48.0,22.85,-17.4,27.05,4.8,19.03,45.0,34.04,-0.5000000000000004,0.8660254037844384,0.0,1.0,1,0,22.03
00005_10-11-2025-21.02,172.0,-57.0,27.05,-34.8,19.03,5.4,34.04,550.2,35.08,-0.5000000000000004,0.8660254037844384,0.0,1.0,0,1,21.24
00002_11-11-2025-06.22,157.0,-555.0,34.04,-10.2,35.08,4.8,39.16,34.8,124.01,-0.5000000000000004,0.8660254037844384,0.7818314824680298,0.6234898018587336,1,0,34.75
00005_11-11-2025-07.02,172.0,-34.8,39.16,-4.8,124.01,25.2,33.27,55.2,38.8,-0.5000000000000004,0.8660254037844384,0.7818314824680298,0.6234898018587336,0,1,30.39
00002_11-11-2025-07.22,157.0,-55.2,39.16,-25.2,124.01,4.8,33.27,34.8,38.8,-0.5000000000000004,0.8660254037844384,0.7818314824680298,0.6234898018587336,1,0,37.42
00002_11-11-2025-08.32,157.0,-34.8,38.8,-4.8,61.94,25.2,40.21,55.2,57.11,-0.5000000000000004,0.8660254037844384,0.7818314824680298,0.6234898018587336,1,0,31.77
00009_11-11-2025-09.22,172.0,-55.2,61.94,-25.2,40.21,4.8,57.11,64.8,33.73,-0.5000000000000004,0.8660254037844384,0.7818314824680298,0.6234898018587336,1,0,39.83
00009_11-11-2025-09.57,172.0,-60.0,40.21,-30.0,57.11,30.0,33.73,90.0,49.21,-0.5000000000000004,0.8660254037844384,0.7818314824680298,0.6234898018587336,1,0,27.2
00011_11-11-2025-10.02,182.0,-64.8,40.21,-34.8,57.11,25.2,33.73,85.2,49.21,-0.5000000000000004,0.8660254037844384,0.7818314824680298,0.6234898018587336,0,1,45.37
00009_11-11-2025-11.22,172.0,-115.2,57.11,-55.2,33.73,4.8,49.21,64.8,48.37,-0.5000000000000004,0.8660254037844384,0.7818314824680298,0.6234898018587336,1,0,34.42
00009_11-11-2025-12.22,172.0,-115.2,33.73,-55.2,49.21,4.8,48.37,34.8,44.17,-0.5000000000000004,0.8660254037844384,0.7818314824680298,0.6234898018587336,1,0,35.21
00009_11-11-2025-14.02,172.0,-64.8,44.17,-43.8,48.24,25.2,59.6,55.2,35.55,-0.5000000000000004,0.8660254037844384,0.7818314824680298,0.6234898018587336,1,0,18.27
00015_11-11-2025-14.12,157.0,-75.0,44.17,-54.0,48.24,15.0,59.6,45.0,35.55,-0.5000000000000004,0.8660254037844384,0.7818314824680298,0.6234898018587336,0,1,23.21
00017_11-11-2025-14.42,179.0,-84.0,48.24,-15.0,59.6,15.0,35.55,45.0,29.54,-0.5000000000000004,0.8660254037844384,0.7818314824680298,0.6234898018587336,1,0,26.7
00002_11-11-2025-16.37,157.0,-40.2,22.94,-10.2,35.19,19.8,50.58,49.8,55.77,-0.5000000000000004,0.8660254037844384,0.7818314824680298,0.6234898018587336,1,0,34.98
00015_11-11-2025-17.17,157.0,-49.8,35.19,-19.8,50.58,10.2,55.77,40.2,75.37,-0.5000000000000004,0.8660254037844384,0.7818314824680298,0.6234898018587336,0,1,45.2
00009_11-11-2025-17.22,172.0,-55.2,35.19,-25.2,50.58,4.8,55.77,34.8,75.37,-0.5000000000000004,0.8660254037844384,0.7818314824680298,0.6234898018587336,1,0,26.35
00002_11-11-2025-18.32,157.0,-34.8,75.37,-4.8,61.03,25.2,36.15,62.4,28.79,-0.5000000000000004,0.8660254037844384,0.7818314824680298,0.6234898018587336,1,0,32.18
00009_11-11-2025-19.29,172.0,-61.8,61.03,-31.8,36.15,5.4,28.79,36.0,28.98,-0.5000000000000004,0.8660254037844384,0.7818314824680298,0.6234898018587336,1,0,26.3
00009_11-11-2025-20.22,172.0,-48.0,28.79,-17.4,28.98,4.8,33.87,45.0,42.48,-0.5000000000000004,0.8660254037844384,0.7818314824680298,0.6234898018587336,1,0,24.34
00005_11-11-2025-21.02,172.0,-57.0,28.98,-34.8,33.87,5.4,42.48,550.2,35.8,-0.5000000000000004,0.8660254037844384,0.7818314824680298,0.6234898018587336,0,1,18.12
00002_12-11-2025-06.22,157.0,-555.0,42.48,-10.2,35.8,4.8,33.42,34.8,110.17,-0.5000000000000004,0.8660254037844384,0.9749279121818236,-0.22252093395631434,1,0,20.71
00005_12-11-2025-07.02,172.0,-34.8,33.42,-4.8,110.17,25.2,44.84,55.2,38.57,-0.5000000000000004,0.8660254037844384,0.9749279121818236,-0.22252093395631434,0,1,57.18
00002_12-11-2025-07.22,157.0,-55.2,33.42,-25.2,110.17,4.8,44.84,34.8,38.57,-0.5000000000000004,0.8660254037844384,0.9749279121818236,-0.22252093395631434,1,0,32.57
00002_12-11-2025-08.32,157.0,-34.8,38.57,-4.8,82.93,25.2,44.48,55.2,59.2,-0.5000000000000004,0.8660254037844384,0.9749279121818236,-0.22252093395631434,1,0,65.21
00009_12-11-2025-09.22,172.0,-55.2,82.93,-25.2,44.48,4.8,59.2,64.8,46.85,-0.5000000000000004,0.8660254037844384,0.9749279121818236,-0.22252093395631434,1,0,42.55
00009_12-11-2025-09.57,172.0,-60.0,44.48,-30.0,59.2,30.0,46.85,90.0,45.11,-0.5000000000000004,0.8660254037844384,0.9749279121818236,-0.22252093395631434,1,0,30.2
00011_12-11-2025-10.02,182.0,-64.8,44.48,-34.8,59.2,25.2,46.85,85.2,45.11,-0.5000000000000004,0.8660254037844384,0.9749279121818236,-0.22252093395631434,0,1,40.69
00009_12-11-2025-11.22,172.0,-115.2,59.2,-55.2,46.85,4.8,45.11,64.8,52.48,-0.5000000000000004,0.8660254037844384,0.9749279121818236,-0.22252093395631434,1,0,40.59
00009_12-11-2025-12.22,172.0,-115.2,46.85,-55.2,45.11,4.8,52.48,34.8,57.45,-0.5000000000000004,0.8660254037844384,0.9749279121818236,-0.22252093395631434,1,0,36.9
00009_12-11-2025-14.02,172.0,-64.8,57.45,-43.8,48.24,25.2,40.47,55.2,53.59,-0.5000000000000004,0.8660254037844384,0.9749279121818236,-0.22252093395631434,1,0,50.44
00015_12-11-2025-14.12,157.0,-75.0,57.45,-54.0,48.24,15.0,40.47,45.0,53.59,-0.5000000000000004,0.8660254037844384,0.9749279121818236,-0.22252093395631434,0,1,10.93
00017_12-11-2025-14.42,179.0,-84.0,48.24,-15.0,40.47,15.0,53.59,45.0,33.45,-0.5000000000000004,0.8660254037844384,0.9749279121818236,-0.22252093395631434,1,0,57.15
00002_12-11-2025-16.37,157.0,-40.2,78.4,-10.2,53.22,19.8,136.15,49.8,67.22,-0.5000000000000004,0.8660254037844384,0.9749279121818236,-0.22252093395631434,1,0,58.67
00015_12-11-2025-17.17,157.0,-49.8,53.22,-19.8,136.15,10.2,67.22,40.2,59.62,-0.5000000000000004,0.8660254037844384,0.9749279121818236,-0.22252093395631434,0,1,63.01
00009_12-11-2025-17.22,172.0,-55.2,53.22,-25.2,136.15,4.8,67.22,34.8,59.62,-0.5000000000000004,0.8660254037844384,0.9749279121818236,-0.22252093395631434,1,0,38.91
00002_12-11-2025-18.32,157.0,-34.8,59.62,-4.8,70.06,25.2,92.59,62.4,31.76,-0.5000000000000004,0.8660254037844384,0.9749279121818236,-0.22252093395631434,1,0,50.01
00009_12-11-2025-19.29,172.0,-61.8,70.06,-31.8,92.59,5.4,31.76,36.0,46.09,-0.5000000000000004,0.8660254037844384,0.9749279121818236,-0.22252093395631434,1,0,48.64
00009_12-11-2025-20.22,172.0,-48.0,31.76,-17.4,46.09,4.8,27.05,45.0,64.66,-0.5000000000000004,0.8660254037844384,0.9749279121818236,-0.22252093395631434,1,0,21.96
00005_12-11-2025-21.02,172.0,-57.0,46.09,-34.8,27.05,5.4,64.66,550.2,28.98,-0.5000000000000004,0.8660254037844384,0.9749279121818236,-0.22252093395631434,0,1,50.39
00002_13-11-2025-06.22,157.0,-555.0,64.66,-10.2,28.98,4.8,54.03,34.8,51.1,-0.5000000000000004,0.8660254037844384,0.43388373911755823,-0.900968867902419,1,0,34.07
00005_13-11-2025-07.02,172.0,-34.8,54.03,-4.8,51.1,25.2,47.45,55.2,46.27,-0.5000000000000004,0.8660254037844384,0.43388373911755823,-0.900968867902419,0,1,37.59
00002_13-11-2025-07.22,157.0,-55.2,54.03,-25.2,51.1,4.8,47.45,34.8,46.27,-0.5000000000000004,0.8660254037844384,0.43388373911755823,-0.900968867902419,1,0,50.9
00002_13-11-2025-08.32,157.0,-34.8,46.27,-4.8,56.46,25.2,52.35,55.2,56.35,-0.5000000000000004,0.8660254037844384,0.43388373911755823,-0.900968867902419,1,0,45.33
00009_13-11-2025-09.22,172.0,-55.2,56.46,-25.2,52.35,4.8,56.35,64.8,54.99,-0.5000000000000004,0.8660254037844384,0.43388373911755823,-0.900968867902419,1,0,61.49
00009_13-11-2025-09.57,172.0,-60.0,52.35,-30.0,56.35,30.0,54.99,90.0,46.23,-0.5000000000000004,0.8660254037844384,0.43388373911755823,-0.900968867902419,1,0,58.09
00011_13-11-2025-10.02,182.0,-64.8,52.35,-34.8,56.35,25.2,54.99,85.2,46.23,-0.5000000000000004,0.8660254037844384,0.43388373911755823,-0.900968867902419,0,1,35.98
00009_13-11-2025-11.22,172.0,-115.2,56.35,-55.2,54.99,4.8,46.23,64.8,45.29,-0.5000000000000004,0.8660254037844384,0.43388373911755823,-0.900968867902419,1,0,60.71
00009_13-11-2025-12.22,172.0,-115.2,54.99,-55.2,46.23,4.8,45.29,34.8,65.66,-0.5000000000000004,0.8660254037844384,0.43388373911755823,-0.900968867902419,1,0,53.79
00002_13-11-2025-16.37,157.0,-40.2,100.36,-10.2,54.53,19.8,142.37,49.8,113.36,-0.5000000000000004,0.8660254037844384,0.43388373911755823,-0.900968867902419,1,0,39.62
00015_13-11-2025-17.17,157.0,-49.8,54.53,-19.8,142.37,10.2,113.36,40.2,60.52,-0.5000000000000004,0.8660254037844384,0.43388373911755823,-0.900968867902419,0,1,57.33
00009_13-11-2025-17.22,172.0,-55.2,54.53,-25.2,142.37,4.8,113.36,34.8,60.52,-0.5000000000000004,0.8660254037844384,0.43388373911755823,-0.900968867902419,1,0,73.62
00002_13-11-2025-18.32,157.0,-34.8,60.52,-4.8,58.54,25.2,73.41,62.4,34.13,-0.5000000000000004,0.8660254037844384,0.43388373911755823,-0.900968867902419,1,0,26.16
00009_13-11-2025-19.29,172.0,-61.8,58.54,-31.8,73.41,5.4,34.13,36.0,63.91,-0.5000000000000004,0.8660254037844384,0.43388373911755823,-0.900968867902419,1,0,50.64
00009_13-11-2025-20.22,172.0,-48.0,34.13,-17.4,63.91,4.8,56.25,45.0,63.42,-0.5000000000000004,0.8660254037844384,0.43388373911755823,-0.900968867902419,1,0,31.56
00005_13-11-2025-21.02,172.0,-57.0,63.91,-34.8,56.25,5.4,63.42,565.2,19.41,-0.5000000000000004,0.8660254037844384,0.43388373911755823,-0.900968867902419,0,1,33.55
00002_14-11-2025-06.22,157.0,-595.2,56.25,-555.0,63.42,4.8,19.41,34.8,46.39,-0.5000000000000004,0.8660254037844384,-0.433883739117558,-0.9009688679024191,1,0,32.73
00005_14-11-2025-07.02,172.0,-34.8,19.41,-4.8,46.39,25.2,74.96,55.2,56.9,-0.5000000000000004,0.8660254037844384,-0.433883739117558,-0.9009688679024191,0,1,22.98
00002_14-11-2025-07.22,157.0,-55.2,19.41,-25.2,46.39,4.8,74.96,34.8,56.9,-0.5000000000000004,0.8660254037844384,-0.433883739117558,-0.9009688679024191,1,0,35.97
00002_14-11-2025-08.32,157.0,-64.8,74.96,-34.8,56.9,25.2,104.33,55.2,71.08,-0.5000000000000004,0.8660254037844384,-0.433883739117558,-0.9009688679024191,1,0,29.77
00009_14-11-2025-09.22,172.0,-85.2,56.9,-25.2,104.33,4.8,71.08,64.8,67.23,-0.5000000000000004,0.8660254037844384,-0.433883739117558,-0.9009688679024191,1,0,48.7
00009_14-11-2025-09.57,172.0,-60.0,104.33,-30.0,71.08,30.0,67.23,90.0,103.55,-0.5000000000000004,0.8660254037844384,-0.433883739117558,-0.9009688679024191,1,0,52.67
00011_14-11-2025-10.02,182.0,-64.8,104.33,-34.8,71.08,25.2,67.23,85.2,103.55,-0.5000000000000004,0.8660254037844384,-0.433883739117558,-0.9009688679024191,0,1,46.49
00009_14-11-2025-11.22,172.0,-115.2,71.08,-55.2,67.23,4.8,103.55,64.8,48.09,-0.5000000000000004,0.8660254037844384,-0.433883739117558,-0.9009688679024191,1,0,86.73
00009_14-11-2025-12.22,172.0,-115.2,67.23,-55.2,103.55,4.8,48.09,34.8,79.49,-0.5000000000000004,0.8660254037844384,-0.433883739117558,-0.9009688679024191,1,0,55.75
00009_14-11-2025-14.02,172.0,-43.8,55.14,-4.8,81.35,25.2,88.75,55.2,85.24,-0.5000000000000004,0.8660254037844384,-0.433883739117558,-0.9009688679024191,1,0,73.24
00015_14-11-2025-14.12,157.0,-54.0,55.14,-15.0,81.35,15.0,88.75,45.0,85.24,-0.5000000000000004,0.8660254037844384,-0.433883739117558,-0.9009688679024191,0,1,46.14
00017_14-11-2025-14.42,179.0,-45.0,81.35,-15.0,88.75,15.0,85.24,45.0,51.93,-0.5000000000000004,0.8660254037844384,-0.433883739117558,-0.9009688679024191,1,0,79.8
00002_14-11-2025-16.37,157.0,-40.2,109.1,-10.2,93.32,19.8,100.01,49.8,55.47,-0.5000000000000004,0.8660254037844384,-0.433883739117558,-0.9009688679024191,1,0,50.21
00015_14-11-2025-17.17,157.0,-49.8,93.32,-19.8,100.01,10.2,55.47,40.2,52.31,-0.5000000000000004,0.8660254037844384,-0.433883739117558,-0.9009688679024191,0,1,37.35
00009_14-11-2025-17.22,172.0,-55.2,93.32,-25.2,100.01,4.8,55.47,34.8,52.31,-0.5000000000000004,0.8660254037844384,-0.433883739117558,-0.9009688679024191,1,0,53.73
00002_14-11-2025-18.32,157.0,-34.8,52.31,-4.8,79.78,25.2,65.36,62.4,27.23,-0.5000000000000004,0.8660254037844384,-0.433883739117558,-0.9009688679024191,1,0,48.88
00009_14-11-2025-19.29,172.0,-61.8,79.78,-31.8,65.36,5.4,27.23,36.0,62.64,-0.5000000000000004,0.8660254037844384,-0.433883739117558,-0.9009688679024191,1,0,50.29
00009_14-11-2025-20.22,172.0,-48.0,27.23,-17.4,62.64,4.8,49.48,45.0,86.26,-0.5000000000000004,0.8660254037844384,-0.433883739117558,-0.9009688679024191,1,0,28.37
00005_14-11-2025-21.02,172.0,-57.0,62.64,-34.8,49.48,5.4,86.26,565.2,29.65,-0.5000000000000004,0.8660254037844384,-0.433883739117558,-0.9009688679024191,0,1,41.5
00005_15-11-2025-07.02,172.0,-594.6,86.26,-34.8,29.65,25.2,58.15,85.2,43.83,-0.5000000000000004,0.8660254037844384,-0.9749279121818236,-0.2225209339563146,0,1,30.04
00009_15-11-2025-08.07,172.0,-100.2,29.65,-40.2,58.15,19.8,43.83,49.8,51.61,-0.5000000000000004,0.8660254037844384,-0.9749279121818236,-0.2225209339563146,1,0,40.7
00009_15-11-2025-09.22,172.0,-55.2,43.83,-25.2,51.61,4.8,63.06,64.8,39.76,-0.5000000000000004,0.8660254037844384,-0.9749279121818236,-0.2225209339563146,1,0,26.46
00009_15-11-2025-09.57,172.0,-60.0,51.61,-30.0,63.06,30.0,39.76,90.0,46.22,-0.5000000000000004,0.8660254037844384,-0.9749279121818236,-0.2225209339563146,1,0,48.91
00011_15-11-2025-10.02,182.0,-64.8,51.61,-34.8,63.06,25.2,39.76,85.2,46.22,-0.5000000000000004,0.8660254037844384,-0.9749279121818236,-0.2225209339563146,0,1,19.86
00009_15-11-2025-11.22,172.0,-115.2,63.06,-55.2,39.76,4.8,46.22,64.8,53.94,-0.5000000000000004,0.8660254037844384,-0.9749279121818236,-0.2225209339563146,1,0,34.66
00009_15-11-2025-12.22,172.0,-115.2,39.76,-55.2,46.22,4.8,53.94,55.8,82.74,-0.5000000000000004,0.8660254037844384,-0.9749279121818236,-0.2225209339563146,1,0,52.07
00015_15-11-2025-14.12,157.0,-105.0,53.94,-54.0,82.74,75.0,26.28,135.0,106.65,-0.5000000000000004,0.8660254037844384,-0.9749279121818236,-0.2225209339563146,0,1,10.0
00017_15-11-2025-14.42,179.0,-135.0,53.94,-84.0,82.74,45.0,26.28,105.0,106.65,-0.5000000000000004,0.8660254037844384,-0.9749279121818236,-0.2225209339563146,1,0,43.99
00002_15-11-2025-16.37,157.0,-70.2,26.28,-10.2,106.65,49.8,22.17,109.8,104.06,-0.5000000000000004,0.8660254037844384,-0.9749279121818236,-0.2225209339563146,1,0,22.12
00015_15-11-2025-17.17,157.0,-109.8,26.28,-49.8,106.65,10.2,22.17,70.2,104.06,-0.5000000000000004,0.8660254037844384,-0.9749279121818236,-0.2225209339563146,0,1,30.56
00009_15-11-2025-19.29,172.0,-121.8,22.17,-61.8,104.06,5.4,35.18,58.2,15.97,-0.5000000000000004,0.8660254037844384,-0.9749279121818236,-0.2225209339563146,1,0,10.0
00009_15-11-2025-20.22,172.0,-115.2,104.06,-48.0,35.18,4.8,15.97,604.8,45.24,-0.5000000000000004,0.8660254037844384,-0.9749279121818236,-0.2225209339563146,1,0,50.97
00005_15-11-2025-21.02,172.0,-87.6,35.18,-34.8,15.97,565.2,45.24,625.2,46.48,-0.5000000000000004,0.8660254037844384,-0.9749279121818236,-0.2225209339563146,0,1,11.97
00005_16-11-2025-07.02,172.0,-634.8,15.97,-34.8,45.24,25.2,46.48,85.2,94.24,-0.5000000000000004,0.8660254037844384,-0.7818314824680299,0.6234898018587334,0,1,44.82
00009_16-11-2025-08.07,172.0,-100.2,45.24,-40.2,46.48,19.8,94.24,79.8,54.11,-0.5000000000000004,0.8660254037844384,-0.7818314824680299,0.6234898018587334,1,0,59.63
00009_16-11-2025-09.22,172.0,-115.2,46.48,-55.2,94.24,4.8,54.11,64.8,40.8,-0.5000000000000004,0.8660254037844384,-0.7818314824680299,0.6234898018587334,1,0,39.1
00009_16-11-2025-09.57,172.0,-90.0,94.24,-30.0,54.11,30.0,40.8,90.0,148.88,-0.5000000000000004,0.8660254037844384,-0.7818314824680299,0.6234898018587334,1,0,75.24
00011_16-11-2025-10.02,182.0,-94.8,94.24,-34.8,54.11,25.2,40.8,85.2,148.88,-0.5000000000000004,0.8660254037844384,-0.7818314824680299,0.6234898018587334,0,1,51.62
00009_16-11-2025-11.22,172.0,-115.2,54.11,-55.2,40.8,4.8,148.88,64.8,54.63,-0.5000000000000004,0.8660254037844384,-0.7818314824680299,0.6234898018587334,1,0,66.65
00009_16-11-2025-12.22,172.0,-115.2,40.8,-55.2,148.88,4.8,54.63,55.8,55.14,-0.5000000000000004,0.8660254037844384,-0.7818314824680299,0.6234898018587334,1,0,62.43
00009_16-11-2025-14.02,172.0,-94.8,54.63,-43.8,55.14,25.2,99.34,85.2,67.53,-0.5000000000000004,0.8660254037844384,-0.7818314824680299,0.6234898018587334,1,0,84.87
00015_16-11-2025-14.12,157.0,-105.0,54.63,-54.0,55.14,15.0,99.34,75.0,67.53,-0.5000000000000004,0.8660254037844384,-0.7818314824680299,0.6234898018587334,0,1,66.17
00017_16-11-2025-14.42,179.0,-84.0,55.14,-15.0,99.34,45.0,67.53,105.0,92.13,-0.5000000000000004,0.8660254037844384,-0.7818314824680299,0.6234898018587334,1,0,85.07
00002_16-11-2025-16.37,157.0,-70.2,67.53,-10.2,92.13,19.8,79.98,49.8,67.2,-0.5000000000000004,0.8660254037844384,-0.7818314824680299,0.6234898018587334,1,0,91.11
00015_16-11-2025-17.17,157.0,-49.8,92.13,-19.8,79.98,10.2,67.2,40.2,69.93,-0.5000000000000004,0.8660254037844384,-0.7818314824680299,0.6234898018587334,0,1,65.37
00009_16-11-2025-17.22,172.0,-55.2,92.13,-25.2,79.98,4.8,67.2,34.8,69.93,-0.5000000000000004,0.8660254037844384,-0.7818314824680299,0.6234898018587334,1,0,83.47
00002_16-11-2025-18.32,157.0,-34.8,69.93,-4.8,110.6,25.2,119.17,62.4,84.2,-0.5000000000000004,0.8660254037844384,-0.7818314824680299,0.6234898018587334,1,0,77.19
00009_16-11-2025-19.29,172.0,-61.8,110.6,-31.8,119.17,5.4,84.2,36.0,85.17,-0.5000000000000004,0.8660254037844384,-0.7818314824680299,0.6234898018587334,1,0,92.75
00009_16-11-2025-20.22,172.0,-48.0,84.2,-17.4,85.17,4.8,78.02,45.0,134.77,-0.5000000000000004,0.8660254037844384,-0.7818314824680299,0.6234898018587334,1,0,90.08
00005_16-11-2025-21.02,172.0,-57.0,85.17,-34.8,78.02,5.4,134.77,550.2,28.99,-0.5000000000000004,0.8660254037844384,-0.7818314824680299,0.6234898018587334,0,1,88.34
00002_17-11-2025-06.22,157.0,-555.0,134.77,-10.2,28.99,4.8,45.36,34.8,62.14,-0.5000000000000004,0.8660254037844384,0.0,1.0,1,0,38.88
00005_17-11-2025-07.02,172.0,-34.8,45.36,-4.8,62.14,25.2,54.52,55.2,79.96,-0.5000000000000004,0.8660254037844384,0.0,1.0,0,1,40.0
00002_17-11-2025-07.22,157.0,-55.2,45.36,-25.2,62.14,4.8,54.52,34.8,79.96,-0.5000000000000004,0.8660254037844384,0.0,1.0,1,0,54.17
00002_17-11-2025-08.32,157.0,-34.8,79.96,-4.8,69.53,25.2,46.55,55.2,73.4,-0.5000000000000004,0.8660254037844384,0.0,1.0,1,0,33.8
00009_17-11-2025-09.22,172.0,-55.2,69.53,-25.2,46.55,4.8,73.4,64.8,35.19,-0.5000000000000004,0.8660254037844384,0.0,1.0,1,0,73.0
00009_17-11-2025-09.57,172.0,-60.0,46.55,-30.0,73.4,30.0,35.19,90.0,25.65,-0.5000000000000004,0.8660254037844384,0.0,1.0,1,0,47.54
00011_17-11-2025-10.02,182.0,-64.8,46.55,-34.8,73.4,25.2,35.19,85.2,25.65,-0.5000000000000004,0.8660254037844384,0.0,1.0,0,1,47.14
00009_17-11-2025-11.22,172.0,-115.2,73.4,-55.2,35.19,4.8,25.65,64.8,51.49,-0.5000000000000004,0.8660254037844384,0.0,1.0,1,0,34.39
00009_17-11-2025-12.22,172.0,-115.2,35.19,-55.2,25.65,4.8,51.49,34.8,34.54,-0.5000000000000004,0.8660254037844384,0.0,1.0,1,0,25.44
00009_17-11-2025-14.02,172.0,-64.8,34.54,-43.8,68.94,25.2,35.48,55.2,40.09,-0.5000000000000004,0.8660254037844384,0.0,1.0,1,0,43.01
00015_17-11-2025-14.12,157.0,-75.0,34.54,-54.0,68.94,15.0,35.48,45.0,40.09,-0.5000000000000004,0.8660254037844384,0.0,1.0,0,1,25.4
00017_17-11-2025-14.42,179.0,-84.0,68.94,-15.0,35.48,15.0,40.09,45.0,36.71,-0.5000000000000004,0.8660254037844384,0.0,1.0,1,0,33.46
00002_17-11-2025-16.37,157.0,-40.2,43.05,-10.2,75.14,19.8,49.42,49.8,66.17,-0.5000000000000004,0.8660254037844384,0.0,1.0,1,0,43.7
00015_17-11-2025-17.17,157.0,-49.8,75.14,-19.8,49.42,10.2,66.17,40.2,47.3,-0.5000000000000004,0.8660254037844384,0.0,1.0,0,1,26.3
00009_17-11-2025-17.22,172.0,-55.2,75.14,-25.2,49.42,4.8,66.17,34.8,47.3,-0.5000000000000004,0.8660254037844384,0.0,1.0,1,0,40.9
00002_17-11-2025-18.32,157.0,-34.8,47.3,-4.8,59.78,25.2,46.94,62.4,23.66,-0.5000000000000004,0.8660254037844384,0.0,1.0,1,0,53.91
00009_17-11-2025-19.29,172.0,-61.8,59.78,-31.8,46.94,5.4,23.66,36.0,14.15,-0.5000000000000004,0.8660254037844384,0.0,1.0,1,0,45.52
00009_17-11-2025-20.22,172.0,-48.0,23.66,-17.4,14.15,4.8,19.86,45.0,36.74,-0.5000000000000004,0.8660254037844384,0.0,1.0,1,0,10.0
00005_17-11-2025-21.02,172.0,-57.0,14.15,-34.8,19.86,5.4,36.74,550.2,33.77,-0.5000000000000004,0.8660254037844384,0.0,1.0,0,1,38.7
00002_18-11-2025-06.22,157.0,-555.0,36.74,-10.2,33.77,4.8,53.38,34.8,115.28,-0.5000000000000004,0.8660254037844384,0.7818314824680298,0.6234898018587336,1,0,39.98
00005_18-11-2025-07.02,172.0,-34.8,53.38,-4.8,115.28,25.2,31.62,55.2,41.7,-0.5000000000000004,0.8660254037844384,0.7818314824680298,0.6234898018587336,0,1,69.26
00002_18-11-2025-07.22,157.0,-55.2,53.38,-25.2,115.28,4.8,31.62,34.8,41.7,-0.5000000000000004,0.8660254037844384,0.7818314824680298,0.6234898018587336,1,0,10.0
00002_18-11-2025-08.32,157.0,-34.8,41.7,-4.8,64.07,25.2,35.39,55.2,68.56,-0.5000000000000004,0.8660254037844384,0.7818314824680298,0.6234898018587336,1,0,23.0
00009_18-11-2025-09.22,172.0,-55.2,64.07,-25.2,35.39,4.8,68.56,64.8,33.68,-0.5000000000000004,0.8660254037844384,0.7818314824680298,0.6234898018587336,1,0,35.26
00009_18-11-2025-09.57,172.0,-60.0,35.39,-30.0,68.56,30.0,33.68,90.0,30.72,-0.5000000000000004,0.8660254037844384,0.7818314824680298,0.6234898018587336,1,0,40.59
00011_18-11-2025-10.02,182.0,-64.8,35.39,-34.8,68.56,25.2,33.68,85.2,30.72,-0.5000000000000004,0.8660254037844384,0.7818314824680298,0.6234898018587336,0,1,29.56
00009_18-11-2025-11.22,172.0,-115.2,68.56,-55.2,33.68,4.8,30.72,64.8,37.99,-0.5000000000000004,0.8660254037844384,0.7818314824680298,0.6234898018587336,1,0,17.97
00009_18-11-2025-12.22,172.0,-115.2,33.68,-55.2,30.72,4.8,37.99,34.8,46.09,-0.5000000000000004,0.8660254037844384,0.7818314824680298,0.6234898018587336,1,0,32.49
00009_18-11-2025-14.02,172.0,-64.8,46.09,-43.8,48.24,25.2,71.28,55.2,31.03,-0.5000000000000004,0.8660254037844384,0.7818314824680298,0.6234898018587336,1,0,19.68
00015_18-11-2025-14.12,157.0,-75.0,46.09,-54.0,48.24,15.0,71.28,45.0,31.03,-0.5000000000000004,0.8660254037844384,0.7818314824680298,0.6234898018587336,0,1,28.12
00017_18-11-2025-14.42,179.0,-84.0,48.24,-15.0,71.28,15.0,31.03,45.0,29.45,-0.5000000000000004,0.8660254037844384,0.7818314824680298,0.6234898018587336,1,0,32.58
00002_18-11-2025-16.37,157.0,-40.2,12.12,-10.2,25.89,19.8,56.64,49.8,56.37,-0.5000000000000004,0.8660254037844384,0.7818314824680298,0.6234898018587336,1,0,29.02
00015_18-11-2025-17.17,157.0,-49.8,25.89,-19.8,56.64,10.2,56.37,40.2,61.39,-0.5000000000000004,0.8660254037844384,0.7818314824680298,0.6234898018587336,0,1,54.72
00009_18-11-2025-17.22,172.0,-55.2,25.89,-25.2,56.64,4.8,56.37,34.8,61.39,-0.5000000000000004,0.8660254037844384,0.7818314824680298,0.6234898018587336,1,0,49.63
00002_18-11-2025-18.32,157.0,-34.8,61.39,-4.8,55.26,25.2,39.24,62.4,31.26,-0.5000000000000004,0.8660254037844384,0.7818314824680298,0.6234898018587336,1,0,37.55
00009_18-11-2025-19.29,172.0,-61.8,55.26,-31.8,39.24,5.4,31.26,36.0,36.3,-0.5000000000000004,0.8660254037844384,0.7818314824680298,0.6234898018587336,1,0,52.94
00009_18-11-2025-20.22,172.0,-48.0,31.26,-17.4,36.3,4.8,37.03,45.0,35.24,-0.5000000000000004,0.8660254037844384,0.7818314824680298,0.6234898018587336,1,0,27.99
00005_18-11-2025-21.02,172.0,-57.0,36.3,-34.8,37.03,5.4,35.24,550.2,30.84,-0.5000000000000004,0.8660254037844384,0.7818314824680298,0.6234898018587336,0,1,11.99
00002_19-11-2025-06.22,157.0,-555.0,35.24,-10.2,30.84,4.8,63.13,34.8,84.92,-0.5000000000000004,0.8660254037844384,0.9749279121818236,-0.22252093395631434,1,0,27.17
00005_19-11-2025-07.02,172.0,-34.8,63.13,-4.8,84.92,25.2,16.02,55.2,39.1,-0.5000000000000004,0.8660254037844384,0.9749279121818236,-0.22252093395631434,0,1,49.6
00002_19-11-2025-07.22,157.0,-55.2,63.13,-25.2,84.92,4.8,16.02,34.8,39.1,-0.5000000000000004,0.8660254037844384,0.9749279121818236,-0.22252093395631434,1,0,41.89
00002_19-11-2025-08.32,157.0,-34.8,39.1,-4.8,78.65,25.2,44.21,55.2,57.17,-0.5000000000000004,0.8660254037844384,0.9749279121818236,-0.22252093395631434,1,0,54.22
00009_19-11-2025-09.22,172.0,-55.2,78.65,-25.2,44.21,4.8,57.17,64.8,48.64,-0.5000000000000004,0.8660254037844384,0.9749279121818236,-0.22252093395631434,1,0,28.19
00009_19-11-2025-09.57,172.0,-60.0,44.21,-30.0,57.17,30.0,48.64,90.0,22.84,-0.5000000000000004,0.8660254037844384,0.9749279121818236,-0.22252093395631434,1,0,52.58
00011_19-11-2025-10.02,182.0,-64.8,44.21,-34.8,57.17,25.2,48.64,85.2,22.84,-0.5000000000000004,0.8660254037844384,0.9749279121818236,-0.22252093395631434,0,1,47.4
00009_19-11-2025-11.22,172.0,-115.2,57.17,-55.2,48.64,4.8,22.84,64.8,48.81,-0.5000000000000004,0.8660254037844384,0.9749279121818236,-0.22252093395631434,1,0,36.56
00009_19-11-2025-12.22,172.0,-115.2,48.64,-55.2,22.84,4.8,48.81,34.8,62.49,-0.5000000000000004,0.8660254037844384,0.9749279121818236,-0.22252093395631434,1,0,30.4
00009_19-11-2025-14.02,172.0,-64.8,62.49,-43.8,48.24,25.2,36.77,55.2,46.1,-0.5000000000000004,0.8660254037844384,0.9749279121818236,-0.22252093395631434,1,0,51.45
00015_19-11-2025-14.12,157.0,-75.0,62.49,-54.0,48.24,15.0,36.77,45.0,46.1,-0.5000000000000004,0.8660254037844384,0.9749279121818236,-0.22252093395631434,0,1,37.99
00017_19-11-2025-14.42,179.0,-84.0,48.24,-15.0,36.77,15.0,46.1,45.0,34.72,-0.5000000000000004,0.8660254037844384,0.9749279121818236,-0.22252093395631434,1,0,41.24
00002_19-11-2025-16.37,157.0,-40.2,56.05,-10.2,42.18,19.8,119.18,49.8,45.58,-0.5000000000000004,0.8660254037844384,0.9749279121818236,-0.22252093395631434,1,0,32.87
00015_19-11-2025-17.17,157.0,-49.8,42.18,-19.8,119.18,10.2,45.58,40.2,43.98,-0.5000000000000004,0.8660254037844384,0.9749279121818236,-0.22252093395631434,0,1,41.21
00009_19-11-2025-17.22,172.0,-55.2,42.18,-25.2,119.18,4.8,45.58,34.8,43.98,-0.5000000000000004,0.8660254037844384,0.9749279121818236,-0.22252093395631434,1,0,24.51
00002_19-11-2025-18.32,157.0,-34.8,43.98,-4.8,81.4,25.2,115.68,62.4,36.26,-0.5000000000000004,0.8660254037844384,0.9749279121818236,-0.22252093395631434,1,0,32.23
00009_19-11-2025-19.29,172.0,-61.8,81.4,-31.8,115.68,5.4,36.26,36.0,47.04,-0.5000000000000004,0.8660254037844384,0.9749279121818236,-0.22252093395631434,1,0,31.77
00009_19-11-2025-20.22,172.0,-48.0,36.26,-17.4,47.04,4.8,39.05,45.0,44.82,-0.5000000000000004,0.8660254037844384,0.9749279121818236,-0.22252093395631434,1,0,40.07
00005_19-11-2025-21.02,172.0,-57.0,47.04,-34.8,39.05,5.4,44.82,550.2,26.91,-0.5000000000000004,0.8660254037844384,0.9749279121818236,-0.22252093395631434,0,1,19.13
00002_20-11-2025-06.22,157.0,-555.0,44.82,-10.2,26.91,4.8,48.55,34.8,88.89,-0.5000000000000004,0.8660254037844384,0.43388373911755823,-0.900968867902419,1,0,27.29
00005_20-11-2025-07.02,172.0,-34.8,48.55,-4.8,88.89,25.2,37.75,55.2,39.36,-0.5000000000000004,0.8660254037844384,0.43388373911755823,-0.900968867902419,0,1,41.99
00002_20-11-2025-07.22,157.0,-55.2,48.55,-25.2,88.89,4.8,37.75,34.8,39.36,-0.5000000000000004,0.8660254037844384,0.43388373911755823,-0.900968867902419,1,0,10.0
00002_20-11-2025-08.32,157.0,-34.8,39.36,-4.8,58.8,25.2,58.66,55.2,61.15,-0.5000000000000004,0.8660254037844384,0.43388373911755823,-0.900968867902419,1,0,26.92
00009_20-11-2025-09.22,172.0,-55.2,58.8,-25.2,58.66,4.8,61.15,64.8,49.48,-0.5000000000000004,0.8660254037844384,0.43388373911755823,-0.900968867902419,1,0,53.74
00009_20-11-2025-09.57,172.0,-60.0,58.66,-30.0,61.15,30.0,49.48,90.0,69.83,-0.5000000000000004,0.8660254037844384,0.43388373911755823,-0.900968867902419,1,0,54.82
00011_20-11-2025-10.02,182.0,-64.8,58.66,-34.8,61.15,25.2,49.48,85.2,69.83,-0.5000000000000004,0.8660254037844384,0.43388373911755823,-0.900968867902419,0,1,57.41
00009_20-11-2025-11.22,172.0,-115.2,61.15,-55.2,49.48,4.8,69.83,64.8,52.08,-0.5000000000000004,0.8660254037844384,0.43388373911755823,-0.900968867902419,1,0,68.58
00009_20-11-2025-12.22,172.0,-115.2,49.48,-55.2,69.83,4.8,52.08,34.8,60.19,-0.5000000000000004,0.8660254037844384,0.43388373911755823,-0.900968867902419,1,0,62.29
00002_20-11-2025-16.37,157.0,-40.2,106.29,-10.2,73.94,19.8,137.27,49.8,77.47,-0.5000000000000004,0.8660254037844384,0.43388373911755823,-0.900968867902419,1,0,46.51
00015_20-11-2025-17.17,157.0,-49.8,73.94,-19.8,137.27,10.2,77.47,40.2,54.14,-0.5000000000000004,0.8660254037844384,0.43388373911755823,-0.900968867902419,0,1,57.42
00009_20-11-2025-17.22,172.0,-55.2,73.94,-25.2,137.27,4.8,77.47,34.8,54.14,-0.5000000000000004,0.8660254037844384,0.43388373911755823,-0.900968867902419,1,0,72.58
00002_20-11-2025-18.32,157.0,-34.8,54.14,-4.8,80.64,25.2,86.34,62.4,33.44,-0.5000000000000004,0.8660254037844384,0.43388373911755823,-0.900968867902419,1,0,22.2
00009_20-11-2025-19.29,172.0,-61.8,80.64,-31.8,86.34,5.4,33.44,36.0,60.49,-0.5000000000000004,0.8660254037844384,0.43388373911755823,-0.900968867902419,1,0,50.93
00009_20-11-2025-20.22,172.0,-48.0,33.44,-17.4,60.49,4.8,44.21,45.0,65.35,-0.5000000000000004,0.8660254037844384,0.43388373911755823,-0.900968867902419,1,0,35.09
00005_20-11-2025-21.02,172.0,-57.0,60.49,-34.8,44.21,5.4,65.35,565.2,34.6,-0.5000000000000004,0.8660254037844384,0.43388373911755823,-0.900968867902419,0,1,36.72
00002_21-11-2025-06.22,157.0,-595.2,44.21,-555.0,65.35,4.8,34.6,34.8,54.28,-0.5000000000000004,0.8660254037844384,-0.433883739117558,-0.9009688679024191,1,0,38.03
00005_21-11-2025-07.02,172.0,-34.8,34.6,-4.8,54.28,25.2,59.48,55.2,34.34,-0.5000000000000004,0.8660254037844384,-0.433883739117558,-0.9009688679024191,0,1,45.77
00002_21-11-2025-07.22,157.0,-55.2,34.6,-25.2,54.28,4.8,59.48,34.8,34.34,-0.5000000000000004,0.8660254037844384,-0.433883739117558,-0.9009688679024191,1,0,22.12
00002_21-11-2025-08.32,157.0,-64.8,59.48,-34.8,34.34,25.2,115.58,55.2,69.89,-0.5000000000000004,0.8660254037844384,-0.433883739117558,-0.9009688679024191,1,0,40.68
00009_21-11-2025-09.22,172.0,-85.2,34.34,-25.2,115.58,4.8,69.89,64.8,60.01,-0.5000000000000004,0.8660254037844384,-0.433883739117558,-0.9009688679024191,1,0,36.13
00009_21-11-2025-09.57,172.0,-60.0,115.58,-30.0,69.89,30.0,60.01,90.0,87.06,-0.5000000000000004,0.8660254037844384,-0.433883739117558,-0.9009688679024191,1,0,46.8
00011_21-11-2025-10.02,182.0,-64.8,115.58,-34.8,69.89,25.2,60.01,85.2,87.06,-0.5000000000000004,0.8660254037844384,-0.433883739117558,-0.9009688679024191,0,1,52.08
00009_21-11-2025-11.22,172.0,-115.2,69.89,-55.2,60.01,4.8,87.06,64.8,48.15,-0.5000000000000004,0.8660254037844384,-0.433883739117558,-0.9009688679024191,1,0,49.93
00009_21-11-2025-12.22,172.0,-115.2,60.01,-55.2,87.06,4.8,48.15,34.8,78.45,-0.5000000000000004,0.8660254037844384,-0.433883739117558,-0.9009688679024191,1,0,30.52
00009_21-11-2025-14.02,172.0,-43.8,55.14,-4.8,86.19,25.2,93.31,55.2,82.82,-0.5000000000000004,0.8660254037844384,-0.433883739117558,-0.9009688679024191,1,0,58.25
00015_21-11-2025-14.12,157.0,-54.0,55.14,-15.0,86.19,15.0,93.31,45.0,82.82,-0.5000000000000004,0.8660254037844384,-0.433883739117558,-0.9009688679024191,0,1,56.68
00017_21-11-2025-14.42,179.0,-45.0,86.19,-15.0,93.31,15.0,82.82,45.0,49.5,-0.5000000000000004,0.8660254037844384,-0.433883739117558,-0.9009688679024191,1,0,66.02
00002_21-11-2025-16.37,157.0,-40.2,107.54,-10.2,80.48,19.8,98.59,49.8,61.87,-0.5000000000000004,0.8660254037844384,-0.433883739117558,-0.9009688679024191,1,0,46.92
00015_21-11-2025-17.17,157.0,-49.8,80.48,-19.8,98.59,10.2,61.87,40.2,61.77,-0.5000000000000004,0.8660254037844384,-0.433883739117558,-0.9009688679024191,0,1,49.6
00009_21-11-2025-17.22,172.0,-55.2,80.48,-25.2,98.59,4.8,61.87,34.8,61.77,-0.5000000000000004,0.8660254037844384,-0.433883739117558,-0.9009688679024191,1,0,48.55
00002_21-11-2025-18.32,157.0,-34.8,61.77,-4.8,92.98,25.2,73.11,62.4,27.28,-0.5000000000000004,0.8660254037844384,-0.433883739117558,-0.9009688679024191,1,0,33.8
00009_21-11-2025-19.29,172.0,-61.8,92.98,-31.8,73.11,5.4,27.28,36.0,57.84,-0.5000000000000004,0.8660254037844384,-0.433883739117558,-0.9009688679024191,1,0,56.93
00009_21-11-2025-20.22,172.0,-48.0,27.28,-17.4,57.84,4.8,54.44,45.0,83.58,-0.5000000000000004,0.8660254037844384,-0.433883739117558,-0.9009688679024191,1,0,48.29
00005_21-11-2025-21.02,172.0,-57.0,57.84,-34.8,54.44,5.4,83.58,565.2,30.29,-0.5000000000000004,0.8660254037844384,-0.433883739117558,-0.9009688679024191,0,1,25.05
00005_22-11-2025-07.02,172.0,-594.6,83.58,-34.8,30.29,25.2,56.94,85.2,65.67,-0.5000000000000004,0.8660254037844384,-0.9749279121818236,-0.2225209339563146,0,1,48.71
00009_22-11-2025-08.07,172.0,-100.2,30.29,-40.2,56.94,19.8,65.67,49.8,38.75,-0.5000000000000004,0.8660254037844384,-0.9749279121818236,-0.2225209339563146,1,0,28.76
00009_22-11-2025-09.22,172.0,-55.2,65.67,-25.2,38.75,4.8,53.24,64.8,46.48,-0.5000000000000004,0.8660254037844384,-0.9749279121818236,-0.2225209339563146,1,0,28.35
00009_22-11-2025-09.57,172.0,-60.0,38.75,-30.0,53.24,30.0,46.48,90.0,58.31,-0.5000000000000004,0.8660254037844384,-0.9749279121818236,-0.2225209339563146,1,0,46.16
00011_22-11-2025-10.02,182.0,-64.8,38.75,-34.8,53.24,25.2,46.48,85.2,58.31,-0.5000000000000004,0.8660254037844384,-0.9749279121818236,-0.2225209339563146,0,1,30.47
00009_22-11-2025-11.22,172.0,-115.2,53.24,-55.2,46.48,4.8,58.31,64.8,62.98,-0.5000000000000004,0.8660254037844384,-0.9749279121818236,-0.2225209339563146,1,0,50.47
00009_22-11-2025-12.22,172.0,-115.2,46.48,-55.2,58.31,4.8,62.98,55.8,82.74,-0.5000000000000004,0.8660254037844384,-0.9749279121818236,-0.2225209339563146,1,0,51.12
00015_22-11-2025-14.12,157.0,-105.0,62.98,-54.0,82.74,75.0,27.31,135.0,96.02,-0.5000000000000004,0.8660254037844384,-0.9749279121818236,-0.2225209339563146,0,1,22.4
00017_22-11-2025-14.42,179.0,-135.0,62.98,-84.0,82.74,45.0,27.31,105.0,96.02,-0.5000000000000004,0.8660254037844384,-0.9749279121818236,-0.2225209339563146,1,0,57.09
00002_22-11-2025-16.37,157.0,-70.2,27.31,-10.2,96.02,49.8,32.55,109.8,105.01,-0.5000000000000004,0.8660254037844384,-0.9749279121818236,-0.2225209339563146,1,0,42.87
00015_22-11-2025-17.17,157.0,-109.8,27.31,-49.8,96.02,10.2,32.55,70.2,105.01,-0.5000000000000004,0.8660254037844384,-0.9749279121818236,-0.2225209339563146,0,1,28.69
00009_22-11-2025-19.29,172.0,-121.8,32.55,-61.8,105.01,5.4,32.57,58.2,35.7,-0.5000000000000004,0.8660254037844384,-0.9749279121818236,-0.2225209339563146,1,0,25.15
00009_22-11-2025-20.22,172.0,-115.2,105.01,-48.0,32.57,4.8,35.7,604.8,51.38,-0.5000000000000004,0.8660254037844384,-0.9749279121818236,-0.2225209339563146,1,0,48.24
00005_22-11-2025-21.02,172.0,-87.6,32.57,-34.8,35.7,565.2,51.38,625.2,60.89,-0.5000000000000004,0.8660254037844384,-0.9749279121818236,-0.2225209339563146,0,1,14.5
00005_23-11-2025-07.02,172.0,-634.8,35.7,-34.8,51.38,25.2,60.89,85.2,106.57,-0.5000000000000004,0.8660254037844384,-0.7818314824680299,0.6234898018587334,0,1,61.38
00009_23-11-2025-08.07,172.0,-100.2,51.38,-40.2,60.89,19.8,106.57,79.8,62.51,-0.5000000000000004,0.8660254037844384,-0.7818314824680299,0.6234898018587334,1,0,53.42
00009_23-11-2025-09.22,172.0,-115.2,60.89,-55.2,106.57,4.8,62.51,64.8,40.84,-0.5000000000000004,0.8660254037844384,-0.7818314824680299,0.6234898018587334,1,0,55.9
00009_23-11-2025-09.57,172.0,-90.0,106.57,-30.0,62.51,30.0,40.84,90.0,142.3,-0.5000000000000004,0.8660254037844384,-0.7818314824680299,0.6234898018587334,1,0,69.15
00011_23-11-2025-10.02,182.0,-94.8,106.57,-34.8,62.51,25.2,40.84,85.2,142.3,-0.5000000000000004,0.8660254037844384,-0.7818314824680299,0.6234898018587334,0,1,42.19
00009_23-11-2025-11.22,172.0,-115.2,62.51,-55.2,40.84,4.8,142.3,64.8,61.91,-0.5000000000000004,0.8660254037844384,-0.7818314824680299,0.6234898018587334,1,0,73.01
00009_23-11-2025-12.22,172.0,-115.2,40.84,-55.2,142.3,4.8,61.91,55.8,55.14,-0.5000000000000004,0.8660254037844384,-0.7818314824680299,0.6234898018587334,1,0,58.0
00009_23-11-2025-14.02,172.0,-94.8,61.91,-43.8,55.14,25.2,100.86,85.2,70.63,-0.5000000000000004,0.8660254037844384,-0.7818314824680299,0.6234898018587334,1,0,95.59
00015_23-11-2025-14.12,157.0,-105.0,61.91,-54.0,55.14,15.0,100.86,75.0,70.63,-0.5000000000000004,0.8660254037844384,-0.7818314824680299,0.6234898018587334,0,1,52.74
00017_23-11-2025-14.42,179.0,-84.0,55.14,-15.0,100.86,45.0,70.63,105.0,99.94,-0.5000000000000004,0.8660254037844384,-0.7818314824680299,0.6234898018587334,1,0,66.15
00002_23-11-2025-16.37,157.0,-70.2,70.63,-10.2,99.94,19.8,98.59,49.8,66.25,-0.5000000000000004,0.8660254037844384,-0.7818314824680299,0.6234898018587334,1,0,94.78
00015_23-11-2025-17.17,157.0,-49.8,99.94,-19.8,98.59,10.2,66.25,40.2,77.05,-0.5000000000000004,0.8660254037844384,-0.7818314824680299,0.6234898018587334,0,1,48.32
00009_23-11-2025-17.22,172.0,-55.2,99.94,-25.2,98.59,4.8,66.25,34.8,77.05,-0.5000000000000004,0.8660254037844384,-0.7818314824680299,0.6234898018587334,1,0,63.51
00002_23-11-2025-18.32,157.0,-34.8,77.05,-4.8,78.97,25.2,106.06,62.4,79.33,-0.5000000000000004,0.8660254037844384,-0.7818314824680299,0.6234898018587334,1,0,85.45
00009_23-11-2025-19.29,172.0,-61.8,78.97,-31.8,106.06,5.4,79.33,36.0,64.06,-0.5000000000000004,0.8660254037844384,-0.7818314824680299,0.6234898018587334,1,0,73.73
00009_23-11-2025-20.22,172.0,-48.0,79.33,-17.4,64.06,4.8,68.46,45.0,125.09,-0.5000000000000004,0.8660254037844384,-0.7818314824680299,0.6234898018587334,1,0,74.28
00005_23-11-2025-21.02,172.0,-57.0,64.06,-34.8,68.46,5.4,125.09,550.2,27.91,-0.5000000000000004,0.8660254037844384,-0.7818314824680299,0.6234898018587334,0,1,60.53
00002_24-11-2025-06.22,157.0,-555.0,125.09,-10.2,27.91,4.8,40.23,34.8,44.6,-0.5000000000000004,0.8660254037844384,0.0,1.0,1,0,36.17
00005_24-11-2025-07.02,172.0,-34.8,40.23,-4.8,44.6,25.2,51.58,55.2,66.87,-0.5000000000000004,0.8660254037844384,0.0,1.0,0,1,39.47
00002_24-11-2025-07.22,157.0,-55.2,40.23,-25.2,44.6,4.8,51.58,34.8,66.87,-0.5000000000000004,0.8660254037844384,0.0,1.0,1,0,38.97
00002_24-11-2025-08.32,157.0,-34.8,66.87,-4.8,71.58,25.2,52.22,55.2,72.55,-0.5000000000000004,0.8660254037844384,0.0,1.0,1,0,45.5
00009_24-11-2025-09.22,172.0,-55.2,71.58,-25.2,52.22,4.8,72.55,64.8,35.5,-0.5000000000000004,0.8660254037844384,0.0,1.0,1,0,42.35
00009_24-11-2025-09.57,172.0,-60.0,52.22,-30.0,72.55,30.0,35.5,90.0,40.03,-0.5000000000000004,0.8660254037844384,0.0,1.0,1,0,30.17
00011_24-11-2025-10.02,182.0,-64.8,52.22,-34.8,72.55,25.2,35.5,85.2,40.03,-0.5000000000000004,0.8660254037844384,0.0,1.0,0,1,40.52
00009_24-11-2025-11.22,172.0,-115.2,72.55,-55.2,35.5,4.8,40.03,64.8,45.64,-0.5000000000000004,0.8660254037844384,0.0,1.0,1,0,25.5
00009_24-11-2025-12.22,172.0,-115.2,35.5,-55.2,40.03,4.8,45.64,34.8,32.94,-0.5000000000000004,0.8660254037844384,0.0,1.0,1,0,26.66
00009_24-11-2025-14.02,172.0,-64.8,32.94,-43.8,68.94,25.2,28.94,55.2,45.5,-0.5000000000000004,0.8660254037844384,0.0,1.0,1,0,37.04
00015_24-11-2025-14.12,157.0,-75.0,32.94,-54.0,68.94,15.0,28.94,45.0,45.5,-0.5000000000000004,0.8660254037844384,0.0,1.0,0,1,38.61
00017_24-11-2025-14.42,179.0,-84.0,68.94,-15.0,28.94,15.0,45.5,45.0,33.01,-0.5000000000000004,0.8660254037844384,0.0,1.0,1,0,45.71
00002_24-11-2025-16.37,157.0,-40.2,44.62,-10.2,66.94,19.8,56.94,49.8,62.26,-0.5000000000000004,0.8660254037844384,0.0,1.0,1,0,21.57
00015_24-11-2025-17.17,157.0,-49.8,66.94,-19.8,56.94,10.2,62.26,40.2,33.06,-0.5000000000000004,0.8660254037844384,0.0,1.0,0,1,35.2
00009_24-11-2025-17.22,172.0,-55.2,66.94,-25.2,56.94,4.8,62.26,34.8,33.06,-0.5000000000000004,0.8660254037844384,0.0,1.0,1,0,46.34
00002_24-11-2025-18.32,157.0,-34.8,33.06,-4.8,59.66,25.2,43.79,62.4,22.6,-0.5000000000000004,0.8660254037844384,0.0,1.0,1,0,27.8
00009_24-11-2025-19.29,172.0,-61.8,59.66,-31.8,43.79,5.4,22.6,36.0,26.88,-0.5000000000000004,0.8660254037844384,0.0,1.0,1,0,48.02
00009_24-11-2025-20.22,172.0,-48.0,22.6,-17.4,26.88,4.8,18.33,45.0,34.04,-0.5000000000000004,0.8660254037844384,0.0,1.0,1,0,16.11
00005_24-11-2025-21.02,172.0,-57.0,26.88,-34.8,18.33,5.4,34.04,550.2,32.49,-0.5000000000000004,0.8660254037844384,0.0,1.0,0,1,25.81
00002_25-11-2025-06.22,157.0,-555.0,34.04,-10.2,32.49,4.8,42.93,34.8,105.73,-0.5000000000000004,0.8660254037844384,0.7818314824680298,0.6234898018587336,1,0,21.71
00005_25-11-2025-07.02,172.0,-34.8,42.93,-4.8,105.73,25.2,51.68,55.2,53.86,-0.5000000000000004,0.8660254037844384,0.7818314824680298,0.6234898018587336,0,1,36.65
00002_25-11-2025-07.22,157.0,-55.2,42.93,-25.2,105.73,4.8,51.68,34.8,53.86,-0.5000000000000004,0.8660254037844384,0.7818314824680298,0.6234898018587336,1,0,14.11
00002_25-11-2025-08.32,157.0,-34.8,53.86,-4.8,52.89,25.2,34.5,55.2,64.76,-0.5000000000000004,0.8660254037844384,0.7818314824680298,0.6234898018587336,1,0,42.7
00009_25-11-2025-09.22,172.0,-55.2,52.89,-25.2,34.5,4.8,64.76,64.8,33.6,-0.5000000000000004,0.8660254037844384,0.7818314824680298,0.6234898018587336,1,0,32.15
00009_25-11-2025-09.57,172.0,-60.0,34.5,-30.0,64.76,30.0,33.6,90.0,35.22,-0.5000000000000004,0.8660254037844384,0.7818314824680298,0.6234898018587336,1,0,40.42
00011_25-11-2025-10.02,182.0,-64.8,34.5,-34.8,64.76,25.2,33.6,85.2,35.22,-0.5000000000000004,0.8660254037844384,0.7818314824680298,0.6234898018587336,0,1,18.55
00009_25-11-2025-11.22,172.0,-115.2,64.76,-55.2,33.6,4.8,35.22,64.8,47.76,-0.5000000000000004,0.8660254037844384,0.7818314824680298,0.6234898018587336,1,0,37.36
00009_25-11-2025-12.22,172.0,-115.2,33.6,-55.2,35.22,4.8,47.76,34.8,48.92,-0.5000000000000004,0.8660254037844384,0.7818314824680298,0.6234898018587336,1,0,28.33
00009_25-11-2025-14.02,172.0,-64.8,48.92,-43.8,48.24,25.2,57.24,55.2,50.58,-0.5000000000000004,0.8660254037844384,0.7818314824680298,0.6234898018587336,1,0,16.61
00015_25-11-2025-14.12,157.0,-75.0,48.92,-54.0,48.24,15.0,57.24,45.0,50.58,-0.5000000000000004,0.8660254037844384,0.7818314824680298,0.6234898018587336,0,1,20.69
00017_25-11-2025-14.42,179.0,-84.0,48.24,-15.0,57.24,15.0,50.58,45.0,29.49,-0.5000000000000004,0.8660254037844384,0.7818314824680298,0.6234898018587336,1,0,29.38
00002_25-11-2025-16.37,157.0,-40.2,37.08,-10.2,46.64,19.8,61.21,49.8,58.18,-0.5000000000000004,0.8660254037844384,0.7818314824680298,0.6234898018587336,1,0,27.94
00015_25-11-2025-17.17,157.0,-49.8,46.64,-19.8,61.21,10.2,58.18,40.2,67.53,-0.5000000000000004,0.8660254037844384,0.7818314824680298,0.6234898018587336,0,1,28.48
00009_25-11-2025-17.22,172.0,-55.2,46.64,-25.2,61.21,4.8,58.18,34.8,67.53,-0.5000000000000004,0.8660254037844384,0.7818314824680298,0.6234898018587336,1,0,37.06
00002_25-11-2025-18.32,157.0,-34.8,67.53,-4.8,63.94,25.2,29.18,62.4,30.83,-0.5000000000000004,0.8660254037844384,0.7818314824680298,0.6234898018587336,1,0,19.29
00009_25-11-2025-19.29,172.0,-61.8,63.94,-31.8,29.18,5.4,30.83,36.0,47.22,-0.5000000000000004,0.8660254037844384,0.7818314824680298,0.6234898018587336,1,0,49.8
00009_25-11-2025-20.22,172.0,-48.0,30.83,-17.4,47.22,4.8,30.51,45.0,53.62,-0.5000000000000004,0.8660254037844384,0.7818314824680298,0.6234898018587336,1,0,29.99
00005_25-11-2025-21.02,172.0,-57.0,47.22,-34.8,30.51,5.4,53.62,550.2,36.56,-0.5000000000000004,0.8660254037844384,0.7818314824680298,0.6234898018587336,0,1,34.37
00002_26-11-2025-06.22,157.0,-555.0,53.62,-10.2,36.56,4.8,49.65,34.8,96.9,-0.5000000000000004,0.8660254037844384,0.9749279121818236,-0.22252093395631434,1,0,35.11
00005_26-11-2025-07.02,172.0,-34.8,49.65,-4.8,96.9,25.2,37.73,55.2,45.05,-0.5000000000000004,0.8660254037844384,0.9749279121818236,-0.22252093395631434,0,1,46.62
00002_26-11-2025-07.22,157.0,-55.2,49.65,-25.2,96.9,4.8,37.73,34.8,45.05,-0.5000000000000004,0.8660254037844384,0.9749279121818236,-0.22252093395631434,1,0,34.57
00002_26-11-2025-08.32,157.0,-34.8,45.05,-4.8,70.14,25.2,44.42,55.2,98.54,-0.5000000000000004,0.8660254037844384,0.9749279121818236,-0.22252093395631434,1,0,47.63
00009_26-11-2025-09.22,172.0,-55.2,70.14,-25.2,44.42,4.8,98.54,64.8,47.58,-0.5000000000000004,0.8660254037844384,0.9749279121818236,-0.22252093395631434,1,0,31.72
00009_26-11-2025-09.57,172.0,-60.0,44.42,-30.0,98.54,30.0,47.58,90.0,37.37,-0.5000000000000004,0.8660254037844384,0.9749279121818236,-0.22252093395631434,1,0,24.76
00011_26-11-2025-10.02,182.0,-64.8,44.42,-34.8,98.54,25.2,47.58,85.2,37.37,-0.5000000000000004,0.8660254037844384,0.9749279121818236,-0.22252093395631434,0,1,48.58
00009_26-11-2025-11.22,172.0,-115.2,98.54,-55.2,47.58,4.8,37.37,64.8,45.44,-0.5000000000000004,0.8660254037844384,0.9749279121818236,-0.22252093395631434,1,0,20.09
00009_26-11-2025-12.22,172.0,-115.2,47.58,-55.2,37.37,4.8,45.44,34.8,48.47,-0.5000000000000004,0.8660254037844384,0.9749279121818236,-0.22252093395631434,1,0,30.94
00009_26-11-2025-14.02,172.0,-64.8,48.47,-43.8,48.24,25.2,39.92,55.2,43.79,-0.5000000000000004,0.8660254037844384,0.9749279121818236,-0.22252093395631434,1,0,40.49
00015_26-11-2025-14.12,157.0,-75.0,48.47,-54.0,48.24,15.0,39.92,45.0,43.79,-0.5000000000000004,0.8660254037844384,0.9749279121818236,-0.22252093395631434,0,1,26.2
00017_26-11-2025-14.42,179.0,-84.0,48.24,-15.0,39.92,15.0,43.79,45.0,31.42,-0.5000000000000004,0.8660254037844384,0.9749279121818236,-0.22252093395631434,1,0,59.1
00002_26-11-2025-16.37,157.0,-40.2,51.45,-10.2,48.15,19.8,117.44,49.8,59.1,-0.5000000000000004,0.8660254037844384,0.9749279121818236,-0.22252093395631434,1,0,34.47
00015_26-11-2025-17.17,157.0,-49.8,48.15,-19.8,117.44,10.2,59.1,40.2,51.92,-0.5000000000000004,0.8660254037844384,0.9749279121818236,-0.22252093395631434,0,1,40.52
00009_26-11-2025-17.22,172.0,-55.2,48.15,-25.2,117.44,4.8,59.1,34.8,51.92,-0.5000000000000004,0.8660254037844384,0.9749279121818236,-0.22252093395631434,1,0,63.58
00002_26-11-2025-18.32,157.0,-34.8,51.92,-4.8,74.88,25.2,118.08,62.4,29.02,-0.5000000000000004,0.8660254037844384,0.9749279121818236,-0.22252093395631434,1,0,65.85
00009_26-11-2025-19.29,172.0,-61.8,74.88,-31.8,118.08,5.4,29.02,36.0,52.53,-0.5000000000000004,0.8660254037844384,0.9749279121818236,-0.22252093395631434,1,0,30.15
00009_26-11-2025-20.22,172.0,-48.0,29.02,-17.4,52.53,4.8,59.49,45.0,44.1,-0.5000000000000004,0.8660254037844384,0.9749279121818236,-0.22252093395631434,1,0,39.15
00005_26-11-2025-21.02,172.0,-57.0,52.53,-34.8,59.49,5.4,44.1,550.2,26.78,-0.5000000000000004,0.8660254037844384,0.9749279121818236,-0.22252093395631434,0,1,39.39
00002_27-11-2025-06.22,157.0,-555.0,44.1,-10.2,26.78,4.8,42.63,34.8,68.59,-0.5000000000000004,0.8660254037844384,0.43388373911755823,-0.900968867902419,1,0,35.8
00005_27-11-2025-07.02,172.0,-34.8,42.63,-4.8,68.59,25.2,47.86,55.2,40.35,-0.5000000000000004,0.8660254037844384,0.43388373911755823,-0.900968867902419,0,1,38.43
00002_27-11-2025-07.22,157.0,-55.2,42.63,-25.2,68.59,4.8,47.86,34.8,40.35,-0.5000000000000004,0.8660254037844384,0.43388373911755823,-0.900968867902419,1,0,45.73
00002_27-11-2025-08.32,157.0,-34.8,40.35,-4.8,64.77,25.2,67.84,55.2,54.37,-0.5000000000000004,0.8660254037844384,0.43388373911755823,-0.900968867902419,1,0,42.12
00009_27-11-2025-09.22,172.0,-55.2,64.77,-25.2,67.84,4.8,54.37,64.8,47.32,-0.5000000000000004,0.8660254037844384,0.43388373911755823,-0.900968867902419,1,0,49.45
00009_27-11-2025-09.57,172.0,-60.0,67.84,-30.0,54.37,30.0,47.32,90.0,65.4,-0.5000000000000004,0.8660254037844384,0.43388373911755823,-0.900968867902419,1,0,69.62
00011_27-11-2025-10.02,182.0,-64.8,67.84,-34.8,54.37,25.2,47.32,85.2,65.4,-0.5000000000000004,0.8660254037844384,0.43388373911755823,-0.900968867902419,0,1,54.59
00009_27-11-2025-11.22,172.0,-115.2,54.37,-55.2,47.32,4.8,65.4,64.8,40.52,-0.5000000000000004,0.8660254037844384,0.43388373911755823,-0.900968867902419,1,0,42.94
00009_27-11-2025-12.22,172.0,-115.2,47.32,-55.2,65.4,4.8,40.52,34.8,47.8,-0.5000000000000004,0.8660254037844384,0.43388373911755823,-0.900968867902419,1,0,35.71
00002_27-11-2025-16.37,157.0,-40.2,109.67,-10.2,72.55,19.8,160.0,49.8,101.04,-0.5000000000000004,0.8660254037844384,0.43388373911755823,-0.900968867902419,1,0,70.74
00015_27-11-2025-17.17,157.0,-49.8,72.55,-19.8,160.0,10.2,101.04,40.2,54.38,-0.5000000000000004,0.8660254037844384,0.43388373911755823,-0.900968867902419,0,1,55.35
00009_27-11-2025-17.22,172.0,-55.2,72.55,-25.2,160.0,4.8,101.04,34.8,54.38,-0.5000000000000004,0.8660254037844384,0.43388373911755823,-0.900968867902419,1,0,48.33
00002_27-11-2025-18.32,157.0,-34.8,54.38,-4.8,67.56,25.2,78.92,62.4,31.0,-0.5000000000000004,0.8660254037844384,0.43388373911755823,-0.900968867902419,1,0,43.73
00009_27-11-2025-19.29,172.0,-61.8,67.56,-31.8,78.92,5.4,31.0,36.0,71.34,-0.5000000000000004,0.8660254037844384,0.43388373911755823,-0.900968867902419,1,0,47.81
00009_27-11-2025-20.22,172.0,-48.0,31.0,-17.4,71.34,4.8,43.51,45.0,53.65,-0.5000000000000004,0.8660254037844384,0.43388373911755823,-0.900968867902419,1,0,35.91
00005_27-11-2025-21.02,172.0,-57.0,71.34,-34.8,43.51,5.4,53.65,565.2,23.63,-0.5000000000000004,0.8660254037844384,0.43388373911755823,-0.900968867902419,0,1,28.76
00002_28-11-2025-06.22,157.0,-595.2,43.51,-555.0,53.65,4.8,23.63,34.8,52.87,-0.5000000000000004,0.8660254037844384,-0.433883739117558,-0.9009688679024191,1,0,19.24
00005_28-11-2025-07.02,172.0,-34.8,23.63,-4.8,52.87,25.2,75.29,55.2,62.74,-0.5000000000000004,0.8660254037844384,-0.433883739117558,-0.9009688679024191,0,1,27.85
00002_28-11-2025-07.22,157.0,-55.2,23.63,-25.2,52.87,4.8,75.29,34.8,62.74,-0.5000000000000004,0.8660254037844384,-0.433883739117558,-0.9009688679024191,1,0,58.17
00002_28-11-2025-08.32,157.0,-64.8,75.29,-34.8,62.74,25.2,110.6,55.2,72.38,-0.5000000000000004,0.8660254037844384,-0.433883739117558,-0.9009688679024191,1,0,51.94
00009_28-11-2025-09.22,172.0,-85.2,62.74,-25.2,110.6,4.8,72.38,64.8,48.79,-0.5000000000000004,0.8660254037844384,-0.433883739117558,-0.9009688679024191,1,0,46.46
00009_28-11-2025-09.57,172.0,-60.0,110.6,-30.0,72.38,30.0,48.79,90.0,104.66,-0.5000000000000004,0.8660254037844384,-0.433883739117558,-0.9009688679024191,1,0,65.25
00011_28-11-2025-10.02,182.0,-64.8,110.6,-34.8,72.38,25.2,48.79,85.2,104.66,-0.5000000000000004,0.8660254037844384,-0.433883739117558,-0.9009688679024191,0,1,35.69
00009_28-11-2025-11.22,172.0,-115.2,72.38,-55.2,48.79,4.8,104.66,64.8,49.12,-0.5000000000000004,0.8660254037844384,-0.433883739117558,-0.9009688679024191,1,0,55.95
00009_28-11-2025-12.22,172.0,-115.2,48.79,-55.2,104.66,4.8,49.12,34.8,79.43,-0.5000000000000004,0.8660254037844384,-0.433883739117558,-0.9009688679024191,1,0,42.02
00009_28-11-2025-14.02,172.0,-43.8,55.14,-4.8,86.41,25.2,99.53,55.2,93.64,-0.5000000000000004,0.8660254037844384,-0.433883739117558,-0.9009688679024191,1,0,66.82
00015_28-11-2025-14.12,157.0,-54.0,55.14,-15.0,86.41,15.0,99.53,45.0,93.64,-0.5000000000000004,0.8660254037844384,-0.433883739117558,-0.9009688679024191,0,1,32.35
00017_28-11-2025-14.42,179.0,-45.0,86.41,-15.0,99.53,15.0,93.64,45.0,53.5,-0.5000000000000004,0.8660254037844384,-0.433883739117558,-0.9009688679024191,1,0,89.62
00002_28-11-2025-16.37,157.0,-40.2,101.34,-10.2,101.53,19.8,101.37,49.8,50.99,-0.5000000000000004,0.8660254037844384,-0.433883739117558,-0.9009688679024191,1,0,64.7
00015_28-11-2025-17.17,157.0,-49.8,101.53,-19.8,101.37,10.2,50.99,40.2,64.02,-0.5000000000000004,0.8660254037844384,-0.433883739117558,-0.9009688679024191,0,1,34.99
00009_28-11-2025-17.22,172.0,-55.2,101.53,-25.2,101.37,4.8,50.99,34.8,64.02,-0.5000000000000004,0.8660254037844384,-0.433883739117558,-0.9009688679024191,1,0,56.88
00002_28-11-2025-18.32,157.0,-34.8,64.02,-4.8,84.49,25.2,47.56,62.4,30.22,-0.5000000000000004,0.8660254037844384,-0.433883739117558,-0.9009688679024191,1,0,40.62
00009_28-11-2025-19.29,172.0,-61.8,84.49,-31.8,47.56,5.4,30.22,36.0,65.54,-0.5000000000000004,0.8660254037844384,-0.433883739117558,-0.9009688679024191,1,0,63.11
00009_28-11-2025-20.22,172.0,-48.0,30.22,-17.4,65.54,4.8,45.19,45.0,85.16,-0.5000000000000004,0.8660254037844384,-0.433883739117558,-0.9009688679024191,1,0,44.09
00005_28-11-2025-21.02,172.0,-57.0,65.54,-34.8,45.19,5.4,85.16,565.2,31.63,-0.5000000000000004,0.8660254037844384,-0.433883739117558,-0.9009688679024191,0,1,37.56
00005_29-11-2025-07.02,172.0,-594.6,85.16,-34.8,31.63,25.2,50.35,85.2,63.07,-0.5000000000000004,0.8660254037844384,-0.9749279121818236,-0.2225209339563146,0,1,50.74
00009_29-11-2025-08.07,172.0,-100.2,31.63,-40.2,50.35,19.8,63.07,49.8,73.53,-0.5000000000000004,0.8660254037844384,-0.9749279121818236,-0.2225209339563146,1,0,33.45
00009_29-11-2025-09.22,172.0,-55.2,63.07,-25.2,73.53,4.8,68.04,64.8,48.6,-0.5000000000000004,0.8660254037844384,-0.9749279121818236,-0.2225209339563146,1,0,39.99
00009_29-11-2025-09.57,172.0,-60.0,73.53,-30.0,68.04,30.0,48.6,90.0,56.67,-0.5000000000000004,0.8660254037844384,-0.9749279121818236,-0.2225209339563146,1,0,26.97
00011_29-11-2025-10.02,182.0,-64.8,73.53,-34.8,68.04,25.2,48.6,85.2,56.67,-0.5000000000000004,0.8660254037844384,-0.9749279121818236,-0.2225209339563146,0,1,46.64
00009_29-11-2025-11.22,172.0,-115.2,68.04,-55.2,48.6,4.8,56.67,64.8,61.99,-0.5000000000000004,0.8660254037844384,-0.9749279121818236,-0.2225209339563146,1,0,45.99
00009_29-11-2025-12.22,172.0,-115.2,48.6,-55.2,56.67,4.8,61.99,55.8,82.74,-0.5000000000000004,0.8660254037844384,-0.9749279121818236,-0.2225209339563146,1,0,26.22
00015_29-11-2025-14.12,157.0,-105.0,61.99,-54.0,82.74,75.0,29.08,135.0,91.22,-0.5000000000000004,0.8660254037844384,-0.9749279121818236,-0.2225209339563146,0,1,20.11
00017_29-11-2025-14.42,179.0,-135.0,61.99,-84.0,82.74,45.0,29.08,105.0,91.22,-0.5000000000000004,0.8660254037844384,-0.9749279121818236,-0.2225209339563146,1,0,30.92
00002_29-11-2025-16.37,157.0,-70.2,29.08,-10.2,91.22,49.8,23.39,109.8,107.82,-0.5000000000000004,0.8660254037844384,-0.9749279121818236,-0.2225209339563146,1,0,30.2
00015_29-11-2025-17.17,157.0,-109.8,29.08,-49.8,91.22,10.2,23.39,70.2,107.82,-0.5000000000000004,0.8660254037844384,-0.9749279121818236,-0.2225209339563146,0,1,32.9
00009_29-11-2025-19.29,172.0,-121.8,23.39,-61.8,107.82,5.4,28.17,58.2,15.31,-0.5000000000000004,0.8660254037844384,-0.9749279121818236,-0.2225209339563146,1,0,18.71
00009_29-11-2025-20.22,172.0,-115.2,107.82,-48.0,28.17,4.8,15.31,604.8,53.47,-0.5000000000000004,0.8660254037844384,-0.9749279121818236,-0.2225209339563146,1,0,28.98
00005_29-11-2025-21.02,172.0,-87.6,28.17,-34.8,15.31,565.2,53.47,625.2,71.17,-0.5000000000000004,0.8660254037844384,-0.9749279121818236,-0.2225209339563146,0,1,22.11
00005_30-11-2025-07.02,172.0,-634.8,15.31,-34.8,53.47,25.2,71.17,85.2,72.96,-0.5000000000000004,0.8660254037844384,-0.7818314824680299,0.6234898018587334,0,1,39.17
00009_30-11-2025-08.07,172.0,-100.2,53.47,-40.2,71.17,19.8,72.96,79.8,56.93,-0.5000000000000004,0.8660254037844384,-0.7818314824680299,0.6234898018587334,1,0,39.17
00009_30-11-2025-09.22,172.0,-115.2,71.17,-55.2,72.96,4.8,56.93,64.8,38.79,-0.5000000000000004,0.8660254037844384,-0.7818314824680299,0.6234898018587334,1,0,60.8
00009_30-11-2025-09.57,172.0,-90.0,72.96,-30.0,56.93,30.0,38.79,90.0,130.87,-0.5000000000000004,0.8660254037844384,-0.7818314824680299,0.6234898018587334,1,0,58.06
00011_30-11-2025-10.02,182.0,-94.8,72.96,-34.8,56.93,25.2,38.79,85.2,130.87,-0.5000000000000004,0.8660254037844384,-0.7818314824680299,0.6234898018587334,0,1,33.91
00009_30-11-2025-11.22,172.0,-115.2,56.93,-55.2,38.79,4.8,130.87,64.8,49.37,-0.5000000000000004,0.8660254037844384,-0.7818314824680299,0.6234898018587334,1,0,99.23
00009_30-11-2025-12.22,172.0,-115.2,38.79,-55.2,130.87,4.8,49.37,55.8,55.14,-0.5000000000000004,0.8660254037844384,-0.7818314824680299,0.6234898018587334,1,0,58.94
00009_30-11-2025-14.02,172.0,-94.8,49.37,-43.8,55.14,25.2,88.48,85.2,74.28,-0.5000000000000004,0.8660254037844384,-0.7818314824680299,0.6234898018587334,1,0,79.84
00015_30-11-2025-14.12,157.0,-105.0,49.37,-54.0,55.14,15.0,88.48,75.0,74.28,-0.5000000000000004,0.8660254037844384,-0.7818314824680299,0.6234898018587334,0,1,52.33
00017_30-11-2025-14.42,179.0,-84.0,55.14,-15.0,88.48,45.0,74.28,105.0,96.78,-0.5000000000000004,0.8660254037844384,-0.7818314824680299,0.6234898018587334,1,0,81.85
00002_30-11-2025-16.37,157.0,-70.2,74.28,-10.2,96.78,19.8,72.78,49.8,69.57,-0.5000000000000004,0.8660254037844384,-0.7818314824680299,0.6234898018587334,1,0,97.28
00015_30-11-2025-17.17,157.0,-49.8,96.78,-19.8,72.78,10.2,69.57,40.2,57.2,-0.5000000000000004,0.8660254037844384,-0.7818314824680299,0.6234898018587334,0,1,53.3
00009_30-11-2025-17.22,172.0,-55.2,96.78,-25.2,72.78,4.8,69.57,34.8,57.2,-0.5000000000000004,0.8660254037844384,-0.7818314824680299,0.6234898018587334,1,0,64.39
00002_30-11-2025-18.32,157.0,-34.8,57.2,-4.8,103.67,25.2,128.48,62.4,80.99,-0.5000000000000004,0.8660254037844384,-0.7818314824680299,0.6234898018587334,1,0,86.28
00009_30-11-2025-19.29,172.0,-61.8,103.67,-31.8,128.48,5.4,80.99,36.0,66.32,-0.5000000000000004,0.8660254037844384,-0.7818314824680299,0.6234898018587334,1,0,73.23
00009_30-11-2025-20.22,172.0,-48.0,80.99,-17.4,66.32,4.8,59.76,45.0,138.94,-0.5000000000000004,0.8660254037844384,-0.7818314824680299,0.6234898018587334,1,0,65.58
00005_30-11-2025-21.02,172.0,-57.0,66.32,-34.8,59.76,5.4,138.94,550.2,27.28,-0.5000000000000004,0.8660254037844384,-0.7818314824680299,0.6234898018587334,0,1,69.15
00002_01-12-2025-06.22,157.0,-555.0,138.94,-10.2,27.28,4.8,48.15,34.8,58.91,-2.4492935982947064e-16,1.0,0.0,1.0,1,0,42.52
00005_01-12-2025-07.02,172.0,-34.8,48.15,-4.8,58.91,25.2,61.4,55.2,63.62,-2.4492935982947064e-16,1.0,0.0,1.0,0,1,46.82
00002_01-12-2025-07.22,157.0,-55.2,48.15,-25.2,58.91,4.8,61.4,34.8,63.62,-2.4492935982947064e-16,1.0,0.0,1.0,1,0,43.0
00002_01-12-2025-08.32,157.0,-34.8,63.62,-4.8,73.57,25.2,46.64,55.2,64.83,-2.4492935982947064e-16,1.0,0.0,1.0,1,0,33.74
00009_01-12-2025-09.22,172.0,-55.2,73.57,-25.2,46.64,4.8,64.83,64.8,37.76,-2.4492935982947064e-16,1.0,0.0,1.0,1,0,38.67
00009_01-12-2025-09.57,172.0,-60.0,46.64,-30.0,64.83,30.0,37.76,90.0,39.24,-2.4492935982947064e-16,1.0,0.0,1.0,1,0,34.76
00011_01-12-2025-10.02,182.0,-64.8,46.64,-34.8,64.83,25.2,37.76,85.2,39.24,-2.4492935982947064e-16,1.0,0.0,1.0,0,1,38.02
00009_01-12-2025-11.22,172.0,-115.2,64.83,-55.2,37.76,4.8,39.24,64.8,45.03,-2.4492935982947064e-16,1.0,0.0,1.0,1,0,39.36
00009_01-12-2025-12.22,172.0,-115.2,37.76,-55.2,39.24,4.8,45.03,34.8,37.44,-2.4492935982947064e-16,1.0,0.0,1.0,1,0,23.32
00009_01-12-2025-14.02,172.0,-64.8,37.44,-43.8,68.94,25.2,36.15,55.2,33.93,-2.4492935982947064e-16,1.0,0.0,1.0,1,0,33.46
00015_01-12-2025-14.12,157.0,-75.0,37.44,-54.0,68.94,15.0,36.15,45.0,33.93,-2.4492935982947064e-16,1.0,0.0,1.0,0,1,30.28
00017_01-12-2025-14.42,179.0,-84.0,68.94,-15.0,36.15,15.0,33.93,45.0,38.1,-2.4492935982947064e-16,1.0,0.0,1.0,1,0,64.05
00002_01-12-2025-16.37,157.0,-40.2,39.87,-10.2,75.63,19.8,42.19,49.8,66.23,-2.4492935982947064e-16,1.0,0.0,1.0,1,0,30.66
00015_01-12-2025-17.17,157.0,-49.8,75.63,-19.8,42.19,10.2,66.23,40.2,47.02,-2.4492935982947064e-16,1.0,0.0,1.0,0,1,26.16
00009_01-12-2025-17.22,172.0,-55.2,75.63,-25.2,42.19,4.8,66.23,34.8,47.02,-2.4492935982947064e-16,1.0,0.0,1.0,1,0,46.96
00002_01-12-2025-18.32,157.0,-34.8,47.02,-4.8,62.35,25.2,47.77,62.4,23.9,-2.4492935982947064e-16,1.0,0.0,1.0,1,0,37.11
00009_01-12-2025-19.29,172.0,-61.8,62.35,-31.8,47.77,5.4,23.9,36.0,17.41,-2.4492935982947064e-16,1.0,0.0,1.0,1,0,58.1
00009_01-12-2025-20.22,172.0,-48.0,23.9,-17.4,17.41,4.8,26.31,45.0,27.89,-2.4492935982947064e-16,1.0,0.0,1.0,1,0,20.07
00005_01-12-2025-21.02,172.0,-57.0,17.41,-34.8,26.31,5.4,27.89,550.2,34.07,-2.4492935982947064e-16,1.0,0.0,1.0,0,1,39.87
00002_02-12-2025-06.22,157.0,-555.0,27.89,-10.2,34.07,4.8,46.69,34.8,108.84,-2.4492935982947064e-16,1.0,0.7818314824680298,0.6234898018587336,1,0,22.93
00005_02-12-2025-07.02,172.0,-34.8,46.69,-4.8,108.84,25.2,30.92,55.2,38.54,-2.4492935982947064e-16,1.0,0.7818314824680298,0.6234898018587336,0,1,44.97
00002_02-12-2025-07.22,157.0,-55.2,46.69,-25.2,108.84,4.8,30.92,34.8,38.54,-2.4492935982947064e-16,1.0,0.7818314824680298,0.6234898018587336,1,0,39.62
00002_02-12-2025-08.32,157.0,-34.8,38.54,-4.8,76.43,25.2,47.47,55.2,86.91,-2.4492935982947064e-16,1.0,0.7818314824680298,0.6234898018587336,1,0,24.48
00009_02-12-2025-09.22,172.0,-55.2,76.43,-25.2,47.47,4.8,86.91,64.8,35.45,-2.4492935982947064e-16,1.0,0.7818314824680298,0.6234898018587336,1,0,35.1
00009_02-12-2025-09.57,172.0,-60.0,47.47,-30.0,86.91,30.0,35.45,90.0,42.84,-2.4492935982947064e-16,1.0,0.7818314824680298,0.6234898018587336,1,0,42.97
00011_02-12-2025-10.02,182.0,-64.8,47.47,-34.8,86.91,25.2,35.45,85.2,42.84,-2.4492935982947064e-16,1.0,0.7818314824680298,0.6234898018587336,0,1,18.53
00009_02-12-2025-11.22,172.0,-115.2,86.91,-55.2,35.45,4.8,42.84,64.8,42.28,-2.4492935982947064e-16,1.0,0.7818314824680298,0.6234898018587336,1,0,43.9
00009_02-12-2025-12.22,172.0,-115.2,35.45,-55.2,42.84,4.8,42.28,34.8,48.17,-2.4492935982947064e-16,1.0,0.7818314824680298,0.6234898018587336,1,0,28.37
00009_02-12-2025-14.02,172.0,-64.8,48.17,-43.8,48.24,25.2,74.77,55.2,26.48,-2.4492935982947064e-16,1.0,0.7818314824680298,0.6234898018587336,1,0,33.79
00015_02-12-2025-14.12,157.0,-75.0,48.17,-54.0,48.24,15.0,74.77,45.0,26.48,-2.4492935982947064e-16,1.0,0.7818314824680298,0.6234898018587336,0,1,31.48
00017_02-12-2025-14.42,179.0,-84.0,48.24,-15.0,74.77,15.0,26.48,45.0,28.19,-2.4492935982947064e-16,1.0,0.7818314824680298,0.6234898018587336,1,0,41.49
00002_02-12-2025-16.37,157.0,-40.2,28.07,-10.2,36.18,19.8,49.35,49.8,58.83,-2.4492935982947064e-16,1.0,0.7818314824680298,0.6234898018587336,1,0,28.47
00015_02-12-2025-17.17,157.0,-49.8,36.18,-19.8,49.35,10.2,58.83,40.2,67.35,-2.4492935982947064e-16,1.0,0.7818314824680298,0.6234898018587336,0,1,44.42
00009_02-12-2025-17.22,172.0,-55.2,36.18,-25.2,49.35,4.8,58.83,34.8,67.35,-2.4492935982947064e-16,1.0,0.7818314824680298,0.6234898018587336,1,0,23.21
00002_02-12-2025-18.32,157.0,-34.8,67.35,-4.8,58.87,25.2,35.14,62.4,29.06,-2.4492935982947064e-16,1.0,0.7818314824680298,0.6234898018587336,1,0,47.15
00009_02-12-2025-19.29,172.0,-61.8,58.87,-31.8,35.14,5.4,29.06,36.0,44.69,-2.4492935982947064e-16,1.0,0.7818314824680298,0.6234898018587336,1,0,54.65
00009_02-12-2025-20.22,172.0,-48.0,29.06,-17.4,44.69,4.8,39.49,45.0,36.91,-2.4492935982947064e-16,1.0,0.7818314824680298,0.6234898018587336,1,0,17.38
00005_02-12-2025-21.02,172.0,-57.0,44.69,-34.8,39.49,5.4,36.91,550.2,34.44,-2.4492935982947064e-16,1.0,0.7818314824680298,0.6234898018587336,0,1,38.18
00002_03-12-2025-06.22,157.0,-555.0,36.91,-10.2,34.44,4.8,42.44,34.8,92.59,-2.4492935982947064e-16,1.0,0.9749279121818236,-0.22252093395631434,1,0,34.99
00005_03-12-2025-07.02,172.0,-34.8,42.44,-4.8,92.59,25.2,30.98,55.2,56.59,-2.4492935982947064e-16,1.0,0.9749279121818236,-0.22252093395631434,0,1,40.88
00002_03-12-2025-07.22,157.0,-55.2,42.44,-25.2,92.59,4.8,30.98,34.8,56.59,-2.4492935982947064e-16,1.0,0.9749279121818236,-0.22252093395631434,1,0,43.04
00002_03-12-2025-08.32,157.0,-34.8,56.59,-4.8,64.94,25.2,58.46,55.2,80.52,-2.4492935982947064e-16,1.0,0.9749279121818236,-0.22252093395631434,1,0,45.35
00009_03-12-2025-09.22,172.0,-55.2,64.94,-25.2,58.46,4.8,80.52,64.8,47.84,-2.4492935982947064e-16,1.0,0.9749279121818236,-0.22252093395631434,1,0,49.08
00009_03-12-2025-09.57,172.0,-60.0,58.46,-30.0,80.52,30.0,47.84,90.0,56.33,-2.4492935982947064e-16,1.0,0.9749279121818236,-0.22252093395631434,1,0,36.19
00011_03-12-2025-10.02,182.0,-64.8,58.46,-34.8,80.52,25.2,47.84,85.2,56.33,-2.4492935982947064e-16,1.0,0.9749279121818236,-0.22252093395631434,0,1,47.31
00009_03-12-2025-11.22,172.0,-115.2,80.52,-55.2,47.84,4.8,56.33,64.8,61.19,-2.4492935982947064e-16,1.0,0.9749279121818236,-0.22252093395631434,1,0,52.88
00009_03-12-2025-12.22,172.0,-115.2,47.84,-55.2,56.33,4.8,61.19,34.8,34.76,-2.4492935982947064e-16,1.0,0.9749279121818236,-0.22252093395631434,1,0,31.83
00009_03-12-2025-14.02,172.0,-64.8,34.76,-43.8,48.24,25.2,53.26,55.2,57.7,-2.4492935982947064e-16,1.0,0.9749279121818236,-0.22252093395631434,1,0,31.33
00015_03-12-2025-14.12,157.0,-75.0,34.76,-54.0,48.24,15.0,53.26,45.0,57.7,-2.4492935982947064e-16,1.0,0.9749279121818236,-0.22252093395631434,0,1,32.25
00017_03-12-2025-14.42,179.0,-84.0,48.24,-15.0,53.26,15.0,57.7,45.0,37.81,-2.4492935982947064e-16,1.0,0.9749279121818236,-0.22252093395631434,1,0,55.2
00002_03-12-2025-16.37,157.0,-40.2,33.44,-10.2,67.28,19.8,106.59,49.8,68.59,-2.4492935982947064e-16,1.0,0.9749279121818236,-0.22252093395631434,1,0,38.29
00015_03-12-2025-17.17,157.0,-49.8,67.28,-19.8,106.59,10.2,68.59,40.2,64.8,-2.4492935982947064e-16,1.0,0.9749279121818236,-0.22252093395631434,0,1,21.43
00009_03-12-2025-17.22,172.0,-55.2,67.28,-25.2,106.59,4.8,68.59,34.8,64.8,-2.4492935982947064e-16,1.0,0.9749279121818236,-0.22252093395631434,1,0,21.42
00002_03-12-2025-18.32,157.0,-34.8,64.8,-4.8,69.56,25.2,101.95,62.4,33.98,-2.4492935982947064e-16,1.0,0.9749279121818236,-0.22252093395631434,1,0,42.6
00009_03-12-2025-19.29,172.0,-61.8,69.56,-31.8,101.95,5.4,33.98,36.0,52.05,-2.4492935982947064e-16,1.0,0.9749279121818236,-0.22252093395631434,1,0,37.49
00009_03-12-2025-20.22,172.0,-48.0,33.98,-17.4,52.05,4.8,34.05,45.0,56.89,-2.4492935982947064e-16,1.0,0.9749279121818236,-0.22252093395631434,1,0,27.4
00005_03-12-2025-21.02,172.0,-57.0,52.05,-34.8,34.05,5.4,56.89,550.2,27.59,-2.4492935982947064e-16,1.0,0.9749279121818236,-0.22252093395631434,0,1,48.78
00002_04-12-2025-06.22,157.0,-555.0,56.89,-10.2,27.59,4.8,35.52,34.8,44.04,-2.4492935982947064e-16,1.0,0.43388373911755823,-0.900968867902419,1,0,42.75
00005_04-12-2025-07.02,172.0,-34.8,35.52,-4.8,44.04,25.2,51.82,55.2,29.29,-2.4492935982947064e-16,1.0,0.43388373911755823,-0.900968867902419,0,1,22.9
00002_04-12-2025-07.22,157.0,-55.2,35.52,-25.2,44.04,4.8,51.82,34.8,29.29,-2.4492935982947064e-16,1.0,0.43388373911755823,-0.900968867902419,1,0,55.48
00002_04-12-2025-08.32,157.0,-34.8,29.29,-4.8,63.44,25.2,78.86,55.2,37.23,-2.4492935982947064e-16,1.0,0.43388373911755823,-0.900968867902419,1,0,39.77
00009_04-12-2025-09.22,172.0,-55.2,63.44,-25.2,78.86,4.8,37.23,64.8,57.05,-2.4492935982947064e-16,1.0,0.43388373911755823,-0.900968867902419,1,0,36.67
00009_04-12-2025-09.57,172.0,-60.0,78.86,-30.0,37.23,30.0,57.05,90.0,55.05,-2.4492935982947064e-16,1.0,0.43388373911755823,-0.900968867902419,1,0,47.74
00011_04-12-2025-10.02,182.0,-64.8,78.86,-34.8,37.23,25.2,57.05,85.2,55.05,-2.4492935982947064e-16,1.0,0.43388373911755823,-0.900968867902419,0,1,61.95
00009_04-12-2025-11.22,172.0,-115.2,37.23,-55.2,57.05,4.8,55.05,64.8,34.29,-2.4492935982947064e-16,1.0,0.43388373911755823,-0.900968867902419,1,0,54.43
00009_04-12-2025-12.22,172.0,-115.2,57.05,-55.2,55.05,4.8,34.29,34.8,63.47,-2.4492935982947064e-16,1.0,0.43388373911755823,-0.900968867902419,1,0,45.43
00002_04-12-2025-16.37,157.0,-40.2,91.69,-10.2,65.93,19.8,142.77,49.8,92.39,-2.4492935982947064e-16,1.0,0.43388373911755823,-0.900968867902419,1,0,53.31
00015_04-12-2025-17.17,157.0,-49.8,65.93,-19.8,142.77,10.2,92.39,40.2,62.71,-2.4492935982947064e-16,1.0,0.43388373911755823,-0.900968867902419,0,1,57.3
00009_04-12-2025-17.22,172.0,-55.2,65.93,-25.2,142.77,4.8,92.39,34.8,62.71,-2.4492935982947064e-16,1.0,0.43388373911755823,-0.900968867902419,1,0,85.19
00002_04-12-2025-18.32,157.0,-34.8,62.71,-4.8,71.41,25.2,76.69,62.4,30.12,-2.4492935982947064e-16,1.0,0.43388373911755823,-0.900968867902419,1,0,49.35
00009_04-12-2025-19.29,172.0,-61.8,71.41,-31.8,76.69,5.4,30.12,36.0,59.14,-2.4492935982947064e-16,1.0,0.43388373911755823,-0.900968867902419,1,0,50.91
00009_04-12-2025-20.22,172.0,-48.0,30.12,-17.4,59.14,4.8,54.81,45.0,71.09,-2.4492935982947064e-16,1.0,0.43388373911755823,-0.900968867902419,1,0,33.87
00005_04-12-2025-21.02,172.0,-57.0,59.14,-34.8,54.81,5.4,71.09,565.2,23.7,-2.4492935982947064e-16,1.0,0.43388373911755823,-0.900968867902419,0,1,52.65
00002_05-12-2025-06.22,157.0,-595.2,54.81,-555.0,71.09,4.8,23.7,34.8,45.35,-2.4492935982947064e-16,1.0,-0.433883739117558,-0.9009688679024191,1,0,22.43
00005_05-12-2025-07.02,172.0,-34.8,23.7,-4.8,45.35,25.2,48.16,55.2,40.53,-2.4492935982947064e-16,1.0,-0.433883739117558,-0.9009688679024191,0,1,43.77
00002_05-12-2025-07.22,157.0,-55.2,23.7,-25.2,45.35,4.8,48.16,34.8,40.53,-2.4492935982947064e-16,1.0,-0.433883739117558,-0.9009688679024191,1,0,50.83
00002_05-12-2025-08.32,157.0,-64.8,48.16,-34.8,40.53,25.2,106.65,55.2,75.91,-2.4492935982947064e-16,1.0,-0.433883739117558,-0.9009688679024191,1,0,42.83
00009_05-12-2025-09.22,172.0,-85.2,40.53,-25.2,106.65,4.8,75.91,64.8,58.08,-2.4492935982947064e-16,1.0,-0.433883739117558,-0.9009688679024191,1,0,60.9
00009_05-12-2025-09.57,172.0,-60.0,106.65,-30.0,75.91,30.0,58.08,90.0,123.56,-2.4492935982947064e-16,1.0,-0.433883739117558,-0.9009688679024191,1,0,56.48
00011_05-12-2025-10.02,182.0,-64.8,106.65,-34.8,75.91,25.2,58.08,85.2,123.56,-2.4492935982947064e-16,1.0,-0.433883739117558,-0.9009688679024191,0,1,54.52
00009_05-12-2025-11.22,172.0,-115.2,75.91,-55.2,58.08,4.8,123.56,64.8,47.46,-2.4492935982947064e-16,1.0,-0.433883739117558,-0.9009688679024191,1,0,67.47
00009_05-12-2025-12.22,172.0,-115.2,58.08,-55.2,123.56,4.8,47.46,34.8,81.3,-2.4492935982947064e-16,1.0,-0.433883739117558,-0.9009688679024191,1,0,48.56
00009_05-12-2025-14.02,172.0,-43.8,55.14,-4.8,72.4,25.2,93.75,55.2,98.79,-2.4492935982947064e-16,1.0,-0.433883739117558,-0.9009688679024191,1,0,76.48
00015_05-12-2025-14.12,157.0,-54.0,55.14,-15.0,72.4,15.0,93.75,45.0,98.79,-2.4492935982947064e-16,1.0,-0.433883739117558,-0.9009688679024191,0,1,48.31
00017_05-12-2025-14.42,179.0,-45.0,72.4,-15.0,93.75,15.0,98.79,45.0,53.87,-2.4492935982947064e-16,1.0,-0.433883739117558,-0.9009688679024191,1,0,67.74
00002_05-12-2025-16.37,157.0,-40.2,96.98,-10.2,87.74,19.8,93.47,49.8,42.11,-2.4492935982947064e-16,1.0,-0.433883739117558,-0.9009688679024191,1,0,65.88
00015_05-12-2025-17.17,157.0,-49.8,87.74,-19.8,93.47,10.2,42.11,40.2,49.4,-2.4492935982947064e-16,1.0,-0.433883739117558,-0.9009688679024191,0,1,47.74
00009_05-12-2025-17.22,172.0,-55.2,87.74,-25.2,93.47,4.8,42.11,34.8,49.4,-2.4492935982947064e-16,1.0,-0.433883739117558,-0.9009688679024191,1,0,49.08
00002_05-12-2025-18.32,157.0,-34.8,49.4,-4.8,72.4,25.2,55.39,62.4,38.89,-2.4492935982947064e-16,1.0,-0.433883739117558,-0.9009688679024191,1,0,58.96
00009_05-12-2025-19.29,172.0,-61.8,72.4,-31.8,55.39,5.4,38.89,36.0,64.62,-2.4492935982947064e-16,1.0,-0.433883739117558,-0.9009688679024191,1,0,35.59
00009_05-12-2025-20.22,172.0,-48.0,38.89,-17.4,64.62,4.8,53.6,45.0,91.86,-2.4492935982947064e-16,1.0,-0.433883739117558,-0.9009688679024191,1,0,34.66
00005_05-12-2025-21.02,172.0,-57.0,64.62,-34.8,53.6,5.4,91.86,565.2,27.71,-2.4492935982947064e-16,1.0,-0.433883739117558,-0.9009688679024191,0,1,39.05
00005_06-12-2025-07.02,172.0,-594.6,91.86,-34.8,27.71,25.2,51.11,85.2,50.87,-2.4492935982947064e-16,1.0,-0.9749279121818236,-0.2225209339563146,0,1,29.31
00009_06-12-2025-08.07,172.0,-100.2,27.71,-40.2,51.11,19.8,50.87,49.8,49.4,-2.4492935982947064e-16,1.0,-0.9749279121818236,-0.2225209339563146,1,0,29.51
00009_06-12-2025-09.22,172.0,-55.2,50.87,-25.2,49.4,4.8,52.09,64.8,47.96,-2.4492935982947064e-16,1.0,-0.9749279121818236,-0.2225209339563146,1,0,63.79
00009_06-12-2025-09.57,172.0,-60.0,49.4,-30.0,52.09,30.0,47.96,90.0,66.83,-2.4492935982947064e-16,1.0,-0.9749279121818236,-0.2225209339563146,1,0,29.28
00011_06-12-2025-10.02,182.0,-64.8,49.4,-34.8,52.09,25.2,47.96,85.2,66.83,-2.4492935982947064e-16,1.0,-0.9749279121818236,-0.2225209339563146,0,1,28.39
00009_06-12-2025-11.22,172.0,-115.2,52.09,-55.2,47.96,4.8,66.83,64.8,57.7,-2.4492935982947064e-16,1.0,-0.9749279121818236,-0.2225209339563146,1,0,47.44
00009_06-12-2025-12.22,172.0,-115.2,47.96,-55.2,66.83,4.8,57.7,55.8,82.74,-2.4492935982947064e-16,1.0,-0.9749279121818236,-0.2225209339563146,1,0,33.02
00015_06-12-2025-14.12,157.0,-105.0,57.7,-54.0,82.74,75.0,30.53,135.0,107.55,-2.4492935982947064e-16,1.0,-0.9749279121818236,-0.2225209339563146,0,1,20.36
00017_06-12-2025-14.42,179.0,-135.0,57.7,-84.0,82.74,45.0,30.53,105.0,107.55,-2.4492935982947064e-16,1.0,-0.9749279121818236,-0.2225209339563146,1,0,29.54
00002_06-12-2025-16.37,157.0,-70.2,30.53,-10.2,107.55,49.8,25.47,109.8,96.81,-2.4492935982947064e-16,1.0,-0.9749279121818236,-0.2225209339563146,1,0,38.38
00015_06-12-2025-17.17,157.0,-109.8,30.53,-49.8,107.55,10.2,25.47,70.2,96.81,-2.4492935982947064e-16,1.0,-0.9749279121818236,-0.2225209339563146,0,1,10.0
00009_06-12-2025-19.29,172.0,-121.8,25.47,-61.8,96.81,5.4,31.39,58.2,17.97,-2.4492935982947064e-16,1.0,-0.9749279121818236,-0.2225209339563146,1,0,40.92
00009_06-12-2025-20.22,172.0,-115.2,96.81,-48.0,31.39,4.8,17.97,604.8,48.01,-2.4492935982947064e-16,1.0,-0.9749279121818236,-0.2225209339563146,1,0,18.83
00005_06-12-2025-21.02,172.0,-87.6,31.39,-34.8,17.97,565.2,48.01,625.2,62.66,-2.4492935982947064e-16,1.0,-0.9749279121818236,-0.2225209339563146,0,1,31.57
00005_07-12-2025-07.02,172.0,-634.8,17.97,-34.8,48.01,25.2,62.66,85.2,61.25,-2.4492935982947064e-16,1.0,-0.7818314824680299,0.6234898018587334,0,1,49.68
00009_07-12-2025-08.07,172.0,-100.2,48.01,-40.2,62.66,19.8,61.25,79.8,69.79,-2.4492935982947064e-16,1.0,-0.7818314824680299,0.6234898018587334,1,0,43.72
00009_07-12-2025-09.22,172.0,-115.2,62.66,-55.2,61.25,4.8,69.79,64.8,36.94,-2.4492935982947064e-16,1.0,-0.7818314824680299,0.6234898018587334,1,0,67.72
00009_07-12-2025-09.57,172.0,-90.0,61.25,-30.0,69.79,30.0,36.94,90.0,138.51,-2.4492935982947064e-16,1.0,-0.7818314824680299,0.6234898018587334,1,0,56.38
00011_07-12-2025-10.02,182.0,-94.8,61.25,-34.8,69.79,25.2,36.94,85.2,138.51,-2.4492935982947064e-16,1.0,-0.7818314824680299,0.6234898018587334,0,1,44.14
00009_07-12-2025-11.22,172.0,-115.2,69.79,-55.2,36.94,4.8,138.51,64.8,47.39,-2.4492935982947064e-16,1.0,-0.7818314824680299,0.6234898018587334,1,0,63.98
00009_07-12-2025-12.22,172.0,-115.2,36.94,-55.2,138.51,4.8,47.39,55.8,55.14,-2.4492935982947064e-16,1.0,-0.7818314824680299,0.6234898018587334,1,0,58.52
00009_07-12-2025-14.02,172.0,-94.8,47.39,-43.8,55.14,25.2,81.93,85.2,61.78,-2.4492935982947064e-16,1.0,-0.7818314824680299,0.6234898018587334,1,0,79.89
00015_07-12-2025-14.12,157.0,-105.0,47.39,-54.0,55.14,15.0,81.93,75.0,61.78,-2.4492935982947064e-16,1.0,-0.7818314824680299,0.6234898018587334,0,1,60.96
00017_07-12-2025-14.42,179.0,-84.0,55.14,-15.0,81.93,45.0,61.78,105.0,94.2,-2.4492935982947064e-16,1.0,-0.7818314824680299,0.6234898018587334,1,0,82.05
00002_07-12-2025-16.37,157.0,-70.2,61.78,-10.2,94.2,19.8,76.54,49.8,74.31,-2.4492935982947064e-16,1.0,-0.7818314824680299,0.6234898018587334,1,0,98.55
00015_07-12-2025-17.17,157.0,-49.8,94.2,-19.8,76.54,10.2,74.31,40.2,69.9,-2.4492935982947064e-16,1.0,-0.7818314824680299,0.6234898018587334,0,1,59.96
00009_07-12-2025-17.22,172.0,-55.2,94.2,-25.2,76.54,4.8,74.31,34.8,69.9,-2.4492935982947064e-16,1.0,-0.7818314824680299,0.6234898018587334,1,0,61.8
00002_07-12-2025-18.32,157.0,-34.8,69.9,-4.8,85.63,25.2,119.43,62.4,92.47,-2.4492935982947064e-16,1.0,-0.7818314824680299,0.6234898018587334,1,0,95.19
00009_07-12-2025-19.29,172.0,-61.8,85.63,-31.8,119.43,5.4,92.47,36.0,69.85,-2.4492935982947064e-16,1.0,-0.7818314824680299,0.6234898018587334,1,0,81.38
00009_07-12-2025-20.22,172.0,-48.0,92.47,-17.4,69.85,4.8,69.43,45.0,108.73,-2.4492935982947064e-16,1.0,-0.7818314824680299,0.6234898018587334,1,0,66.17
00005_07-12-2025-21.02,172.0,-57.0,69.85,-34.8,69.43,5.4,108.73,550.2,23.19,-2.4492935982947064e-16,1.0,-0.7818314824680299,0.6234898018587334,0,1,48.97
00002_08-12-2025-06.22,157.0,-555.0,108.73,-10.2,23.19,4.8,58.1,34.8,55.08,-2.4492935982947064e-16,1.0,0.0,1.0,1,0,26.95
00005_08-12-2025-07.02,172.0,-34.8,58.1,-4.8,55.08,25.2,54.66,55.2,64.19,-2.4492935982947064e-16,1.0,0.0,1.0,0,1,36.14
00002_08-12-2025-07.22,157.0,-55.2,58.1,-25.2,55.08,4.8,54.66,34.8,64.19,-2.4492935982947064e-16,1.0,0.0,1.0,1,0,34.97
00002_08-12-2025-08.32,157.0,-34.8,64.19,-4.8,70.83,25.2,48.89,55.2,73.73,-2.4492935982947064e-16,1.0,0.0,1.0,1,0,39.16
00009_08-12-2025-09.22,172.0,-55.2,70.83,-25.2,48.89,4.8,73.73,64.8,32.69,-2.4492935982947064e-16,1.0,0.0,1.0,1,0,61.16
00009_08-12-2025-09.57,172.0,-60.0,48.89,-30.0,73.73,30.0,32.69,90.0,36.83,-2.4492935982947064e-16,1.0,0.0,1.0,1,0,24.56
00011_08-12-2025-10.02,182.0,-64.8,48.89,-34.8,73.73,25.2,32.69,85.2,36.83,-2.4492935982947064e-16,1.0,0.0,1.0,0,1,39.6
00009_08-12-2025-11.22,172.0,-115.2,73.73,-55.2,32.69,4.8,36.83,64.8,52.94,-2.4492935982947064e-16,1.0,0.0,1.0,1,0,16.77
00009_08-12-2025-12.22,172.0,-115.2,32.69,-55.2,36.83,4.8,52.94,34.8,36.31,-2.4492935982947064e-16,1.0,0.0,1.0,1,0,50.79
00009_08-12-2025-14.02,172.0,-64.8,36.31,-43.8,68.94,25.2,39.53,55.2,34.29,-2.4492935982947064e-16,1.0,0.0,1.0,1,0,25.35
00015_08-12-2025-14.12,157.0,-75.0,36.31,-54.0,68.94,15.0,39.53,45.0,34.29,-2.4492935982947064e-16,1.0,0.0,1.0,0,1,24.57
00017_08-12-2025-14.42,179.0,-84.0,68.94,-15.0,39.53,15.0,34.29,45.0,33.06,-2.4492935982947064e-16,1.0,0.0,1.0,1,0,38.16
00002_08-12-2025-16.37,157.0,-40.2,47.14,-10.2,66.31,19.8,51.72,49.8,66.12,-2.4492935982947064e-16,1.0,0.0,1.0,1,0,49.97
00015_08-12-2025-17.17,157.0,-49.8,66.31,-19.8,51.72,10.2,66.12,40.2,44.41,-2.4492935982947064e-16,1.0,0.0,1.0,0,1,37.09
00009_08-12-2025-17.22,172.0,-55.2,66.31,-25.2,51.72,4.8,66.12,34.8,44.41,-2.4492935982947064e-16,1.0,0.0,1.0,1,0,48.97
00002_08-12-2025-18.32,157.0,-34.8,44.41,-4.8,49.12,25.2,31.36,62.4,20.71,-2.4492935982947064e-16,1.0,0.0,1.0,1,0,26.96
00009_08-12-2025-19.29,172.0,-61.8,49.12,-31.8,31.36,5.4,20.71,36.0,25.04,-2.4492935982947064e-16,1.0,0.0,1.0,1,0,27.93
00009_08-12-2025-20.22,172.0,-48.0,20.71,-17.4,25.04,4.8,19.8,45.0,32.6,-2.4492935982947064e-16,1.0,0.0,1.0,1,0,34.96
00005_08-12-2025-21.02,172.0,-57.0,25.04,-34.8,19.8,5.4,32.6,550.2,33.11,-2.4492935982947064e-16,1.0,0.0,1.0,0,1,10.0
00002_09-12-2025-06.22,157.0,-555.0,32.6,-10.2,33.11,4.8,39.91,34.8,110.58,-2.4492935982947064e-16,1.0,0.7818314824680298,0.6234898018587336,1,0,43.1
00005_09-12-2025-07.02,172.0,-34.8,39.91,-4.8,110.58,25.2,29.28,55.2,44.26,-2.4492935982947064e-16,1.0,0.7818314824680298,0.6234898018587336,0,1,55.59
00002_09-12-2025-07.22,157.0,-55.2,39.91,-25.2,110.58,4.8,29.28,34.8,44.26,-2.4492935982947064e-16,1.0,0.7818314824680298,0.6234898018587336,1,0,39.01
00002_09-12-2025-08.32,157.0,-34.8,44.26,-4.8,72.24,25.2,37.89,55.2,60.62,-2.4492935982947064e-16,1.0,0.7818314824680298,0.6234898018587336,1,0,35.68
00009_09-12-2025-09.22,172.0,-55.2,72.24,-25.2,37.89,4.8,60.62,64.8,33.67,-2.4492935982947064e-16,1.0,0.7818314824680298,0.6234898018587336,1,0,36.84
00009_09-12-2025-09.57,172.0,-60.0,37.89,-30.0,60.62,30.0,33.67,90.0,37.18,-2.4492935982947064e-16,1.0,0.7818314824680298,0.6234898018587336,1,0,43.76
00011_09-12-2025-10.02,182.0,-64.8,37.89,-34.8,60.62,25.2,33.67,85.2,37.18,-2.4492935982947064e-16,1.0,0.7818314824680298,0.6234898018587336,0,1,36.86
00009_09-12-2025-11.22,172.0,-115.2,60.62,-55.2,33.67,4.8,37.18,64.8,46.35,-2.4492935982947064e-16,1.0,0.7818314824680298,0.6234898018587336,1,0,21.58
00009_09-12-2025-12.22,172.0,-115.2,33.67,-55.2,37.18,4.8,46.35,34.8,42.34,-2.4492935982947064e-16,1.0,0.7818314824680298,0.6234898018587336,1,0,37.12
00009_09-12-2025-14.02,172.0,-64.8,42.34,-43.8,48.24,25.2,76.64,55.2,33.95,-2.4492935982947064e-16,1.0,0.7818314824680298,0.6234898018587336,1,0,11.86
00015_09-12-2025-14.12,157.0,-75.0,42.34,-54.0,48.24,15.0,76.64,45.0,33.95,-2.4492935982947064e-16,1.0,0.7818314824680298,0.6234898018587336,0,1,26.99
00017_09-12-2025-14.42,179.0,-84.0,48.24,-15.0,76.64,15.0,33.95,45.0,30.16,-2.4492935982947064e-16,1.0,0.7818314824680298,0.6234898018587336,1,0,29.09
00002_09-12-2025-16.37,157.0,-40.2,37.53,-10.2,34.53,19.8,46.22,49.8,54.52,-2.4492935982947064e-16,1.0,0.7818314824680298,0.6234898018587336,1,0,26.68
00015_09-12-2025-17.17,157.0,-49.8,34.53,-19.8,46.22,10.2,54.52,40.2,69.07,-2.4492935982947064e-16,1.0,0.7818314824680298,0.6234898018587336,0,1,11.22
00009_09-12-2025-17.22,172.0,-55.2,34.53,-25.2,46.22,4.8,54.52,34.8,69.07,-2.4492935982947064e-16,1.0,0.7818314824680298,0.6234898018587336,1,0,49.06
00002_09-12-2025-18.32,157.0,-34.8,69.07,-4.8,55.16,25.2,34.8,62.4,30.23,-2.4492935982947064e-16,1.0,0.7818314824680298,0.6234898018587336,1,0,22.54
00009_09-12-2025-19.29,172.0,-61.8,55.16,-31.8,34.8,5.4,30.23,36.0,41.82,-2.4492935982947064e-16,1.0,0.7818314824680298,0.6234898018587336,1,0,39.03
00009_09-12-2025-20.22,172.0,-48.0,30.23,-17.4,41.82,4.8,43.99,45.0,41.46,-2.4492935982947064e-16,1.0,0.7818314824680298,0.6234898018587336,1,0,26.5
00005_09-12-2025-21.02,172.0,-57.0,41.82,-34.8,43.99,5.4,41.46,550.2,37.2,-2.4492935982947064e-16,1.0,0.7818314824680298,0.6234898018587336,0,1,46.71
00002_10-12-2025-06.22,157.0,-555.0,41.46,-10.2,37.2,4.8,44.72,34.8,108.89,-2.4492935982947064e-16,1.0,0.9749279121818236,-0.22252093395631434,1,0,30.11
00005_10-12-2025-07.02,172.0,-34.8,44.72,-4.8,108.89,25.2,40.75,55.2,51.42,-2.4492935982947064e-16,1.0,0.9749279121818236,-0.22252093395631434,0,1,54.15
00002_10-12-2025-07.22,157.0,-55.2,44.72,-25.2,108.89,4.8,40.75,34.8,51.42,-2.4492935982947064e-16,1.0,0.9749279121818236,-0.22252093395631434,1,0,38.04
00002_10-12-2025-08.32,157.0,-34.8,51.42,-4.8,84.22,25.2,43.78,55.2,63.84,-2.4492935982947064e-16,1.0,0.9749279121818236,-0.22252093395631434,1,0,48.11
00009_10-12-2025-09.22,172.0,-55.2,84.22,-25.2,43.78,4.8,63.84,64.8,51.31,-2.4492935982947064e-16,1.0,0.9749279121818236,-0.22252093395631434,1,0,53.15
00009_10-12-2025-09.57,172.0,-60.0,43.78,-30.0,63.84,30.0,51.31,90.0,41.97,-2.4492935982947064e-16,1.0,0.9749279121818236,-0.22252093395631434,1,0,37.2
00011_10-12-2025-10.02,182.0,-64.8,43.78,-34.8,63.84,25.2,51.31,85.2,41.97,-2.4492935982947064e-16,1.0,0.9749279121818236,-0.22252093395631434,0,1,43.65
00009_10-12-2025-11.22,172.0,-115.2,63.84,-55.2,51.31,4.8,41.97,64.8,32.56,-2.4492935982947064e-16,1.0,0.9749279121818236,-0.22252093395631434,1,0,19.64
00009_10-12-2025-12.22,172.0,-115.2,51.31,-55.2,41.97,4.8,32.56,34.8,36.15,-2.4492935982947064e-16,1.0,0.9749279121818236,-0.22252093395631434,1,0,35.91
00009_10-12-2025-14.02,172.0,-64.8,36.15,-43.8,48.24,25.2,51.63,55.2,34.32,-2.4492935982947064e-16,1.0,0.9749279121818236,-0.22252093395631434,1,0,24.35
00015_10-12-2025-14.12,157.0,-75.0,36.15,-54.0,48.24,15.0,51.63,45.0,34.32,-2.4492935982947064e-16,1.0,0.9749279121818236,-0.22252093395631434,0,1,26.78
00017_10-12-2025-14.42,179.0,-84.0,48.24,-15.0,51.63,15.0,34.32,45.0,39.11,-2.4492935982947064e-16,1.0,0.9749279121818236,-0.22252093395631434,1,0,36.26
00002_10-12-2025-16.37,157.0,-40.2,49.72,-10.2,47.9,19.8,107.74,49.8,37.71,-2.4492935982947064e-16,1.0,0.9749279121818236,-0.22252093395631434,1,0,45.72
00015_10-12-2025-17.17,157.0,-49.8,47.9,-19.8,107.74,10.2,37.71,40.2,48.84,-2.4492935982947064e-16,1.0,0.9749279121818236,-0.22252093395631434,0,1,40.76
00009_10-12-2025-17.22,172.0,-55.2,47.9,-25.2,107.74,4.8,37.71,34.8,48.84,-2.4492935982947064e-16,1.0,0.9749279121818236,-0.22252093395631434,1,0,38.8
00002_10-12-2025-18.32,157.0,-34.8,48.84,-4.8,69.15,25.2,92.26,62.4,30.49,-2.4492935982947064e-16,1.0,0.9749279121818236,-0.22252093395631434,1,0,47.83
00009_10-12-2025-19.29,172.0,-61.8,69.15,-31.8,92.26,5.4,30.49,36.0,41.48,-2.4492935982947064e-16,1.0,0.9749279121818236,-0.22252093395631434,1,0,33.2
00009_10-12-2025-20.22,172.0,-48.0,30.49,-17.4,41.48,4.8,42.38,45.0,67.54,-2.4492935982947064e-16,1.0,0.9749279121818236,-0.22252093395631434,1,0,45.75
00005_10-12-2025-21.02,172.0,-57.0,41.48,-34.8,42.38,5.4,67.54,550.2,37.21,-2.4492935982947064e-16,1.0,0.9749279121818236,-0.22252093395631434,0,1,27.43
00002_11-12-2025-06.22,157.0,-555.0,67.54,-10.2,37.21,4.8,43.83,34.8,52.27,-2.4492935982947064e-16,1.0,0.43388373911755823,-0.900968867902419,1,0,27.91
00005_11-12-2025-07.02,172.0,-34.8,43.83,-4.8,52.27,25.2,21.75,55.2,46.92,-2.4492935982947064e-16,1.0,0.43388373911755823,-0.900968867902419,0,1,38.23
00002_11-12-2025-07.22,157.0,-55.2,43.83,-25.2,52.27,4.8,21.75,34.8,46.92,-2.4492935982947064e-16,1.0,0.43388373911755823,-0.900968867902419,1,0,10.96
00002_11-12-2025-08.32,157.0,-34.8,46.92,-4.8,60.34,25.2,49.26,55.2,30.98,-2.4492935982947064e-16,1.0,0.43388373911755823,-0.900968867902419,1,0,45.69
00009_11-12-2025-09.22,172.0,-55.2,60.34,-25.2,49.26,4.8,30.98,64.8,50.49,-2.4492935982947064e-16,1.0,0.43388373911755823,-0.900968867902419,1,0,52.46
00009_11-12-2025-09.57,172.0,-60.0,49.26,-30.0,30.98,30.0,50.49,90.0,49.75,-2.4492935982947064e-16,1.0,0.43388373911755823,-0.900968867902419,1,0,35.51
00011_11-12-2025-10.02,182.0,-64.8,49.26,-34.8,30.98,25.2,50.49,85.2,49.75,-2.4492935982947064e-16,1.0,0.43388373911755823,-0.900968867902419,0,1,56.78
00009_11-12-2025-11.22,172.0,-115.2,30.98,-55.2,50.49,4.8,49.75,64.8,52.61,-2.4492935982947064e-16,1.0,0.43388373911755823,-0.900968867902419,1,0,58.81
00009_11-12-2025-12.22,172.0,-115.2,50.49,-55.2,49.75,4.8,52.61,34.8,55.85,-2.4492935982947064e-16,1.0,0.43388373911755823,-0.900968867902419,1,0,55.13
00002_11-12-2025-16.37,157.0,-40.2,95.75,-10.2,89.8,19.8,141.25,49.8,99.99,-2.4492935982947064e-16,1.0,0.43388373911755823,-0.900968867902419,1,0,59.32
00015_11-12-2025-17.17,157.0,-49.8,89.8,-19.8,141.25,10.2,99.99,40.2,73.71,-2.4492935982947064e-16,1.0,0.43388373911755823,-0.900968867902419,0,1,54.95
00009_11-12-2025-17.22,172.0,-55.2,89.8,-25.2,141.25,4.8,99.99,34.8,73.71,-2.4492935982947064e-16,1.0,0.43388373911755823,-0.900968867902419,1,0,75.4
00002_11-12-2025-18.32,157.0,-34.8,73.71,-4.8,90.41,25.2,66.38,62.4,33.26,-2.4492935982947064e-16,1.0,0.43388373911755823,-0.900968867902419,1,0,51.2
00009_11-12-2025-19.29,172.0,-61.8,90.41,-31.8,66.38,5.4,33.26,36.0,54.62,-2.4492935982947064e-16,1.0,0.43388373911755823,-0.900968867902419,1,0,35.05
00009_11-12-2025-20.22,172.0,-48.0,33.26,-17.4,54.62,4.8,36.81,45.0,54.61,-2.4492935982947064e-16,1.0,0.43388373911755823,-0.900968867902419,1,0,27.46
00005_11-12-2025-21.02,172.0,-57.0,54.62,-34.8,36.81,5.4,54.61,565.2,31.01,-2.4492935982947064e-16,1.0,0.43388373911755823,-0.900968867902419,0,1,37.58
00002_12-12-2025-06.22,157.0,-595.2,36.81,-555.0,54.61,4.8,31.01,34.8,45.42,-2.4492935982947064e-16,1.0,-0.433883739117558,-0.9009688679024191,1,0,43.52
00005_12-12-2025-07.02,172.0,-34.8,31.01,-4.8,45.42,25.2,81.24,55.2,50.5,-2.4492935982947064e-16,1.0,-0.433883739117558,-0.9009688679024191,0,1,44.57
00002_12-12-2025-07.22,157.0,-55.2,31.01,-25.2,45.42,4.8,81.24,34.8,50.5,-2.4492935982947064e-16,1.0,-0.433883739117558,-0.9009688679024191,1,0,49.67
00002_12-12-2025-08.32,157.0,-64.8,81.24,-34.8,50.5,25.2,120.22,55.2,77.89,-2.4492935982947064e-16,1.0,-0.433883739117558,-0.9009688679024191,1,0,23.39
00009_12-12-2025-09.22,172.0,-85.2,50.5,-25.2,120.22,4.8,77.89,64.8,72.09,-2.4492935982947064e-16,1.0,-0.433883739117558,-0.9009688679024191,1,0,47.81
00009_12-12-2025-09.57,172.0,-60.0,120.22,-30.0,77.89,30.0,72.09,90.0,97.39,-2.4492935982947064e-16,1.0,-0.433883739117558,-0.9009688679024191,1,0,67.87
00011_12-12-2025-10.02,182.0,-64.8,120.22,-34.8,77.89,25.2,72.09,85.2,97.39,-2.4492935982947064e-16,1.0,-0.433883739117558,-0.9009688679024191,0,1,50.65
00009_12-12-2025-11.22,172.0,-115.2,77.89,-55.2,72.09,4.8,97.39,64.8,54.16,-2.4492935982947064e-16,1.0,-0.433883739117558,-0.9009688679024191,1,0,52.55
00009_12-12-2025-12.22,172.0,-115.2,72.09,-55.2,97.39,4.8,54.16,34.8,79.21,-2.4492935982947064e-16,1.0,-0.433883739117558,-0.9009688679024191,1,0,44.2
00009_12-12-2025-14.02,172.0,-43.8,55.14,-4.8,79.77,25.2,77.73,55.2,85.94,-2.4492935982947064e-16,1.0,-0.433883739117558,-0.9009688679024191,1,0,56.5
00015_12-12-2025-14.12,157.0,-54.0,55.14,-15.0,79.77,15.0,77.73,45.0,85.94,-2.4492935982947064e-16,1.0,-0.433883739117558,-0.9009688679024191,0,1,49.35
00017_12-12-2025-14.42,179.0,-45.0,79.77,-15.0,77.73,15.0,85.94,45.0,49.48,-2.4492935982947064e-16,1.0,-0.433883739117558,-0.9009688679024191,1,0,75.69
00002_12-12-2025-16.37,157.0,-40.2,104.05,-10.2,80.68,19.8,101.21,49.8,53.87,-2.4492935982947064e-16,1.0,-0.433883739117558,-0.9009688679024191,1,0,52.85
00015_12-12-2025-17.17,157.0,-49.8,80.68,-19.8,101.21,10.2,53.87,40.2,55.03,-2.4492935982947064e-16,1.0,-0.433883739117558,-0.9009688679024191,0,1,20.18
00009_12-12-2025-17.22,172.0,-55.2,80.68,-25.2,101.21,4.8,53.87,34.8,55.03,-2.4492935982947064e-16,1.0,-0.433883739117558,-0.9009688679024191,1,0,80.02
00002_12-12-2025-18.32,157.0,-34.8,55.03,-4.8,69.34,25.2,75.16,62.4,35.03,-2.4492935982947064e-16,1.0,-0.433883739117558,-0.9009688679024191,1,0,28.67
00009_12-12-2025-19.29,172.0,-61.8,69.34,-31.8,75.16,5.4,35.03,36.0,68.92,-2.4492935982947064e-16,1.0,-0.433883739117558,-0.9009688679024191,1,0,55.71
00009_12-12-2025-20.22,172.0,-48.0,35.03,-17.4,68.92,4.8,38.59,45.0,80.73,-2.4492935982947064e-16,1.0,-0.433883739117558,-0.9009688679024191,1,0,26.71
00005_12-12-2025-21.02,172.0,-57.0,68.92,-34.8,38.59,5.4,80.73,565.2,28.76,-2.4492935982947064e-16,1.0,-0.433883739117558,-0.9009688679024191,0,1,32.84
00005_13-12-2025-07.02,172.0,-594.6,80.73,-34.8,28.76,25.2,54.37,85.2,64.17,-2.4492935982947064e-16,1.0,-0.9749279121818236,-0.2225209339563146,0,1,30.95
00009_13-12-2025-08.07,172.0,-100.2,28.76,-40.2,54.37,19.8,64.17,49.8,52.32,-2.4492935982947064e-16,1.0,-0.9749279121818236,-0.2225209339563146,1,0,28.52
00009_13-12-2025-09.22,172.0,-55.2,64.17,-25.2,52.32,4.8,59.41,64.8,49.01,-2.4492935982947064e-16,1.0,-0.9749279121818236,-0.2225209339563146,1,0,34.38
00009_13-12-2025-09.57,172.0,-60.0,52.32,-30.0,59.41,30.0,49.01,90.0,54.58,-2.4492935982947064e-16,1.0,-0.9749279121818236,-0.2225209339563146,1,0,37.56
00011_13-12-2025-10.02,182.0,-64.8,52.32,-34.8,59.41,25.2,49.01,85.2,54.58,-2.4492935982947064e-16,1.0,-0.9749279121818236,-0.2225209339563146,0,1,36.11
00009_13-12-2025-11.22,172.0,-115.2,59.41,-55.2,49.01,4.8,54.58,64.8,42.4,-2.4492935982947064e-16,1.0,-0.9749279121818236,-0.2225209339563146,1,0,46.92
00009_13-12-2025-12.22,172.0,-115.2,49.01,-55.2,54.58,4.8,42.4,55.8,82.74,-2.4492935982947064e-16,1.0,-0.9749279121818236,-0.2225209339563146,1,0,33.3
00015_13-12-2025-14.12,157.0,-105.0,42.4,-54.0,82.74,75.0,29.69,135.0,81.59,-2.4492935982947064e-16,1.0,-0.9749279121818236,-0.2225209339563146,0,1,27.74
00017_13-12-2025-14.42,179.0,-135.0,42.4,-84.0,82.74,45.0,29.69,105.0,81.59,-2.4492935982947064e-16,1.0,-0.9749279121818236,-0.2225209339563146,1,0,30.56
00002_13-12-2025-16.37,157.0,-70.2,29.69,-10.2,81.59,49.8,18.0,109.8,84.05,-2.4492935982947064e-16,1.0,-0.9749279121818236,-0.2225209339563146,1,0,39.0
00015_13-12-2025-17.17,157.0,-109.8,29.69,-49.8,81.59,10.2,18.0,70.2,84.05,-2.4492935982947064e-16,1.0,-0.9749279121818236,-0.2225209339563146,0,1,40.9
00009_13-12-2025-19.29,172.0,-121.8,18.0,-61.8,84.05,5.4,26.55,58.2,28.74,-2.4492935982947064e-16,1.0,-0.9749279121818236,-0.2225209339563146,1,0,37.15
00009_13-12-2025-20.22,172.0,-115.2,84.05,-48.0,26.55,4.8,28.74,604.8,48.09,-2.4492935982947064e-16,1.0,-0.9749279121818236,-0.2225209339563146,1,0,29.78
00005_13-12-2025-21.02,172.0,-87.6,26.55,-34.8,28.74,565.2,48.09,625.2,62.72,-2.4492935982947064e-16,1.0,-0.9749279121818236,-0.2225209339563146,0,1,43.39
00005_14-12-2025-07.02,172.0,-634.8,28.74,-34.8,48.09,25.2,62.72,85.2,67.54,-2.4492935982947064e-16,1.0,-0.7818314824680299,0.6234898018587334,0,1,43.51
00009_14-12-2025-08.07,172.0,-100.2,48.09,-40.2,62.72,19.8,67.54,79.8,51.35,-2.4492935982947064e-16,1.0,-0.7818314824680299,0.6234898018587334,1,0,45.22
00009_14-12-2025-09.22,172.0,-115.2,62.72,-55.2,67.54,4.8,51.35,64.8,53.42,-2.4492935982947064e-16,1.0,-0.7818314824680299,0.6234898018587334,1,0,43.0
00009_14-12-2025-09.57,172.0,-90.0,67.54,-30.0,51.35,30.0,53.42,90.0,146.31,-2.4492935982947064e-16,1.0,-0.7818314824680299,0.6234898018587334,1,0,54.02
00011_14-12-2025-10.02,182.0,-94.8,67.54,-34.8,51.35,25.2,53.42,85.2,146.31,-2.4492935982947064e-16,1.0,-0.7818314824680299,0.6234898018587334,0,1,42.14
00009_14-12-2025-11.22,172.0,-115.2,51.35,-55.2,53.42,4.8,146.31,64.8,51.93,-2.4492935982947064e-16,1.0,-0.7818314824680299,0.6234898018587334,1,0,66.55
00009_14-12-2025-12.22,172.0,-115.2,53.42,-55.2,146.31,4.8,51.93,55.8,55.14,-2.4492935982947064e-16,1.0,-0.7818314824680299,0.6234898018587334,1,0,48.49
00009_14-12-2025-14.02,172.0,-94.8,51.93,-43.8,55.14,25.2,93.83,85.2,59.67,-2.4492935982947064e-16,1.0,-0.7818314824680299,0.6234898018587334,1,0,87.45
00015_14-12-2025-14.12,157.0,-105.0,51.93,-54.0,55.14,15.0,93.83,75.0,59.67,-2.4492935982947064e-16,1.0,-0.7818314824680299,0.6234898018587334,0,1,52.78
00017_14-12-2025-14.42,179.0,-84.0,55.14,-15.0,93.83,45.0,59.67,105.0,98.65,-2.4492935982947064e-16,1.0,-0.7818314824680299,0.6234898018587334,1,0,74.46
00002_14-12-2025-16.37,157.0,-70.2,59.67,-10.2,98.65,19.8,68.91,49.8,69.32,-2.4492935982947064e-16,1.0,-0.7818314824680299,0.6234898018587334,1,0,116.25
00015_14-12-2025-17.17,157.0,-49.8,98.65,-19.8,68.91,10.2,69.32,40.2,42.63,-2.4492935982947064e-16,1.0,-0.7818314824680299,0.6234898018587334,0,1,59.23
00009_14-12-2025-17.22,172.0,-55.2,98.65,-25.2,68.91,4.8,69.32,34.8,42.63,-2.4492935982947064e-16,1.0,-0.7818314824680299,0.6234898018587334,1,0,87.16
00002_14-12-2025-18.32,157.0,-34.8,42.63,-4.8,111.27,25.2,101.7,62.4,72.62,-2.4492935982947064e-16,1.0,-0.7818314824680299,0.6234898018587334,1,0,113.85
00009_14-12-2025-19.29,172.0,-61.8,111.27,-31.8,101.7,5.4,72.62,36.0,56.81,-2.4492935982947064e-16,1.0,-0.7818314824680299,0.6234898018587334,1,0,102.93
00009_14-12-2025-20.22,172.0,-48.0,72.62,-17.4,56.81,4.8,79.32,45.0,125.48,-2.4492935982947064e-16,1.0,-0.7818314824680299,0.6234898018587334,1,0,80.41
00005_14-12-2025-21.02,172.0,-57.0,56.81,-34.8,79.32,5.4,125.48,550.2,29.36,-2.4492935982947064e-16,1.0,-0.7818314824680299,0.6234898018587334,0,1,80.79
00002_15-12-2025-06.22,157.0,-555.0,125.48,-10.2,29.36,4.8,48.81,34.8,63.81,-2.4492935982947064e-16,1.0,0.0,1.0,1,0,48.18
00005_15-12-2025-07.02,172.0,-34.8,48.81,-4.8,63.81,25.2,65.63,55.2,52.01,-2.4492935982947064e-16,1.0,0.0,1.0,0,1,40.32
00002_15-12-2025-07.22,157.0,-55.2,48.81,-25.2,63.81,4.8,65.63,34.8,52.01,-2.4492935982947064e-16,1.0,0.0,1.0,1,0,31.06
00002_15-12-2025-08.32,157.0,-34.8,52.01,-4.8,63.81,25.2,51.47,55.2,68.37,-2.4492935982947064e-16,1.0,0.0,1.0,1,0,33.79
00009_15-12-2025-09.22,172.0,-55.2,63.81,-25.2,51.47,4.8,68.37,64.8,39.25,-2.4492935982947064e-16,1.0,0.0,1.0,1,0,51.33
00009_15-12-2025-09.57,172.0,-60.0,51.47,-30.0,68.37,30.0,39.25,90.0,46.38,-2.4492935982947064e-16,1.0,0.0,1.0,1,0,24.24
00011_15-12-2025-10.02,182.0,-64.8,51.47,-34.8,68.37,25.2,39.25,85.2,46.38,-2.4492935982947064e-16,1.0,0.0,1.0,0,1,39.99
00009_15-12-2025-11.22,172.0,-115.2,68.37,-55.2,39.25,4.8,46.38,64.8,52.54,-2.4492935982947064e-16,1.0,0.0,1.0,1,0,63.34
00009_15-12-2025-12.22,172.0,-115.2,39.25,-55.2,46.38,4.8,52.54,34.8,39.92,-2.4492935982947064e-16,1.0,0.0,1.0,1,0,42.75
00009_15-12-2025-14.02,172.0,-64.8,39.92,-43.8,68.94,25.2,39.16,55.2,43.05,-2.4492935982947064e-16,1.0,0.0,1.0,1,0,42.75
00015_15-12-2025-14.12,157.0,-75.0,39.92,-54.0,68.94,15.0,39.16,45.0,43.05,-2.4492935982947064e-16,1.0,0.0,1.0,0,1,31.19
00017_15-12-2025-14.42,179.0,-84.0,68.94,-15.0,39.16,15.0,43.05,45.0,37.9,-2.4492935982947064e-16,1.0,0.0,1.0,1,0,61.93
00002_15-12-2025-16.37,157.0,-40.2,44.31,-10.2,61.78,19.8,42.54,49.8,74.06,-2.4492935982947064e-16,1.0,0.0,1.0,1,0,26.34
00015_15-12-2025-17.17,157.0,-49.8,61.78,-19.8,42.54,10.2,74.06,40.2,40.59,-2.4492935982947064e-16,1.0,0.0,1.0,0,1,23.9
00009_15-12-2025-17.22,172.0,-55.2,61.78,-25.2,42.54,4.8,74.06,34.8,40.59,-2.4492935982947064e-16,1.0,0.0,1.0,1,0,41.48
00002_15-12-2025-18.32,157.0,-34.8,40.59,-4.8,55.15,25.2,37.01,62.4,25.56,-2.4492935982947064e-16,1.0,0.0,1.0,1,0,56.78
00009_15-12-2025-19.29,172.0,-61.8,55.15,-31.8,37.01,5.4,25.56,36.0,23.27,-2.4492935982947064e-16,1.0,0.0,1.0,1,0,59.52
00009_15-12-2025-20.22,172.0,-48.0,25.56,-17.4,23.27,4.8,23.93,45.0,34.42,-2.4492935982947064e-16,1.0,0.0,1.0,1,0,33.94
00005_15-12-2025-21.02,172.0,-57.0,23.27,-34.8,23.93,5.4,34.42,550.2,33.99,-2.4492935982947064e-16,1.0,0.0,1.0,0,1,26.23
00002_16-12-2025-06.22,157.0,-555.0,34.42,-10.2,33.99,4.8,41.55,34.8,113.19,-2.4492935982947064e-16,1.0,0.7818314824680298,0.6234898018587336,1,0,40.14
00005_16-12-2025-07.02,172.0,-34.8,41.55,-4.8,113.19,25.2,33.91,55.2,44.25,-2.4492935982947064e-16,1.0,0.7818314824680298,0.6234898018587336,0,1,48.51
00002_16-12-2025-07.22,157.0,-55.2,41.55,-25.2,113.19,4.8,33.91,34.8,44.25,-2.4492935982947064e-16,1.0,0.7818314824680298,0.6234898018587336,1,0,35.2
00002_16-12-2025-08.32,157.0,-34.8,44.25,-4.8,59.43,25.2,33.15,55.2,70.21,-2.4492935982947064e-16,1.0,0.7818314824680298,0.6234898018587336,1,0,46.87
00009_16-12-2025-09.22,172.0,-55.2,59.43,-25.2,33.15,4.8,70.21,64.8,34.83,-2.4492935982947064e-16,1.0,0.7818314824680298,0.6234898018587336,1,0,47.09
00009_16-12-2025-09.57,172.0,-60.0,33.15,-30.0,70.21,30.0,34.83,90.0,31.02,-2.4492935982947064e-16,1.0,0.7818314824680298,0.6234898018587336,1,0,37.98
00011_16-12-2025-10.02,182.0,-64.8,33.15,-34.8,70.21,25.2,34.83,85.2,31.02,-2.4492935982947064e-16,1.0,0.7818314824680298,0.6234898018587336,0,1,24.93
00009_16-12-2025-11.22,172.0,-115.2,70.21,-55.2,34.83,4.8,31.02,64.8,43.62,-2.4492935982947064e-16,1.0,0.7818314824680298,0.6234898018587336,1,0,33.09
00009_16-12-2025-12.22,172.0,-115.2,34.83,-55.2,31.02,4.8,43.62,34.8,46.97,-2.4492935982947064e-16,1.0,0.7818314824680298,0.6234898018587336,1,0,29.82
00009_16-12-2025-14.02,172.0,-64.8,46.97,-43.8,48.24,25.2,58.44,55.2,47.84,-2.4492935982947064e-16,1.0,0.7818314824680298,0.6234898018587336,1,0,10.0
00015_16-12-2025-14.12,157.0,-75.0,46.97,-54.0,48.24,15.0,58.44,45.0,47.84,-2.4492935982947064e-16,1.0,0.7818314824680298,0.6234898018587336,0,1,33.6
00017_16-12-2025-14.42,179.0,-84.0,48.24,-15.0,58.44,15.0,47.84,45.0,28.45,-2.4492935982947064e-16,1.0,0.7818314824680298,0.6234898018587336,1,0,26.81
00002_16-12-2025-16.37,157.0,-40.2,40.94,-10.2,39.58,19.8,60.41,49.8,56.76,-2.4492935982947064e-16,1.0,0.7818314824680298,0.6234898018587336,1,0,26.75
00015_16-12-2025-17.17,157.0,-49.8,39.58,-19.8,60.41,10.2,56.76,40.2,69.36,-2.4492935982947064e-16,1.0,0.7818314824680298,0.6234898018587336,0,1,50.43
00009_16-12-2025-17.22,172.0,-55.2,39.58,-25.2,60.41,4.8,56.76,34.8,69.36,-2.4492935982947064e-16,1.0,0.7818314824680298,0.6234898018587336,1,0,30.37
00002_16-12-2025-18.32,157.0,-34.8,69.36,-4.8,61.72,25.2,42.12,62.4,27.69,-2.4492935982947064e-16,1.0,0.7818314824680298,0.6234898018587336,1,0,20.59
00009_16-12-2025-19.29,172.0,-61.8,61.72,-31.8,42.12,5.4,27.69,36.0,40.78,-2.4492935982947064e-16,1.0,0.7818314824680298,0.6234898018587336,1,0,44.98
00009_16-12-2025-20.22,172.0,-48.0,27.69,-17.4,40.78,4.8,28.21,45.0,49.07,-2.4492935982947064e-16,1.0,0.7818314824680298,0.6234898018587336,1,0,22.06
00005_16-12-2025-21.02,172.0,-57.0,40.78,-34.8,28.21,5.4,49.07,550.2,34.57,-2.4492935982947064e-16,1.0,0.7818314824680298,0.6234898018587336,0,1,37.55
00002_17-12-2025-06.22,157.0,-555.0,49.07,-10.2,34.57,4.8,46.97,34.8,83.31,-2.4492935982947064e-16,1.0,0.9749279121818236,-0.22252093395631434,1,0,39.56
00005_17-12-2025-07.02,172.0,-34.8,46.97,-4.8,83.31,25.2,31.43,55.2,63.77,-2.4492935982947064e-16,1.0,0.9749279121818236,-0.22252093395631434,0,1,35.42
00002_17-12-2025-07.22,157.0,-55.2,46.97,-25.2,83.31,4.8,31.43,34.8,63.77,-2.4492935982947064e-16,1.0,0.9749279121818236,-0.22252093395631434,1,0,24.86
00002_17-12-2025-08.32,157.0,-34.8,63.77,-4.8,90.06,25.2,39.98,55.2,77.12,-2.4492935982947064e-16,1.0,0.9749279121818236,-0.22252093395631434,1,0,48.82
00009_17-12-2025-09.22,172.0,-55.2,90.06,-25.2,39.98,4.8,77.12,64.8,46.34,-2.4492935982947064e-16,1.0,0.9749279121818236,-0.22252093395631434,1,0,48.4
00009_17-12-2025-09.57,172.0,-60.0,39.98,-30.0,77.12,30.0,46.34,90.0,55.23,-2.4492935982947064e-16,1.0,0.9749279121818236,-0.22252093395631434,1,0,44.67
00011_17-12-2025-10.02,182.0,-64.8,39.98,-34.8,77.12,25.2,46.34,85.2,55.23,-2.4492935982947064e-16,1.0,0.9749279121818236,-0.22252093395631434,0,1,40.83
00009_17-12-2025-11.22,172.0,-115.2,77.12,-55.2,46.34,4.8,55.23,64.8,56.35,-2.4492935982947064e-16,1.0,0.9749279121818236,-0.22252093395631434,1,0,45.9
00009_17-12-2025-12.22,172.0,-115.2,46.34,-55.2,55.23,4.8,56.35,34.8,67.05,-2.4492935982947064e-16,1.0,0.9749279121818236,-0.22252093395631434,1,0,53.76
00009_17-12-2025-14.02,172.0,-64.8,67.05,-43.8,48.24,25.2,40.45,55.2,42.83,-2.4492935982947064e-16,1.0,0.9749279121818236,-0.22252093395631434,1,0,36.39
00015_17-12-2025-14.12,157.0,-75.0,67.05,-54.0,48.24,15.0,40.45,45.0,42.83,-2.4492935982947064e-16,1.0,0.9749279121818236,-0.22252093395631434,0,1,20.99
00017_17-12-2025-14.42,179.0,-84.0,48.24,-15.0,40.45,15.0,42.83,45.0,33.58,-2.4492935982947064e-16,1.0,0.9749279121818236,-0.22252093395631434,1,0,49.92
00002_17-12-2025-16.37,157.0,-40.2,52.97,-10.2,48.9,19.8,121.06,49.8,65.03,-2.4492935982947064e-16,1.0,0.9749279121818236,-0.22252093395631434,1,0,31.16
00015_17-12-2025-17.17,157.0,-49.8,48.9,-19.8,121.06,10.2,65.03,40.2,70.45,-2.4492935982947064e-16,1.0,0.9749279121818236,-0.22252093395631434,0,1,61.74
00009_17-12-2025-17.22,172.0,-55.2,48.9,-25.2,121.06,4.8,65.03,34.8,70.45,-2.4492935982947064e-16,1.0,0.9749279121818236,-0.22252093395631434,1,0,49.03
00002_17-12-2025-18.32,157.0,-34.8,70.45,-4.8,79.67,25.2,131.68,62.4,30.63,-2.4492935982947064e-16,1.0,0.9749279121818236,-0.22252093395631434,1,0,47.3
00009_17-12-2025-19.29,172.0,-61.8,79.67,-31.8,131.68,5.4,30.63,36.0,66.65,-2.4492935982947064e-16,1.0,0.9749279121818236,-0.22252093395631434,1,0,36.4
00009_17-12-2025-20.22,172.0,-48.0,30.63,-17.4,66.65,4.8,41.94,45.0,34.68,-2.4492935982947064e-16,1.0,0.9749279121818236,-0.22252093395631434,1,0,53.88
00005_17-12-2025-21.02,172.0,-57.0,66.65,-34.8,41.94,5.4,34.68,550.2,31.69,-2.4492935982947064e-16,1.0,0.9749279121818236,-0.22252093395631434,0,1,26.89
00002_18-12-2025-06.22,157.0,-555.0,34.68,-10.2,31.69,4.8,36.86,34.8,69.68,-2.4492935982947064e-16,1.0,0.43388373911755823,-0.900968867902419,1,0,37.32
00005_18-12-2025-07.02,172.0,-34.8,36.86,-4.8,69.68,25.2,38.37,55.2,40.2,-2.4492935982947064e-16,1.0,0.43388373911755823,-0.900968867902419,0,1,52.52
00002_18-12-2025-07.22,157.0,-55.2,36.86,-25.2,69.68,4.8,38.37,34.8,40.2,-2.4492935982947064e-16,1.0,0.43388373911755823,-0.900968867902419,1,0,36.51
00002_18-12-2025-08.32,157.0,-34.8,40.2,-4.8,54.35,25.2,70.75,55.2,66.59,-2.4492935982947064e-16,1.0,0.43388373911755823,-0.900968867902419,1,0,46.29
00009_18-12-2025-09.22,172.0,-55.2,54.35,-25.2,70.75,4.8,66.59,64.8,51.67,-2.4492935982947064e-16,1.0,0.43388373911755823,-0.900968867902419,1,0,72.41
00009_18-12-2025-09.57,172.0,-60.0,70.75,-30.0,66.59,30.0,51.67,90.0,57.48,-2.4492935982947064e-16,1.0,0.43388373911755823,-0.900968867902419,1,0,44.79
00011_18-12-2025-10.02,182.0,-64.8,70.75,-34.8,66.59,25.2,51.67,85.2,57.48,-2.4492935982947064e-16,1.0,0.43388373911755823,-0.900968867902419,0,1,59.3
00009_18-12-2025-11.22,172.0,-115.2,66.59,-55.2,51.67,4.8,57.48,64.8,41.52,-2.4492935982947064e-16,1.0,0.43388373911755823,-0.900968867902419,1,0,49.97
00009_18-12-2025-12.22,172.0,-115.2,51.67,-55.2,57.48,4.8,41.52,34.8,50.67,-2.4492935982947064e-16,1.0,0.43388373911755823,-0.900968867902419,1,0,41.79
00002_18-12-2025-16.37,157.0,-40.2,94.67,-10.2,85.42,19.8,126.39,49.8,99.68,-2.4492935982947064e-16,1.0,0.43388373911755823,-0.900968867902419,1,0,58.54
00015_18-12-2025-17.17,157.0,-49.8,85.42,-19.8,126.39,10.2,99.68,40.2,50.91,-2.4492935982947064e-16,1.0,0.43388373911755823,-0.900968867902419,0,1,50.14
00009_18-12-2025-17.22,172.0,-55.2,85.42,-25.2,126.39,4.8,99.68,34.8,50.91,-2.4492935982947064e-16,1.0,0.43388373911755823,-0.900968867902419,1,0,47.6
00002_18-12-2025-18.32,157.0,-34.8,50.91,-4.8,63.13,25.2,78.53,62.4,25.28,-2.4492935982947064e-16,1.0,0.43388373911755823,-0.900968867902419,1,0,44.85
00009_18-12-2025-19.29,172.0,-61.8,63.13,-31.8,78.53,5.4,25.28,36.0,42.4,-2.4492935982947064e-16,1.0,0.43388373911755823,-0.900968867902419,1,0,25.15
00009_18-12-2025-20.22,172.0,-48.0,25.28,-17.4,42.4,4.8,42.75,45.0,55.92,-2.4492935982947064e-16,1.0,0.43388373911755823,-0.900968867902419,1,0,41.85
00005_18-12-2025-21.02,172.0,-57.0,42.4,-34.8,42.75,5.4,55.92,565.2,19.44,-2.4492935982947064e-16,1.0,0.43388373911755823,-0.900968867902419,0,1,28.97
00002_19-12-2025-06.22,157.0,-595.2,42.75,-555.0,55.92,4.8,19.44,34.8,48.07,-2.4492935982947064e-16,1.0,-0.433883739117558,-0.9009688679024191,1,0,32.29
00005_19-12-2025-07.02,172.0,-34.8,19.44,-4.8,48.07,25.2,58.41,55.2,39.79,-2.4492935982947064e-16,1.0,-0.433883739117558,-0.9009688679024191,0,1,25.37
00002_19-12-2025-07.22,157.0,-55.2,19.44,-25.2,48.07,4.8,58.41,34.8,39.79,-2.4492935982947064e-16,1.0,-0.433883739117558,-0.9009688679024191,1,0,30.99
00002_19-12-2025-08.32,157.0,-64.8,58.41,-34.8,39.79,25.2,98.95,55.2,58.73,-2.4492935982947064e-16,1.0,-0.433883739117558,-0.9009688679024191,1,0,36.47
00009_19-12-2025-09.22,172.0,-85.2,39.79,-25.2,98.95,4.8,58.73,64.8,57.52,-2.4492935982947064e-16,1.0,-0.433883739117558,-0.9009688679024191,1,0,36.47
00009_19-12-2025-09.57,172.0,-60.0,98.95,-30.0,58.73,30.0,57.52,90.0,122.65,-2.4492935982947064e-16,1.0,-0.433883739117558,-0.9009688679024191,1,0,43.54
00011_19-12-2025-10.02,182.0,-64.8,98.95,-34.8,58.73,25.2,57.52,85.2,122.65,-2.4492935982947064e-16,1.0,-0.433883739117558,-0.9009688679024191,0,1,47.34
00009_19-12-2025-11.22,172.0,-115.2,58.73,-55.2,57.52,4.8,122.65,64.8,48.82,-2.4492935982947064e-16,1.0,-0.433883739117558,-0.9009688679024191,1,0,69.38
00009_19-12-2025-12.22,172.0,-115.2,57.52,-55.2,122.65,4.8,48.82,34.8,74.64,-2.4492935982947064e-16,1.0,-0.433883739117558,-0.9009688679024191,1,0,33.68
00009_19-12-2025-14.02,172.0,-43.8,55.14,-4.8,89.78,25.2,105.22,55.2,87.81,-2.4492935982947064e-16,1.0,-0.433883739117558,-0.9009688679024191,1,0,73.6
00015_19-12-2025-14.12,157.0,-54.0,55.14,-15.0,89.78,15.0,105.22,45.0,87.81,-2.4492935982947064e-16,1.0,-0.433883739117558,-0.9009688679024191,0,1,64.19
00017_19-12-2025-14.42,179.0,-45.0,89.78,-15.0,105.22,15.0,87.81,45.0,57.96,-2.4492935982947064e-16,1.0,-0.433883739117558,-0.9009688679024191,1,0,89.29
00002_19-12-2025-16.37,157.0,-40.2,99.07,-10.2,97.89,19.8,86.41,49.8,52.24,-2.4492935982947064e-16,1.0,-0.433883739117558,-0.9009688679024191,1,0,43.22
00015_19-12-2025-17.17,157.0,-49.8,97.89,-19.8,86.41,10.2,52.24,40.2,56.53,-2.4492935982947064e-16,1.0,-0.433883739117558,-0.9009688679024191,0,1,59.78
00009_19-12-2025-17.22,172.0,-55.2,97.89,-25.2,86.41,4.8,52.24,34.8,56.53,-2.4492935982947064e-16,1.0,-0.433883739117558,-0.9009688679024191,1,0,76.35
00002_19-12-2025-18.32,157.0,-34.8,56.53,-4.8,94.45,25.2,70.65,62.4,42.02,-2.4492935982947064e-16,1.0,-0.433883739117558,-0.9009688679024191,1,0,47.37
00009_19-12-2025-19.29,172.0,-61.8,94.45,-31.8,70.65,5.4,42.02,36.0,57.89,-2.4492935982947064e-16,1.0,-0.433883739117558,-0.9009688679024191,1,0,57.2
00009_19-12-2025-20.22,172.0,-48.0,42.02,-17.4,57.89,4.8,45.12,45.0,92.5,-2.4492935982947064e-16,1.0,-0.433883739117558,-0.9009688679024191,1,0,35.12
00005_19-12-2025-21.02,172.0,-57.0,57.89,-34.8,45.12,5.4,92.5,565.2,30.27,-2.4492935982947064e-16,1.0,-0.433883739117558,-0.9009688679024191,0,1,17.31
00005_20-12-2025-07.02,172.0,-594.6,92.5,-34.8,30.27,25.2,48.53,85.2,55.0,-2.4492935982947064e-16,1.0,-0.9749279121818236,-0.2225209339563146,0,1,47.29
00009_20-12-2025-08.07,172.0,-100.2,30.27,-40.2,48.53,19.8,55.0,49.8,48.86,-2.4492935982947064e-16,1.0,-0.9749279121818236,-0.2225209339563146,1,0,43.44
00009_20-12-2025-09.22,172.0,-55.2,55.0,-25.2,48.86,4.8,39.77,64.8,47.5,-2.4492935982947064e-16,1.0,-0.9749279121818236,-0.2225209339563146,1,0,20.75
00009_20-12-2025-09.57,172.0,-60.0,48.86,-30.0,39.77,30.0,47.5,90.0,43.96,-2.4492935982947064e-16,1.0,-0.9749279121818236,-0.2225209339563146,1,0,23.51
00011_20-12-2025-10.02,182.0,-64.8,48.86,-34.8,39.77,25.2,47.5,85.2,43.96,-2.4492935982947064e-16,1.0,-0.9749279121818236,-0.2225209339563146,0,1,29.03
00009_20-12-2025-11.22,172.0,-115.2,39.77,-55.2,47.5,4.8,43.96,64.8,50.88,-2.4492935982947064e-16,1.0,-0.9749279121818236,-0.2225209339563146,1,0,22.31
00009_20-12-2025-12.22,172.0,-115.2,47.5,-55.2,43.96,4.8,50.88,55.8,82.74,-2.4492935982947064e-16,1.0,-0.9749279121818236,-0.2225209339563146,1,0,10.0
00015_20-12-2025-14.12,157.0,-105.0,50.88,-54.0,82.74,75.0,28.69,135.0,91.41,-2.4492935982947064e-16,1.0,-0.9749279121818236,-0.2225209339563146,0,1,20.21
00017_20-12-2025-14.42,179.0,-135.0,50.88,-84.0,82.74,45.0,28.69,105.0,91.41,-2.4492935982947064e-16,1.0,-0.9749279121818236,-0.2225209339563146,1,0,28.01
00002_20-12-2025-16.37,157.0,-70.2,28.69,-10.2,91.41,49.8,26.31,109.8,101.35,-2.4492935982947064e-16,1.0,-0.9749279121818236,-0.2225209339563146,1,0,10.0
00015_20-12-2025-17.17,157.0,-109.8,28.69,-49.8,91.41,10.2,26.31,70.2,101.35,-2.4492935982947064e-16,1.0,-0.9749279121818236,-0.2225209339563146,0,1,27.01
00009_20-12-2025-19.29,172.0,-121.8,26.31,-61.8,101.35,5.4,30.7,58.2,23.7,-2.4492935982947064e-16,1.0,-0.9749279121818236,-0.2225209339563146,1,0,42.24
00009_20-12-2025-20.22,172.0,-115.2,101.35,-48.0,30.7,4.8,23.7,604.8,54.89,-2.4492935982947064e-16,1.0,-0.9749279121818236,-0.2225209339563146,1,0,41.29
00005_20-12-2025-21.02,172.0,-87.6,30.7,-34.8,23.7,565.2,54.89,625.2,60.65,-2.4492935982947064e-16,1.0,-0.9749279121818236,-0.2225209339563146,0,1,46.82
00005_21-12-2025-07.02,172.0,-634.8,23.7,-34.8,54.89,25.2,60.65,85.2,75.14,-2.4492935982947064e-16,1.0,-0.7818314824680299,0.6234898018587334,0,1,36.11
00009_21-12-2025-08.07,172.0,-100.2,54.89,-40.2,60.65,19.8,75.14,79.8,68.16,-2.4492935982947064e-16,1.0,-0.7818314824680299,0.6234898018587334,1,0,63.52
00009_21-12-2025-09.22,172.0,-115.2,60.65,-55.2,75.14,4.8,68.16,64.8,38.41,-2.4492935982947064e-16,1.0,-0.7818314824680299,0.6234898018587334,1,0,57.15
00009_21-12-2025-09.57,172.0,-90.0,75.14,-30.0,68.16,30.0,38.41,90.0,127.17,-2.4492935982947064e-16,1.0,-0.7818314824680299,0.6234898018587334,1,0,68.43
00011_21-12-2025-10.02,182.0,-94.8,75.14,-34.8,68.16,25.2,38.41,85.2,127.17,-2.4492935982947064e-16,1.0,-0.7818314824680299,0.6234898018587334,0,1,48.51
00009_21-12-2025-11.22,172.0,-115.2,68.16,-55.2,38.41,4.8,127.17,64.8,62.79,-2.4492935982947064e-16,1.0,-0.7818314824680299,0.6234898018587334,1,0,49.2
00009_21-12-2025-12.22,172.0,-115.2,38.41,-55.2,127.17,4.8,62.79,55.8,55.14,-2.4492935982947064e-16,1.0,-0.7818314824680299,0.6234898018587334,1,0,74.27
00009_21-12-2025-14.02,172.0,-94.8,62.79,-43.8,55.14,25.2,91.59,85.2,68.74,-2.4492935982947064e-16,1.0,-0.7818314824680299,0.6234898018587334,1,0,100.03
00015_21-12-2025-14.12,157.0,-105.0,62.79,-54.0,55.14,15.0,91.59,75.0,68.74,-2.4492935982947064e-16,1.0,-0.7818314824680299,0.6234898018587334,0,1,65.01
00017_21-12-2025-14.42,179.0,-84.0,55.14,-15.0,91.59,45.0,68.74,105.0,96.86,-2.4492935982947064e-16,1.0,-0.7818314824680299,0.6234898018587334,1,0,78.81
00002_21-12-2025-16.37,157.0,-70.2,68.74,-10.2,96.86,19.8,93.64,49.8,64.96,-2.4492935982947064e-16,1.0,-0.7818314824680299,0.6234898018587334,1,0,105.51
00015_21-12-2025-17.17,157.0,-49.8,96.86,-19.8,93.64,10.2,64.96,40.2,62.47,-2.4492935982947064e-16,1.0,-0.7818314824680299,0.6234898018587334,0,1,53.06
00009_21-12-2025-17.22,172.0,-55.2,96.86,-25.2,93.64,4.8,64.96,34.8,62.47,-2.4492935982947064e-16,1.0,-0.7818314824680299,0.6234898018587334,1,0,81.27
00002_21-12-2025-18.32,157.0,-34.8,62.47,-4.8,89.23,25.2,90.04,62.4,75.37,-2.4492935982947064e-16,1.0,-0.7818314824680299,0.6234898018587334,1,0,95.93
00009_21-12-2025-19.29,172.0,-61.8,89.23,-31.8,90.04,5.4,75.37,36.0,72.26,-2.4492935982947064e-16,1.0,-0.7818314824680299,0.6234898018587334,1,0,88.56
00009_21-12-2025-20.22,172.0,-48.0,75.37,-17.4,72.26,4.8,83.16,45.0,95.84,-2.4492935982947064e-16,1.0,-0.7818314824680299,0.6234898018587334,1,0,91.39
00005_21-12-2025-21.02,172.0,-57.0,72.26,-34.8,83.16,5.4,95.84,550.2,29.59,-2.4492935982947064e-16,1.0,-0.7818314824680299,0.6234898018587334,0,1,64.07
00002_22-12-2025-06.22,157.0,-555.0,95.84,-10.2,29.59,4.8,40.79,34.8,53.42,-2.4492935982947064e-16,1.0,0.0,1.0,1,0,32.88
00005_22-12-2025-07.02,172.0,-34.8,40.79,-4.8,53.42,25.2,55.21,55.2,64.02,-2.4492935982947064e-16,1.0,0.0,1.0,0,1,39.99
00002_22-12-2025-07.22,157.0,-55.2,40.79,-25.2,53.42,4.8,55.21,34.8,64.02,-2.4492935982947064e-16,1.0,0.0,1.0,1,0,39.9
00002_22-12-2025-08.32,157.0,-34.8,64.02,-4.8,86.61,25.2,42.24,55.2,67.51,-2.4492935982947064e-16,1.0,0.0,1.0,1,0,44.97
00009_22-12-2025-09.22,172.0,-55.2,86.61,-25.2,42.24,4.8,67.51,64.8,36.58,-2.4492935982947064e-16,1.0,0.0,1.0,1,0,52.48
00009_22-12-2025-09.57,172.0,-60.0,42.24,-30.0,67.51,30.0,36.58,90.0,44.41,-2.4492935982947064e-16,1.0,0.0,1.0,1,0,35.8
00011_22-12-2025-10.02,182.0,-64.8,42.24,-34.8,67.51,25.2,36.58,85.2,44.41,-2.4492935982947064e-16,1.0,0.0,1.0,0,1,30.67
00009_22-12-2025-11.22,172.0,-115.2,67.51,-55.2,36.58,4.8,44.41,64.8,44.8,-2.4492935982947064e-16,1.0,0.0,1.0,1,0,34.71
00009_22-12-2025-12.22,172.0,-115.2,36.58,-55.2,44.41,4.8,44.8,34.8,33.84,-2.4492935982947064e-16,1.0,0.0,1.0,1,0,43.19
00009_22-12-2025-14.02,172.0,-64.8,33.84,-43.8,68.94,25.2,42.52,55.2,47.3,-2.4492935982947064e-16,1.0,0.0,1.0,1,0,18.5
00015_22-12-2025-14.12,157.0,-75.0,33.84,-54.0,68.94,15.0,42.52,45.0,47.3,-2.4492935982947064e-16,1.0,0.0,1.0,0,1,39.76
00017_22-12-2025-14.42,179.0,-84.0,68.94,-15.0,42.52,15.0,47.3,45.0,35.88,-2.4492935982947064e-16,1.0,0.0,1.0,1,0,52.08
00002_22-12-2025-16.37,157.0,-40.2,51.08,-10.2,55.66,19.8,41.8,49.8,61.24,-2.4492935982947064e-16,1.0,0.0,1.0,1,0,26.24
00015_22-12-2025-17.17,157.0,-49.8,55.66,-19.8,41.8,10.2,61.24,40.2,50.8,-2.4492935982947064e-16,1.0,0.0,1.0,0,1,36.37
00009_22-12-2025-17.22,172.0,-55.2,55.66,-25.2,41.8,4.8,61.24,34.8,50.8,-2.4492935982947064e-16,1.0,0.0,1.0,1,0,32.04
00002_22-12-2025-18.32,157.0,-34.8,50.8,-4.8,51.05,25.2,26.53,62.4,22.75,-2.4492935982947064e-16,1.0,0.0,1.0,1,0,27.41
00009_22-12-2025-19.29,172.0,-61.8,51.05,-31.8,26.53,5.4,22.75,36.0,27.87,-2.4492935982947064e-16,1.0,0.0,1.0,1,0,24.1
00009_22-12-2025-20.22,172.0,-48.0,22.75,-17.4,27.87,4.8,18.78,45.0,30.42,-2.4492935982947064e-16,1.0,0.0,1.0,1,0,29.39
00005_22-12-2025-21.02,172.0,-57.0,27.87,-34.8,18.78,5.4,30.42,550.2,36.27,-2.4492935982947064e-16,1.0,0.0,1.0,0,1,10.0
00002_23-12-2025-06.22,157.0,-555.0,30.42,-10.2,36.27,4.8,44.4,34.8,120.0,-2.4492935982947064e-16,1.0,0.7818314824680298,0.6234898018587336,1,0,52.97
00005_23-12-2025-07.02,172.0,-34.8,44.4,-4.8,120.0,25.2,27.36,55.2,31.86,-2.4492935982947064e-16,1.0,0.7818314824680298,0.6234898018587336,0,1,55.58
00002_23-12-2025-07.22,157.0,-55.2,44.4,-25.2,120.0,4.8,27.36,34.8,31.86,-2.4492935982947064e-16,1.0,0.7818314824680298,0.6234898018587336,1,0,24.4
00002_23-12-2025-08.32,157.0,-34.8,31.86,-4.8,64.53,25.2,54.73,55.2,70.04,-2.4492935982947064e-16,1.0,0.7818314824680298,0.6234898018587336,1,0,62.24
00009_23-12-2025-09.22,172.0,-55.2,64.53,-25.2,54.73,4.8,70.04,64.8,34.91,-2.4492935982947064e-16,1.0,0.7818314824680298,0.6234898018587336,1,0,23.71
00009_23-12-2025-09.57,172.0,-60.0,54.73,-30.0,70.04,30.0,34.91,90.0,43.58,-2.4492935982947064e-16,1.0,0.7818314824680298,0.6234898018587336,1,0,39.66
00011_23-12-2025-10.02,182.0,-64.8,54.73,-34.8,70.04,25.2,34.91,85.2,43.58,-2.4492935982947064e-16,1.0,0.7818314824680298,0.6234898018587336,0,1,36.92
00009_23-12-2025-11.22,172.0,-115.2,70.04,-55.2,34.91,4.8,43.58,64.8,45.36,-2.4492935982947064e-16,1.0,0.7818314824680298,0.6234898018587336,1,0,35.56
00009_23-12-2025-12.22,172.0,-115.2,34.91,-55.2,43.58,4.8,45.36,34.8,38.05,-2.4492935982947064e-16,1.0,0.7818314824680298,0.6234898018587336,1,0,24.63
00009_23-12-2025-14.02,172.0,-64.8,38.05,-43.8,48.24,25.2,70.38,55.2,39.0,-2.4492935982947064e-16,1.0,0.7818314824680298,0.6234898018587336,1,0,14.23
00015_23-12-2025-14.12,157.0,-75.0,38.05,-54.0,48.24,15.0,70.38,45.0,39.0,-2.4492935982947064e-16,1.0,0.7818314824680298,0.6234898018587336,0,1,25.68
00017_23-12-2025-14.42,179.0,-84.0,48.24,-15.0,70.38,15.0,39.0,45.0,30.09,-2.4492935982947064e-16,1.0,0.7818314824680298,0.6234898018587336,1,0,41.17
00002_23-12-2025-16.37,157.0,-40.2,35.25,-10.2,42.94,19.8,60.47,49.8,54.79,-2.4492935982947064e-16,1.0,0.7818314824680298,0.6234898018587336,1,0,27.03
00015_23-12-2025-17.17,157.0,-49.8,42.94,-19.8,60.47,10.2,54.79,40.2,69.08,-2.4492935982947064e-16,1.0,0.7818314824680298,0.6234898018587336,0,1,31.09
00009_23-12-2025-17.22,172.0,-55.2,42.94,-25.2,60.47,4.8,54.79,34.8,69.08,-2.4492935982947064e-16,1.0,0.7818314824680298,0.6234898018587336,1,0,37.3
00002_23-12-2025-18.32,157.0,-34.8,69.08,-4.8,60.2,25.2,35.08,62.4,27.52,-2.4492935982947064e-16,1.0,0.7818314824680298,0.6234898018587336,1,0,21.85
00009_23-12-2025-19.29,172.0,-61.8,60.2,-31.8,35.08,5.4,27.52,36.0,56.7,-2.4492935982947064e-16,1.0,0.7818314824680298,0.6234898018587336,1,0,25.3
00009_23-12-2025-20.22,172.0,-48.0,27.52,-17.4,56.7,4.8,28.1,45.0,35.56,-2.4492935982947064e-16,1.0,0.7818314824680298,0.6234898018587336,1,0,34.17
00005_23-12-2025-21.02,172.0,-57.0,56.7,-34.8,28.1,5.4,35.56,550.2,34.04,-2.4492935982947064e-16,1.0,0.7818314824680298,0.6234898018587336,0,1,25.2
00002_24-12-2025-06.22,157.0,-555.0,35.56,-10.2,34.04,4.8,47.94,34.8,107.92,-2.4492935982947064e-16,1.0,0.9749279121818236,-0.22252093395631434,1,0,29.37
00005_24-12-2025-07.02,172.0,-34.8,47.94,-4.8,107.92,25.2,29.04,55.2,40.31,-2.4492935982947064e-16,1.0,0.9749279121818236,-0.22252093395631434,0,1,45.32
00002_24-12-2025-07.22,157.0,-55.2,47.94,-25.2,107.92,4.8,29.04,34.8,40.31,-2.4492935982947064e-16,1.0,0.9749279121818236,-0.22252093395631434,1,0,27.49
00002_24-12-2025-08.32,157.0,-34.8,40.31,-4.8,74.76,25.2,41.57,55.2,61.99,-2.4492935982947064e-16,1.0,0.9749279121818236,-0.22252093395631434,1,0,54.14
00009_24-12-2025-09.22,172.0,-55.2,74.76,-25.2,41.57,4.8,61.99,64.8,48.82,-2.4492935982947064e-16,1.0,0.9749279121818236,-0.22252093395631434,1,0,42.81
00009_24-12-2025-09.57,172.0,-60.0,41.57,-30.0,61.99,30.0,48.82,90.0,34.36,-2.4492935982947064e-16,1.0,0.9749279121818236,-0.22252093395631434,1,0,45.72
00011_24-12-2025-10.02,182.0,-64.8,41.57,-34.8,61.99,25.2,48.82,85.2,34.36,-2.4492935982947064e-16,1.0,0.9749279121818236,-0.22252093395631434,0,1,27.18
00009_24-12-2025-11.22,172.0,-115.2,61.99,-55.2,48.82,4.8,34.36,64.8,62.58,-2.4492935982947064e-16,1.0,0.9749279121818236,-0.22252093395631434,1,0,38.6
00009_24-12-2025-12.22,172.0,-115.2,48.82,-55.2,34.36,4.8,62.58,34.8,46.97,-2.4492935982947064e-16,1.0,0.9749279121818236,-0.22252093395631434,1,0,44.6
00009_24-12-2025-14.02,172.0,-64.8,46.97,-43.8,48.24,25.2,52.67,55.2,39.43,-2.4492935982947064e-16,1.0,0.9749279121818236,-0.22252093395631434,1,0,34.35
00015_24-12-2025-14.12,157.0,-75.0,46.97,-54.0,48.24,15.0,52.67,45.0,39.43,-2.4492935982947064e-16,1.0,0.9749279121818236,-0.22252093395631434,0,1,39.3
00017_24-12-2025-14.42,179.0,-84.0,48.24,-15.0,52.67,15.0,39.43,45.0,35.79,-2.4492935982947064e-16,1.0,0.9749279121818236,-0.22252093395631434,1,0,52.17
00002_24-12-2025-16.37,157.0,-40.2,57.06,-10.2,55.75,19.8,132.22,49.8,62.45,-2.4492935982947064e-16,1.0,0.9749279121818236,-0.22252093395631434,1,0,24.89
00015_24-12-2025-17.17,157.0,-49.8,55.75,-19.8,132.22,10.2,62.45,40.2,49.77,-2.4492935982947064e-16,1.0,0.9749279121818236,-0.22252093395631434,0,1,44.53
00009_24-12-2025-17.22,172.0,-55.2,55.75,-25.2,132.22,4.8,62.45,34.8,49.77,-2.4492935982947064e-16,1.0,0.9749279121818236,-0.22252093395631434,1,0,42.56
00002_24-12-2025-18.32,157.0,-34.8,49.77,-4.8,64.41,25.2,104.94,62.4,34.85,-2.4492935982947064e-16,1.0,0.9749279121818236,-0.22252093395631434,1,0,53.22
00009_24-12-2025-19.29,172.0,-61.8,64.41,-31.8,104.94,5.4,34.85,36.0,67.02,-2.4492935982947064e-16,1.0,0.9749279121818236,-0.22252093395631434,1,0,39.18
00009_24-12-2025-20.22,172.0,-48.0,34.85,-17.4,67.02,4.8,45.99,45.0,74.5,-2.4492935982947064e-16,1.0,0.9749279121818236,-0.22252093395631434,1,0,26.2
00005_24-12-2025-21.02,172.0,-57.0,67.02,-34.8,45.99,5.4,74.5,550.2,30.91,-2.4492935982947064e-16,1.0,0.9749279121818236,-0.22252093395631434,0,1,54.26
00002_25-12-2025-06.22,157.0,-555.0,74.5,-10.2,30.91,4.8,54.79,34.8,72.61,-2.4492935982947064e-16,1.0,0.43388373911755823,-0.900968867902419,1,0,27.55
00005_25-12-2025-07.02,172.0,-34.8,54.79,-4.8,72.61,25.2,34.66,55.2,54.19,-2.4492935982947064e-16,1.0,0.43388373911755823,-0.900968867902419,0,1,42.95
00002_25-12-2025-07.22,157.0,-55.2,54.79,-25.2,72.61,4.8,34.66,34.8,54.19,-2.4492935982947064e-16,1.0,0.43388373911755823,-0.900968867902419,1,0,26.02
00002_25-12-2025-08.32,157.0,-34.8,54.19,-4.8,48.02,25.2,52.73,55.2,61.38,-2.4492935982947064e-16,1.0,0.43388373911755823,-0.900968867902419,1,0,52.33
00009_25-12-2025-09.22,172.0,-55.2,48.02,-25.2,52.73,4.8,61.38,64.8,48.38,-2.4492935982947064e-16,1.0,0.43388373911755823,-0.900968867902419,1,0,69.46
00009_25-12-2025-09.57,172.0,-60.0,52.73,-30.0,61.38,30.0,48.38,90.0,58.7,-2.4492935982947064e-16,1.0,0.43388373911755823,-0.900968867902419,1,0,53.18
00011_25-12-2025-10.02,182.0,-64.8,52.73,-34.8,61.38,25.2,48.38,85.2,58.7,-2.4492935982947064e-16,1.0,0.43388373911755823,-0.900968867902419,0,1,37.62
00009_25-12-2025-11.22,172.0,-115.2,61.38,-55.2,48.38,4.8,58.7,64.8,58.59,-2.4492935982947064e-16,1.0,0.43388373911755823,-0.900968867902419,1,0,52.44
00009_25-12-2025-12.22,172.0,-115.2,48.38,-55.2,58.7,4.8,58.59,34.8,47.0,-2.4492935982947064e-16,1.0,0.43388373911755823,-0.900968867902419,1,0,59.33
00002_25-12-2025-16.37,157.0,-40.2,88.34,-10.2,62.37,19.8,148.82,49.8,101.3,-2.4492935982947064e-16,1.0,0.43388373911755823,-0.900968867902419,1,0,58.73
00015_25-12-2025-17.17,157.0,-49.8,62.37,-19.8,148.82,10.2,101.3,40.2,43.52,-2.4492935982947064e-16,1.0,0.43388373911755823,-0.900968867902419,0,1,53.92
00009_25-12-2025-17.22,172.0,-55.2,62.37,-25.2,148.82,4.8,101.3,34.8,43.52,-2.4492935982947064e-16,1.0,0.43388373911755823,-0.900968867902419,1,0,79.06
00002_25-12-2025-18.32,157.0,-34.8,43.52,-4.8,71.04,25.2,73.43,62.4,29.65,-2.4492935982947064e-16,1.0,0.43388373911755823,-0.900968867902419,1,0,42.34
00009_25-12-2025-19.29,172.0,-61.8,71.04,-31.8,73.43,5.4,29.65,36.0,33.87,-2.4492935982947064e-16,1.0,0.43388373911755823,-0.900968867902419,1,0,50.62
00009_25-12-2025-20.22,172.0,-48.0,29.65,-17.4,33.87,4.8,61.74,45.0,53.54,-2.4492935982947064e-16,1.0,0.43388373911755823,-0.900968867902419,1,0,58.25
00005_25-12-2025-21.02,172.0,-57.0,33.87,-34.8,61.74,5.4,53.54,565.2,19.09,-2.4492935982947064e-16,1.0,0.43388373911755823,-0.900968867902419,0,1,59.62
00002_26-12-2025-06.22,157.0,-595.2,61.74,-555.0,53.54,4.8,19.09,34.8,53.51,-2.4492935982947064e-16,1.0,-0.433883739117558,-0.9009688679024191,1,0,24.21
00005_26-12-2025-07.02,172.0,-34.8,19.09,-4.8,53.51,25.2,58.66,55.2,35.25,-2.4492935982947064e-16,1.0,-0.433883739117558,-0.9009688679024191,0,1,44.21
00002_26-12-2025-07.22,157.0,-55.2,19.09,-25.2,53.51,4.8,58.66,34.8,35.25,-2.4492935982947064e-16,1.0,-0.433883739117558,-0.9009688679024191,1,0,33.13
00002_26-12-2025-08.32,157.0,-64.8,58.66,-34.8,35.25,25.2,108.64,55.2,70.17,-2.4492935982947064e-16,1.0,-0.433883739117558,-0.9009688679024191,1,0,48.01
00009_26-12-2025-09.22,172.0,-85.2,35.25,-25.2,108.64,4.8,70.17,64.8,54.87,-2.4492935982947064e-16,1.0,-0.433883739117558,-0.9009688679024191,1,0,52.44
00009_26-12-2025-09.57,172.0,-60.0,108.64,-30.0,70.17,30.0,54.87,90.0,115.66,-2.4492935982947064e-16,1.0,-0.433883739117558,-0.9009688679024191,1,0,43.42
00011_26-12-2025-10.02,182.0,-64.8,108.64,-34.8,70.17,25.2,54.87,85.2,115.66,-2.4492935982947064e-16,1.0,-0.433883739117558,-0.9009688679024191,0,1,25.62
00009_26-12-2025-11.22,172.0,-115.2,70.17,-55.2,54.87,4.8,115.66,64.8,32.04,-2.4492935982947064e-16,1.0,-0.433883739117558,-0.9009688679024191,1,0,70.08
00009_26-12-2025-12.22,172.0,-115.2,54.87,-55.2,115.66,4.8,32.04,34.8,78.62,-2.4492935982947064e-16,1.0,-0.433883739117558,-0.9009688679024191,1,0,43.13
00009_26-12-2025-14.02,172.0,-43.8,55.14,-4.8,83.53,25.2,85.8,55.2,89.47,-2.4492935982947064e-16,1.0,-0.433883739117558,-0.9009688679024191,1,0,62.49
00015_26-12-2025-14.12,157.0,-54.0,55.14,-15.0,83.53,15.0,85.8,45.0,89.47,-2.4492935982947064e-16,1.0,-0.433883739117558,-0.9009688679024191,0,1,51.33
00017_26-12-2025-14.42,179.0,-45.0,83.53,-15.0,85.8,15.0,89.47,45.0,48.29,-2.4492935982947064e-16,1.0,-0.433883739117558,-0.9009688679024191,1,0,90.69
00002_26-12-2025-16.37,157.0,-40.2,97.52,-10.2,74.22,19.8,89.8,49.8,53.21,-2.4492935982947064e-16,1.0,-0.433883739117558,-0.9009688679024191,1,0,51.39
00015_26-12-2025-17.17,157.0,-49.8,74.22,-19.8,89.8,10.2,53.21,40.2,70.62,-2.4492935982947064e-16,1.0,-0.433883739117558,-0.9009688679024191,0,1,37.22
00009_26-12-2025-17.22,172.0,-55.2,74.22,-25.2,89.8,4.8,53.21,34.8,70.62,-2.4492935982947064e-16,1.0,-0.433883739117558,-0.9009688679024191,1,0,65.39
00002_26-12-2025-18.32,157.0,-34.8,70.62,-4.8,83.07,25.2,59.44,62.4,46.2,-2.4492935982947064e-16,1.0,-0.433883739117558,-0.9009688679024191,1,0,68.58
00009_26-12-2025-19.29,172.0,-61.8,83.07,-31.8,59.44,5.4,46.2,36.0,62.79,-2.4492935982947064e-16,1.0,-0.433883739117558,-0.9009688679024191,1,0,46.05
00009_26-12-2025-20.22,172.0,-48.0,46.2,-17.4,62.79,4.8,46.76,45.0,73.84,-2.4492935982947064e-16,1.0,-0.433883739117558,-0.9009688679024191,1,0,47.44
00005_26-12-2025-21.02,172.0,-57.0,62.79,-34.8,46.76,5.4,73.84,565.2,29.62,-2.4492935982947064e-16,1.0,-0.433883739117558,-0.9009688679024191,0,1,32.98
00005_27-12-2025-07.02,172.0,-594.6,73.84,-34.8,29.62,25.2,39.91,85.2,57.86,-2.4492935982947064e-16,1.0,-0.9749279121818236,-0.2225209339563146,0,1,32.98
00009_27-12-2025-08.07,172.0,-100.2,29.62,-40.2,39.91,19.8,57.86,49.8,55.59,-2.4492935982947064e-16,1.0,-0.9749279121818236,-0.2225209339563146,1,0,54.97
00009_27-12-2025-09.22,172.0,-55.2,57.86,-25.2,55.59,4.8,61.26,64.8,47.96,-2.4492935982947064e-16,1.0,-0.9749279121818236,-0.2225209339563146,1,0,43.63
00009_27-12-2025-09.57,172.0,-60.0,55.59,-30.0,61.26,30.0,47.96,90.0,44.14,-2.4492935982947064e-16,1.0,-0.9749279121818236,-0.2225209339563146,1,0,27.89
00011_27-12-2025-10.02,182.0,-64.8,55.59,-34.8,61.26,25.2,47.96,85.2,44.14,-2.4492935982947064e-16,1.0,-0.9749279121818236,-0.2225209339563146,0,1,29.87
00009_27-12-2025-11.22,172.0,-115.2,61.26,-55.2,47.96,4.8,44.14,64.8,46.03,-2.4492935982947064e-16,1.0,-0.9749279121818236,-0.2225209339563146,1,0,10.0
00009_27-12-2025-12.22,172.0,-115.2,47.96,-55.2,44.14,4.8,46.03,55.8,82.74,-2.4492935982947064e-16,1.0,-0.9749279121818236,-0.2225209339563146,1,0,37.04
00015_27-12-2025-14.12,157.0,-105.0,46.03,-54.0,82.74,75.0,28.14,135.0,104.67,-2.4492935982947064e-16,1.0,-0.9749279121818236,-0.2225209339563146,0,1,10.0
00017_27-12-2025-14.42,179.0,-135.0,46.03,-84.0,82.74,45.0,28.14,105.0,104.67,-2.4492935982947064e-16,1.0,-0.9749279121818236,-0.2225209339563146,1,0,36.01
00002_27-12-2025-16.37,157.0,-70.2,28.14,-10.2,104.67,49.8,24.23,109.8,90.74,-2.4492935982947064e-16,1.0,-0.9749279121818236,-0.2225209339563146,1,0,45.69
00015_27-12-2025-17.17,157.0,-109.8,28.14,-49.8,104.67,10.2,24.23,70.2,90.74,-2.4492935982947064e-16,1.0,-0.9749279121818236,-0.2225209339563146,0,1,25.92
00009_27-12-2025-19.29,172.0,-121.8,24.23,-61.8,90.74,5.4,28.58,58.2,34.45,-2.4492935982947064e-16,1.0,-0.9749279121818236,-0.2225209339563146,1,0,23.6
00009_27-12-2025-20.22,172.0,-115.2,90.74,-48.0,28.58,4.8,34.45,604.8,47.34,-2.4492935982947064e-16,1.0,-0.9749279121818236,-0.2225209339563146,1,0,30.43
00005_27-12-2025-21.02,172.0,-87.6,28.58,-34.8,34.45,565.2,47.34,625.2,66.47,-2.4492935982947064e-16,1.0,-0.9749279121818236,-0.2225209339563146,0,1,12.5
00005_28-12-2025-07.02,172.0,-634.8,34.45,-34.8,47.34,25.2,66.47,85.2,57.17,-2.4492935982947064e-16,1.0,-0.7818314824680299,0.6234898018587334,0,1,36.52
00009_28-12-2025-08.07,172.0,-100.2,47.34,-40.2,66.47,19.8,57.17,79.8,53.21,-2.4492935982947064e-16,1.0,-0.7818314824680299,0.6234898018587334,1,0,61.62
00009_28-12-2025-09.22,172.0,-115.2,66.47,-55.2,57.17,4.8,53.21,64.8,50.51,-2.4492935982947064e-16,1.0,-0.7818314824680299,0.6234898018587334,1,0,34.55
00009_28-12-2025-09.57,172.0,-90.0,57.17,-30.0,53.21,30.0,50.51,90.0,150.86,-2.4492935982947064e-16,1.0,-0.7818314824680299,0.6234898018587334,1,0,56.74
00011_28-12-2025-10.02,182.0,-94.8,57.17,-34.8,53.21,25.2,50.51,85.2,150.86,-2.4492935982947064e-16,1.0,-0.7818314824680299,0.6234898018587334,0,1,47.72
00009_28-12-2025-11.22,172.0,-115.2,53.21,-55.2,50.51,4.8,150.86,64.8,70.32,-2.4492935982947064e-16,1.0,-0.7818314824680299,0.6234898018587334,1,0,83.43
00009_28-12-2025-12.22,172.0,-115.2,50.51,-55.2,150.86,4.8,70.32,55.8,55.14,-2.4492935982947064e-16,1.0,-0.7818314824680299,0.6234898018587334,1,0,77.14
00009_28-12-2025-14.02,172.0,-94.8,70.32,-43.8,55.14,25.2,94.44,85.2,69.56,-2.4492935982947064e-16,1.0,-0.7818314824680299,0.6234898018587334,1,0,80.55
00015_28-12-2025-14.12,157.0,-105.0,70.32,-54.0,55.14,15.0,94.44,75.0,69.56,-2.4492935982947064e-16,1.0,-0.7818314824680299,0.6234898018587334,0,1,76.19
00017_28-12-2025-14.42,179.0,-84.0,55.14,-15.0,94.44,45.0,69.56,105.0,88.99,-2.4492935982947064e-16,1.0,-0.7818314824680299,0.6234898018587334,1,0,86.48
00002_28-12-2025-16.37,157.0,-70.2,69.56,-10.2,88.99,19.8,91.98,49.8,48.54,-2.4492935982947064e-16,1.0,-0.7818314824680299,0.6234898018587334,1,0,84.11
00015_28-12-2025-17.17,157.0,-49.8,88.99,-19.8,91.98,10.2,48.54,40.2,64.96,-2.4492935982947064e-16,1.0,-0.7818314824680299,0.6234898018587334,0,1,57.22
00009_28-12-2025-17.22,172.0,-55.2,88.99,-25.2,91.98,4.8,48.54,34.8,64.96,-2.4492935982947064e-16,1.0,-0.7818314824680299,0.6234898018587334,1,0,62.36
00002_28-12-2025-18.32,157.0,-34.8,64.96,-4.8,100.4,25.2,113.33,62.4,76.08,-2.4492935982947064e-16,1.0,-0.7818314824680299,0.6234898018587334,1,0,93.52
00009_28-12-2025-19.29,172.0,-61.8,100.4,-31.8,113.33,5.4,76.08,36.0,63.78,-2.4492935982947064e-16,1.0,-0.7818314824680299,0.6234898018587334,1,0,95.8
00009_28-12-2025-20.22,172.0,-48.0,76.08,-17.4,63.78,4.8,77.13,45.0,112.24,-2.4492935982947064e-16,1.0,-0.7818314824680299,0.6234898018587334,1,0,68.54
00005_28-12-2025-21.02,172.0,-57.0,63.78,-34.8,77.13,5.4,112.24,550.2,30.66,-2.4492935982947064e-16,1.0,-0.7818314824680299,0.6234898018587334,0,1,65.31
00002_29-12-2025-06.22,157.0,-555.0,112.24,-10.2,30.66,4.8,51.28,34.8,57.33,-2.4492935982947064e-16,1.0,0.0,1.0,1,0,35.67
00005_29-12-2025-07.02,172.0,-34.8,51.28,-4.8,57.33,25.2,58.61,55.2,67.98,-2.4492935982947064e-16,1.0,0.0,1.0,0,1,37.6
00002_29-12-2025-07.22,157.0,-55.2,51.28,-25.2,57.33,4.8,58.61,34.8,67.98,-2.4492935982947064e-16,1.0,0.0,1.0,1,0,44.05
00002_29-12-2025-08.32,157.0,-34.8,67.98,-4.8,63.53,25.2,52.23,55.2,72.59,-2.4492935982947064e-16,1.0,0.0,1.0,1,0,54.7
00009_29-12-2025-09.22,172.0,-55.2,63.53,-25.2,52.23,4.8,72.59,64.8,36.35,-2.4492935982947064e-16,1.0,0.0,1.0,1,0,45.6
00009_29-12-2025-09.57,172.0,-60.0,52.23,-30.0,72.59,30.0,36.35,90.0,45.33,-2.4492935982947064e-16,1.0,0.0,1.0,1,0,32.29
00011_29-12-2025-10.02,182.0,-64.8,52.23,-34.8,72.59,25.2,36.35,85.2,45.33,-2.4492935982947064e-16,1.0,0.0,1.0,0,1,22.3
00009_29-12-2025-11.22,172.0,-115.2,72.59,-55.2,36.35,4.8,45.33,64.8,50.11,-2.4492935982947064e-16,1.0,0.0,1.0,1,0,26.91
00009_29-12-2025-12.22,172.0,-115.2,36.35,-55.2,45.33,4.8,50.11,34.8,41.44,-2.4492935982947064e-16,1.0,0.0,1.0,1,0,31.8
00009_29-12-2025-14.02,172.0,-64.8,41.44,-43.8,68.94,25.2,33.77,55.2,42.36,-2.4492935982947064e-16,1.0,0.0,1.0,1,0,26.66
00015_29-12-2025-14.12,157.0,-75.0,41.44,-54.0,68.94,15.0,33.77,45.0,42.36,-2.4492935982947064e-16,1.0,0.0,1.0,0,1,37.49
00017_29-12-2025-14.42,179.0,-84.0,68.94,-15.0,33.77,15.0,42.36,45.0,35.27,-2.4492935982947064e-16,1.0,0.0,1.0,1,0,26.71
00002_29-12-2025-16.37,157.0,-40.2,40.84,-10.2,63.33,19.8,46.0,49.8,65.71,-2.4492935982947064e-16,1.0,0.0,1.0,1,0,32.04
00015_29-12-2025-17.17,157.0,-49.8,63.33,-19.8,46.0,10.2,65.71,40.2,36.79,-2.4492935982947064e-16,1.0,0.0,1.0,0,1,28.61
00009_29-12-2025-17.22,172.0,-55.2,63.33,-25.2,46.0,4.8,65.71,34.8,36.79,-2.4492935982947064e-16,1.0,0.0,1.0,1,0,39.05
00002_29-12-2025-18.32,157.0,-34.8,36.79,-4.8,58.8,25.2,50.28,62.4,17.48,-2.4492935982947064e-16,1.0,0.0,1.0,1,0,31.85
00009_29-12-2025-19.29,172.0,-61.8,58.8,-31.8,50.28,5.4,17.48,36.0,18.53,-2.4492935982947064e-16,1.0,0.0,1.0,1,0,39.02
00009_29-12-2025-20.22,172.0,-48.0,17.48,-17.4,18.53,4.8,17.57,45.0,42.83,-2.4492935982947064e-16,1.0,0.0,1.0,1,0,10.0
00005_29-12-2025-21.02,172.0,-57.0,18.53,-34.8,17.57,5.4,42.83,550.2,32.7,-2.4492935982947064e-16,1.0,0.0,1.0,0,1,26.78
00002_30-12-2025-06.22,157.0,-555.0,42.83,-10.2,32.7,4.8,30.36,34.8,117.02,-2.4492935982947064e-16,1.0,0.7818314824680298,0.6234898018587336,1,0,31.77
00005_30-12-2025-07.02,172.0,-34.8,30.36,-4.8,117.02,25.2,48.61,55.2,32.47,-2.4492935982947064e-16,1.0,0.7818314824680298,0.6234898018587336,0,1,50.0
00002_30-12-2025-07.22,157.0,-55.2,30.36,-25.2,117.02,4.8,48.61,34.8,32.47,-2.4492935982947064e-16,1.0,0.7818314824680298,0.6234898018587336,1,0,28.85
00002_30-12-2025-08.32,157.0,-34.8,32.47,-4.8,77.17,25.2,59.25,55.2,75.02,-2.4492935982947064e-16,1.0,0.7818314824680298,0.6234898018587336,1,0,52.0
00009_30-12-2025-09.22,172.0,-55.2,77.17,-25.2,59.25,4.8,75.02,64.8,36.15,-2.4492935982947064e-16,1.0,0.7818314824680298,0.6234898018587336,1,0,39.61
00009_30-12-2025-09.57,172.0,-60.0,59.25,-30.0,75.02,30.0,36.15,90.0,47.96,-2.4492935982947064e-16,1.0,0.7818314824680298,0.6234898018587336,1,0,41.32
00011_30-12-2025-10.02,182.0,-64.8,59.25,-34.8,75.02,25.2,36.15,85.2,47.96,-2.4492935982947064e-16,1.0,0.7818314824680298,0.6234898018587336,0,1,35.48
00009_30-12-2025-11.22,172.0,-115.2,75.02,-55.2,36.15,4.8,47.96,64.8,62.3,-2.4492935982947064e-16,1.0,0.7818314824680298,0.6234898018587336,1,0,37.06
00009_30-12-2025-12.22,172.0,-115.2,36.15,-55.2,47.96,4.8,62.3,34.8,36.29,-2.4492935982947064e-16,1.0,0.7818314824680298,0.6234898018587336,1,0,30.92
00009_30-12-2025-14.02,172.0,-64.8,36.29,-43.8,48.24,25.2,52.25,55.2,42.98,-2.4492935982947064e-16,1.0,0.7818314824680298,0.6234898018587336,1,0,37.5
00015_30-12-2025-14.12,157.0,-75.0,36.29,-54.0,48.24,15.0,52.25,45.0,42.98,-2.4492935982947064e-16,1.0,0.7818314824680298,0.6234898018587336,0,1,23.27
00017_30-12-2025-14.42,179.0,-84.0,48.24,-15.0,52.25,15.0,42.98,45.0,30.7,-2.4492935982947064e-16,1.0,0.7818314824680298,0.6234898018587336,1,0,32.85
00002_30-12-2025-16.37,157.0,-40.2,30.1,-10.2,33.67,19.8,59.45,49.8,60.95,-2.4492935982947064e-16,1.0,0.7818314824680298,0.6234898018587336,1,0,25.99
00015_30-12-2025-17.17,157.0,-49.8,33.67,-19.8,59.45,10.2,60.95,40.2,72.49,-2.4492935982947064e-16,1.0,0.7818314824680298,0.6234898018587336,0,1,34.31
00009_30-12-2025-17.22,172.0,-55.2,33.67,-25.2,59.45,4.8,60.95,34.8,72.49,-2.4492935982947064e-16,1.0,0.7818314824680298,0.6234898018587336,1,0,46.16
00002_30-12-2025-18.32,157.0,-34.8,72.49,-4.8,46.46,25.2,46.71,62.4,30.03,-2.4492935982947064e-16,1.0,0.7818314824680298,0.6234898018587336,1,0,19.48
00009_30-12-2025-19.29,172.0,-61.8,46.46,-31.8,46.71,5.4,30.03,36.0,43.09,-2.4492935982947064e-16,1.0,0.7818314824680298,0.6234898018587336,1,0,48.81
00009_30-12-2025-20.22,172.0,-48.0,30.03,-17.4,43.09,4.8,29.79,45.0,36.99,-2.4492935982947064e-16,1.0,0.7818314824680298,0.6234898018587336,1,0,44.69
00005_30-12-2025-21.02,172.0,-57.0,43.09,-34.8,29.79,5.4,36.99,550.2,32.37,-2.4492935982947064e-16,1.0,0.7818314824680298,0.6234898018587336,0,1,29.32
00002_31-12-2025-06.22,157.0,-555.0,36.99,-10.2,32.37,4.8,47.0,34.8,94.42,-2.4492935982947064e-16,1.0,0.9749279121818236,-0.22252093395631434,1,0,24.29
00005_31-12-2025-07.02,172.0,-34.8,47.0,-4.8,94.42,25.2,41.81,55.2,37.87,-2.4492935982947064e-16,1.0,0.9749279121818236,-0.22252093395631434,0,1,48.91
00002_31-12-2025-07.22,157.0,-55.2,47.0,-25.2,94.42,4.8,41.81,34.8,37.87,-2.4492935982947064e-16,1.0,0.9749279121818236,-0.22252093395631434,1,0,24.33
00002_31-12-2025-08.32,157.0,-34.8,37.87,-4.8,82.95,25.2,34.72,55.2,63.54,-2.4492935982947064e-16,1.0,0.9749279121818236,-0.22252093395631434,1,0,27.11
00009_31-12-2025-09.22,172.0,-55.2,82.95,-25.2,34.72,4.8,63.54,64.8,45.72,-2.4492935982947064e-16,1.0,0.9749279121818236,-0.22252093395631434,1,0,35.83
00009_31-12-2025-09.57,172.0,-60.0,34.72,-30.0,63.54,30.0,45.72,90.0,58.32,-2.4492935982947064e-16,1.0,0.9749279121818236,-0.22252093395631434,1,0,56.34
00011_31-12-2025-10.02,182.0,-64.8,34.72,-34.8,63.54,25.2,45.72,85.2,58.32,-2.4492935982947064e-16,1.0,0.9749279121818236,-0.22252093395631434,0,1,47.74
00009_31-12-2025-11.22,172.0,-115.2,63.54,-55.2,45.72,4.8,58.32,64.8,39.14,-2.4492935982947064e-16,1.0,0.9749279121818236,-0.22252093395631434,1,0,49.9
00009_31-12-2025-12.22,172.0,-115.2,45.72,-55.2,58.32,4.8,39.14,34.8,47.14,-2.4492935982947064e-16,1.0,0.9749279121818236,-0.22252093395631434,1,0,25.84
00009_31-12-2025-14.02,172.0,-64.8,47.14,-43.8,48.24,25.2,32.63,55.2,36.95,-2.4492935982947064e-16,1.0,0.9749279121818236,-0.22252093395631434,1,0,42.49
00015_31-12-2025-14.12,157.0,-75.0,47.14,-54.0,48.24,15.0,32.63,45.0,36.95,-2.4492935982947064e-16,1.0,0.9749279121818236,-0.22252093395631434,0,1,36.35
00017_31-12-2025-14.42,179.0,-84.0,48.24,-15.0,32.63,15.0,36.95,45.0,32.85,-2.4492935982947064e-16,1.0,0.9749279121818236,-0.22252093395631434,1,0,55.76
00002_31-12-2025-16.37,157.0,-40.2,46.19,-10.2,53.31,19.8,124.88,49.8,64.18,-2.4492935982947064e-16,1.0,0.9749279121818236,-0.22252093395631434,1,0,43.71
00015_31-12-2025-17.17,157.0,-49.8,53.31,-19.8,124.88,10.2,64.18,40.2,63.71,-2.4492935982947064e-16,1.0,0.9749279121818236,-0.22252093395631434,0,1,29.6
00009_31-12-2025-17.22,172.0,-55.2,53.31,-25.2,124.88,4.8,64.18,34.8,63.71,-2.4492935982947064e-16,1.0,0.9749279121818236,-0.22252093395631434,1,0,53.5
00002_31-12-2025-18.32,157.0,-34.8,63.71,-4.8,76.05,25.2,96.87,62.4,25.68,-2.4492935982947064e-16,1.0,0.9749279121818236,-0.22252093395631434,1,0,58.28
00009_31-12-2025-19.29,172.0,-61.8,76.05,-31.8,96.87,5.4,25.68,36.0,21.42,-2.4492935982947064e-16,1.0,0.9749279121818236,-0.22252093395631434,1,0,34.28
00009_31-12-2025-20.22,172.0,-48.0,25.68,-17.4,21.42,4.8,55.58,45.0,62.89,-2.4492935982947064e-16,1.0,0.9749279121818236,-0.22252093395631434,1,0,31.22
